release_id,pdf_page,entity_type,value_verbatim
DOW-UAP-D092,2,PERSON,Dr. James McDonald
DOW-UAP-D092,2,PERSON,Lt. Col. Harold A. Steiner
DOW-UAP-D092,2,PERSON,Col. George Freeman
DOW-UAP-D092,2,PERSON,Col. Marvin Stanley
DOW-UAP-D092,2,PERSON,Mr. James Hughes
DOW-UAP-D092,2,PERSON,Maj. Joseph P. Martino
DOW-UAP-D092,2,PERSON,Dr. J. Thomas Ratchford
DOW-UAP-D092,2,PERSON,Maj. William Metscher
DOW-UAP-D092,2,ORG,OAR
DOW-UAP-D092,2,ORG,USAF
DOW-UAP-D092,2,ORG,SAFOI-C
DOW-UAP-D092,2,ORG,SAFOIP
DOW-UAP-D092,2,ORG,NASA
DOW-UAP-D092,2,ORG,ONR
DOW-UAP-D092,2,ORG,AFOSR (SRGC)
DOW-UAP-D092,2,ORG,AFOSR (SRPS)
DOW-UAP-D092,2,ORG,OAR (RROSP)
DOW-UAP-D092,2,DATE,17 April 1967
DOW-UAP-D092,2,LOCATOR,Room SD982
DOW-UAP-D092,2,LOCATOR,Tele. 697-4648
DOW-UAP-D092,2,LOCATOR,Code 11-74648
DOW-UAP-D092,2,LOCATOR,Room 4A
DOW-UAP-D092,2,LOCATOR,Tele. 697-1128
DOW-UAP-D092,2,LOCATOR,Code 11-71128
DOW-UAP-D092,2,LOCATOR,Room 4C922
DOW-UAP-D092,2,LOCATOR,Tele. 695-5554
DOW-UAP-D092,2,LOCATOR,Code 11-55554
DOW-UAP-D092,2,LOCATOR,Room F50016
DOW-UAP-D092,2,LOCATOR,Tele. 962-4961
DOW-UAP-D092,2,LOCATOR,Code 13-24961
DOW-UAP-D092,2,LOCATOR,Room 50016
DOW-UAP-D092,2,LOCATOR,Room F50078
DOW-UAP-D092,2,LOCATOR,Tele. 962-4621
DOW-UAP-D092,2,LOCATOR,Code 13-24621
DOW-UAP-D092,2,LOCATOR,Tele. 696-3563
DOW-UAP-D092,2,LOCATOR,Code 11-63563
DOW-UAP-D092,2,LOCATOR,Tele. 696-6739
DOW-UAP-D092,2,LOCATOR,Code 11-66739
DOW-UAP-D092,2,LOCATOR,Tele. 558-1641
DOW-UAP-D092,2,LOCATOR,Tele. 558-1653
DOW-UAP-D092,2,LOCATOR,Tele. 967-8088
DOW-UAP-D092,2,LOCATOR,Tele. 694-4875
DOW-UAP-D092,2,LOCATOR,Code 11-44875
DOW-UAP-D092,2,LOCATOR,Tele. 694-5588
DOW-UAP-D092,2,LOCATOR,Code 11-45588
DOW-UAP-D092,2,LOCATOR,Tele. 694-5505
DOW-UAP-D092,2,LOCATOR,Code 11-45505
DOW-UAP-D092,5,PERSON,Lt Colonel Steiner
DOW-UAP-D092,5,PERSON,Dr. Brian O'Brien Chairman Consultant
DOW-UAP-D092,5,PERSON,Dr. Jesse Orla.nsky Member IDA
DOW-UAP-D092,5,PERSON,Col Robert Burger SAB Secretary
DOW-UAP-D092,5,PERSON,Mrs. Sara Hunt Participant SAFOI
DOW-UAP-D092,5,PERSON,Col Harold A. Steiner SAB
DOW-UAP-D092,5,PERSON,Lt Colonel
DOW-UAP-D092,5,ORG,USAF
DOW-UAP-D092,5,ORG,Project Blue Book
DOW-UAP-D092,5,ORG,IDA
DOW-UAP-D092,5,ORG,SAFOI
DOW-UAP-D092,5,ORG,USAF (AFRSA)
DOW-UAP-D092,5,DATE,19 April 1966
DOW-UAP-D092,5,DATE,20 Apr 66
DOW-UAP-D092,5,LOCATOR,Room 5D-1014
DOW-UAP-D092,6,PERSON,Dr. Stever
DOW-UAP-D092,6,PERSON,Lt Col Hippler
DOW-UAP-D092,6,PERSON,Mrs. Sara Hunt
DOW-UAP-D092,6,ORG,USAF
DOW-UAP-D092,6,DATE,20 Apr 66
DOW-UAP-D092,6,DATE,19 April 66
DOW-UAP-D092,7,PERSON,Dr. Brian O'Brien Chairman Consultant
DOW-UAP-D092,7,PERSON,Dr. IB.unor F. Carter Member
DOW-UAP-D092,7,PERSON,Dr. Jesse Orlanaky Member IDA
DOW-UAP-D092,7,PERSON,Dr. Richard Porter Member GE
DOW-UAP-D092,7,PERSON,Dr. Carl Sagan Member Smithsonian
DOW-UAP-D092,7,PERSON,Dr. Willis H. Ware Member
DOW-UAP-D092,7,PERSON,Col John P. Spaul.ding Briefer
DOW-UAP-D092,7,PERSON,Dr. Anthony Cacioppo Participant Fl'D
DOW-UAP-D092,7,PERSON,Col Warren Wheeler Participant FTD
DOW-UAP-D092,7,PERSON,Maj Hector Quintanella. Briefer FTD
DOW-UAP-D092,7,PERSON,Mr. Francis Arcier Participant Consultant
DOW-UAP-D092,7,PERSON,Col Florian Holm Briefer F'I'D
DOW-UAP-D092,7,PERSON,Col Harold A. Steiner SAB
DOW-UAP-D092,7,PERSON,Lt Col
DOW-UAP-D092,7,ORG,USAF
DOW-UAP-D092,7,ORG,FTD
DOW-UAP-D092,7,ORG,Project Blue Book
DOW-UAP-D092,7,ORG,IDA
DOW-UAP-D092,7,DATE,17 January 1953
DOW-UAP-D092,8,PERSON,Dr. O'Brien
DOW-UAP-D092,8,PERSON,Lt Col Spaulding
DOW-UAP-D092,8,PERSON,Lt Colonel
DOW-UAP-D092,8,ORG,FTD
DOW-UAP-D092,8,ORG,SAFOI
DOW-UAP-D092,8,ORG,USAF
DOW-UAP-D092,8,DATE,22 December 1965
DOW-UAP-D092,9,PERSON,Dr. Brian O'Brien Colcael Robert
DOW-UAP-D092,9,PERSON,Dr. Jesse Orlansky Lt Col
DOW-UAP-D092,9,PERSON,Lt Col Robert Hippler
DOW-UAP-D092,9,PERSON,Lt Colonel Hippler
DOW-UAP-D092,9,ORG,Project Blue Book
DOW-UAP-D092,9,ORG,FTD
DOW-UAP-D092,9,DATE,20 April 1966
DOW-UAP-D092,9,LOCATOR,Room 5D-
DOW-UAP-D092,10,PERSON,Dr. Orlsnsky
DOW-UAP-D092,10,PERSON,Dr. O'Brien
DOW-UAP-D092,10,PERSON,Dr. Stever
DOW-UAP-D092,10,PERSON,Dr. J. Allen Hynek
DOW-UAP-D092,10,PERSON,Dr. Donald Menzel
DOW-UAP-D092,10,ORG,AFSC
DOW-UAP-D092,10,ORG,OSI
DOW-UAP-D092,11,PERSON,Mrs. MarJorie Wilson
DOW-UAP-D092,11,PERSON,Lt Col
DOW-UAP-D092,12,PERSON,Mr. Baillie
DOW-UAP-D092,13,PERSON,Mr. David Smith
DOW-UAP-D092,13,PERSON,Mr. Peer DeSilva
DOW-UAP-D092,13,PERSON,Mr. Jesse Orlanaky
DOW-UAP-D092,13,ORG,USAF
DOW-UAP-D092,13,DATE,31 July 1967
DOW-UAP-D092,15,PERSON,Dr. Stever Concerning SAB Support
DOW-UAP-D092,15,PERSON,Dr. Stever. In
DOW-UAP-D092,15,PERSON,Dr. Stever
DOW-UAP-D092,15,PERSON,Dr. SteTer
DOW-UAP-D092,15,ORG,USAF
DOW-UAP-D092,15,DATE,18 May 1966
DOW-UAP-D092,16,PERSON,Dr. Stever
DOW-UAP-D092,16,PERSON,Lt Col Hippler
DOW-UAP-D092,16,PERSON,Dr. Brian O'Brien
DOW-UAP-D092,18,ORG,AFSC
DOW-UAP-D092,19,PERSON,Lt Colonel Steiner AFBSA
DOW-UAP-D092,19,ORG,Project Blue Book
DOW-UAP-D092,19,ORG,SAFOI
DOW-UAP-D092,19,ORG,FTD
DOW-UAP-D092,19,ORG,AFSC
DOW-UAP-D092,19,ORG,USAF
DOW-UAP-D092,19,DATE,30 March 1966
DOW-UAP-D092,19,DATE,28 September 1965
DOW-UAP-D092,19,DATE,28 Sep 65
DOW-UAP-D092,21,PERSON,Col Burger AFBSA
DOW-UAP-D092,21,PERSON,Dr. Stever
DOW-UAP-D092,21,PERSON,Dr. Markey
DOW-UAP-D092,21,ORG,FTD
DOW-UAP-D092,21,ORG,USAF
DOW-UAP-D092,21,DATE,5 October 1965
DOW-UAP-D092,22,ORG,Project Blue Book
DOW-UAP-D092,22,DATE,30 June 1965
DOW-UAP-D092,23,ORG,Project Blue Book
DOW-UAP-D092,23,ORG,USAF
DOW-UAP-D092,24,PERSON,Lt. Colonel Harold A. Steiner
DOW-UAP-D092,24,ORG,USAF
DOW-UAP-D092,24,DATE,"February 13, 1969"
DOW-UAP-D092,25,PERSON,Lt. Colonel Harold A. Steiner
DOW-UAP-D092,25,ORG,USAF
DOW-UAP-D092,25,DATE,"February 28, 1969"
DOW-UAP-D092,26,PERSON,Lt Colonel
DOW-UAP-D092,26,PERSON,LtCol Ste
DOW-UAP-D092,26,ORG,USAF
DOW-UAP-D092,27,PERSON,Dr. Brian O'Brien Consultina Phyaicist
DOW-UAP-D092,27,PERSON,Dr. O'Brien
DOW-UAP-D092,27,PERSON,Lt Colonel
DOW-UAP-D092,27,PERSON,Dr. Launor F. Carter Mr
DOW-UAP-D092,27,PERSON,Dr. Richard Porter Dr. Carl
DOW-UAP-D092,27,PERSON,Dr. Willis H. Ware
DOW-UAP-D092,27,ORG,USAF
DOW-UAP-D092,27,DATE,6 February 1969
DOW-UAP-D092,27,MARKING,Secret
DOW-UAP-D092,28,PERSON,Mr. Don Berliner National Inveatigations
DOW-UAP-D092,28,ORG,Project Blue Book
DOW-UAP-D092,28,ORG,USAF
DOW-UAP-D092,28,DATE,27 February 1968
DOW-UAP-D092,28,DATE,26 February 1968
DOW-UAP-D092,29,PERSON,Mr. Don Berliner Natianal Investigations
DOW-UAP-D092,29,PERSON,Lt Colonel
DOW-UAP-D092,29,ORG,USAF
DOW-UAP-D092,29,ORG,Project Blue Book
DOW-UAP-D092,29,DATE,28 February 1968
DOW-UAP-D092,30,PERSON,Lt. Col. Harold A. Steiner Aasiatar
DOW-UAP-D092,30,PERSON,Col. Steiners Encleaed
DOW-UAP-D092,30,ORG,USAF
DOW-UAP-D092,30,ORG,NICAP
DOW-UAP-D092,30,DATE,"Feb. 28, 1968"
DOW-UAP-D092,31,PERSON,Mr. Don Berliner
DOW-UAP-D092,31,ORG,Project Bluebook
DOW-UAP-D092,31,ORG,SAF-OICO
DOW-UAP-D092,32,PERSON,Mr. Chester N. Hasert Acting
DOW-UAP-D092,32,PERSON,Mr. Smith
DOW-UAP-D092,32,PERSON,Dr. H. Guyford Stever NW
DOW-UAP-D092,32,ORG,USAF
DOW-UAP-D092,32,DATE,"July 27, 1967"
DOW-UAP-D092,32,LOCATOR,Room 5D
DOW-UAP-D092,33,PERSON,Dr. Bill Price's
DOW-UAP-D092,33,PERSON,Dr. Edward V. Condon
DOW-UAP-D092,33,PERSON,Mr. Robert J. Low
DOW-UAP-D092,33,PERSON,Dr. W. K. Hartman
DOW-UAP-D092,33,PERSON,Dr. William Price
DOW-UAP-D092,33,PERSON,Dr. Tom Ratchford
DOW-UAP-D092,33,PERSON,Dr. Jesse Orlansky
DOW-UAP-D092,33,PERSON,Dr. Willis Ware
DOW-UAP-D092,33,PERSON,Mr. Chester N. Hasert
DOW-UAP-D092,33,PERSON,Lt Col Harold A. Steiner
DOW-UAP-D092,33,PERSON,Lt Col Robert Hippler
DOW-UAP-D092,33,PERSON,Mr. Charles K. Reed
DOW-UAP-D092,33,PERSON,Mr. L. V. Brasher
DOW-UAP-D092,33,PERSON,Mr. Dan Taylor
DOW-UAP-D092,33,ORG,Project Blue Book
DOW-UAP-D092,33,DATE,16 May 1967
DOW-UAP-D092,33,DATE,5 May 1967
DOW-UAP-D092,34,PERSON,Mr. Richard Hall
DOW-UAP-D092,34,ORG,NICAP
DOW-UAP-D092,34,ORG,Project Blue Book
DOW-UAP-D092,35,PERSON,Dr. Stever
DOW-UAP-D092,35,PERSON,Dr. Condon. Lt Colonel
DOW-UAP-D092,35,ORG,NICAP
DOW-UAP-D092,35,ORG,USAF
DOW-UAP-D092,35,DATE,1 January 1967
DOW-UAP-D092,36,PERSON,Mr. William P. Wietzel
DOW-UAP-D092,36,PERSON,Mr. William Wietzel
DOW-UAP-D092,36,PERSON,Mr. Wietzel
DOW-UAP-D092,36,PERSON,Mr. Wietzel's
DOW-UAP-D092,36,PERSON,Lt Colonel
DOW-UAP-D092,36,ORG,NICAP
DOW-UAP-D092,36,ORG,USAF
DOW-UAP-D092,36,DATE,10 August 1966
DOW-UAP-D092,36,MARKING,restricted
DOW-UAP-D092,42,PERSON,Lt Col John P. Spaulding
DOW-UAP-D092,42,PERSON,Mrs. Sarah Hunt
DOW-UAP-D092,42,ORG,SAFOI
DOW-UAP-D092,42,ORG,FTD
DOW-UAP-D092,42,DATE,1 January 1966
DOW-UAP-D092,43,ORG,SAFOI
DOW-UAP-D092,43,ORG,Project Blue Book
DOW-UAP-D092,43,ORG,USAF
DOW-UAP-D092,43,ORG,FTD
DOW-UAP-D092,45,ORG,USAF
DOW-UAP-D092,49,DATE,16 February 1953
DOW-UAP-D092,50,PERSON,Dr. H.P. Robertson
DOW-UAP-D092,50,PERSON,Dr. Thornton Page
DOW-UAP-D092,50,PERSON,Dr. Samuel A. Goudsmit
DOW-UAP-D092,50,PERSON,Dr. Lloyd V. Berk
DOW-UAP-D092,50,ORG,CIA
DOW-UAP-D092,50,ORG,ATIC
DOW-UAP-D092,51,PERSON,Capt. E. J. Ruppelt
DOW-UAP-D092,51,PERSON,Mr. E. J. Ruppelt
DOW-UAP-D092,51,ORG,CIA
DOW-UAP-D092,51,ORG,ATIC
DOW-UAP-D092,51,DATE,5 August 19
DOW-UAP-D092,52,PERSON,Mr. Ruppo
DOW-UAP-D092,52,PERSON,Mr. Ruppclt
DOW-UAP-D092,52,ORG,CIA
DOW-UAP-D092,52,ORG,ATIC
DOW-UAP-D092,53,PERSON,Dr. Lloyd V. Berkner
DOW-UAP-D092,53,ORG,ATIC
DOW-UAP-D092,53,ORG,CIA
DOW-UAP-D092,54,PERSON,Dr. Berkner. The
DOW-UAP-D092,54,ORG,USAF
DOW-UAP-D092,55,ORG,ATIC
DOW-UAP-D092,55,DATE,1 August 1952
DOW-UAP-D092,55,DATE,2 July 1952
DOW-UAP-D092,55,DATE,19 July 1952
DOW-UAP-D092,55,DATE,5 August 1952
DOW-UAP-D092,55,DATE,29 July 1952
DOW-UAP-D092,55,DATE,10 October 1952
DOW-UAP-D092,58,ORG,ATIC
DOW-UAP-D092,59,PERSON,Dr. Goudsmit
DOW-UAP-D092,59,PERSON,Dr. Page
DOW-UAP-D092,59,ORG,ATIC
DOW-UAP-D092,63,PERSON,Dr. Pase
DOW-UAP-D092,63,ORG,CIA
DOW-UAP-D092,63,ORG,ADC
DOW-UAP-D092,63,ORG,ATIC
DOW-UAP-D092,64,PERSON,Dr. Robertson
DOW-UAP-D092,64,ORG,ATIC
DOW-UAP-D092,65,PERSON,Dr. Page
DOW-UAP-D092,66,PERSON,Dr. Berkner
DOW-UAP-D092,66,ORG,ADC
DOW-UAP-D092,68,PERSON,Dr. Hadley Cantril
DOW-UAP-D092,68,MARKING,secret
DOW-UAP-D092,69,PERSON,Dr. Berknar
DOW-UAP-D092,69,ORG,ONR
DOW-UAP-D092,69,ORG,ATIC
DOW-UAP-D092,70,ORG,ATIC
DOW-UAP-D092,71,PERSON,Dr. Robertson
DOW-UAP-D092,71,ORG,ATIC
DOW-UAP-D092,71,ORG,ADC
DOW-UAP-D092,75,ORG,ATIC
DOW-UAP-D092,75,ORG,USAF
DOW-UAP-D092,75,DATE,17 January 1953
DOW-UAP-D092,75,DATE,2 July 1952
DOW-UAP-D092,76,ORG,USAF
CIA-UAP-D022,1,MARKING,UNCLASSIFIED
CIA-UAP-D022,1,MARKING,CONFIDENTIAL
CIA-UAP-D022,1,MARKING,SECRET
CIA-UAP-D022,2,MARKING,restricted
CIA-UAP-D022,2,MARKING,TOP SECRET
CIA-UAP-D022,5,MARKING,TOP SECRET
CIA-UAP-D022,5,MARKING,restricted
CIA-UAP-D022,6,ORG,OSI
CIA-UAP-D022,6,DATE,24 November 1964
FBI-UAP-D032,1,ORG,FBI
DOW-UAP-D097,1,ORG,USAF
DOW-UAP-D097,1,DATE,1 July 1948
DOW-UAP-D097,1,DATE,26 January 1948
DOW-UAP-D097,2,PERSON,Dr. Ining Langmuir
DOW-UAP-D097,3,DATE,Jul 47 0930
DOW-UAP-D097,3,DATE,Jul 47 1000
DOW-UAP-D097,3,DATE,7 Jul 47
DOW-UAP-D097,3,DATE,Jul 47 1150
DOW-UAP-D097,3,DATE,4 Jul 47
DOW-UAP-D097,3,DATE,Jun 47 1500
DOW-UAP-D097,3,DATE,20 Oct 47
DOW-UAP-D097,3,MARKING,CONFIDENTIAL
DOW-UAP-D097,4,DATE,29 Jun 47
DOW-UAP-D097,4,DATE,30 Jun 47
DOW-UAP-D097,4,DATE,4 Jul 47
DOW-UAP-D097,4,DATE,10 Jul 47
DOW-UAP-D097,4,DATE,24 Jun 47
DOW-UAP-D097,4,DATE,23 Jun 47
DOW-UAP-D097,4,DATE,7 Jan 41
DOW-UAP-D097,4,DATE,13 Oct 47
DOW-UAP-D097,4,DATE,12 Nov 41
DOW-UAP-D097,4,MARKING,CONFIDENTIAL
DOW-UAP-D097,5,DATE,10 Jun 47
DOW-UAP-D097,5,DATE,7 Jul 47
DOW-UAP-D097,5,DATE,29 Jun 47
DOW-UAP-D097,5,DATE,28 Jun 47
DOW-UAP-D097,5,DATE,22 Jun 47
DOW-UAP-D097,5,DATE,6 Jul 47
DOW-UAP-D097,5,DATE,7 Jan 48
DOW-UAP-D097,5,DATE,9 Jan 48
DOW-UAP-D097,5,DATE,29 Jul 47
DOW-UAP-D097,6,DATE,6 Jul 47
DOW-UAP-D097,6,DATE,4 Aug 47
DOW-UAP-D097,6,DATE,10 Jul 47
DOW-UAP-D097,6,DATE,8 Sept 47
DOW-UAP-D097,6,DATE,19 Aug 47
DOW-UAP-D097,6,DATE,2 Jun 47
DOW-UAP-D097,6,DATE,10 Aug 47
DOW-UAP-D097,6,DATE,Aug 47 1600
DOW-UAP-D097,6,DATE,24 Jun 47
DOW-UAP-D097,6,DATE,6 Aug 47
DOW-UAP-D097,6,DATE,Aug 47 1300
DOW-UAP-D097,6,DATE,5 Aug 47
DOW-UAP-D097,6,DATE,79 Apr 47
DOW-UAP-D097,7,DATE,7 Jul 47
DOW-UAP-D097,7,DATE,6 Jul 47
DOW-UAP-D097,7,DATE,29 Jun 47
DOW-UAP-D097,7,DATE,28 Jun 41
DOW-UAP-D097,7,DATE,30 Dec 47
DOW-UAP-D097,7,DATE,5 Jan 46
DOW-UAP-D097,8,ORG,USAF
DOW-UAP-D097,9,PERSON,Lt Governor
DOW-UAP-D097,9,ORG,USAF
DOW-UAP-D097,10,ORG,USAF
DOW-UAP-D097,11,MARKING,CONFIDENTIAL
DOW-UAP-D097,12,PERSON,Lt. Col
DOW-UAP-D097,12,PERSON,Capt. AC Reser-
DOW-UAP-D097,13,PERSON,Lt. Col. USAP Jot
DOW-UAP-D097,13,ORG,USAF
DOW-UAP-D097,19,PERSON,Col OJ'
DOW-UAP-D097,23,MARKING,CONFIDENTIAL
DOW-UAP-D097,27,MARKING,CONFIDENTIAL
DOW-UAP-D097,30,MARKING,CONFIDENTIAL
DOW-UAP-D097,33,DATE,19 Feb 48
DOW-UAP-D097,33,MARKING,CONFIDENTIAL
DOW-UAP-D097,36,MARKING,secret
DOW-UAP-D097,38,DATE,"November 23, 1912"
DOW-UAP-D097,39,MARKING,restricted
DOW-UAP-D097,40,MARKING,secret
DOW-UAP-D097,41,ORG,CIA
DOW-UAP-D097,44,MARKING,secret
DOW-UAP-D097,45,PERSON,Col. Kncmeyer
DOW-UAP-D097,45,MARKING,Secret
FBI-UAP-D014,1,ORG,FBI
FBI-UAP-D014,2,DATE,9/22/67
FBI-UAP-D014,4,PERSON,Mrs. Lelah H
FBI-UAP-D014,4,ORG,FBI
FBI-UAP-D014,4,DATE,"April 8, 1954"
FBI-UAP-D014,4,DATE,"January 1, 1954"
FBI-UAP-D014,4,DATE,"December 3, 1954"
FBI-UAP-D014,5,PERSON,Mr. Bryant
FBI-UAP-D014,5,ORG,FBI
FBI-UAP-D014,5,DATE,"October 10, 1974"
CIA-UAP-D020,1,ORG,CIA
CIA-UAP-D020,1,MARKING,Top Secret
CIA-UAP-D020,3,ORG,OSI
CIA-UAP-D020,3,DATE,31 October 19
DOW-UAP-D090,2,ORG,USAF
DOW-UAP-D096,12,PERSON,Mr. James
DOW-UAP-D096,12,PERSON,Mr. Gullett
DOW-UAP-D096,12,ORG,USAF
DOW-UAP-D096,12,DATE,2 December 1954
DOW-UAP-D096,15,ORG,Project Bluebook
DOW-UAP-D096,15,DATE,"January 4, 1955"
DOW-UAP-D096,25,DATE,2/31/54
DOW-UAP-D096,41,ORG,ATIC
DOW-UAP-D096,55,ORG,ONR
DOW-UAP-D096,55,LOCATOR,Room 180
DOW-UAP-D096,55,MARKING,secret
DOW-UAP-D096,71,ORG,USAF
DOW-UAP-D096,71,DATE,"December 8, 1954"
DOW-UAP-D096,92,ORG,USAF
DOW-UAP-D096,92,DATE,26 Jan 55
DOW-UAP-D096,94,PERSON,Lt. Col
DOW-UAP-D096,94,DATE,26 January 1955
DOW-UAP-D096,99,ORG,USAF
DOW-UAP-D096,99,DATE,25 February 1955
DOW-UAP-D096,103,MARKING,secret
DOW-UAP-D096,106,ORG,USAF
DOW-UAP-D096,114,PERSON,Lt Col BlOC
DOW-UAP-D096,114,PERSON,Lt Colonel
DOW-UAP-D096,137,ORG,Project Blue Book
DOW-UAP-D096,137,ORG,ATIC
DOW-UAP-D096,137,DATE,50 Jan 55
DOW-UAP-D096,137,DATE,33 Aug 54
DOW-UAP-D096,137,DATE,38 Feb 55
DOW-UAP-D096,137,DATE,27 Sep 54
DOW-UAP-D096,137,DATE,44 Mar 55
DOW-UAP-D096,137,DATE,34 Oct 54
DOW-UAP-D096,137,DATE,1 Apr 55
DOW-UAP-D096,137,DATE,33 Nov 54
DOW-UAP-D096,137,DATE,40 May 55
DOW-UAP-D096,137,DATE,42 Dec 54
DOW-UAP-D096,137,DATE,12 August 1954
DOW-UAP-D096,156,DATE,8 August 1955
DOW-UAP-D096,156,DATE,18 July 55
DOW-UAP-D096,161,PERSON,Mr. R. Be
DOW-UAP-D096,161,PERSON,Mr. Gillis
DOW-UAP-D096,161,PERSON,Lt Col.Onel
DOW-UAP-D096,167,PERSON,Mr. Moseley
DOW-UAP-D096,167,ORG,Project Bluebook
DOW-UAP-D096,200,PERSON,Mr. T.M
DOW-UAP-D096,200,PERSON,Mr. Onversaagt
DOW-UAP-D096,207,PERSON,Mr. Beanstatter
DOW-UAP-D096,217,PERSON,Lt Col T. Jolm.aon
DOW-UAP-D096,217,PERSON,Mr. Mal.len
DOW-UAP-D094,4,DATE,10 December 1948
DOW-UAP-D094,4,MARKING,DECLASSIFIED
DOW-UAP-D094,6,ORG,USAF
DOW-UAP-D094,7,PERSON,Dr. Guenther Bock
DOW-UAP-D094,9,PERSON,Dr. Guenther Bock
DOW-UAP-D094,9,PERSON,Dr. Bock
DOW-UAP-D094,10,MARKING,secret
DOW-UAP-D094,13,DATE,28 June 1947
DOW-UAP-D094,13,DATE,7 July 1947
DOW-UAP-D094,15,PERSON,Mr. Wocilrutf
DOW-UAP-D094,16,PERSON,Mr. Rhoads. On
DOW-UAP-D094,17,PERSON,Lt. Comdr. Marcus L. Lowe
DOW-UAP-D094,17,PERSON,Mr. Booneville
DOW-UAP-D094,17,PERSON,Lt. George F. Gorman
DOW-UAP-D094,17,DATE,7 January 1948
DOW-UAP-D094,17,DATE,6 April 1948
DOW-UAP-D094,17,DATE,30 April 1948
DOW-UAP-D094,17,DATE,1 July 1948
DOW-UAP-D094,17,DATE,17 July 1948
DOW-UAP-D094,17,DATE,12 September 1947
DOW-UAP-D094,17,DATE,15 June 1948
DOW-UAP-D094,17,DATE,26 July 1948
DOW-UAP-D094,17,DATE,20 July 1948
DOW-UAP-D094,17,DATE,3 August 1948
DOW-UAP-D094,17,DATE,1 October 1948
DOW-UAP-D094,20,PERSON,Mr. L. D. Jensen
DOW-UAP-D094,20,PERSON,Mr. Manuel E. Johnson
DOW-UAP-D094,20,PERSON,Dr. L. N. Cannon
DOW-UAP-D094,20,PERSON,Lt. Kenwood W. Jackson
DOW-UAP-D094,20,PERSON,Lt. Glen L. Stalker
DOW-UAP-D094,20,PERSON,Lt. Henry G. Combs
DOW-UAP-D094,20,PERSON,Lt. Combs
DOW-UAP-D094,20,DATE,18 November 1948
DOW-UAP-D094,20,DATE,1 July 1947
DOW-UAP-D094,20,DATE,16 September 1947
DOW-UAP-D094,20,DATE,22 July 1948
DOW-UAP-D094,21,PERSON,Mr. Moore
DOW-UAP-D094,21,DATE,19 August 1848
DOW-UAP-D094,33,DATE,5 Dec 0900
DOW-UAP-D094,33,MARKING,TOP SECRET
DOW-UAP-D094,33,MARKING,Secret
DOE-UAP-D004,2,PERSON,Mr. Morgan Mr. Bevburger University
DOE-UAP-D004,2,PERSON,Dr. Bradbury D.r. Holloway
DOE-UAP-D004,2,PERSON,Mr. Hoyt Dr. Me.nl.ey Dr
DOE-UAP-D004,2,PERSON,Dr. Teller
DOE-UAP-D004,2,PERSON,Dr. LaPaz
DOE-UAP-D004,2,PERSON,Dr. IaPaz
DOE-UAP-D004,2,PERSON,Dr. La.Paz
DOE-UAP-D004,2,DATE,16 February 1949
DOE-UAP-D004,2,MARKING,Secret
DOE-UAP-D004,2,MARKING,DECLASSIFIED
DOE-UAP-D004,3,PERSON,Dr. Teller
DOE-UAP-D004,3,PERSON,Dr. Manl
DOE-UAP-D004,3,PERSON,Dr. La.Po
DOE-UAP-D004,4,PERSON,Dr. MaDl.e
DOE-UAP-D004,4,PERSON,Dr. LaPe.z
DOE-UAP-D004,4,DATE,1 January 30
DOE-UAP-D004,4,DATE,"December 12, 1948"
DOE-UAP-D004,4,MARKING,restricted
DOE-UAP-D004,5,PERSON,Dr. Teller
DOE-UAP-D004,5,PERSON,Dr. Tellel
DOE-UAP-D004,5,ORG,OSI
DOE-UAP-D004,6,PERSON,Dr. Teller
DOE-UAP-D004,6,PERSON,Dr. LaPa.z
DOE-UAP-D004,6,PERSON,Dr. Te.lle
DOE-UAP-D004,6,PERSON,Dr. LaPaz
DOE-UAP-D004,6,PERSON,Lt. Rym
DOE-UAP-D004,6,PERSON,Lt. Ryan
DOE-UAP-D004,7,PERSON,Dr. Le.Paz
DOE-UAP-D004,7,PERSON,Dr. Teller
DOE-UAP-D004,8,PERSON,Dr. Mmley
DOE-UAP-D004,8,PERSON,Dr. La.Paz
DOE-UAP-D004,8,PERSON,Dr. Le.Paz
DOE-UAP-D004,8,DATE,"January 1, 1948"
DOE-UAP-D004,9,PERSON,Mr. Iiewbu
DOE-UAP-D004,9,PERSON,Dr. La.Paz
DOE-UAP-D004,9,PERSON,Dr. LaPo.z
DOE-UAP-D004,9,PERSON,Dr. Regener
DOE-UAP-D004,9,PERSON,Dr. Bradb.iry
DOE-UAP-D004,9,DATE,"Februnry 18, 1948"
DOE-UAP-D004,9,DATE,"January 16, 1946"
DOE-UAP-D004,10,PERSON,Dr. LaPaz
DOE-UAP-D004,10,PERSON,Dr. Teller
DOE-UAP-D004,10,PERSON,Dr. La.Paz
DOE-UAP-D004,10,PERSON,Mr. Hoyi
DOE-UAP-D004,10,PERSON,Mr. Hoyt
DOE-UAP-D004,10,PERSON,Mr. Boyt
DOE-UAP-D004,10,PERSON,Dr. J'..a.Pa
DOE-UAP-D004,10,PERSON,Dr. Bradbury
DOE-UAP-D004,11,PERSON,Dr. LePaz
DOE-UAP-D004,11,PERSON,Dr. Br
DOE-UAP-D004,11,PERSON,Dr. IsPo.t
DOE-UAP-D004,11,PERSON,Sgt. Kinaley'o
DOE-UAP-D004,11,PERSON,Dr. Shel
DOE-UAP-D004,11,PERSON,Mrs. Sm
DOE-UAP-D004,11,PERSON,Dr. LllPaz. It
DOE-UAP-D004,12,PERSON,Dr. La.Paz
DOE-UAP-D004,12,PERSON,Dr. Fred
DOE-UAP-D004,12,PERSON,Dr. Le.Po.z
DOE-UAP-D004,12,PERSON,Dr. Ka.plan
DOE-UAP-D004,12,PERSON,Dr. Bradbury
DOE-UAP-D004,12,ORG,OSI
DOE-UAP-D004,13,PERSON,Dr. Teller
DOE-UAP-D004,13,PERSON,Dr. Lo.Paz
DOE-UAP-D004,13,PERSON,Dr. LaPaz
DOE-UAP-D004,13,PERSON,Dr. La.Paz
DOE-UAP-D004,13,PERSON,Dr. Bradbury
DOE-UAP-D004,13,PERSON,Dr. LaPa.z
DOE-UAP-D004,13,PERSON,Dr. Shem.an Smith
DOE-UAP-D004,14,PERSON,Dr. Bradbury
DOE-UAP-D004,14,PERSON,Dr. LaI'az
DOE-UAP-D004,14,PERSON,Dr. Bradb
DOE-UAP-D004,14,PERSON,Dr. Le.Paz
DOE-UAP-D004,14,PERSON,Dr. LaPa.z
DOE-UAP-D004,15,PERSON,Dr. Braub
DOE-UAP-D004,15,PERSON,Dr. LaPnz
DOE-UAP-D004,15,PERSON,Dr. La.Paz
DOE-UAP-D004,15,PERSON,Dr. La
DOE-UAP-D004,15,PERSON,Dr. Lansberg
DOE-UAP-D004,15,DATE,"October 30, 1947"
DOE-UAP-D004,16,PERSON,Dr. Lal'ez
DOE-UAP-D004,16,PERSON,Dr. Bradbury
DOE-UAP-D004,16,PERSON,Dr. La.Paz
DOE-UAP-D004,16,PERSON,Dr. LaPnz
DOE-UAP-D004,16,PERSON,Mr. Hewburger
DOE-UAP-D004,16,PERSON,Mr. Nevburger
DOE-UAP-D004,17,PERSON,Dr. Bradbury
DOE-UAP-D004,17,PERSON,Dr. LaPa.z
DOE-UAP-D004,17,PERSON,Dr. Teller
DOE-UAP-D004,17,PERSON,Dr. LaP
DOE-UAP-D004,17,PERSON,Dr. LePaz
DOE-UAP-D004,17,PERSON,Dr. Le.Paz
DOE-UAP-D004,18,PERSON,Mr. Hoyt
DOE-UAP-D004,18,PERSON,Dr. Teller
DOE-UAP-D004,18,PERSON,Mr. Boyt
DOE-UAP-D004,18,PERSON,Dr. Bred.bury
DOE-UAP-D004,18,PERSON,Dr. LaPa.z
DOE-UAP-D004,18,PERSON,Dr. Kapl.E.n
DOE-UAP-D004,18,PERSON,Gen. Bunker
DOE-UAP-D004,18,PERSON,Dr. Le.Paz
DOE-UAP-D004,18,PERSON,Dr. LaPaz
DOE-UAP-D004,18,PERSON,Gen. Carroll
DOE-UAP-D004,19,PERSON,Dr. LaPe.z
DOE-UAP-D004,19,PERSON,Dr. Teller
DOE-UAP-D004,19,PERSON,Dr. La.Paz
DOE-UAP-D004,19,PERSON,Dr. Telle
DOE-UAP-D004,19,PERSON,Mr. Hoyt
DOE-UAP-D004,19,PERSON,Dr. LaPaz
DOE-UAP-D004,20,PERSON,Dr. Kamplan
DOE-UAP-D004,20,PERSON,Dr. Teller
DOE-UAP-D004,20,PERSON,Dr. La.Paz
DOE-UAP-D004,20,PERSON,Dr. Tell
DOE-UAP-D004,20,PERSON,Dr. LaPaz
DOE-UAP-D004,20,PERSON,Dr. Reneger
DOE-UAP-D004,21,PERSON,Dr. La.Po.z
DOE-UAP-D004,21,PERSON,Dr. La.Paz
DOE-UAP-D004,21,PERSON,Dr. Kapl.e.n
DOE-UAP-D004,21,PERSON,Mr. Nwburger
DOE-UAP-D004,21,PERSON,Dr. LePaz
DOE-UAP-D004,21,PERSON,Dr. LaFa.a
DOE-UAP-D004,22,PERSON,Dr. Hollm
DOE-UAP-D004,22,PERSON,Dr. LaPaz
DOE-UAP-D004,22,PERSON,Dr. LaPar
DOE-UAP-D004,22,PERSON,Dr. LaP
DOE-UAP-D004,23,PERSON,Dr. Bn.dbury
DOE-UAP-D004,23,PERSON,Mr. Nevburger
DOE-UAP-D004,23,PERSON,Dr. Le.Paz
DOE-UAP-D004,23,PERSON,Dr. Teller
DOE-UAP-D004,23,PERSON,Dr. LaPaz
DOE-UAP-D004,23,PERSON,Dr. Hollovay
DOE-UAP-D004,23,PERSON,Dr. Tf
DOE-UAP-D004,23,PERSON,Dr. La.Pa
DOE-UAP-D004,24,PERSON,Dr. Le.Paz
DOE-UAP-D004,24,PERSON,Dr. Tell
DOE-UAP-D004,24,PERSON,Dr. Teller
DOE-UAP-D004,24,PERSON,Dr. LaPaz
DOE-UAP-D004,25,PERSON,Dr. Teller
DOE-UAP-D004,25,PERSON,Dr. TelJ..er
DOE-UAP-D004,25,PERSON,Dr. La'
DOE-UAP-D004,25,PERSON,Dr. Teller. Nothing
DOE-UAP-D004,25,PERSON,Dr. Bradbury
DOE-UAP-D004,25,PERSON,Mr. Nevburger
CIA-UAP-D021,1,ORG,CIA
CIA-UAP-D021,1,MARKING,Top Secret
DOW-UAP-D093,1,MARKING,DEClASSIFIED
DOW-UAP-D093,3,DATE,10 Nov 47
DOW-UAP-D093,4,ORG,USAF
DOW-UAP-D093,6,ORG,USAF
DOW-UAP-D093,15,MARKING,secret
DOW-UAP-D093,21,DATE,7 July 1947
DOW-UAP-D093,31,PERSON,Lt. George F. C-orman
DOW-UAP-D093,31,DATE,3 Augutt 1948
DOW-UAP-D093,32,PERSON,Lt. Glen L. Stalker
DOW-UAP-D093,32,ORG,IDA
DOW-UAP-D095,4,DATE,10 December 1954
DOW-UAP-D095,27,PERSON,Lt Colonel Pvrior
DOW-UAP-D095,27,MARKING,SECRET
DOW-UAP-D095,30,PERSON,Lt. Gen. D. L. Putt
DOW-UAP-D095,30,DATE,14 December 1954
DOW-UAP-D095,37,ORG,USAF
DOW-UAP-D095,39,PERSON,Col. Ma.cDuff COMi
DOW-UAP-D095,40,PERSON,Col. MacDuff
DOW-UAP-D095,40,PERSON,Lt. Col. Farrior
DOW-UAP-D095,40,PERSON,Col. OWynne
DOW-UAP-D095,40,DATE,11 July 1955
DOW-UAP-D095,40,DATE,7 July 55
DOW-UAP-D095,41,PERSON,Col Whitaain
DOW-UAP-D095,41,ORG,USAF
DOW-UAP-D095,41,DATE,21 June 48
DOW-UAP-D095,57,ORG,USAF
DOW-UAP-D095,57,ORG,ADC
DOE-UAP-D005,1,DATE,"September 2, 2015"
DOE-UAP-D005,1,MARKING,Unclassified
DOE-UAP-D005,2,MARKING,UNCLASSIFIED
DOE-UAP-D005,3,DATE,"September 1, 2015"
DOE-UAP-D005,4,ORG,FBI
DOW-UAP-D089,2,DATE,5/19/2026
FBI-UAP-D033,1,ORG,FBI
DOS-UAP-D002,1,PERSON,Mr. Harold Midkiff
DOS-UAP-D002,1,ORG,NASA
DOS-UAP-D002,1,DATE,"November 8, 1964"
DOS-UAP-D002,1,DATE,"November 14, 1963"
DOS-UAP-D002,1,MARKING,UNCLASSIFIED
DOS-UAP-D002,1,MARKING,DECLASSIFIED
DOS-UAP-D002,2,MARKING,DECLASSIFIED
DOW-UAP-D098,2,MARKING,CONFIDENTIAL
DOW-UAP-D098,3,ORG,USAF
DOW-UAP-D098,3,DATE,27 Oct 1952
DOW-UAP-D098,3,DATE,24 Nov 1952
DOW-UAP-D098,3,DATE,5 Dec 1952
DOW-UAP-D098,3,DATE,16 Feb 1953
DOW-UAP-D098,3,DATE,2 July 1952
DOW-UAP-D098,22,MARKING,CONFIDENTIAL
DOS-UAP-D001,1,ORG,CIA
DOS-UAP-D001,1,ORG,NSA
DOS-UAP-D001,1,ORG,NASA
DOS-UAP-D001,1,DATE,11/14/63
DOS-UAP-D001,1,MARKING,UNCLASSIFIED
DOS-UAP-D001,1,MARKING,DECLASSIFIED
FBI-UAP-D028,1,ORG,FBI
FBI-UAP-D028,2,ORG,FBI
DOW-UAP-D101,1,DATE,6/1/22
DOW-UAP-D101,1,DATE,8 September 2021
DOW-UAP-D101,1,DATE,03/26/26
DOW-UAP-D101,2,DATE,6/1/22
DOW-UAP-D101,2,DATE,8 September 2021
DOW-UAP-D101,3,ORG,FBI
DOW-UAP-D101,3,DATE,03/26/26
DOW-UAP-D101,4,ORG,CIA
DOW-UAP-D101,4,DATE,6/1/22
DOW-UAP-D101,4,DATE,8 September 2021
DOW-UAP-D101,4,DATE,08 Sep 2021
DOW-UAP-D101,5,DATE,6/1/22
DOW-UAP-D101,5,MARKING,SECRET
DOW-UAP-D101,6,ORG,CIA
DOW-UAP-D101,6,ORG,NASA
DOW-UAP-D101,6,DATE,8 September 2021
DOW-UAP-D101,7,DATE,6/1/22
FBI-UAP-D026,1,ORG,FBI
FBI-UAP-D026,3,ORG,USAF
EOP-UAP-D001,1,ORG,FBI
DOW-UAP-D100,1,ORG,USAF
DOW-UAP-D100,1,DATE,30 Decembor 1947
DOW-UAP-D100,2,ORG,USAF
DOW-UAP-D100,2,DATE,30 December 1947
DOW-UAP-D100,7,DATE,3 Nov 48
DOW-UAP-D100,7,DATE,8 Nov 48
DOW-UAP-D100,8,PERSON,Dr. Irving Langmuir
DOW-UAP-D100,8,PERSON,Dr. Langmuir
DOW-UAP-D100,8,ORG,USAF
DOW-UAP-D100,8,DATE,3 Nov 48
DOW-UAP-D100,9,ORG,USAF
DOW-UAP-D100,9,DATE,3 Nov 48
DOW-UAP-D100,10,ORG,USAF
DOW-UAP-D100,10,DATE,12 Nov 48
DOW-UAP-D100,10,DATE,27 Aug 48
DOW-UAP-D100,10,DATE,26 Oct 48
DOW-UAP-D100,11,ORG,USAF
DOW-UAP-D100,12,ORG,USAF
DOW-UAP-D100,12,DATE,26 Octo 48
DOW-UAP-D100,15,PERSON,Gen. C. Mi
DOW-UAP-D100,15,DATE,3 Nov 48
DOW-UAP-D100,17,ORG,USAF
DOW-UAP-D100,17,DATE,28 Oct. 48
DOW-UAP-D100,18,DATE,"Sept. 14, 1948"
DOW-UAP-D100,18,DATE,14 Sep 48
DOW-UAP-D100,18,DATE,13 October 194
DOW-UAP-D100,20,PERSON,Maj. Phipps
DOW-UAP-D100,20,DATE,20 Oct 48
DOW-UAP-D100,22,ORG,USAF
DOW-UAP-D100,22,DATE,27 October 1948
DOW-UAP-D100,24,ORG,CIA
DOW-UAP-D100,24,DATE,7 October 1948
DOW-UAP-D100,33,ORG,Project Sign
DOW-UAP-D100,38,PERSON,Lt. Col. Garrett
DOW-UAP-D100,38,DATE,25 October 1948
DOW-UAP-D100,38,DATE,21 October 1948
DOW-UAP-D100,40,PERSON,Lt. Col. Garre
DOW-UAP-D100,40,ORG,USAF
DOW-UAP-D100,40,DATE,6 Oct. 48
DOW-UAP-D100,41,DATE,7 Oct 48
DOW-UAP-D100,47,DATE,9 Sep 19
DOW-UAP-D100,51,PERSON,Capt. Eldridge
DOW-UAP-D100,51,ORG,USAF
DOW-UAP-D100,51,DATE,21 Jul 48
DOW-UAP-D100,52,PERSON,Lt Col USAF
DOW-UAP-D100,52,ORG,CIA
DOW-UAP-D100,52,ORG,USAF
DOW-UAP-D100,52,DATE,15 December 1947
DOW-UAP-D100,54,DATE,5 Dec 47
DOW-UAP-D100,56,ORG,USAF
DOW-UAP-D100,57,DATE,9 July 1948
DOW-UAP-D100,57,DATE,"July 4, 1948"
DOW-UAP-D100,57,DATE,"July 8, 1948"
DOW-UAP-D100,57,DATE,8 July 48
DOW-UAP-D100,59,DATE,11 Dec 47
DOW-UAP-D100,61,DATE,2 August 1948
DOW-UAP-D100,61,DATE,9 Jul 48
DOW-UAP-D100,63,PERSON,Col. Garrett
DOW-UAP-D100,63,DATE,9 July 48
DOW-UAP-D100,63,DATE,20 Feb 48
DOW-UAP-D100,66,PERSON,Lt Col Garret
DOW-UAP-D100,67,PERSON,Lt Col Garrett
DOW-UAP-D100,67,DATE,4 June 48
DOW-UAP-D100,68,ORG,ADC
DOW-UAP-D100,68,DATE,8 May 48
DOW-UAP-D100,68,MARKING,DECLASSIFIED
DOW-UAP-D100,69,PERSON,Lt Col
DOW-UAP-D100,69,ORG,USAF
DOW-UAP-D100,69,ORG,FBI
DOW-UAP-D100,73,DATE,10 Jun 48
DOW-UAP-D100,76,PERSON,Col H.M. McCoy
DOW-UAP-D100,76,PERSON,Gen U.cDonald's
DOW-UAP-D100,76,PERSON,Col McCoy
DOW-UAP-D100,76,PERSON,Lt Col Earle
DOW-UAP-D100,76,ORG,USAF
DOW-UAP-D100,76,DATE,24 Sept 47
DOW-UAP-D100,76,DATE,21 Sep 47
DOW-UAP-D100,76,DATE,4 June 48
DOW-UAP-D100,77,DATE,1 Dec 1944
DOW-UAP-D100,77,DATE,25 Sept 1947
DOW-UAP-D100,77,DATE,24 Sep 47
DOW-UAP-D100,77,LOCATOR,Room 3E
DOW-UAP-D100,77,MARKING,TOP SECRET
DOW-UAP-D100,77,MARKING,Secret
DOW-UAP-D100,78,DATE,1 Dec 1944
DOW-UAP-D100,78,DATE,25 Sep 47
DOW-UAP-D100,78,DATE,24 Sep 47
DOW-UAP-D100,80,DATE,13 Aug 47
DOW-UAP-D100,80,DATE,24 Sep 47
DOW-UAP-D100,80,DATE,25 Sep 47
DOW-UAP-D100,82,DATE,2 June 48
DOW-UAP-D100,84,PERSON,Lt. Cdr. US Navy-
DOW-UAP-D100,84,DATE,30 April 1948
DOW-UAP-D100,85,PERSON,Lt. Commander Lowe
DOW-UAP-D100,85,PERSON,Gen Cabell
DOW-UAP-D100,85,PERSON,Col Walsh
DOW-UAP-D100,85,DATE,10 May 48
DOW-UAP-D100,87,PERSON,Lt Col Carrett
DOW-UAP-D100,88,PERSON,Lt Col Gar
DOW-UAP-D100,88,ORG,USAF
DOW-UAP-D100,89,PERSON,Lt Col Garrett
DOW-UAP-D100,89,PERSON,Col Ma.llory
DOW-UAP-D100,89,DATE,10 May 48
DOW-UAP-D100,90,PERSON,Lt. Colonel
DOW-UAP-D100,91,PERSON,Lt Col Garrett
DOW-UAP-D100,91,DATE,6 May 48
DOW-UAP-D100,94,PERSON,Col. Ga
DOW-UAP-D100,94,ORG,USAF
DOW-UAP-D100,94,DATE,28 Apr 48
DOW-UAP-D100,94,DATE,13 Apr 48
DOW-UAP-D100,94,DATE,31 Mar 48
DOW-UAP-D100,95,PERSON,Lt. Col. USAF
DOW-UAP-D100,95,ORG,USAF
DOW-UAP-D100,95,DATE,"Apr 13, 1948"
DOW-UAP-D100,95,DATE,24 February 1948
DOW-UAP-D100,96,PERSON,Dr. Rei.mar Horten
DOW-UAP-D100,100,PERSON,Lt. Col. Ge.rrett
DOW-UAP-D100,100,DATE,16 Feb 48
DOW-UAP-D100,100,DATE,21 Jan 48
DOW-UAP-D100,101,PERSON,Col. McCoy
DOW-UAP-D100,102,DATE,16 Feb 48
DOW-UAP-D100,104,PERSON,Lt Col
DOW-UAP-D100,104,DATE,28 Apr 48
DOW-UAP-D100,105,PERSON,Lt Col Garrett
DOW-UAP-D100,105,ORG,USAF
DOW-UAP-D100,105,DATE,28 April 48
DOW-UAP-D100,105,DATE,20 Feb 48
DOW-UAP-D100,106,PERSON,Lt Col George D
DOW-UAP-D100,107,ORG,CIA
DOW-UAP-D100,109,DATE,5 Dec 47
DOW-UAP-D100,114,PERSON,Lt. Col
DOW-UAP-D100,114,ORG,USAF
DOW-UAP-D100,114,DATE,26 Apr 48
DOW-UAP-D100,114,DATE,12 Apr 48
DOW-UAP-D100,114,DATE,14 Apr 48
DOW-UAP-D100,115,ORG,USAF
DOW-UAP-D100,115,DATE,12 April 1948
DOW-UAP-D100,115,DATE,6 February 1948
DOW-UAP-D100,119,PERSON,Col. Garrett
DOW-UAP-D100,119,DATE,27 Apr 48
DOW-UAP-D100,123,PERSON,Lt. Col. Ga.rrett
DOW-UAP-D100,123,ORG,USAF
DOW-UAP-D100,123,DATE,2 Apr 48
DOW-UAP-D100,123,DATE,27 Feb 48
DOW-UAP-D100,123,DATE,25 Mar 48
DOW-UAP-D100,124,PERSON,Lt. Col.. SmiW
DOW-UAP-D100,124,DATE,25 Mar 48
DOW-UAP-D100,125,DATE,27 Feb 48
DOW-UAP-D100,128,PERSON,Lt. Col. Ge.rrett
DOW-UAP-D100,128,ORG,USAF
DOW-UAP-D100,128,DATE,2 Apr 48
DOW-UAP-D100,129,PERSON,Mr. Symington
DOW-UAP-D100,129,DATE,16 March 48
DOW-UAP-D100,129,DATE,27 Feb 48
DOW-UAP-D100,134,PERSON,Lt. Col. Garrett
DOW-UAP-D100,134,ORG,USAF
DOW-UAP-D100,134,DATE,2 Apr 48
DOW-UAP-D100,135,PERSON,Mr. Les Buchner
DOW-UAP-D100,135,ORG,USAF
DOW-UAP-D100,135,ORG,ADC
DOW-UAP-D100,135,DATE,9 March 1948
DOW-UAP-D100,135,DATE,5 March 1948
DOW-UAP-D100,135,DATE,8 March 1948
DOW-UAP-D100,139,ORG,USAF
DOW-UAP-D100,143,DATE,5 Dec 47
DOW-UAP-D100,147,PERSON,Cmdr. Hammond Ceast Guard Hq
DOW-UAP-D100,147,ORG,USAF
DOW-UAP-D100,147,DATE,30 Dec 47
DOW-UAP-D100,147,DATE,4 March 1948
DOW-UAP-D100,150,PERSON,Col. USAF
DOW-UAP-D100,150,PERSON,Maj. USAF JS Original
DOW-UAP-D100,150,ORG,USAF
DOW-UAP-D100,150,DATE,17 Mar 1948
DOW-UAP-D100,151,PERSON,Lt. Colonel
DOW-UAP-D100,151,DATE,23 Jan 48
DOW-UAP-D100,152,PERSON,Lt Col George Garrett
DOW-UAP-D100,152,PERSON,Col USAF
DOW-UAP-D100,152,ORG,USAF
DOW-UAP-D100,153,DATE,3 Jan 48
DOW-UAP-D100,159,PERSON,Lt. Col Garrett
DOW-UAP-D100,159,PERSON,Lt. Colonel
DOW-UAP-D100,159,DATE,7 Jan 48
DOW-UAP-D100,160,DATE,7 January 1948
DOW-UAP-D100,160,DATE,19 Dec 47
DOW-UAP-D100,162,DATE,15 Dec 47
DOW-UAP-D100,164,PERSON,Col Garrett
DOW-UAP-D100,164,PERSON,Lt. Col
DOW-UAP-D100,164,DATE,2 March 48
DOW-UAP-D100,167,PERSON,Lt. Col. USAF' J.S
DOW-UAP-D100,167,ORG,USAF
DOW-UAP-D100,167,DATE,6 Feb 48
DOW-UAP-D100,167,DATE,26 Feb 48
DOW-UAP-D100,170,DATE,11 Dec 47
DOW-UAP-D100,172,PERSON,Lt. Col
DOW-UAP-D100,172,ORG,USAF
DOW-UAP-D100,173,PERSON,Lt Col Garrett
DOW-UAP-D100,173,PERSON,Col. McCoy
DOW-UAP-D100,173,ORG,USAF
DOW-UAP-D100,173,DATE,25 Feb 48
DOW-UAP-D100,173,DATE,30 Dec 47
DOW-UAP-D100,174,DATE,25 Feb 48
DOW-UAP-D100,176,DATE,26 Feb 48
DOW-UAP-D100,179,ORG,USAF
DOW-UAP-D100,180,PERSON,Lt Col Garrett
DOW-UAP-D100,180,DATE,26 Feb 48
DOW-UAP-D100,180,DATE,30 December 1947
DOW-UAP-D100,181,DATE,25 Feb 48
DOW-UAP-D100,184,PERSON,Lt Col Garrett
DOW-UAP-D100,184,ORG,USAF
DOW-UAP-D100,184,DATE,6 February 1948
DOW-UAP-D100,185,PERSON,Lt. Col. Gerrett
DOW-UAP-D100,185,DATE,16 Feb 48
DOW-UAP-D100,186,DATE,16 Feb 48
DOW-UAP-D100,188,PERSON,Dr. Wilkenson
DOW-UAP-D100,188,DATE,17 Feb 1948
DOW-UAP-D100,189,PERSON,Lt. Col. Garrett
DOW-UAP-D100,189,ORG,USAF
DOW-UAP-D100,189,DATE,10 Feb 48
DOW-UAP-D100,189,DATE,4 Feb 48
DOW-UAP-D100,190,PERSON,Col USAF
DOW-UAP-D100,190,ORG,USAF
DOW-UAP-D100,190,DATE,7 October 1947
DOW-UAP-D100,194,PERSON,Lt. Col Garrett
DOW-UAP-D100,194,PERSON,Col Garrett
DOW-UAP-D100,194,DATE,11 Feb 48
DOW-UAP-D100,195,DATE,5 Dec 47
DOW-UAP-D100,195,DATE,6 Feb 48
DOW-UAP-D100,197,PERSON,Lt Col Garrett
DOW-UAP-D100,197,PERSON,Lt. Colonel
DOW-UAP-D100,197,DATE,6 Feb 48
DOW-UAP-D100,197,DATE,16 Jan 48
DOW-UAP-D100,198,PERSON,Lt. Col
DOW-UAP-D100,198,ORG,USAF
DOW-UAP-D100,198,DATE,16 Jan 48
DOW-UAP-D100,202,PERSON,Lt Col Garret
DOW-UAP-D100,202,PERSON,Lt. Colonel
DOW-UAP-D100,202,DATE,16 January 1948
DOW-UAP-D100,202,DATE,16 Jan 48
DOW-UAP-D100,206,ORG,USAF
DOW-UAP-D100,206,DATE,6 Jan 48
DOW-UAP-D100,212,PERSON,Col. McCe
DOW-UAP-D100,212,PERSON,Lt.Col. Garrett
DOW-UAP-D100,212,PERSON,Col. McCoy
DOW-UAP-D100,212,ORG,USAF
DOW-UAP-D100,212,DATE,30 Dec 47
DOW-UAP-D100,215,PERSON,Lt. Colonel. U.S.A.P. File
DOW-UAP-D100,215,DATE,6 Feb 48
DOW-UAP-D100,218,PERSON,Lt Col Garrett
DOW-UAP-D100,218,PERSON,Lt. Colonel
DOW-UAP-D100,218,DATE,3 Jan 48
DOW-UAP-D100,219,DATE,23 Jan 48
DOW-UAP-D100,221,PERSON,Lt Col Oarret-t
DOW-UAP-D100,221,PERSON,Lt. Colonel
DOW-UAP-D100,221,DATE,20 Jan 48
DOW-UAP-D100,226,PERSON,Lt. Colonel
DOW-UAP-D100,226,ORG,USAF
DOW-UAP-D100,226,DATE,4 Feb 48
DOW-UAP-D100,226,DATE,Jan 15 1948
DOW-UAP-D100,232,DATE,30 Dec 47
DOW-UAP-D100,233,ORG,USAF
DOW-UAP-D100,233,DATE,18 Dec. 1947
DOW-UAP-D100,237,PERSON,Lt. Colonel
DOW-UAP-D100,237,DATE,18 December 1947
DOW-UAP-D100,237,DATE,6 October 1947
DOW-UAP-D100,237,DATE,23 September 1947
DOW-UAP-D100,238,DATE,30 Oct 47
DOW-UAP-D100,243,ORG,FBI
DOW-UAP-D100,245,PERSON,Lt. Colonel
DOW-UAP-D099,1,MARKING,DECLASSIFIED
DOW-UAP-D099,2,MARKING,SECRET
DOW-UAP-D099,4,PERSON,Gen. Doolittle
DOW-UAP-D099,4,MARKING,SECRET
DOW-UAP-D099,7,ORG,FBI
FBI-UAP-D024,1,ORG,FBI
FBI-UAP-D037,1,ORG,FBI
FBI-UAP-D040,1,ORG,FBI
FBI-UAP-D030,1,ORG,FBI
DOE-UAP-D002,3,PERSON,Dr. Edward U. Coadon. Yours
DOW-UAP-D017,1,PERSON,Mr Force Base Camp Campbell
DOW-UAP-D017,1,ORG,USAF
DOW-UAP-D017,1,DATE,7 April 1949
DOW-UAP-D017,1,DATE,1 April 1949
DOW-UAP-D017,1,MARKING,secret
DOW-UAP-D017,2,PERSON,Lt Col
DOW-UAP-D017,2,ORG,USAF
DOW-UAP-D017,2,DATE,7 April 194
DOW-UAP-D017,4,DATE,10 August 1949
DOW-UAP-D017,10,PERSON,Dr. Orosier
DOW-UAP-D017,10,PERSON,Dr. OrozJ.er
DOW-UAP-D017,10,PERSON,Dr. Orozter
DOW-UAP-D017,10,PERSON,Dr. Crozier's
DOW-UAP-D017,10,PERSON,Dr. Cro--'
DOW-UAP-D017,10,PERSON,Dr. Crosier's
DOW-UAP-D017,10,PERSON,Dr. Crozier
DOW-UAP-D017,11,PERSON,Dr. Crozier
DOW-UAP-D017,11,PERSON,Dr. Crosier
DOW-UAP-D017,11,PERSON,Mr. Seel.T
DOW-UAP-D017,11,PERSON,Dr. Croz
DOW-UAP-D017,11,PERSON,Dr. Orozier'a
DOW-UAP-D017,12,PERSON,Dr. Crozier
DOW-UAP-D017,12,PERSON,Dr. Crosier'
DOW-UAP-D017,12,PERSON,Dr. Crozier'
DOW-UAP-D017,12,PERSON,Mr. Seely
DOW-UAP-D017,13,PERSON,Dr. Crozier
DOW-UAP-D017,14,PERSON,Col. Olson
DOW-UAP-D017,14,DATE,29 November 1949
DOW-UAP-D017,14,MARKING,Top Secret
DOW-UAP-D017,17,ORG,SAC
DOW-UAP-D017,17,DATE,5 Dec 49
DOW-UAP-D017,20,PERSON,Dr. Lincoln IaPaz
DOW-UAP-D017,20,ORG,USAF
DOW-UAP-D017,21,PERSON,Lt Col Rees
DOW-UAP-D017,21,ORG,USAF
DOW-UAP-D017,21,DATE,25 May 1950
DOW-UAP-D017,21,DATE,17 February 1949
DOW-UAP-D017,21,DATE,14 October 1949
DOW-UAP-D017,21,DATE,23 May 50
DOW-UAP-D017,22,ORG,USAF
DOW-UAP-D017,22,DATE,25 May 1950
DOW-UAP-D017,24,DATE,8 Dec 11
DOW-UAP-D017,33,ORG,OSI
DOW-UAP-D017,34,ORG,OSI
DOW-UAP-D017,36,DATE,11 Jul 2110
DOW-UAP-D017,37,ORG,OSI
DOW-UAP-D017,38,ORG,OSI
DOW-UAP-D017,39,ORG,OSI
DOW-UAP-D017,40,ORG,OSI
DOW-UAP-D017,42,ORG,OSI
DOW-UAP-D017,44,ORG,OSI
DOW-UAP-D017,45,ORG,OSI
DOW-UAP-D017,46,ORG,OSI
DOW-UAP-D017,47,ORG,OSI
DOW-UAP-D017,48,ORG,OSI
DOW-UAP-D017,49,ORG,OSI
DOW-UAP-D017,50,ORG,OSI
DOW-UAP-D017,51,ORG,OSI
DOW-UAP-D017,52,ORG,OSI
DOW-UAP-D017,55,ORG,OSI
DOW-UAP-D017,55,DATE,25 Feb 1410
DOW-UAP-D017,56,ORG,OSI
DOW-UAP-D017,57,ORG,OSI
DOW-UAP-D017,58,ORG,OSI
DOW-UAP-D017,60,ORG,OSI
DOW-UAP-D017,61,DATE,25 Feb 1950
DOW-UAP-D017,67,PERSON,Dr. L. A. Manni
DOW-UAP-D017,70,PERSON,Dr Lincol
DOW-UAP-D017,70,ORG,USAF
DOW-UAP-D017,70,ORG,OSI
DOW-UAP-D017,70,ORG,FBI
DOW-UAP-D017,70,DATE,18 May 1949
DOW-UAP-D017,71,PERSON,Dr. LaPaz
DOW-UAP-D017,71,ORG,USAF
DOW-UAP-D017,71,ORG,OSI
DOW-UAP-D017,71,DATE,9 April 1949
DOW-UAP-D017,73,ORG,OSI
DOW-UAP-D017,73,DATE,5 Dec 48
DOW-UAP-D017,73,DATE,12 Dec 48
DOW-UAP-D017,73,DATE,13 Dec 48
DOW-UAP-D017,73,DATE,14 Dec 18
DOW-UAP-D017,73,DATE,28 Dec 48
DOW-UAP-D017,73,DATE,6 Jan 49
DOW-UAP-D017,73,DATE,14 Feb 49
DOW-UAP-D017,73,DATE,17 Feb 49
DOW-UAP-D017,78,PERSON,Lt. Colone
DOW-UAP-D017,81,PERSON,Lt Co
DOW-UAP-D017,81,PERSON,Lt Paul Ryan
DOW-UAP-D017,81,PERSON,Lt H. K. Cobcan
DOW-UAP-D017,81,PERSON,Lt Pau
DOW-UAP-D017,81,ORG,OSI
DOW-UAP-D017,81,ORG,USAF
DOW-UAP-D017,82,ORG,OSI
DOW-UAP-D017,86,DATE,31 December 1948
DOW-UAP-D017,86,DATE,16 February 1949
DOW-UAP-D017,88,DATE,27 April 1949
DOW-UAP-D017,90,PERSON,Mr. N. E. Bradbury Mr
DOW-UAP-D017,90,PERSON,Mr. Fred Reines Mr. John
DOW-UAP-D017,90,PERSON,Mr. Edward Teller Mr. Elmo
DOW-UAP-D017,90,PERSON,Mr. Sidney Neuber
DOW-UAP-D017,90,PERSON,Mr. Maxwell
DOW-UAP-D017,90,PERSON,Mr. Hoyt For
DOW-UAP-D017,90,PERSON,Dr. Lincoln La.Paz For Sandia
DOW-UAP-D017,90,PERSON,Dr. La.Paz. NW
DOW-UAP-D017,90,ORG,USAF
DOW-UAP-D017,90,DATE,5 December 1948
DOW-UAP-D017,90,MARKING,SECRET
DOW-UAP-D017,91,PERSON,Dr. LaPu
DOW-UAP-D017,91,PERSON,Dr. LaPaz
DOW-UAP-D017,91,PERSON,Mr. Hoyt
DOW-UAP-D017,91,DATE,16 Feb 49
DOW-UAP-D017,91,DATE,18 February 1949
DOW-UAP-D017,91,DATE,5 December 1948
DOW-UAP-D017,92,PERSON,Mr. Teller
DOW-UAP-D017,92,PERSON,Mr. Bradbury
DOW-UAP-D017,92,PERSON,Mr. Teller's
DOW-UAP-D017,92,PERSON,Dr. Le.Paz
DOW-UAP-D017,92,DATE,16 Feb 49
DOW-UAP-D017,93,PERSON,Mr. Teller's
DOW-UAP-D017,93,PERSON,Brig. Gen. Howard G. Bunker Distribution
DOW-UAP-D017,93,ORG,USAF
DOW-UAP-D017,93,DATE,16 Feb 49
DOW-UAP-D017,93,DATE,17 February 1949
DOW-UAP-D017,95,PERSON,Mr. Bayacmd Soblidieke
DOW-UAP-D017,98,ORG,OSI
DOW-UAP-D017,102,PERSON,Sgt Ruben
DOW-UAP-D017,102,DATE,16 March 1949
DOE-UAP-D003,1,PERSON,Dr. John Warren
DOE-UAP-D003,1,DATE,"May 20, 1986"
DOE-UAP-D003,1,DATE,"May 29, 1986"
ODNI-UAP-D001,1,DATE,1 May 26
ODNI-UAP-D001,1,DATE,"May 22, 2026"
Serial-3,1,ORG,FBI
Serial-3,1,MARKING,restricted
Serial-4,2,MARKING,restricted
Western-US-Event-Slides,3,MARKING,restricted
USPER-Statement,1,MARKING,SECRET
USPER-Statement,1,MARKING,NOFORN
USPER-Statement,2,MARKING,SECRET
USPER-Statement,2,MARKING,NOFORN
USPER-Statement,3,MARKING,SECRET
USPER-Statement,3,MARKING,NOFORN
DOW-UAP-D56-Range-Fouler-Debrief-Arabian-Sea-August-2020.pdf,1,DATE,08/24/20
DOW-UAP-D57-Mission-Report-Gulf-of-Aden-September-2020.pdf,1,DATE,09/04/20
DOW-UAP-D57-Mission-Report-Gulf-of-Aden-September-2020.pdf,1,DATE,03/16/26
DOW-UAP-D58-Range-Fouler-Debrief-NA-October-2020.pdf,1,DATE,10/27/20
DOW-UAP-D58-Range-Fouler-Debrief-NA-October-2020.pdf,1,DATE,03/27/26
DOW-UAP-D58-Range-Fouler-Debrief-NA-October-2020.pdf,1,MARKING,Declassified
DOW-UAP-D61-Mission-Report-Persian-Gulf-August-2020.pdf,1,DATE,22 January 2026
DOW-UAP-D61-Mission-Report-Persian-Gulf-August-2020.pdf,2,DATE,22 January 2026
DOW-UAP-D61-Mission-Report-Persian-Gulf-August-2020.pdf,3,DATE,01/26/26
DOW-UAP-D61-Mission-Report-Persian-Gulf-August-2020.pdf,4,DATE,22 January 2026
DOW-UAP-D61-Mission-Report-Persian-Gulf-August-2020.pdf,4,MARKING,Declassified
DOW-UAP-D61-Mission-Report-Persian-Gulf-August-2020.pdf,6,DATE,22 January 2026
DOW-UAP-D61-Mission-Report-Persian-Gulf-August-2020.pdf,6,DATE,01/26/26
DOW-UAP-D62-Mission-Report-Strait-of-Hormuz-September-2020.pdf,1,DATE,22 January 2026
DOW-UAP-D62-Mission-Report-Strait-of-Hormuz-September-2020.pdf,1,DATE,01/26/26
DOW-UAP-D62-Mission-Report-Strait-of-Hormuz-September-2020.pdf,1,MARKING,Declassified
DOW-UAP-D62-Mission-Report-Strait-of-Hormuz-September-2020.pdf,2,DATE,01/26/26
DOW-UAP-D62-Mission-Report-Strait-of-Hormuz-September-2020.pdf,2,MARKING,Declassified
DOW-UAP-D62-Mission-Report-Strait-of-Hormuz-September-2020.pdf,3,DATE,01/26/26
DOW-UAP-D62-Mission-Report-Strait-of-Hormuz-September-2020.pdf,4,DATE,01/26/26
DOW-UAP-D62-Mission-Report-Strait-of-Hormuz-September-2020.pdf,4,MARKING,Declassified
DOW-UAP-D62-Mission-Report-Strait-of-Hormuz-September-2020.pdf,5,DATE,01/26/26
DOW-UAP-D62-Mission-Report-Strait-of-Hormuz-September-2020.pdf,6,DATE,01/26/26
DOW-UAP-D62-Mission-Report-Strait-of-Hormuz-September-2020.pdf,6,MARKING,Declassified
DOW-UAP-D62-Mission-Report-Strait-of-Hormuz-September-2020.pdf,7,DATE,01/26/26
DOW-UAP-D62-Mission-Report-Strait-of-Hormuz-September-2020.pdf,8,DATE,01/26/26
DOW-UAP-D62-Mission-Report-Strait-of-Hormuz-September-2020.pdf,8,MARKING,Declassified
DOW-UAP-D62-Mission-Report-Strait-of-Hormuz-September-2020.pdf,9,DATE,01/26/26
DOW-UAP-D64-Mission-Report-Iran-November-2020.pdf,1,DATE,16 March 2026
DOW-UAP-D64-Mission-Report-Iran-November-2020.pdf,1,DATE,03/16/26
DOW-UAP-D64-Mission-Report-Iran-November-2020.pdf,1,MARKING,Declassified
DOW-UAP-D64-Mission-Report-Iran-November-2020.pdf,2,DATE,16 March 2026
DOW-UAP-D64-Mission-Report-Iran-November-2020.pdf,2,DATE,03/16/26
DOW-UAP-D64-Mission-Report-Iran-November-2020.pdf,2,MARKING,Declassified
DOW-UAP-D64-Mission-Report-Iran-November-2020.pdf,3,DATE,16 March 2026
DOW-UAP-D64-Mission-Report-Iran-November-2020.pdf,3,MARKING,Declassified
DOW-UAP-D64-Mission-Report-Iran-November-2020.pdf,4,DATE,16 March 2026
DOW-UAP-D64-Mission-Report-Iran-November-2020.pdf,4,DATE,03/16/26
DOW-UAP-D64-Mission-Report-Iran-November-2020.pdf,4,MARKING,Declassified
DOW-UAP-D64-Mission-Report-Iran-November-2020.pdf,5,DATE,16 Marcil 2026
DOW-UAP-D64-Mission-Report-Iran-November-2020.pdf,5,DATE,03/16/26
DOW-UAP-D64-Mission-Report-Iran-November-2020.pdf,6,DATE,03/16/26
DOW-UAP-D64-Mission-Report-Iran-November-2020.pdf,7,DATE,03/16/26
DOW-UAP-D74-Mission-Report-Syria-November-2023.pdf,1,DATE,2 June 2025
DOW-UAP-D74-Mission-Report-Syria-November-2023.pdf,1,DATE,06/02/2025
DOW-UAP-D74-Mission-Report-Syria-November-2023.pdf,1,MARKING,SECRET
DOW-UAP-D74-Mission-Report-Syria-November-2023.pdf,1,MARKING,NOFORN
DOW-UAP-D74-Mission-Report-Syria-November-2023.pdf,2,DATE,2 June 2025
DOW-UAP-D74-Mission-Report-Syria-November-2023.pdf,2,DATE,06/02/2025
DOW-UAP-D74-Mission-Report-Syria-November-2023.pdf,2,MARKING,SECRET
DOW-UAP-D74-Mission-Report-Syria-November-2023.pdf,2,MARKING,NOFORN
DOW-UAP-D74-Mission-Report-Syria-November-2023.pdf,3,DATE,2 June 2025
DOW-UAP-D74-Mission-Report-Syria-November-2023.pdf,3,DATE,06/02/2025
DOW-UAP-D74-Mission-Report-Syria-November-2023.pdf,3,MARKING,SECRET
DOW-UAP-D74-Mission-Report-Syria-November-2023.pdf,3,MARKING,NOFORN
DOW-UAP-D74-Mission-Report-Syria-November-2023.pdf,4,DATE,2 June 2025
DOW-UAP-D74-Mission-Report-Syria-November-2023.pdf,4,DATE,06/02/2025
DOW-UAP-D74-Mission-Report-Syria-November-2023.pdf,4,MARKING,SECRET
DOW-UAP-D74-Mission-Report-Syria-November-2023.pdf,4,MARKING,NOFORN
DOW-UAP-D74-Mission-Report-Syria-November-2023.pdf,5,DATE,2 June 2025
DOW-UAP-D74-Mission-Report-Syria-November-2023.pdf,5,DATE,06/02/2025
DOW-UAP-D74-Mission-Report-Syria-November-2023.pdf,5,MARKING,SECRET
DOW-UAP-D74-Mission-Report-Syria-November-2023.pdf,5,MARKING,NOFORN
DOW-UAP-D74-Mission-Report-Syria-November-2023.pdf,6,DATE,2 June 2025
DOW-UAP-D74-Mission-Report-Syria-November-2023.pdf,6,DATE,06/02/2025
DOW-UAP-D74-Mission-Report-Syria-November-2023.pdf,6,MARKING,SECRET
DOW-UAP-D74-Mission-Report-Syria-November-2023.pdf,6,MARKING,NOFORN
DOW-UAP-D74-Mission-Report-Syria-November-2023.pdf,6,MARKING,UNCLASSIFIED
DOW-UAP-D74-Mission-Report-Syria-November-2023.pdf,7,DATE,2 June 2025
DOW-UAP-D74-Mission-Report-Syria-November-2023.pdf,7,DATE,06/02/2025
DOW-UAP-D74-Mission-Report-Syria-November-2023.pdf,7,MARKING,SECRET
DOW-UAP-D74-Mission-Report-Syria-November-2023.pdf,7,MARKING,NOFORN
DOW-UAP-D74-Mission-Report-Syria-November-2023.pdf,7,MARKING,UNCLASSIFIED
DOW-UAP-D74-Mission-Report-Syria-November-2023.pdf,8,DATE,2 June 2025
DOW-UAP-D74-Mission-Report-Syria-November-2023.pdf,8,DATE,06/02/2025
DOW-UAP-D74-Mission-Report-Syria-November-2023.pdf,8,MARKING,SECRET
DOW-UAP-D74-Mission-Report-Syria-November-2023.pdf,8,MARKING,NOFORN
DOW-UAP-D74-Mission-Report-Syria-November-2023.pdf,8,MARKING,UNCLASSIFIED
DOW-UAP-D74-Mission-Report-Syria-November-2023.pdf,9,DATE,2 June 2025
DOW-UAP-D74-Mission-Report-Syria-November-2023.pdf,9,DATE,06/02/2025
DOW-UAP-D74-Mission-Report-Syria-November-2023.pdf,9,MARKING,SECRET
DOW-UAP-D74-Mission-Report-Syria-November-2023.pdf,9,MARKING,NOFORN
DOW-UAP-D74-Mission-Report-Syria-November-2023.pdf,10,ORG,SAFELY
DOW-UAP-D74-Mission-Report-Syria-November-2023.pdf,10,ORG,SAFETY
DOW-UAP-D74-Mission-Report-Syria-November-2023.pdf,10,DATE,2 June 2025
DOW-UAP-D74-Mission-Report-Syria-November-2023.pdf,10,DATE,06/02/2025
DOW-UAP-D74-Mission-Report-Syria-November-2023.pdf,10,MARKING,SECRET
DOW-UAP-D74-Mission-Report-Syria-November-2023.pdf,10,MARKING,NOFORN
DOW-UAP-D75-Mission-Report-Gulf-of-Aden-July-2024.pdf,1,DATE,2 June 2025
DOW-UAP-D75-Mission-Report-Gulf-of-Aden-July-2024.pdf,1,DATE,06/02/2025
DOW-UAP-D75-Mission-Report-Gulf-of-Aden-July-2024.pdf,1,MARKING,SECRET
DOW-UAP-D75-Mission-Report-Gulf-of-Aden-July-2024.pdf,2,DATE,2 June 2025
DOW-UAP-D75-Mission-Report-Gulf-of-Aden-July-2024.pdf,2,DATE,06/02/2025
DOW-UAP-D75-Mission-Report-Gulf-of-Aden-July-2024.pdf,2,MARKING,SECRET
DOW-UAP-D75-Mission-Report-Gulf-of-Aden-July-2024.pdf,3,DATE,2 June 2025
DOW-UAP-D75-Mission-Report-Gulf-of-Aden-July-2024.pdf,3,DATE,06/02/2025
DOW-UAP-D75-Mission-Report-Gulf-of-Aden-July-2024.pdf,3,MARKING,SECRET
DOW-UAP-D75-Mission-Report-Gulf-of-Aden-July-2024.pdf,4,DATE,2 June 2025
DOW-UAP-D75-Mission-Report-Gulf-of-Aden-July-2024.pdf,4,DATE,06/02/2025
DOW-UAP-D75-Mission-Report-Gulf-of-Aden-July-2024.pdf,4,MARKING,SECRET
DOW-UAP-D75-Mission-Report-Gulf-of-Aden-July-2024.pdf,5,DATE,2 June 2025
DOW-UAP-D75-Mission-Report-Gulf-of-Aden-July-2024.pdf,5,DATE,06/02/2025
DOW-UAP-D75-Mission-Report-Gulf-of-Aden-July-2024.pdf,5,MARKING,SECRET
DOW-UAP-D75-Mission-Report-Gulf-of-Aden-July-2024.pdf,6,DATE,2 June 2025
DOW-UAP-D75-Mission-Report-Gulf-of-Aden-July-2024.pdf,6,DATE,06/02/2025
DOW-UAP-D75-Mission-Report-Gulf-of-Aden-July-2024.pdf,6,MARKING,SECRET
DOW-UAP-D75-Mission-Report-Gulf-of-Aden-July-2024.pdf,7,DATE,2 June 2025
DOW-UAP-D75-Mission-Report-Gulf-of-Aden-July-2024.pdf,7,DATE,06/02/2025
DOW-UAP-D75-Mission-Report-Gulf-of-Aden-July-2024.pdf,7,MARKING,SECRET
DOW-UAP-D75-Mission-Report-Gulf-of-Aden-July-2024.pdf,8,DATE,2 June 2025
DOW-UAP-D75-Mission-Report-Gulf-of-Aden-July-2024.pdf,8,DATE,06/02/2025
DOW-UAP-D75-Mission-Report-Gulf-of-Aden-July-2024.pdf,8,MARKING,SECRET
DOW-UAP-PR20.pdf,1,DATE,8 Oct 25
DOW-UAP-PR20.pdf,1,DATE,"Mar 10, 2026"
DOW-UAP-PR20.pdf,1,DATE,10/17/25
NASA-UAP-D5-Apollo-17-Crew-Debriefing-for-Science-1973.pdf,2,PERSON,Dr. Trombka
NASA-UAP-D7-Skylab-Technical-Crew-Debriefing-1973.pdf,1,ORG,NASA
NASA-UAP-D7-Skylab-Technical-Crew-Debriefing-1973.pdf,4,ORG,NASA
NASA-UAP-D7-Skylab-Technical-Crew-Debriefing-1973.pdf,9,ORG,NASA
059UAP00011.pdf,1,ORG,CIA
059UAP00011.pdf,1,ORG,FBI
059UAP00011.pdf,1,ORG,NSA
059UAP00011.pdf,1,DATE,"Oct 30, 2001"
059UAP00011.pdf,1,DATE,10/29/21
059UAP00011.pdf,1,DATE,2/25/2026
059UAP00011.pdf,1,MARKING,CONFIDENTIAL
059UAP00011.pdf,1,MARKING,Declassified
059UAP00011.pdf,3,ORG,CIA
059UAP00011.pdf,3,ORG,FBI
059UAP00011.pdf,3,ORG,NSA
059UAP00011.pdf,3,MARKING,UNCLASSIFIED
059UAP00011.pdf,4,DATE,10/29/21
059UAP00011.pdf,4,MARKING,UNCLASSIFIED
059UAP00012.pdf,1,ORG,CIA
059UAP00012.pdf,1,DATE,"Nov 12, 2004"
059UAP00012.pdf,1,DATE,2/25/2026
059UAP00012.pdf,1,MARKING,UNCLASSIFIED
059UAP00012.pdf,2,MARKING,UNCLASSIFIED
059UAP00012.pdf,3,MARKING,UNCLASSIFIED
059UAP00012.pdf,4,ORG,CIA
059UAP00012.pdf,4,MARKING,UNCLASSIFIED
059UAP00012.pdf,5,MARKING,UNCLASSIFIED
059UAP00013.pdf,1,DATE,"Sep 16, 2023"
059UAP00013.pdf,1,DATE,2/25/2026
059UAP00013.pdf,1,MARKING,UNCLASSIFIED
059UAP00013.pdf,7,ORG,CIA
059UAP00013.pdf,7,MARKING,UNCLASSIFIED
18-100754--General-1946-7-Vol-2.pdf,1,ORG,USAF
18-100754--General-1946-7-Vol-2.pdf,1,DATE,9 December 1947
18-100754--General-1946-7-Vol-2.pdf,1,DATE,24 Sept 47
18-100754--General-1946-7-Vol-2.pdf,3,DATE,30 December 1947
18-100754--General-1946-7-Vol-2.pdf,4,PERSON,Lt. Colo
18-100754--General-1946-7-Vol-2.pdf,4,ORG,USAF
18-100754--General-1946-7-Vol-2.pdf,6,PERSON,Lt. Colonel
18-100754--General-1946-7-Vol-2.pdf,6,ORG,USAF
18-100754--General-1946-7-Vol-2.pdf,7,PERSON,Lt Col
18-100754--General-1946-7-Vol-2.pdf,7,PERSON,Dr. Carroll
18-100754--General-1946-7-Vol-2.pdf,7,ORG,USAF
18-100754--General-1946-7-Vol-2.pdf,7,DATE,12 November 1947
18-100754--General-1946-7-Vol-2.pdf,8,PERSON,Lt Colonel Georie Garrett
18-100754--General-1946-7-Vol-2.pdf,8,ORG,USAF
18-100754--General-1946-7-Vol-2.pdf,8,DATE,1 Aug 45
18-100754--General-1946-7-Vol-2.pdf,8,DATE,18 November 1947
18-100754--General-1946-7-Vol-2.pdf,8,MARKING,secret
18-100754--General-1946-7-Vol-2.pdf,9,DATE,0 Sep 46
18-100754--General-1946-7-Vol-2.pdf,11,MARKING,SECRET
18-100754--General-1946-7-Vol-2.pdf,12,DATE,23 September 1947
18-100754--General-1946-7-Vol-2.pdf,16,DATE,24 Sep 47
18-100754--General-1946-7-Vol-2.pdf,16,DATE,9 June 1947
18-100754--General-1946-7-Vol-2.pdf,17,DATE,30 Oct 47
18-100754--General-1946-7-Vol-2.pdf,18,PERSON,Lt Col Garrett
18-100754--General-1946-7-Vol-2.pdf,18,PERSON,Lt. Colonel
18-100754--General-1946-7-Vol-2.pdf,18,PERSON,Lt. Col
18-100754--General-1946-7-Vol-2.pdf,18,ORG,USAF
18-100754--General-1946-7-Vol-2.pdf,18,DATE,22 Oct 1947
18-100754--General-1946-7-Vol-2.pdf,19,PERSON,Lt Col George Garrett
18-100754--General-1946-7-Vol-2.pdf,19,PERSON,Lt Col Herbert
18-100754--General-1946-7-Vol-2.pdf,19,PERSON,Lt Col Gee
18-100754--General-1946-7-Vol-2.pdf,19,DATE,13 Oct 1947
18-100754--General-1946-7-Vol-2.pdf,19,DATE,9/29/47
18-100754--General-1946-7-Vol-2.pdf,19,DATE,10/2/47
18-100754--General-1946-7-Vol-2.pdf,20,PERSON,Col. Ho
18-100754--General-1946-7-Vol-2.pdf,20,DATE,29 September 1947
18-100754--General-1946-7-Vol-2.pdf,20,DATE,13 Oct 1947
18-100754--General-1946-7-Vol-2.pdf,21,PERSON,Lt. Col. Gee
18-100754--General-1946-7-Vol-2.pdf,21,PERSON,Lt. Col
18-100754--General-1946-7-Vol-2.pdf,21,DATE,29 Sep 47
18-100754--General-1946-7-Vol-2.pdf,21,DATE,2 October 1947
18-100754--General-1946-7-Vol-2.pdf,23,PERSON,Lt Col Grurett
18-100754--General-1946-7-Vol-2.pdf,23,PERSON,Lt Col
18-100754--General-1946-7-Vol-2.pdf,23,DATE,6 Oct 46
18-100754--General-1946-7-Vol-2.pdf,23,DATE,24 Sept 47
18-100754--General-1946-7-Vol-2.pdf,24,PERSON,Lt Col Garrott
18-100754--General-1946-7-Vol-2.pdf,24,PERSON,Dr. Chr..Tloo Carroll
18-100754--General-1946-7-Vol-2.pdf,24,DATE,24 Sept 47
18-100754--General-1946-7-Vol-2.pdf,25,PERSON,Lt Colonel.. Air Curi
18-100754--General-1946-7-Vol-2.pdf,26,PERSON,Lt Col Garrett
18-100754--General-1946-7-Vol-2.pdf,26,DATE,22 August 1947
18-100754--General-1946-7-Vol-2.pdf,26,MARKING,RESTRICTED
18-100754--General-1946-7-Vol-2.pdf,27,PERSON,Gen Staff FROM
18-100754--General-1946-7-Vol-2.pdf,27,DATE,5 Aug 47
18-100754--General-1946-7-Vol-2.pdf,28,MARKING,RESTRICTED
18-6369445-General-1948-Vol-1.pdf,3,PERSON,Lt Col
18-6369445-General-1948-Vol-1.pdf,4,PERSON,Lt Col Earle
18-6369445-General-1948-Vol-1.pdf,4,ORG,USAF
18-6369445-General-1948-Vol-1.pdf,4,DATE,4 June 48
18-6369445-General-1948-Vol-1.pdf,5,PERSON,Mr Forcoo
18-6369445-General-1948-Vol-1.pdf,9,PERSON,Lt. Col
18-6369445-General-1948-Vol-1.pdf,9,ORG,USAF
18-6369445-General-1948-Vol-1.pdf,9,DATE,26 Apr 48
18-6369445-General-1948-Vol-1.pdf,9,DATE,12 Apr 48
18-6369445-General-1948-Vol-1.pdf,9,DATE,14 Apr 48
18-6369445-General-1948-Vol-1.pdf,10,ORG,USAF
18-6369445-General-1948-Vol-1.pdf,10,DATE,12 April 1948
18-6369445-General-1948-Vol-1.pdf,10,DATE,6 February 1948
18-6369445-General-1948-Vol-1.pdf,10,MARKING,CONFIDENTIAL
18-6369445-General-1948-Vol-1.pdf,11,PERSON,Col. Garrett
18-6369445-General-1948-Vol-1.pdf,11,PERSON,Col. Tay SURNAME OF COORDINATING
18-6369445-General-1948-Vol-1.pdf,11,PERSON,Lt. Col
18-6369445-General-1948-Vol-1.pdf,11,ORG,USAF
18-6369445-General-1948-Vol-1.pdf,11,DATE,2 Apr 48
18-6369445-General-1948-Vol-1.pdf,11,DATE,27 Feb 48
18-6369445-General-1948-Vol-1.pdf,11,DATE,25 Mar 48
18-6369445-General-1948-Vol-1.pdf,12,PERSON,Col. Garre
18-6369445-General-1948-Vol-1.pdf,13,PERSON,Lt.Col. Garrett
18-6369445-General-1948-Vol-1.pdf,13,PERSON,Lt. Col
18-6369445-General-1948-Vol-1.pdf,13,PERSON,Col Garrcf
18-6369445-General-1948-Vol-1.pdf,13,ORG,USAF
18-6369445-General-1948-Vol-1.pdf,13,DATE,25 Feb 48
18-6369445-General-1948-Vol-1.pdf,14,ORG,USAF
18-6369445-General-1948-Vol-1.pdf,15,PERSON,Lt. Col. Garrett
18-6369445-General-1948-Vol-1.pdf,15,ORG,USAF
18-6369445-General-1948-Vol-1.pdf,15,DATE,2 Apr 48
18-6369445-General-1948-Vol-1.pdf,16,PERSON,Mr. Les Buchner
18-6369445-General-1948-Vol-1.pdf,16,PERSON,Mr. Denio
18-6369445-General-1948-Vol-1.pdf,16,PERSON,Lt. Colonel
18-6369445-General-1948-Vol-1.pdf,16,ORG,USAF
18-6369445-General-1948-Vol-1.pdf,16,ORG,ADC
18-6369445-General-1948-Vol-1.pdf,16,ORG,FBI
18-6369445-General-1948-Vol-1.pdf,16,DATE,"Mar 11, 1948"
18-6369445-General-1948-Vol-1.pdf,16,DATE,9 March 1948
18-6369445-General-1948-Vol-1.pdf,16,DATE,5 March 1948
18-6369445-General-1948-Vol-1.pdf,16,DATE,8 March 1948
18-6369445-General-1948-Vol-1.pdf,18,PERSON,Lt. Col Garrett
18-6369445-General-1948-Vol-1.pdf,18,DATE,30 December 1947
18-6369445-General-1948-Vol-1.pdf,20,DATE,7 Jan 48
18-6369445-General-1948-Vol-1.pdf,21,DATE,7 January 1948
18-6369445-General-1948-Vol-1.pdf,21,DATE,19 Dec 47
18-6369445-General-1948-Vol-1.pdf,23,PERSON,Col Incllle
18-6369445-General-1948-Vol-1.pdf,23,PERSON,Col. Taylor Lt. Col
18-6369445-General-1948-Vol-1.pdf,23,DATE,21 Jan 48
18-6369445-General-1948-Vol-1.pdf,25,DATE,12 February 1948
18-6369445-General-1948-Vol-1.pdf,26,PERSON,Col. Ga.rl'ett
18-6369445-General-1948-Vol-1.pdf,26,PERSON,Lt. Colonel
18-6369445-General-1948-Vol-1.pdf,27,PERSON,Lt. Colonel
18-6369445-General-1948-Vol-1.pdf,28,DATE,3 Oct 47
18-6369445-General-1948-Vol-1.pdf,28,DATE,6 February 1948
255-413270-UFO's-and-Defense-What-Should-we-Prepare-For.pdf,2,ORG,NASA
255-413270-UFO's-and-Defense-What-Should-we-Prepare-For.pdf,2,DATE,"April 30, 2001"
255-413270-UFO's-and-Defense-What-Should-we-Prepare-For.pdf,7,ORG,NASA
255-413270-UFO's-and-Defense-What-Should-we-Prepare-For.pdf,9,DATE,"September 4, 1971"
255-413270-UFO's-and-Defense-What-Should-we-Prepare-For.pdf,11,PERSON,Mr. Andre Lebeau
255-413270-UFO's-and-Defense-What-Should-we-Prepare-For.pdf,11,DATE,"January 28, 1994"
255-413270-UFO's-and-Defense-What-Should-we-Prepare-For.pdf,12,MARKING,secret
255-413270-UFO's-and-Defense-What-Should-we-Prepare-For.pdf,13,DATE,"March 7, 1977"
255-413270-UFO's-and-Defense-What-Should-we-Prepare-For.pdf,14,DATE,"March 3, 1976"
255-413270-UFO's-and-Defense-What-Should-we-Prepare-For.pdf,15,DATE,"January 28, 1994"
255-413270-UFO's-and-Defense-What-Should-we-Prepare-For.pdf,16,ORG,USAF
255-413270-UFO's-and-Defense-What-Should-we-Prepare-For.pdf,17,DATE,"July 17, 1957"
255-413270-UFO's-and-Defense-What-Should-we-Prepare-For.pdf,19,MARKING,secret
255-413270-UFO's-and-Defense-What-Should-we-Prepare-For.pdf,20,DATE,"March 21, 1990"
255-413270-UFO's-and-Defense-What-Should-we-Prepare-For.pdf,21,DATE,"July 31, 1995"
255-413270-UFO's-and-Defense-What-Should-we-Prepare-For.pdf,21,DATE,"August 16, 1954"
255-413270-UFO's-and-Defense-What-Should-we-Prepare-For.pdf,22,DATE,"December 9, 1979"
255-413270-UFO's-and-Defense-What-Should-we-Prepare-For.pdf,23,MARKING,declassified
255-413270-UFO's-and-Defense-What-Should-we-Prepare-For.pdf,24,DATE,"July 1, 1965"
255-413270-UFO's-and-Defense-What-Should-we-Prepare-For.pdf,24,DATE,"August 29, 1967"
255-413270-UFO's-and-Defense-What-Should-we-Prepare-For.pdf,25,DATE,"January 8, 1981"
255-413270-UFO's-and-Defense-What-Should-we-Prepare-For.pdf,26,DATE,"January 8, 1981"
255-413270-UFO's-and-Defense-What-Should-we-Prepare-For.pdf,26,DATE,"October 21, 1982"
255-413270-UFO's-and-Defense-What-Should-we-Prepare-For.pdf,27,DATE,"September 29, 1988"
255-413270-UFO's-and-Defense-What-Should-we-Prepare-For.pdf,28,DATE,"March 10, 1979"
255-413270-UFO's-and-Defense-What-Should-we-Prepare-For.pdf,28,DATE,"March 13, 1979"
255-413270-UFO's-and-Defense-What-Should-we-Prepare-For.pdf,34,ORG,USAF
255-413270-UFO's-and-Defense-What-Should-we-Prepare-For.pdf,34,DATE,"January 8, 1981"
255-413270-UFO's-and-Defense-What-Should-we-Prepare-For.pdf,34,DATE,"January 28, 1994"
255-413270-UFO's-and-Defense-What-Should-we-Prepare-For.pdf,39,DATE,"July 29, 1999"
255-413270-UFO's-and-Defense-What-Should-we-Prepare-For.pdf,39,DATE,"June 10, 1996"
255-413270-UFO's-and-Defense-What-Should-we-Prepare-For.pdf,42,MARKING,secret
255-413270-UFO's-and-Defense-What-Should-we-Prepare-For.pdf,43,MARKING,secret
255-413270-UFO's-and-Defense-What-Should-we-Prepare-For.pdf,44,PERSON,Dr. Mack
255-413270-UFO's-and-Defense-What-Should-we-Prepare-For.pdf,45,MARKING,declassified
255-413270-UFO's-and-Defense-What-Should-we-Prepare-For.pdf,47,ORG,NORAD
255-413270-UFO's-and-Defense-What-Should-we-Prepare-For.pdf,47,ORG,CIA
255-413270-UFO's-and-Defense-What-Should-we-Prepare-For.pdf,49,MARKING,secret
255-413270-UFO's-and-Defense-What-Should-we-Prepare-For.pdf,49,MARKING,Top Secret
255-413270-UFO's-and-Defense-What-Should-we-Prepare-For.pdf,50,MARKING,declassified
255-413270-UFO's-and-Defense-What-Should-we-Prepare-For.pdf,52,MARKING,secret
255-413270-UFO's-and-Defense-What-Should-we-Prepare-For.pdf,52,MARKING,top secret
255-413270-UFO's-and-Defense-What-Should-we-Prepare-For.pdf,53,MARKING,secret
255-413270-UFO's-and-Defense-What-Should-we-Prepare-For.pdf,58,ORG,NASA
255-413270-UFO's-and-Defense-What-Should-we-Prepare-For.pdf,59,ORG,NASA
255-413270-UFO's-and-Defense-What-Should-we-Prepare-For.pdf,64,MARKING,secret
255-413270-UFO's-and-Defense-What-Should-we-Prepare-For.pdf,67,MARKING,Secret
255-413270-UFO's-and-Defense-What-Should-we-Prepare-For.pdf,70,ORG,NASA
255-413270-UFO's-and-Defense-What-Should-we-Prepare-For.pdf,72,MARKING,secret
255-413270-UFO's-and-Defense-What-Should-we-Prepare-For.pdf,73,ORG,FBI
255-413270-UFO's-and-Defense-What-Should-we-Prepare-For.pdf,73,ORG,CIA
255-413270-UFO's-and-Defense-What-Should-we-Prepare-For.pdf,73,MARKING,secret
255-413270-UFO's-and-Defense-What-Should-we-Prepare-For.pdf,74,ORG,CIA
255-413270-UFO's-and-Defense-What-Should-we-Prepare-For.pdf,75,DATE,"June 24, 1947"
255-413270-UFO's-and-Defense-What-Should-we-Prepare-For.pdf,75,MARKING,secret
255-413270-UFO's-and-Defense-What-Should-we-Prepare-For.pdf,76,MARKING,secret
255-413270-UFO's-and-Defense-What-Should-we-Prepare-For.pdf,77,MARKING,secret
255-413270-UFO's-and-Defense-What-Should-we-Prepare-For.pdf,79,MARKING,secret
255-413270-UFO's-and-Defense-What-Should-we-Prepare-For.pdf,80,MARKING,secret
255-413270-UFO's-and-Defense-What-Should-we-Prepare-For.pdf,81,ORG,CIA
255-413270-UFO's-and-Defense-What-Should-we-Prepare-For.pdf,81,ORG,NASA
255-413270-UFO's-and-Defense-What-Should-we-Prepare-For.pdf,82,ORG,NORAD
255-413270-UFO's-and-Defense-What-Should-we-Prepare-For.pdf,82,MARKING,secret
255-413270-UFO's-and-Defense-What-Should-we-Prepare-For.pdf,83,ORG,FBI
255-413270-UFO's-and-Defense-What-Should-we-Prepare-For.pdf,83,DATE,"July 17, 1957"
255-413270-UFO's-and-Defense-What-Should-we-Prepare-For.pdf,84,PERSON,Col. Philip J. Cono
255-413270-UFO's-and-Defense-What-Should-we-Prepare-For.pdf,84,ORG,USAF
255-413270-UFO's-and-Defense-What-Should-we-Prepare-For.pdf,85,ORG,USAF
255-413270-UFO's-and-Defense-What-Should-we-Prepare-For.pdf,85,MARKING,Secret
255-413270-UFO's-and-Defense-What-Should-we-Prepare-For.pdf,86,MARKING,secret
255-413270-UFO's-and-Defense-What-Should-we-Prepare-For.pdf,87,MARKING,secret
255-413270-UFO's-and-Defense-What-Should-we-Prepare-For.pdf,88,ORG,NASA
255-413270-UFO's-and-Defense-What-Should-we-Prepare-For.pdf,89,PERSON,Dr. Edgar Mitchell
255-413270-UFO's-and-Defense-What-Should-we-Prepare-For.pdf,89,ORG,CIA
255-413270-UFO's-and-Defense-What-Should-we-Prepare-For.pdf,89,ORG,NASA
255-413270-UFO's-and-Defense-What-Should-we-Prepare-For.pdf,89,DATE,"Jan. 5, 2000"
255-413270-UFO's-and-Defense-What-Should-we-Prepare-For.pdf,89,MARKING,declassified
255-413270-UFO's-and-Defense-What-Should-we-Prepare-For.pdf,89,MARKING,secret
255-413270-UFO's-and-Defense-What-Should-we-Prepare-For.pdf,89,MARKING,confidential
255-413270-UFO's-and-Defense-What-Should-we-Prepare-For.pdf,90,PERSON,Gen. Denis Letty
255-413270-UFO's-and-Defense-What-Should-we-Prepare-For.pdf,90,PERSON,Capt. Neil
255-413270-UFO's-and-Defense-What-Should-we-Prepare-For.pdf,90,PERSON,Capt. Phil Schultz
255-413270-UFO's-and-Defense-What-Should-we-Prepare-For.pdf,90,PERSON,Capt. Kenju Terauchi
255-413270-UFO's-and-Defense-What-Should-we-Prepare-For.pdf,90,ORG,NASA
255-413270-UFO's-and-Defense-What-Should-we-Prepare-For.pdf,90,ORG,CIA
255-413270-UFO's-and-Defense-What-Should-we-Prepare-For.pdf,91,ORG,CIA
255-413270-UFO's-and-Defense-What-Should-we-Prepare-For.pdf,91,ORG,NASA
255-413270-UFO's-and-Defense-What-Should-we-Prepare-For.pdf,91,MARKING,secret
255-413270-UFO's-and-Defense-What-Should-we-Prepare-For.pdf,92,PERSON,Dr. Richard F. Haines
255-413270-UFO's-and-Defense-What-Should-we-Prepare-For.pdf,93,DATE,"Jan 27, 2001"
331-120752-Numeric-Files-1944–1945-37153-German-Armament-Equipment-Documents.pdf,10,PERSON,Cdr. Grierson
331-120752-Numeric-Files-1944–1945-37153-German-Armament-Equipment-Documents.pdf,11,PERSON,Dr. Rcbei
331-120752-Numeric-Files-1944–1945-37153-German-Armament-Equipment-Documents.pdf,12,DATE,11 February 191
331-120752-Numeric-Files-1944–1945-37153-German-Armament-Equipment-Documents.pdf,13,DATE,23 Jan 45
331-120752-Numeric-Files-1944–1945-37153-German-Armament-Equipment-Documents.pdf,14,PERSON,Lt. Colonel
331-120752-Numeric-Files-1944–1945-37153-German-Armament-Equipment-Documents.pdf,14,DATE,16 January 1945
331-120752-Numeric-Files-1944–1945-37153-German-Armament-Equipment-Documents.pdf,14,DATE,20 January 1945
331-120752-Numeric-Files-1944–1945-37153-German-Armament-Equipment-Documents.pdf,14,MARKING,SECRET
331-120752-Numeric-Files-1944–1945-37153-German-Armament-Equipment-Documents.pdf,15,DATE,23 January 1945
331-120752-Numeric-Files-1944–1945-37153-German-Armament-Equipment-Documents.pdf,15,DATE,15 December 1944
331-120752-Numeric-Files-1944–1945-37153-German-Armament-Equipment-Documents.pdf,15,DATE,23 December 1944
331-120752-Numeric-Files-1944–1945-37153-German-Armament-Equipment-Documents.pdf,16,DATE,24 December 1944
331-120752-Numeric-Files-1944–1945-37153-German-Armament-Equipment-Documents.pdf,16,DATE,27 December 1944
331-120752-Numeric-Files-1944–1945-37153-German-Armament-Equipment-Documents.pdf,16,DATE,28 December 1944
331-120752-Numeric-Files-1944–1945-37153-German-Armament-Equipment-Documents.pdf,16,DATE,31 December 1944
331-120752-Numeric-Files-1944–1945-37153-German-Armament-Equipment-Documents.pdf,17,DATE,30 January 1945
341-110448-Records-Relating-to-the-Collection-and-Dissemination-of-Intelligence-1948-1955-TS-CONT-No.2-2-5300-2-5399.pdf,1,MARKING,TOP SECRET
341-110448-Records-Relating-to-the-Collection-and-Dissemination-of-Intelligence-1948-1955-TS-CONT-No.2-2-5300-2-5399.pdf,3,PERSON,Gen Cabell We
341-110448-Records-Relating-to-the-Collection-and-Dissemination-of-Intelligence-1948-1955-TS-CONT-No.2-2-5300-2-5399.pdf,3,ORG,USAF
341-110448-Records-Relating-to-the-Collection-and-Dissemination-of-Intelligence-1948-1955-TS-CONT-No.2-2-5300-2-5399.pdf,3,DATE,4 Nov 48
341-110448-Records-Relating-to-the-Collection-and-Dissemination-of-Intelligence-1948-1955-TS-CONT-No.2-2-5300-2-5399.pdf,4,ORG,USAF
341-110448-Records-Relating-to-the-Collection-and-Dissemination-of-Intelligence-1948-1955-TS-CONT-No.2-2-5300-2-5399.pdf,4,DATE,4 Nov 1948
341-110448-Records-Relating-to-the-Collection-and-Dissemination-of-Intelligence-1948-1955-TS-CONT-No.2-2-5300-2-5399.pdf,4,DATE,5 Sep 48
341-110448-Records-Relating-to-the-Collection-and-Dissemination-of-Intelligence-1948-1955-TS-CONT-No.2-2-5300-2-5399.pdf,5,ORG,USAF
341-110448-Records-Relating-to-the-Collection-and-Dissemination-of-Intelligence-1948-1955-TS-CONT-No.2-2-5300-2-5399.pdf,5,DATE,4 Nov 1948
341-110448-Records-Relating-to-the-Collection-and-Dissemination-of-Intelligence-1948-1955-TS-CONT-No.2-2-5300-2-5399.pdf,5,MARKING,TOP SECRET
342-HS1-416511228-box186-319.1-Flying-Discs-1949.pdf,1,MARKING,DECLASSIFIED
342-HS1-416511228-box186-319.1-Flying-Discs-1949.pdf,3,DATE,28 Oct. 48
342-HS1-416511228-box186-319.1-Flying-Discs-1949.pdf,10,MARKING,Restricted
342-HS1-416511228-box186-319.1-Flying-Discs-1949.pdf,12,ORG,USAF
342-HS1-416511228-box186-319.1-Flying-Discs-1949.pdf,12,MARKING,Restricted
342-HS1-416511228-box186-319.1-Flying-Discs-1949.pdf,15,DATE,20 July 1949
342-HS1-416511228-box186-319.1-Flying-Discs-1949.pdf,20,ORG,USAF
342-HS1-416511228-box186-319.1-Flying-Discs-1949.pdf,30,ORG,USAF
342-HS1-416511228-box186-319.1-Flying-Discs-1949.pdf,37,DATE,28 Oct. 48
342-HS1-416511228-box186-319.1-Flying-Discs-1949.pdf,38,DATE,10 Juno 49
342-HS1-416511228-box186-319.1-Flying-Discs-1949.pdf,46,DATE,15 June 1949
342-HS1-416511228-box186-319.1-Flying-Discs-1949.pdf,48,ORG,USAF
342-HS1-416511228-box186-319.1-Flying-Discs-1949.pdf,51,ORG,CIA
342-HS1-416511228-box186-319.1-Flying-Discs-1949.pdf,51,DATE,13 February 1948
342-HS1-416511228-box186-319.1-Flying-Discs-1949.pdf,51,DATE,8 April 1949
342-HS1-416511228-box186-319.1-Flying-Discs-1949.pdf,51,DATE,11 April 1949
342-HS1-416511228-box186-319.1-Flying-Discs-1949.pdf,52,DATE,23 April 1940
342-HS1-416511228-box186-319.1-Flying-Discs-1949.pdf,52,DATE,8 April 1949
342-HS1-416511228-box186-319.1-Flying-Discs-1949.pdf,52,DATE,8 Apri 194
342-HS1-416511228-box186-319.1-Flying-Discs-1949.pdf,58,ORG,USAF
342-HS1-416511228-box186-319.1-Flying-Discs-1949.pdf,60,ORG,USAF
342-HS1-416511228-box186-319.1-Flying-Discs-1949.pdf,63,ORG,SAC
342-HS1-416511228-box186-319.1-Flying-Discs-1949.pdf,63,ORG,USAF
342-HS1-416511228-box186-319.1-Flying-Discs-1949.pdf,64,ORG,USAF
342-HS1-416511228-box186-319.1-Flying-Discs-1949.pdf,64,MARKING,SECRET
342-HS1-416511228-box186-319.1-Flying-Discs-1949.pdf,75,DATE,17 February 1949
342-HS1-416511228-box186-319.1-Flying-Discs-1949.pdf,75,DATE,24 March 1948
342-HS1-416511228-box186-319.1-Flying-Discs-1949.pdf,75,DATE,8 February 1949
342-HS1-416511228-box186-319.1-Flying-Discs-1949.pdf,75,DATE,6 February 1949
342-HS1-416511228-box186-319.1-Flying-Discs-1949.pdf,77,ORG,USAF
342-HS1-416511228-box186-319.1-Flying-Discs-1949.pdf,77,DATE,7 February 1949
342-HS1-416511228-box186-319.1-Flying-Discs-1949.pdf,77,MARKING,RESTRICTED
342-HS1-416511228-box186-319.1-Flying-Discs-1949.pdf,81,PERSON,Sgt Donald
342-HS1-416511228-box186-319.1-Flying-Discs-1949.pdf,81,DATE,8 Feb 49
342-HS1-416511228-box186-319.1-Flying-Discs-1949.pdf,83,DATE,26 February 1948
342-HS1-416511228-box186-319.1-Flying-Discs-1949.pdf,90,PERSON,Capt. Hathaway
342-HS1-416511228-box186-319.1-Flying-Discs-1949.pdf,90,ORG,USAF
342-HS1-416511228-box186-319.1-Flying-Discs-1949.pdf,91,PERSON,Capt. Hathaway
342-HS1-416511228-box186-319.1-Flying-Discs-1949.pdf,91,ORG,USAF
342-HS1-416511228-box186-319.1-Flying-Discs-1949.pdf,91,DATE,8 Jan 49
342-HS1-416511228-box186-319.1-Flying-Discs-1949.pdf,92,PERSON,Capt. Paul R. Stoney
342-HS1-416511228-box186-319.1-Flying-Discs-1949.pdf,92,PERSON,Capt. Stoney
342-HS1-416511228-box186-319.1-Flying-Discs-1949.pdf,92,DATE,8 January 1949
342-HS1-416511228-box186-319.1-Flying-Discs-1949.pdf,92,DATE,4 January 1949
342-HS1-416511228-box186-319.1-Flying-Discs-1949.pdf,93,PERSON,Capt. Stoney
342-HS1-416511228-box186-319.1-Flying-Discs-1949.pdf,93,ORG,USAF
342-HS1-416511228-box186-319.1-Flying-Discs-1949.pdf,93,DATE,8 January 1949
342-HS1-416511228-box186-319.1-Flying-Discs-1949.pdf,94,ORG,USAF
342-HS1-416511228-box186-319.1-Flying-Discs-1949.pdf,94,DATE,8 Jan 49
342-HS1-416511228-box186-319.1-Flying-Discs-1949.pdf,94,DATE,17 January 1949
342-HS1-416511228-box186-319.1-Flying-Discs-1949.pdf,98,DATE,15 August 1946
342-HS1-416511228-box186-319.1-Flying-Discs-1949.pdf,99,ORG,USAF
342-HS1-416511228-box186-319.1-Flying-Discs-1949.pdf,99,MARKING,CONFIDENTIAL
342-HS1-416511228-box186-319.1-Flying-Discs-1949.pdf,100,ORG,USAF
342-HS1-416511228-box186-319.1-Flying-Discs-1949.pdf,100,DATE,3 December 1948
342-HS1-416511228-box186-319.1-Flying-Discs-1949.pdf,101,ORG,USAF
342-HS1-416511228-box186-319.1-Flying-Discs-1949.pdf,101,MARKING,CONFIDENTIAL
342-HS1-416511228-box186-319.1-Flying-Discs-1949.pdf,115,PERSON,Capt. Hathaway AACS
342-HS1-416511228-box186-319.1-Flying-Discs-1949.pdf,115,DATE,24 January 1949
342-HS1-416511228-box186-319.1-Flying-Discs-1949.pdf,115,MARKING,CONFIDENTIAL
342-HS1-416511228-box186-319.1-Flying-Discs-1949.pdf,142,ORG,USAF
38-143685-box7-Incident-Summaries-1-100.pdf,52,PERSON,Lt Ooverner
38-143685-box7-Incident-Summaries-1-100.pdf,113,DATE,29 July 47
38-143685-box7-Incident-Summaries-101-172.pdf,18,DATE,18 Feb 46
38-143685-box7-Incident-Summaries-101-172.pdf,43,DATE,8 April 191
38-143685-box7-Incident-Summaries-101-172.pdf,49,PERSON,Lt.Col Robart B. Hughes
38-143685-box7-Incident-Summaries-101-172.pdf,72,DATE,5 April 1948
38-143685-box7-Incident-Summaries-101-172.pdf,79,PERSON,Lt Comman
38-143685-box7-Incident-Summaries-101-172.pdf,97,PERSON,Mrs Whitehou
38-143685-box7-Incident-Summaries-101-172.pdf,104,PERSON,Mrs. Wilda Zittek
38-143685-box7-Incident-Summaries-101-172.pdf,105,PERSON,Mrs. Pa
38-143685-box7-Incident-Summaries-101-172.pdf,105,PERSON,Lt. Collina
38-143685-box7-Incident-Summaries-101-172.pdf,107,ORG,USAF
38-143685-box7-Incident-Summaries-101-172.pdf,107,DATE,9 July 19
38-143685-box7-Incident-Summaries-101-172.pdf,109,PERSON,Mrs. Ensl
38-143685-box7-Incident-Summaries-101-172.pdf,109,ORG,USAF
38-143685-box7-Incident-Summaries-101-172.pdf,109,DATE,10 July 191
38-143685-box7-Incident-Summaries-101-172.pdf,114,DATE,25 July 48
38-143685-box7-Incident-Summaries-101-172.pdf,137,ORG,USAF
38-143685-box7-Incident-Summaries-101-172.pdf,164,DATE,26 July 1948
38-143685-box7-Incident-Summaries-173-233.pdf,31,DATE,16 Oct 191
38-143685-box7-Incident-Summaries-173-233.pdf,32,DATE,6 Oct 46
38-143685-box7-Incident-Summaries-173-233.pdf,38,PERSON,Lt RuWscb
38-143685-box7-Incident-Summaries-173-233.pdf,49,DATE,1 Octoo 1545
38-143685-box7-Incident-Summaries-173-233.pdf,62,PERSON,Mr And.rev N
38-143685-box7-Incident-Summaries-173-233.pdf,62,DATE,17 Oct 1948
38-143685-box7-Incident-Summaries-173-233.pdf,100,DATE,3 Dec 1948
38-143685-box7-Incident-Summaries-173-233.pdf,104,PERSON,Col J
38-143685-box7-Incident-Summaries-173-233.pdf,104,PERSON,Col Anna
38-143685-box7-Incident-Summaries-173-233.pdf,110,PERSON,Mr Hobert
38-143685-box7-Incident-Summaries-173-233.pdf,111,PERSON,Mr Robert Thatcher
38-143685-box7-Incident-Summaries-173-233.pdf,118,PERSON,Capt Pl
38-143685-box7-Incident-Summaries-173-233.pdf,141,ORG,FBI
59-214434-SP-16-[7.18.1963].pdf,1,PERSON,Mr. Robert
59-64634-711.5612[7-2852.pdf,1,DATE,"July 28, 1952"
59-64634-711.5612[7-2852.pdf,1,MARKING,DECLASSIFIED
59-64634-711.5612[7-2852.pdf,2,DATE,"July 28, 1952"
59-64634-711.5612[7-2852.pdf,2,MARKING,DECLASSIFIED
65-HS1-101634279-100-DE-18221-Serial-844.pdf,1,ORG,FBI
65-HS1-101634279-100-DE-26505.pdf,8,ORG,SAC
65-HS1-101634279-100-DE-26505.pdf,8,ORG,FBI
65-HS1-101634279-100-DE-26505.pdf,11,ORG,FBI
65-HS1-101634279-100-DE-26505.pdf,12,PERSON,Mr. CUTLBa
65-HS1-101634279-100-DE-26505.pdf,12,PERSON,Mr. CUTLil'
65-HS1-101634279-100-DE-26505.pdf,14,ORG,FBI
65-HS1-101634279-100-DE-26505.pdf,14,DATE,"October 2, 1966"
65-HS1-834228961-62-HQ-83894-SUB-A.pdf,2,PERSON,Mr. Tolson
65-HS1-834228961-62-HQ-83894-SUB-A.pdf,2,PERSON,Mr. Mohr
65-HS1-834228961-62-HQ-83894-SUB-A.pdf,2,PERSON,Mr. W.C.Sullivan Tole. Room
65-HS1-834228961-62-HQ-83894-SUB-A.pdf,2,PERSON,Mr. Ingram
65-HS1-834228961-62-HQ-83894-SUB-A.pdf,2,ORG,FBI
65-HS1-834228961-62-HQ-83894-SUB-A.pdf,3,PERSON,Capt. Peter Killian
65-HS1-834228961-62-HQ-83894-SUB-A.pdf,5,PERSON,Dr. Carl Jung
65-HS1-834228961-62-HQ-83894-SUB-A.pdf,5,PERSON,Dr. Jung
65-HS1-834228961-62-HQ-83894-SUB-A.pdf,9,PERSON,Col. John Mccurdy
65-HS1-834228961-62-HQ-83894-SUB-A.pdf,9,PERSON,Col. McCurdy Tribune
65-HS1-834228961-62-HQ-83894-SUB-A.pdf,11,ORG,FBI
65-HS1-834228961-62-HQ-83894-SUB-A.pdf,11,MARKING,secret
65-HS1-834228961-62-HQ-83894-SUB-A.pdf,12,PERSON,Dr. Donald H. Menzel
65-HS1-834228961-62-HQ-83894-SUB-A.pdf,12,PERSON,Dr. Menzel
65-HS1-834228961-62-HQ-83894-SUB-A.pdf,12,PERSON,Dr. N. Y. Times Menzel's
65-HS1-834228961-62-HQ-83894-SUB-A.pdf,12,MARKING,secret
65-HS1-834228961-62-HQ-83894-SUB-A.pdf,14,PERSON,Mr. Tolson
65-HS1-834228961-62-HQ-83894-SUB-A.pdf,14,PERSON,Mr. Belmo
65-HS1-834228961-62-HQ-83894-SUB-A.pdf,14,PERSON,Mr. Mohr
65-HS1-834228961-62-HQ-83894-SUB-A.pdf,14,PERSON,Mr. Parsons
65-HS1-834228961-62-HQ-83894-SUB-A.pdf,14,PERSON,Mr. Rosen
65-HS1-834228961-62-HQ-83894-SUB-A.pdf,14,PERSON,Mr. Tamm-- Mr. Trotter
65-HS1-834228961-62-HQ-83894-SUB-A.pdf,14,PERSON,Mr. Nease
65-HS1-834228961-62-HQ-83894-SUB-A.pdf,14,PERSON,Mr. Holloman
65-HS1-834228961-62-HQ-83894-SUB-A.pdf,15,PERSON,Mr. Tolson
65-HS1-834228961-62-HQ-83894-SUB-A.pdf,15,PERSON,Mr. Nichols
65-HS1-834228961-62-HQ-83894-SUB-A.pdf,15,PERSON,Mr. Boardman
65-HS1-834228961-62-HQ-83894-SUB-A.pdf,15,PERSON,Mr. Belmont
65-HS1-834228961-62-HQ-83894-SUB-A.pdf,15,PERSON,Mr. Mohr
65-HS1-834228961-62-HQ-83894-SUB-A.pdf,15,PERSON,Mr. Parsons
65-HS1-834228961-62-HQ-83894-SUB-A.pdf,15,PERSON,Mr. Rosen
65-HS1-834228961-62-HQ-83894-SUB-A.pdf,15,PERSON,Mr. Tamm
65-HS1-834228961-62-HQ-83894-SUB-A.pdf,15,PERSON,Mr. Trotter
65-HS1-834228961-62-HQ-83894-SUB-A.pdf,15,PERSON,Mr. Nease
65-HS1-834228961-62-HQ-83894-SUB-A.pdf,15,PERSON,Mr. Holloman
65-HS1-834228961-62-HQ-83894-SUB-A.pdf,15,ORG,SAC
65-HS1-834228961-62-HQ-83894-SUB-A.pdf,17,PERSON,Mr. Dryden
65-HS1-834228961-62-HQ-83894-SUB-A.pdf,17,PERSON,Gen. Doolittle
65-HS1-834228961-62-HQ-83894-SUB-A.pdf,17,PERSON,Gen. Doolittle's
65-HS1-834228961-62-HQ-83894-SUB-A.pdf,18,PERSON,Adm. Delmer S. Fahrney
65-HS1-834228961-62-HQ-83894-SUB-A.pdf,19,PERSON,Mr. Tolson
65-HS1-834228961-62-HQ-83894-SUB-A.pdf,19,PERSON,Mr. Nichols
65-HS1-834228961-62-HQ-83894-SUB-A.pdf,19,PERSON,Mr. Boardman
65-HS1-834228961-62-HQ-83894-SUB-A.pdf,19,PERSON,Mr. Belmont
65-HS1-834228961-62-HQ-83894-SUB-A.pdf,19,PERSON,Mr. Mason
65-HS1-834228961-62-HQ-83894-SUB-A.pdf,19,PERSON,Mr. Mohr
65-HS1-834228961-62-HQ-83894-SUB-A.pdf,19,PERSON,Mr. Pa
65-HS1-834228961-62-HQ-83894-SUB-A.pdf,19,PERSON,Mr. Rosen
65-HS1-834228961-62-HQ-83894-SUB-A.pdf,19,PERSON,Mr. Winterrowd.. Tele. Room
65-HS1-834228961-62-HQ-83894-SUB-A.pdf,20,ORG,FBI
65-HS1-834228961-62-HQ-83894-SUB-A.pdf,20,MARKING,Confidential
65-HS1-834228961-62-HQ-83894-SUB-A.pdf,26,PERSON,Mr. Tnk
65-HS1-834228961-62-HQ-83894-SUB-A.pdf,26,PERSON,Mr. Br
65-HS1-834228961-62-HQ-83894-SUB-A.pdf,26,PERSON,Mr. Nichn
65-HS1-834228961-62-HQ-83894-SUB-A.pdf,26,PERSON,Mr. Bdmont
65-HS1-834228961-62-HQ-83894-SUB-A.pdf,26,PERSON,Mr. Hc
65-HS1-834228961-62-HQ-83894-SUB-A.pdf,26,MARKING,secret
65-HS1-834228961-62-HQ-83894-SUB-A.pdf,26,MARKING,top secret
65-HS1-834228961-62-HQ-83894-SUB-A.pdf,27,PERSON,Mr. Tolson
65-HS1-834228961-62-HQ-83894-SUB-A.pdf,27,PERSON,Mr. Boardnum
65-HS1-834228961-62-HQ-83894-SUB-A.pdf,27,PERSON,Mr. Belmont
65-HS1-834228961-62-HQ-83894-SUB-A.pdf,27,PERSON,Mr. Harbo
65-HS1-834228961-62-HQ-83894-SUB-A.pdf,27,PERSON,Mr. Mohr
65-HS1-834228961-62-HQ-83894-SUB-A.pdf,27,PERSON,Mr. Paraons
65-HS1-834228961-62-HQ-83894-SUB-A.pdf,27,PERSON,Mr. Rosen
65-HS1-834228961-62-HQ-83894-SUB-A.pdf,27,PERSON,Mr. Holloman
65-HS1-834228961-62-HQ-83894-SUB-A.pdf,27,PERSON,Capt. Boshoff
65-HS1-834228961-62-HQ-83894-SUB-A.pdf,28,PERSON,Mr. Harbo
65-HS1-834228961-62-HQ-83894-SUB-A.pdf,28,PERSON,Mr. Mohr
65-HS1-834228961-62-HQ-83894-SUB-A.pdf,28,PERSON,Mr. Parsons
65-HS1-834228961-62-HQ-83894-SUB-A.pdf,28,PERSON,Mr. Rosen
65-HS1-834228961-62-HQ-83894-SUB-A.pdf,28,PERSON,Mr. Tamm
65-HS1-834228961-62-HQ-83894-SUB-A.pdf,28,PERSON,Mr. Sizoo
65-HS1-834228961-62-HQ-83894-SUB-A.pdf,28,PERSON,Mr. Holloman
65-HS1-834228961-62-HQ-83894-SUB-A.pdf,29,PERSON,Mr. Ni
65-HS1-834228961-62-HQ-83894-SUB-A.pdf,29,PERSON,Mr. Belmo OJD Mr. Harbo
65-HS1-834228961-62-HQ-83894-SUB-A.pdf,29,PERSON,Mr. Mohr
65-HS1-834228961-62-HQ-83894-SUB-A.pdf,29,PERSON,Mr. Parsons
65-HS1-834228961-62-HQ-83894-SUB-A.pdf,29,PERSON,Mr. Rosen
65-HS1-834228961-62-HQ-83894-SUB-A.pdf,29,PERSON,Mr. Tamm
65-HS1-834228961-62-HQ-83894-SUB-A.pdf,29,PERSON,Mr. Sizoo
65-HS1-834228961-62-HQ-83894-SUB-A.pdf,29,PERSON,Mr. Winterrowd
65-HS1-834228961-62-HQ-83894-SUB-A.pdf,29,PERSON,Mr. Holloman
65-HS1-834228961-62-HQ-83894-SUB-A.pdf,30,ORG,ATIC
65-HS1-834228961-62-HQ-83894-SUB-A.pdf,31,PERSON,Maj. D. D. Pomerleau
65-HS1-834228961-62-HQ-83894-SUB-A.pdf,32,PERSON,Maj. A. B
65-HS1-834228961-62-HQ-83894-SUB-A.pdf,32,PERSON,Maj. Pomerleau
65-HS1-834228961-62-HQ-83894-SUB-A.pdf,35,PERSON,Gen. Bengt Norderskjold
65-HS1-834228961-62-HQ-83894-SUB-A.pdf,35,PERSON,Capt. Ulf Christiernsson
65-HS1-834228961-62-HQ-83894-SUB-A.pdf,35,PERSON,Capt. Christiernsson
65-HS1-834228961-62-HQ-83894-SUB-A.pdf,35,MARKING,secret
65-HS1-834228961-62-HQ-83894-SUB-A.pdf,36,PERSON,Lt. Robert White
65-HS1-834228961-62-HQ-83894-SUB-A.pdf,36,PERSON,Maj. Donald E. Kcyhoe
65-HS1-834228961-62-HQ-83894-SUB-A.pdf,36,ORG,Project Bluebook
65-HS1-834228961-62-HQ-83894-SUB-A.pdf,37,PERSON,Gen. Smith
65-HS1-834228961-62-HQ-83894-SUB-A.pdf,37,PERSON,Gen. Sory Smith. Air
65-HS1-834228961-62-HQ-83894-SUB-A.pdf,38,PERSON,Mr. Clegg
65-HS1-834228961-62-HQ-83894-SUB-A.pdf,38,PERSON,Mr. Glavin
65-HS1-834228961-62-HQ-83894-SUB-A.pdf,38,PERSON,Mr. Harbo
65-HS1-834228961-62-HQ-83894-SUB-A.pdf,38,PERSON,Mr. Rosen
65-HS1-834228961-62-HQ-83894-SUB-A.pdf,38,PERSON,Mr. Mohr
65-HS1-834228961-62-HQ-83894-SUB-A.pdf,38,PERSON,Mr. Trotter
65-HS1-834228961-62-HQ-83894-SUB-A.pdf,38,PERSON,Mr. Winterrowd
65-HS1-834228961-62-HQ-83894-SUB-A.pdf,38,PERSON,Mr. Holloman
65-HS1-834228961-62-HQ-83894-SUB-A.pdf,40,MARKING,restricted
65-HS1-834228961-62-HQ-83894-SUB-A.pdf,41,PERSON,Mr. Rosen
65-HS1-834228961-62-HQ-83894-SUB-A.pdf,41,PERSON,Mr. Tracy
65-HS1-834228961-62-HQ-83894-SUB-A.pdf,41,PERSON,Mr. Gearty---
65-HS1-834228961-62-HQ-83894-SUB-A.pdf,41,PERSON,Mr. Mohr-----
65-HS1-834228961-62-HQ-83894-SUB-A.pdf,41,PERSON,Mr. Winterrowd
65-HS1-834228961-62-HQ-83894-SUB-A.pdf,41,ORG,CIA
65-HS1-834228961-62-HQ-83894-SUB-A.pdf,41,MARKING,SECRET
65-HS1-834228961-62-HQ-83894-SUB-A.pdf,42,PERSON,Gen. James
65-HS1-834228961-62-HQ-83894-SUB-A.pdf,43,PERSON,Lt. David C. Brigham
65-HS1-834228961-62-HQ-83894-SUB-A.pdf,43,PERSON,Lt. Brigham
65-HS1-834228961-62-HQ-83894-SUB-A.pdf,46,PERSON,Lt DE
65-HS1-834228961-62-HQ-83894-SUB-A.pdf,48,ORG,FBI
65-HS1-834228961-62-HQ-83894-SUB-A.pdf,49,PERSON,Mr. Tillson
65-HS1-834228961-62-HQ-83894-SUB-A.pdf,49,PERSON,Mr. Ladd Mr. Nichols
65-HS1-834228961-62-HQ-83894-SUB-A.pdf,49,PERSON,Mr. BE
65-HS1-834228961-62-HQ-83894-SUB-A.pdf,49,PERSON,Mr. Clegg
65-HS1-834228961-62-HQ-83894-SUB-A.pdf,49,PERSON,Mr. Glavin
65-HS1-834228961-62-HQ-83894-SUB-A.pdf,49,PERSON,Mr. Ha.t
65-HS1-834228961-62-HQ-83894-SUB-A.pdf,49,PERSON,Mr. Tracy
65-HS1-834228961-62-HQ-83894-SUB-A.pdf,49,PERSON,Mr. Laughlin
65-HS1-834228961-62-HQ-83894-SUB-A.pdf,49,PERSON,Mr. Mohr
65-HS1-834228961-62-HQ-83894-SUB-A.pdf,49,PERSON,Mr. Winterrowd. Tele. Roo
65-HS1-834228961-62-HQ-83894-SUB-A.pdf,49,PERSON,Mr. Hollomall
65-HS1-834228961-62-HQ-83894-SUB-A.pdf,52,PERSON,Mr. Clegit'
65-HS1-834228961-62-HQ-83894-SUB-A.pdf,52,PERSON,Mr. Glavin
65-HS1-834228961-62-HQ-83894-SUB-A.pdf,52,PERSON,Mr. Harbo
65-HS1-834228961-62-HQ-83894-SUB-A.pdf,52,PERSON,Mr. Rosen
65-HS1-834228961-62-HQ-83894-SUB-A.pdf,52,PERSON,Mr. TracJ
65-HS1-834228961-62-HQ-83894-SUB-A.pdf,52,PERSON,Mr. Laugb.J.in
65-HS1-834228961-62-HQ-83894-SUB-A.pdf,52,PERSON,Mr. Mohr
65-HS1-834228961-62-HQ-83894-SUB-A.pdf,52,PERSON,Mr. Winter
65-HS1-834228961-62-HQ-83894-SUB-A.pdf,52,PERSON,Mr. Holloman
65-HS1-834228961-62-HQ-83894-SUB-A.pdf,55,PERSON,Maj. Gen. John A. Sa
65-HS1-834228961-62-HQ-83894-SUB-A.pdf,55,PERSON,Gen. Samford
65-HS1-834228961-62-HQ-83894-SUB-A.pdf,55,ORG,USAF
65-HS1-834228961-62-HQ-83894-SUB-A.pdf,56,PERSON,Dr. Dona
65-HS1-834228961-62-HQ-83894-SUB-A.pdf,63,PERSON,Dr. Urne
65-HS1-834228961-62-HQ-83894-SUB-A.pdf,63,PERSON,Dr. Liddel
65-HS1-834228961-62-HQ-83894-SUB-A.pdf,63,PERSON,Dr. Liddel Times-Herald
65-HS1-834228961-62-HQ-83894-SUB-A.pdf,63,MARKING,secret
65-HS1-834228961-62-HQ-83894-SUB-A.pdf,64,PERSON,Mr. Ar
65-HS1-834228961-62-HQ-83894-SUB-A.pdf,65,PERSON,Mr. M.y. Perrett
65-HS1-834228961-62-HQ-83894-SUB-A.pdf,65,PERSON,Mr. T. Hollinghurst
65-HS1-834228961-62-HQ-83894-SUB-A.pdf,66,PERSON,Mr J. Stewart
65-HS1-834228961-62-HQ-83894-SUB-A.pdf,66,PERSON,Mrs. L. Mus
65-HS1-834228961-62-HQ-83894-SUB-A.pdf,66,PERSON,Mr. A. J
65-HS1-834228961-62-HQ-83894-SUB-A.pdf,67,PERSON,Mr. Arthur N. Jeffery
65-HS1-834228961-62-HQ-83894-SUB-A.pdf,67,PERSON,Mr. Harry Cove-Clark
65-HS1-834228961-62-HQ-83894-SUB-A.pdf,67,PERSON,Mr. H. Warren
65-HS1-834228961-62-HQ-83894-SUB-A.pdf,74,ORG,SAFETY
65-HS1-834228961-62-HQ-83894-SUB-A.pdf,74,MARKING,SECRET
65-HS1-834228961-62-HQ-83894-SUB-A.pdf,75,MARKING,secret
65-HS1-834228961-62-HQ-83894-SUB-A.pdf,78,MARKING,secret
65-HS1-834228961-62-HQ-83894-SUB-A.pdf,79,PERSON,Mr. Bo
65-HS1-834228961-62-HQ-83894-SUB-A.pdf,79,PERSON,Mr. Mohr
65-HS1-834228961-62-HQ-83894-SUB-A.pdf,81,MARKING,secret
65-HS1-834228961-62-HQ-83894-SUB-A.pdf,84,DATE,"June 24, 1947"
65-HS1-834228961-62-HQ-83894-SUB-A.pdf,86,MARKING,SECRET
65-HS1-834228961-62-HQ-83894-SUB-A.pdf,88,PERSON,Mr. Cl
65-HS1-834228961-62-HQ-83894-SUB-A.pdf,89,PERSON,Mr Tolscn
65-HS1-834228961-62-HQ-83894-SUB-A.pdf,89,PERSON,Mr. Ro
65-HS1-834228961-62-HQ-83894-SUB-A.pdf,89,PERSON,Mr. Beltn
65-HS1-834228961-62-HQ-83894-SUB-A.pdf,89,PERSON,Mr. Mohr
65-HS1-834228961-62-HQ-83894-SUB-A.pdf,90,PERSON,Mr. Clegg
65-HS1-834228961-62-HQ-83894-SUB-A.pdf,90,PERSON,Mr. Rosen
65-HS1-834228961-62-HQ-83894-SUB-A.pdf,90,PERSON,Mr. Harbo
65-HS1-834228961-62-HQ-83894-SUB-A.pdf,91,PERSON,Mr. Dahl
65-HS1-834228961-62-HQ-83894-SUB-A.pdf,91,PERSON,Mr. Presently
65-HS1-834228961-62-HQ-83894-SUB-A.pdf,91,PERSON,Mr. Dahl's
65-HS1-834228961-62-HQ-83894-SUB-A.pdf,91,DATE,"June 25, 1947"
65-HS1-834228961-62-HQ-83894-SUB-A.pdf,92,PERSON,Prof. Giuseppe Belluzzo
65-HS1-834228961-62-HQ-83894-SUB-A.pdf,93,PERSON,Mr. Tolson
65-HS1-834228961-62-HQ-83894-SUB-A.pdf,93,PERSON,Mr. Clegg
65-HS1-834228961-62-HQ-83894-SUB-A.pdf,95,PERSON,Mr. Ttl
65-HS1-834228961-62-HQ-83894-SUB-A.pdf,96,PERSON,Mr. Tolson
65-HS1-834228961-62-HQ-83894-SUB-A.pdf,96,PERSON,Mr. E. A. Tamm
65-HS1-834228961-62-HQ-83894-SUB-A.pdf,96,PERSON,Mr. Clegg Mr. Gl
65-HS1-834228961-62-HQ-83894-SUB-A.pdf,96,PERSON,Mr. Ladd Mr. Nic
65-HS1-834228961-62-HQ-83894-SUB-A.pdf,96,PERSON,Mr. Rosen Mr. Tracy Mr
65-HS1-834228961-62-HQ-83894-SUB-A.pdf,96,PERSON,Mr. Gurne
65-HS1-834228961-62-HQ-83894-SUB-A.pdf,96,PERSON,Mr. Mohr Mr. Pennington
65-HS1-834228961-62-HQ-83894-SUB-A.pdf,96,PERSON,Mr. Quinn
65-HS1-834228961-62-HQ-83894-SUB-A.pdf,96,PERSON,Mr. Neas
65-HS1-834228961-62-HQ-83894-SUB-A.pdf,96,PERSON,Mr. Caldwell
65-HS1-834228961-62-HQ-83894-SUB-A.pdf,96,PERSON,Mr. Caldwell's
65-HS1-834228961-62-HQ-83894-SUB-A.pdf,98,PERSON,Mr. Caldwell
65-HS1-834228961-62-HQ-83894-SUB-A.pdf,98,PERSON,Mr. Caldwell's
65-HS1-834228961-62-HQ-83894-SUB-A.pdf,98,PERSON,Mr. Caldwen
65-HS1-834228961-62-HQ-83894-SUB-A.pdf,98,PERSON,Mr. Cald
65-HS1-834228961-62-HQ-83894-SUB-A.pdf,98,PERSON,Mr. Clap
65-HS1-834228961-62-HQ-83894-SUB-A.pdf,98,PERSON,Mr. Driggers
65-HS1-834228961-62-HQ-83894-SUB-A.pdf,101,ORG,OSI
65-HS1-834228961-62-HQ-83894-SUB-A.pdf,101,MARKING,Confidential
65-HS1-834228961-62-HQ-83894-SUB-A.pdf,102,PERSON,Mr. Tol
65-HS1-834228961-62-HQ-83894-SUB-A.pdf,102,PERSON,Mr. Gurne
65-HS1-834228961-62-HQ-83894-SUB-A.pdf,102,PERSON,Mr. Mohr Mr. Pennington
65-HS1-834228961-62-HQ-83894-SUB-A.pdf,102,PERSON,Mr. Quinn
65-HS1-834228961-62-HQ-83894-SUB-A.pdf,103,MARKING,Secret
65-HS1-834228961-62-HQ-83894-SUB-A.pdf,106,PERSON,Mr. Clegg
65-HS1-834228961-62-HQ-83894-SUB-A.pdf,106,PERSON,Mr. Rosen Mr
65-HS1-834228961-62-HQ-83894-SUB-A.pdf,106,PERSON,Mr. Egan
65-HS1-834228961-62-HQ-83894-SUB-A.pdf,106,PERSON,Mr. Gurne
65-HS1-834228961-62-HQ-83894-SUB-A.pdf,106,PERSON,Mr. Penning
65-HS1-834228961-62-HQ-83894-SUB-A.pdf,106,PERSON,Mr. Quinn Tamm
65-HS1-834228961-62-HQ-83894-SUB-A.pdf,107,PERSON,Col. F. J. Clark
65-HS1-834228961-62-HQ-83894-SUB-A.pdf,107,PERSON,Dr. Girard Kiuper
65-HS1-834228961-62-HQ-83894-SUB-A.pdf,107,PERSON,Dr. Oliver Kee
65-HS1-834228961-62-HQ-83894-SUB-A.pdf,107,PERSON,Dr. Urey
65-HS1-834228961-62-HQ-83894-SUB-A.pdf,107,PERSON,Dr. New
65-HS1-834228961-62-HQ-83894-SUB-A.pdf,107,PERSON,Dr. C. C. Lauritsen
65-HS1-834228961-62-HQ-83894-SUB-A.pdf,107,PERSON,Col. Al Outlon
65-HS1-834228961-62-HQ-83894-SUB-A.pdf,108,PERSON,Mr. Tracy
65-HS1-834228961-62-HQ-83894-SUB-A.pdf,108,PERSON,Mr. Carson-
65-HS1-834228961-62-HQ-83894-SUB-A.pdf,109,PERSON,Mr. Mr
65-HS1-834228961-62-HQ-83894-SUB-A.pdf,109,PERSON,Mr. Clegg
65-HS1-834228961-62-HQ-83894-SUB-A.pdf,109,PERSON,Mr. Tracy
65-HS1-834228961-62-HQ-83894-SUB-A.pdf,109,PERSON,Mr. Carson
65-HS1-834228961-62-HQ-83894-SUB-A.pdf,109,PERSON,Mr. Mr. Mr. Mr
65-HS1-834228961-62-HQ-83894-SUB-A.pdf,109,PERSON,Mr. Pe
65-HS1-834228961-62-HQ-83894-SUB-A.pdf,109,PERSON,Mr. Qu
65-HS1-834228961-62-HQ-83894-SUB-A.pdf,109,PERSON,Mr. Nea
65-HS1-834228961-62-HQ-83894-SUB-A.pdf,109,ORG,FBI
65-HS1-834228961-62-HQ-83894-SUB-A.pdf,110,PERSON,Mr. Tol
65-HS1-834228961-62-HQ-83894-SUB-A.pdf,110,PERSON,Mr. Clegg Mr. Glavin Mr
65-HS1-834228961-62-HQ-83894-SUB-A.pdf,110,PERSON,Mr. Rosen Mr
65-HS1-834228961-62-HQ-83894-SUB-A.pdf,110,PERSON,Mr. Egan Mr
65-HS1-834228961-62-HQ-83894-SUB-A.pdf,110,PERSON,Mr. Hendon
65-HS1-834228961-62-HQ-83894-SUB-A.pdf,110,PERSON,Mr. Pennington
65-HS1-834228961-62-HQ-83894-SUB-A.pdf,110,PERSON,Mr. Nease
65-HS1-834228961-62-HQ-83894-SUB-A.pdf,111,PERSON,Mr. Egan
65-HS1-834228961-62-HQ-83894-SUB-A.pdf,111,PERSON,Mr. Hendon Mr
65-HS1-834228961-62-HQ-83894-SUB-A.pdf,111,PERSON,Mr. Quinn Tamm
65-HS1-834228961-62-HQ-83894-SUB-A.pdf,111,PERSON,Mr. Hood
65-HS1-834228961-62-HQ-83894-SUB-A.pdf,111,PERSON,Mr. Long
65-HS1-834228961-62-HQ-83894-SUB-A.pdf,111,ORG,FBI
65-HS1-834228961-62-HQ-83894-SUB-A.pdf,112,PERSON,Mr. Coff
65-HS1-834228961-62-HQ-83894-SUB-A.pdf,112,PERSON,Mr. Ro
65-HS1-834228961-62-HQ-83894-SUB-A.pdf,112,PERSON,Mr. Tracy
65-HS1-834228961-62-HQ-83894-SUB-A.pdf,112,PERSON,Mr. Cars
65-HS1-834228961-62-HQ-83894-SUB-A.pdf,112,PERSON,Mr. Egan
65-HS1-834228961-62-HQ-83894-SUB-A.pdf,112,PERSON,Mr. Hendon
65-HS1-834228961-62-HQ-83894-SUB-A.pdf,112,PERSON,Mr. Penn
65-HS1-834228961-62-HQ-83894-SUB-A.pdf,112,PERSON,Mr. Nease
65-HS1-834228961-62-HQ-83894-SUB-A.pdf,112,PERSON,Dr. L. R. Haf
65-HS1-834228961-62-HQ-83894-SUB-A.pdf,112,PERSON,Dr. Jesse Sprowls
65-HS1-834228961-62-HQ-83894-SUB-A.pdf,112,PERSON,Dr. Ivan E. McDougle
65-HS1-834228961-62-HQ-83894-SUB-A.pdf,113,PERSON,Mrs. Bessie Dunbar
65-HS1-834228961-62-HQ-83894-SUB-A.pdf,113,PERSON,Prof. A. M. Low. The
65-HS1-834228961-62-HQ-83894-SUB-A.pdf,113,ORG,FBI
65-HS1-834228961-62-HQ-83894-SUB-A.pdf,113,MARKING,secret
65-HS1-834228961-62-HQ-83894-SUB-A.pdf,115,PERSON,Mr. Tolson
65-HS1-834228961-62-HQ-83894-SUB-A.pdf,115,PERSON,Mr. Glavin
65-HS1-834228961-62-HQ-83894-SUB-A.pdf,115,PERSON,Mr. Ladd
65-HS1-834228961-62-HQ-83894-SUB-A.pdf,115,PERSON,Mr. Gurne
65-HS1-834228961-62-HQ-83894-SUB-A.pdf,115,PERSON,Mr. Jones
65-HS1-834228961-62-HQ-83894-SUB-A.pdf,115,PERSON,Mr. Leonard
65-HS1-834228961-62-HQ-83894-SUB-A.pdf,115,ORG,FBI
65-HS1-834228961-62-HQ-83894-SUB-A.pdf,116,PERSON,Mr. Atamian
65-HS1-834228961-62-HQ-83894-SUB-A.pdf,116,PERSON,Capt. Tom Brown
65-HS1-834228961-62-HQ-83894-SUB-A.pdf,116,PERSON,Mrs. Walter Johnson. Di
65-HS1-834228961-62-HQ-83894-SUB-A.pdf,116,PERSON,Mrs. Johnson
65-HS1-834228961-62-HQ-83894-SUB-A.pdf,117,PERSON,Mr. Trucy
65-HS1-834228961-62-HQ-83894-SUB-A.pdf,117,PERSON,Mr. Neasa
65-HS1-834228961-62-HQ-83894-SUB-A.pdf,117,PERSON,Capt. Tom Brown
65-HS1-834228961-62-HQ-83894-SUB-A.pdf,117,ORG,FBI
65-HS1-834228961-62-HQ-83894-SUB-A.pdf,118,PERSON,Dr. Overholser
65-HS1-834228961-62-HQ-83894-SUB-A.pdf,118,PERSON,Mrs. Mad-
65-HS1-834228961-62-HQ-83894-SUB-A.pdf,118,PERSON,Dr. Wmfred
65-HS1-834228961-62-HQ-83894-SUB-A.pdf,118,PERSON,Maj. Gen. Curtis E. LeMay
65-HS1-834228961-62-HQ-83894-SUB-A.pdf,118,PERSON,Maj. Alexander
65-HS1-834228961-62-HQ-83894-SUB-A.pdf,118,ORG,FBI
65-HS1-834228961-62-HQ-83894-SUB-A.pdf,119,PERSON,Mrs. Kole
65-HS1-834228961-62-HQ-83894-SUB-A.pdf,119,PERSON,Dr. Harold Urey
65-HS1-834228961-62-HQ-83894-SUB-A.pdf,119,PERSON,Col. F
65-HS1-834228961-62-HQ-83894-SUB-A.pdf,119,MARKING,Secret
65-HS1-834228961-62-HQ-83894-SUB-A.pdf,120,PERSON,Mr. Glavin
65-HS1-834228961-62-HQ-83894-SUB-A.pdf,120,PERSON,Mr. Rosen-
65-HS1-834228961-62-HQ-83894-SUB-A.pdf,120,PERSON,Mr. Ca
65-HS1-834228961-62-HQ-83894-SUB-A.pdf,120,PERSON,Mr. Egan Mr
65-HS1-834228961-62-HQ-83894-SUB-A.pdf,120,PERSON,Mr. Jones By JAMES COLLIGAN
65-HS1-834228961-62-HQ-83894-SUB-A.pdf,120,PERSON,Mr. Penn
65-HS1-834228961-62-HQ-83894-SUB-A.pdf,120,PERSON,Mr. Nease
65-HS1-834228961-62-HQ-83894-SUB-A.pdf,120,PERSON,Mrs. Mai
65-HS1-834228961-62-HQ-83894-SUB-A.pdf,121,PERSON,Mr. Nichols
65-HS1-834228961-62-HQ-83894-SUB-A.pdf,121,PERSON,Mr. Harbo Mr
65-HS1-834228961-62-HQ-83894-SUB-A.pdf,121,PERSON,Mr. Pennington
65-HS1-834228961-62-HQ-83894-SUB-A.pdf,121,PERSON,Dr. Works In
65-HS1-834228961-62-HQ-83894-SUB-A.pdf,121,PERSON,Dr. Oliver Lee
65-HS1-834228961-62-HQ-83894-SUB-A.pdf,121,PERSON,Dr. Lee
65-HS1-834228961-62-HQ-83894-SUB-A.pdf,121,PERSON,Capt. Smith
65-HS1-834228961-62-HQ-83894-SUB-A.pdf,121,PERSON,Capt. A
65-HS1-834228961-62-HQ-83894-SUB-A.pdf,122,PERSON,Mr. Rosen Mr. Tracy
65-HS1-834228961-62-HQ-83894-SUB-A.pdf,122,PERSON,Mr. Carson Mr. Egan
65-HS1-834228961-62-HQ-83894-SUB-A.pdf,122,PERSON,Mr. Harbo The
65-HS1-834228961-62-HQ-83894-SUB-A.pdf,122,PERSON,Dr. M. K. Leis
65-HS1-834228961-62-HQ-83894-SUB-A.pdf,122,PERSON,Dr. Leisk In
65-HS1-834228961-62-HQ-83894-SUB-A.pdf,122,PERSON,Dr. Describing
65-HS1-834228961-62-HQ-83894-SUB-A.pdf,122,PERSON,Capt. E
65-HS1-834228961-62-HQ-83894-SUB-A.pdf,123,PERSON,Mr. Cl
65-HS1-834228961-62-HQ-83894-SUB-A.pdf,123,PERSON,Mr. Gl
65-HS1-834228961-62-HQ-83894-SUB-A.pdf,123,PERSON,Mr. Ladd Mr
65-HS1-834228961-62-HQ-83894-SUB-A.pdf,123,PERSON,Mr. Rose
65-HS1-834228961-62-HQ-83894-SUB-A.pdf,123,PERSON,Mr. Egan
65-HS1-834228961-62-HQ-83894-SUB-A.pdf,123,PERSON,Mr. Gurne
65-HS1-834228961-62-HQ-83894-SUB-A.pdf,123,PERSON,Mr. Hendon Saucers There- Mr
65-HS1-834228961-62-HQ-83894-SUB-A.pdf,123,PERSON,Mr. Quinn
65-HS1-834228961-62-HQ-83894-SUB-A.pdf,123,PERSON,Mr. Nease
65-HS1-834228961-62-HQ-83894-SUB-A.pdf,124,PERSON,Dr. M. K. Leisy
65-HS1-834228961-62-HQ-83894-Section-1.pdf,1,ORG,FBI
65-HS1-834228961-62-HQ-83894-Section-1.pdf,2,PERSON,Mr. Coffey
65-HS1-834228961-62-HQ-83894-Section-1.pdf,2,PERSON,Mr. Ros
65-HS1-834228961-62-HQ-83894-Section-1.pdf,2,PERSON,Mr. Ca
65-HS1-834228961-62-HQ-83894-Section-1.pdf,2,PERSON,Mr. He
65-HS1-834228961-62-HQ-83894-Section-1.pdf,2,PERSON,Mr. Penn
65-HS1-834228961-62-HQ-83894-Section-1.pdf,2,PERSON,Mr. Qui
65-HS1-834228961-62-HQ-83894-Section-1.pdf,2,PERSON,Mr. Chicago
65-HS1-834228961-62-HQ-83894-Section-1.pdf,2,PERSON,Capt. Tom Bi
65-HS1-834228961-62-HQ-83894-Section-1.pdf,2,ORG,FBI
65-HS1-834228961-62-HQ-83894-Section-1.pdf,4,PERSON,Dr. Winfred Overholser
65-HS1-834228961-62-HQ-83894-Section-1.pdf,4,PERSON,Dr. Overholser
65-HS1-834228961-62-HQ-83894-Section-1.pdf,4,PERSON,Gen. Curt
65-HS1-834228961-62-HQ-83894-Section-1.pdf,8,ORG,FBI
65-HS1-834228961-62-HQ-83894-Section-1.pdf,10,DATE,"August 5, 1947"
65-HS1-834228961-62-HQ-83894-Section-1.pdf,15,PERSON,Dr. C. L. Kenny
65-HS1-834228961-62-HQ-83894-Section-1.pdf,15,PERSON,Dr. Kenny
65-HS1-834228961-62-HQ-83894-Section-1.pdf,20,DATE,"July 11, 1947"
65-HS1-834228961-62-HQ-83894-Section-1.pdf,20,MARKING,secret
65-HS1-834228961-62-HQ-83894-Section-1.pdf,24,PERSON,Mr. Johnson
65-HS1-834228961-62-HQ-83894-Section-1.pdf,24,ORG,SAC
65-HS1-834228961-62-HQ-83894-Section-1.pdf,34,PERSON,Mrs. Va
65-HS1-834228961-62-HQ-83894-Section-1.pdf,34,PERSON,Mr. Cash
65-HS1-834228961-62-HQ-83894-Section-1.pdf,34,PERSON,Mrs. Kay Craft
65-HS1-834228961-62-HQ-83894-Section-1.pdf,35,MARKING,secret
65-HS1-834228961-62-HQ-83894-Section-1.pdf,44,PERSON,Mr. Gl
65-HS1-834228961-62-HQ-83894-Section-1.pdf,44,PERSON,Mr. Ladd
65-HS1-834228961-62-HQ-83894-Section-1.pdf,46,PERSON,Mrs. Hoffman. Disk Found Is
65-HS1-834228961-62-HQ-83894-Section-1.pdf,46,PERSON,Mrs. Hoffman
65-HS1-834228961-62-HQ-83894-Section-1.pdf,46,PERSON,Mrs. Alva Sie
65-HS1-834228961-62-HQ-83894-Section-1.pdf,46,PERSON,Mrs. Howard Roth
65-HS1-834228961-62-HQ-83894-Section-1.pdf,46,PERSON,Mrs. Anthony Hoff-
65-HS1-834228961-62-HQ-83894-Section-1.pdf,46,ORG,FBI
65-HS1-834228961-62-HQ-83894-Section-1.pdf,47,PERSON,Dr. Aurel
65-HS1-834228961-62-HQ-83894-Section-1.pdf,47,PERSON,Mrs. L. A. Davis
65-HS1-834228961-62-HQ-83894-Section-1.pdf,47,PERSON,Dr. Aczel
65-HS1-834228961-62-HQ-83894-Section-1.pdf,50,PERSON,Mrs. Walter Johnson
65-HS1-834228961-62-HQ-83894-Section-1.pdf,51,PERSON,Col. G. R. Dodson
65-HS1-834228961-62-HQ-83894-Section-1.pdf,51,PERSON,Capt. Tom Brown
65-HS1-834228961-62-HQ-83894-Section-1.pdf,52,PERSON,Mrs. W
65-HS1-834228961-62-HQ-83894-Section-1.pdf,52,PERSON,Mrs. Walter Johnson
65-HS1-834228961-62-HQ-83894-Section-1.pdf,52,PERSON,Mrs. Illusions Or Jokes
65-HS1-834228961-62-HQ-83894-Section-1.pdf,53,PERSON,Capt. Tom Brown
65-HS1-834228961-62-HQ-83894-Section-1.pdf,54,ORG,FBI
65-HS1-834228961-62-HQ-83894-Section-1.pdf,56,PERSON,Mr. What
65-HS1-834228961-62-HQ-83894-Section-1.pdf,56,PERSON,Mrs. Al Sievert
65-HS1-834228961-62-HQ-83894-Section-1.pdf,59,ORG,FBI
65-HS1-834228961-62-HQ-83894-Section-1.pdf,59,DATE,"July 8, 1947"
65-HS1-834228961-62-HQ-83894-Section-1.pdf,59,DATE,7/7/47
65-HS1-834228961-62-HQ-83894-Section-1.pdf,59,DATE,"July 7, 1947"
65-HS1-834228961-62-HQ-83894-Section-1.pdf,66,PERSON,Mr. Nichols
65-HS1-834228961-62-HQ-83894-Section-1.pdf,67,PERSON,Mr. Johnson
65-HS1-834228961-62-HQ-83894-Section-1.pdf,67,ORG,SAC
65-HS1-834228961-62-HQ-83894-Section-1.pdf,67,ORG,FBI
65-HS1-834228961-62-HQ-83894-Section-1.pdf,68,PERSON,Mr. Ladd Mr
65-HS1-834228961-62-HQ-83894-Section-1.pdf,68,PERSON,Mr. Carson
65-HS1-834228961-62-HQ-83894-Section-1.pdf,68,PERSON,Mr. F.gan
65-HS1-834228961-62-HQ-83894-Section-1.pdf,68,PERSON,Mr. Howe's
65-HS1-834228961-62-HQ-83894-Section-1.pdf,70,ORG,FBI
65-HS1-834228961-62-HQ-83894-Section-1.pdf,70,ORG,SAC
65-HS1-834228961-62-HQ-83894-Section-1.pdf,79,PERSON,Mrs. Fr
65-HS1-834228961-62-HQ-83894-Section-1.pdf,79,PERSON,Mr. Bannister
65-HS1-834228961-62-HQ-83894-Section-1.pdf,79,ORG,SAC
65-HS1-834228961-62-HQ-83894-Section-1.pdf,85,PERSON,Mr. Hood
65-HS1-834228961-62-HQ-83894-Section-1.pdf,85,PERSON,Mr. Hood's
65-HS1-834228961-62-HQ-83894-Section-1.pdf,85,ORG,SAC
65-HS1-834228961-62-HQ-83894-Section-1.pdf,94,ORG,FBI
65-HS1-834228961-62-HQ-83894-Section-1.pdf,94,ORG,SAC
65-HS1-834228961-62-HQ-83894-Section-1.pdf,94,DATE,"July 17, 1947"
65-HS1-834228961-62-HQ-83894-Section-1.pdf,94,DATE,"July 9, 1947"
65-HS1-834228961-62-HQ-83894-Section-1.pdf,96,ORG,FBI
65-HS1-834228961-62-HQ-83894-Section-1.pdf,96,DATE,"July 17, 1947"
65-HS1-834228961-62-HQ-83894-Section-1.pdf,96,DATE,"July 10, 1947"
65-HS1-834228961-62-HQ-83894-Section-1.pdf,97,PERSON,Mr. DA'VE-'
65-HS1-834228961-62-HQ-83894-Section-1.pdf,97,PERSON,Mr. JCIDlSON
65-HS1-834228961-62-HQ-83894-Section-1.pdf,97,ORG,FBI
65-HS1-834228961-62-HQ-83894-Section-1.pdf,97,ORG,SAC
65-HS1-834228961-62-HQ-83894-Section-1.pdf,103,PERSON,Mr. BAILEY
65-HS1-834228961-62-HQ-83894-Section-1.pdf,103,ORG,FBI
65-HS1-834228961-62-HQ-83894-Section-1.pdf,103,ORG,SAC
65-HS1-834228961-62-HQ-83894-Section-1.pdf,105,PERSON,Mr. BAILEY
65-HS1-834228961-62-HQ-83894-Section-1.pdf,105,PERSON,Mr. PERKIN
65-HS1-834228961-62-HQ-83894-Section-1.pdf,105,ORG,FBI
65-HS1-834228961-62-HQ-83894-Section-1.pdf,106,PERSON,Mr. Tracy JeibE
65-HS1-834228961-62-HQ-83894-Section-1.pdf,106,PERSON,Mr Gnnaea
65-HS1-834228961-62-HQ-83894-Section-1.pdf,106,PERSON,Mr. Pennlni
65-HS1-834228961-62-HQ-83894-Section-1.pdf,110,DATE,"July 23, 1947"
65-HS1-834228961-62-HQ-83894-Section-1.pdf,112,PERSON,Mr. J. Edgar Hoover
65-HS1-834228961-62-HQ-83894-Section-1.pdf,112,PERSON,Mr. Hoover
65-HS1-834228961-62-HQ-83894-Section-1.pdf,112,PERSON,Mr. Neose
65-HS1-834228961-62-HQ-83894-Section-1.pdf,112,PERSON,Mr. Clark
65-HS1-834228961-62-HQ-83894-Section-1.pdf,112,PERSON,Mrs. J.M
65-HS1-834228961-62-HQ-83894-Section-1.pdf,114,DATE,"July 11, 1947"
65-HS1-834228961-62-HQ-83894-Section-1.pdf,114,MARKING,secret
65-HS1-834228961-62-HQ-83894-Section-1.pdf,115,DATE,"July 7, 1947"
65-HS1-834228961-62-HQ-83894-Section-1.pdf,119,ORG,FBI
65-HS1-834228961-62-HQ-83894-Section-1.pdf,125,PERSON,Mr. Reynolds
65-HS1-834228961-62-HQ-83894-Section-1.pdf,125,PERSON,Mr. Reynold
65-HS1-834228961-62-HQ-83894-Section-1.pdf,125,DATE,"July 9, 1947"
65-HS1-834228961-62-HQ-83894-Section-1.pdf,125,MARKING,secret
65-HS1-834228961-62-HQ-83894-Section-1.pdf,127,PERSON,Mr. Ladd
65-HS1-834228961-62-HQ-83894-Section-1.pdf,127,PERSON,Mr. Reynolds
65-HS1-834228961-62-HQ-83894-Section-1.pdf,127,ORG,FBI
65-HS1-834228961-62-HQ-83894-Section-1.pdf,128,DATE,"July 30, 1947"
65-HS1-834228961-62-HQ-83894-Section-1.pdf,128,DATE,"July 14, 1947"
65-HS1-834228961-62-HQ-83894-Section-1.pdf,130,DATE,7/23/47
65-HS1-834228961-62-HQ-83894-Section-1.pdf,131,PERSON,Mr. Reynolds
65-HS1-834228961-62-HQ-83894-Section-1.pdf,131,PERSON,Mr. Raynolds
65-HS1-834228961-62-HQ-83894-Section-1.pdf,131,ORG,FBI
65-HS1-834228961-62-HQ-83894-Section-1.pdf,131,DATE,7/21/47
65-HS1-834228961-62-HQ-83894-Section-1.pdf,131,DATE,"July 10, 1947"
65-HS1-834228961-62-HQ-83894-Section-1.pdf,132,PERSON,Mrs. GWYNNE
65-HS1-834228961-62-HQ-83894-Section-1.pdf,132,PERSON,Mrs. GWYNNE M. MERCHANT
65-HS1-834228961-62-HQ-83894-Section-1.pdf,132,PERSON,Mrs. MERCHANT
65-HS1-834228961-62-HQ-83894-Section-1.pdf,132,PERSON,Mr. SIDNEY NEWBURGER
65-HS1-834228961-62-HQ-83894-Section-1.pdf,132,PERSON,Mr. WINCHELL
65-HS1-834228961-62-HQ-83894-Section-1.pdf,132,ORG,FBI
65-HS1-834228961-62-HQ-83894-Section-1.pdf,132,DATE,"July 22, 1947"
65-HS1-834228961-62-HQ-83894-Section-1.pdf,134,PERSON,Mr. Rosen
65-HS1-834228961-62-HQ-83894-Section-1.pdf,134,PERSON,Mr. Weeks
65-HS1-834228961-62-HQ-83894-Section-1.pdf,134,ORG,SAC
65-HS1-834228961-62-HQ-83894-Section-1.pdf,134,ORG,FBI
65-HS1-834228961-62-HQ-83894-Section-1.pdf,136,PERSON,Lt William G
65-HS1-834228961-62-HQ-83894-Section-1.pdf,136,PERSON,Lt McGinty
65-HS1-834228961-62-HQ-83894-Section-1.pdf,136,DATE,7 July 1947
65-HS1-834228961-62-HQ-83894-Section-1.pdf,136,DATE,1 July 1947
65-HS1-834228961-62-HQ-83894-Section-1.pdf,136,DATE,30 June 1947
65-HS1-834228961-62-HQ-83894-Section-1.pdf,139,PERSON,Mr. To
65-HS1-834228961-62-HQ-83894-Section-1.pdf,139,PERSON,Mr. Glavin
65-HS1-834228961-62-HQ-83894-Section-1.pdf,139,PERSON,Mr. Daan
65-HS1-834228961-62-HQ-83894-Section-1.pdf,139,PERSON,Mr. Mohr
65-HS1-834228961-62-HQ-83894-Section-1.pdf,139,PERSON,Mr. Qti
65-HS1-834228961-62-HQ-83894-Section-1.pdf,141,ORG,FBI
65-HS1-834228961-62-HQ-83894-Section-1.pdf,143,PERSON,Mr. TrlMl
65-HS1-834228961-62-HQ-83894-Section-1.pdf,143,PERSON,Mr. Mohr
65-HS1-834228961-62-HQ-83894-Section-1.pdf,143,ORG,FBI
65-HS1-834228961-62-HQ-83894-Section-1.pdf,143,ORG,SAC
65-HS1-834228961-62-HQ-83894-Section-1.pdf,143,ORG,IDA
65-HS1-834228961-62-HQ-83894-Section-1.pdf,145,PERSON,Mr. Arnold
65-HS1-834228961-62-HQ-83894-Section-1.pdf,145,DATE,"August 6, 1947"
65-HS1-834228961-62-HQ-83894-Section-1.pdf,145,MARKING,top secret
65-HS1-834228961-62-HQ-83894-Section-1.pdf,149,PERSON,Mr. Harbo
65-HS1-834228961-62-HQ-83894-Section-1.pdf,149,PERSON,Mr. Sizoo
65-HS1-834228961-62-HQ-83894-Section-1.pdf,153,ORG,SAC
65-HS1-834228961-62-HQ-83894-Section-1.pdf,153,ORG,FBI
65-HS1-834228961-62-HQ-83894-Section-1.pdf,157,PERSON,Mr. BROWN
65-HS1-834228961-62-HQ-83894-Section-1.pdf,157,ORG,FBI
65-HS1-834228961-62-HQ-83894-Section-1.pdf,157,ORG,SAC
65-HS1-834228961-62-HQ-83894-Section-1.pdf,157,DATE,"August 8, 1947"
65-HS1-834228961-62-HQ-83894-Section-1.pdf,157,DATE,"July 30, 1947"
65-HS1-834228961-62-HQ-83894-Section-1.pdf,157,DATE,"July 8, 1947"
65-HS1-834228961-62-HQ-83894-Section-1.pdf,159,ORG,FBI
65-HS1-834228961-62-HQ-83894-Section-1.pdf,159,DATE,"August 8, 1947"
65-HS1-834228961-62-HQ-83894-Section-1.pdf,163,PERSON,Mr. Tolson
65-HS1-834228961-62-HQ-83894-Section-1.pdf,163,PERSON,Mr. E. A. Tamm
65-HS1-834228961-62-HQ-83894-Section-1.pdf,163,PERSON,Mr. Chee
65-HS1-834228961-62-HQ-83894-Section-1.pdf,163,PERSON,Mr. Coffey
65-HS1-834228961-62-HQ-83894-Section-1.pdf,163,PERSON,Mr. Glavin
65-HS1-834228961-62-HQ-83894-Section-1.pdf,163,PERSON,Mr. Ladd
65-HS1-834228961-62-HQ-83894-Section-1.pdf,163,PERSON,Mr. Rosen
65-HS1-834228961-62-HQ-83894-Section-1.pdf,163,PERSON,Mr. Tracy
65-HS1-834228961-62-HQ-83894-Section-1.pdf,163,PERSON,Mr. Canon
65-HS1-834228961-62-HQ-83894-Section-1.pdf,163,PERSON,Mr. Hendon
65-HS1-834228961-62-HQ-83894-Section-1.pdf,163,PERSON,Mr. Pennincton
65-HS1-834228961-62-HQ-83894-Section-1.pdf,163,PERSON,Mr. Quinn Tamm
65-HS1-834228961-62-HQ-83894-Section-1.pdf,163,PERSON,Mr. Neaae
65-HS1-834228961-62-HQ-83894-Section-1.pdf,163,ORG,SAC
65-HS1-834228961-62-HQ-83894-Section-1.pdf,167,ORG,FBI
65-HS1-834228961-62-HQ-83894-Section-1.pdf,169,PERSON,Mr. J'l.etcher
65-HS1-834228961-62-HQ-83894-Section-1.pdf,169,ORG,SAC
65-HS1-834228961-62-HQ-83894-Section-1.pdf,169,DATE,"August 12, 1947"
65-HS1-834228961-62-HQ-83894-Section-1.pdf,169,DATE,"July 30, 1947"
65-HS1-834228961-62-HQ-83894-Section-1.pdf,169,DATE,"July 7, 1947"
65-HS1-834228961-62-HQ-83894-Section-1.pdf,169,DATE,"July 8, 1947"
65-HS1-834228961-62-HQ-83894-Section-1.pdf,169,DATE,"July 11, 1947"
65-HS1-834228961-62-HQ-83894-Section-1.pdf,171,PERSON,Mr. Fred
65-HS1-834228961-62-HQ-83894-Section-1.pdf,171,DATE,"August 5, 1947"
65-HS1-834228961-62-HQ-83894-Section-1.pdf,171,DATE,"July 10, 1947"
65-HS1-834228961-62-HQ-83894-Section-1.pdf,185,MARKING,CONFIDENTIAL
65-HS1-834228961-62-HQ-83894-Section-10.pdf,4,PERSON,Mrs. Levi J. Dow Very
65-HS1-834228961-62-HQ-83894-Section-10.pdf,4,ORG,AFSC
65-HS1-834228961-62-HQ-83894-Section-10.pdf,4,DATE,"August 31, 1966"
65-HS1-834228961-62-HQ-83894-Section-10.pdf,8,PERSON,Dr. Daniel W. Fry
65-HS1-834228961-62-HQ-83894-Section-10.pdf,8,PERSON,Dr. George King
65-HS1-834228961-62-HQ-83894-Section-10.pdf,8,PERSON,Dr. Frank E. Stranges
65-HS1-834228961-62-HQ-83894-Section-10.pdf,8,ORG,AFSC
65-HS1-834228961-62-HQ-83894-Section-10.pdf,9,PERSON,Dr. Raymond Bernard
65-HS1-834228961-62-HQ-83894-Section-10.pdf,9,PERSON,Dr. Frank E. Stranges'
65-HS1-834228961-62-HQ-83894-Section-10.pdf,9,PERSON,Dr. Daniel W. Fry's Man
65-HS1-834228961-62-HQ-83894-Section-10.pdf,9,PERSON,Mrs. Maud Willsie
65-HS1-834228961-62-HQ-83894-Section-10.pdf,9,PERSON,Mrs. Willsie
65-HS1-834228961-62-HQ-83894-Section-10.pdf,9,PERSON,Mrs. Roberta T. International Headquarters
65-HS1-834228961-62-HQ-83894-Section-10.pdf,9,PERSON,Mr. Leverett G. Inglewood
65-HS1-834228961-62-HQ-83894-Section-10.pdf,9,PERSON,Mrs. Lee Yates. Phone
65-HS1-834228961-62-HQ-83894-Section-10.pdf,9,ORG,AFSC
65-HS1-834228961-62-HQ-83894-Section-10.pdf,9,DATE,"May 4, 1966"
65-HS1-834228961-62-HQ-83894-Section-10.pdf,9,DATE,"June 4, 1966"
65-HS1-834228961-62-HQ-83894-Section-10.pdf,9,DATE,"June 23, 1966"
65-HS1-834228961-62-HQ-83894-Section-10.pdf,9,DATE,"April 24, 1964"
65-HS1-834228961-62-HQ-83894-Section-10.pdf,9,LOCATOR,Room 325
65-HS1-834228961-62-HQ-83894-Section-10.pdf,9,MARKING,SECRET
65-HS1-834228961-62-HQ-83894-Section-10.pdf,10,PERSON,Mrs. Lorena Vogt
65-HS1-834228961-62-HQ-83894-Section-10.pdf,10,PERSON,Dr. Maria Elliott
65-HS1-834228961-62-HQ-83894-Section-10.pdf,10,PERSON,Dr. King
65-HS1-834228961-62-HQ-83894-Section-10.pdf,10,ORG,AFSC
65-HS1-834228961-62-HQ-83894-Section-10.pdf,10,DATE,"October 25, 1965"
65-HS1-834228961-62-HQ-83894-Section-10.pdf,10,DATE,"Sept. 10, 1965"
65-HS1-834228961-62-HQ-83894-Section-10.pdf,10,DATE,"March 5, 1966"
65-HS1-834228961-62-HQ-83894-Section-10.pdf,11,PERSON,Mr. Reynolda
65-HS1-834228961-62-HQ-83894-Section-10.pdf,11,PERSON,Mrs. Elmo Otis
65-HS1-834228961-62-HQ-83894-Section-10.pdf,11,PERSON,Mrs. Russell Scrivner
65-HS1-834228961-62-HQ-83894-Section-10.pdf,11,PERSON,Mrs. Jack A. Zolar
65-HS1-834228961-62-HQ-83894-Section-10.pdf,11,PERSON,Mrs. James E. Simington
65-HS1-834228961-62-HQ-83894-Section-10.pdf,11,PERSON,Mrs. Neal Reth
65-HS1-834228961-62-HQ-83894-Section-10.pdf,11,PERSON,Mrs. Lloyd Hurley
65-HS1-834228961-62-HQ-83894-Section-10.pdf,11,DATE,"Mardi 21, 1168"
65-HS1-834228961-62-HQ-83894-Section-10.pdf,12,PERSON,Mrs. Thoma
65-HS1-834228961-62-HQ-83894-Section-10.pdf,12,PERSON,Mr. Smith
65-HS1-834228961-62-HQ-83894-Section-10.pdf,12,PERSON,Mr. Emery
65-HS1-834228961-62-HQ-83894-Section-10.pdf,12,ORG,AFSC
65-HS1-834228961-62-HQ-83894-Section-10.pdf,12,DATE,"March 26, 1968"
65-HS1-834228961-62-HQ-83894-Section-10.pdf,13,PERSON,Mr. Salisbury
65-HS1-834228961-62-HQ-83894-Section-10.pdf,13,PERSON,Mr. Bressette
65-HS1-834228961-62-HQ-83894-Section-10.pdf,13,PERSON,Mr. Green
65-HS1-834228961-62-HQ-83894-Section-10.pdf,13,PERSON,Sgt. David Tellotson
65-HS1-834228961-62-HQ-83894-Section-10.pdf,13,PERSON,Dr. Daniel W. Fry
65-HS1-834228961-62-HQ-83894-Section-10.pdf,13,PERSON,Mr. Menzel
65-HS1-834228961-62-HQ-83894-Section-10.pdf,13,ORG,Project Blue Book
65-HS1-834228961-62-HQ-83894-Section-10.pdf,13,ORG,NICAP
65-HS1-834228961-62-HQ-83894-Section-10.pdf,14,PERSON,Dr. George White
65-HS1-834228961-62-HQ-83894-Section-10.pdf,14,PERSON,Dr. John
65-HS1-834228961-62-HQ-83894-Section-10.pdf,14,PERSON,Dr Allan
65-HS1-834228961-62-HQ-83894-Section-10.pdf,14,ORG,IDA
65-HS1-834228961-62-HQ-83894-Section-10.pdf,14,ORG,NICAP
65-HS1-834228961-62-HQ-83894-Section-10.pdf,14,ORG,AFSC
65-HS1-834228961-62-HQ-83894-Section-10.pdf,15,PERSON,Mrs. Ernest Lee
65-HS1-834228961-62-HQ-83894-Section-10.pdf,15,DATE,"May 9, 1966"
65-HS1-834228961-62-HQ-83894-Section-10.pdf,18,PERSON,Mr. JARVIS
65-HS1-834228961-62-HQ-83894-Section-10.pdf,18,PERSON,Mr. COOPER
65-HS1-834228961-62-HQ-83894-Section-10.pdf,18,ORG,FBI
65-HS1-834228961-62-HQ-83894-Section-10.pdf,18,ORG,SAC
65-HS1-834228961-62-HQ-83894-Section-10.pdf,18,DATE,10/3/66
65-HS1-834228961-62-HQ-83894-Section-10.pdf,18,DATE,9/22/66
65-HS1-834228961-62-HQ-83894-Section-10.pdf,18,DATE,9/19/66
65-HS1-834228961-62-HQ-83894-Section-10.pdf,18,DATE,5/4/66
65-HS1-834228961-62-HQ-83894-Section-10.pdf,20,PERSON,Mr. Paul
65-HS1-834228961-62-HQ-83894-Section-10.pdf,20,PERSON,Mr. Wright
65-HS1-834228961-62-HQ-83894-Section-10.pdf,20,ORG,FBI
65-HS1-834228961-62-HQ-83894-Section-10.pdf,20,DATE,"October 17, 1966"
65-HS1-834228961-62-HQ-83894-Section-10.pdf,25,ORG,FBI
65-HS1-834228961-62-HQ-83894-Section-10.pdf,25,ORG,SAC
65-HS1-834228961-62-HQ-83894-Section-10.pdf,25,DATE,10/19/66
65-HS1-834228961-62-HQ-83894-Section-10.pdf,25,DATE,10/1/47
65-HS1-834228961-62-HQ-83894-Section-10.pdf,25,DATE,3/25/49
65-HS1-834228961-62-HQ-83894-Section-10.pdf,25,DATE,"October 16, 1966"
65-HS1-834228961-62-HQ-83894-Section-10.pdf,28,PERSON,Dr. EDWARD
65-HS1-834228961-62-HQ-83894-Section-10.pdf,30,PERSON,Dr. Ed
65-HS1-834228961-62-HQ-83894-Section-10.pdf,30,ORG,Project Blue Book
65-HS1-834228961-62-HQ-83894-Section-10.pdf,31,PERSON,Mr. DeLoach
65-HS1-834228961-62-HQ-83894-Section-10.pdf,31,PERSON,Mr. Wick
65-HS1-834228961-62-HQ-83894-Section-10.pdf,31,ORG,FBI
65-HS1-834228961-62-HQ-83894-Section-10.pdf,31,DATE,"October 21, 1966"
65-HS1-834228961-62-HQ-83894-Section-10.pdf,31,MARKING,confidential
65-HS1-834228961-62-HQ-83894-Section-10.pdf,32,ORG,FBI
65-HS1-834228961-62-HQ-83894-Section-10.pdf,33,DATE,"January 26, 1965"
65-HS1-834228961-62-HQ-83894-Section-10.pdf,35,ORG,FBI
65-HS1-834228961-62-HQ-83894-Section-10.pdf,37,ORG,FBI
65-HS1-834228961-62-HQ-83894-Section-10.pdf,38,DATE,"April 24, 1964"
65-HS1-834228961-62-HQ-83894-Section-10.pdf,39,ORG,SAC
65-HS1-834228961-62-HQ-83894-Section-10.pdf,39,ORG,OSI
65-HS1-834228961-62-HQ-83894-Section-10.pdf,39,DATE,"December 21, 1966"
65-HS1-834228961-62-HQ-83894-Section-10.pdf,42,ORG,FBI
65-HS1-834228961-62-HQ-83894-Section-10.pdf,42,DATE,"December 27, 1966"
65-HS1-834228961-62-HQ-83894-Section-10.pdf,44,PERSON,Mr. J. Edgar Hoover TELE
65-HS1-834228961-62-HQ-83894-Section-10.pdf,44,PERSON,Mr. Hoover
65-HS1-834228961-62-HQ-83894-Section-10.pdf,44,DATE,"December 23, 1966"
65-HS1-834228961-62-HQ-83894-Section-10.pdf,44,MARKING,secret
65-HS1-834228961-62-HQ-83894-Section-10.pdf,47,ORG,FBI
65-HS1-834228961-62-HQ-83894-Section-10.pdf,51,PERSON,Mr. DeLoach Mr. Gale Liaison
65-HS1-834228961-62-HQ-83894-Section-10.pdf,51,PERSON,Mr. McAndrews
65-HS1-834228961-62-HQ-83894-Section-10.pdf,51,PERSON,Mr. Ware January
65-HS1-834228961-62-HQ-83894-Section-10.pdf,51,ORG,FBI
65-HS1-834228961-62-HQ-83894-Section-10.pdf,51,DATE,"January 18, 1987"
65-HS1-834228961-62-HQ-83894-Section-10.pdf,57,LOCATOR,Room 6S27
65-HS1-834228961-62-HQ-83894-Section-10.pdf,57,LOCATOR,Room 6524
65-HS1-834228961-62-HQ-83894-Section-10.pdf,57,MARKING,Restricted
65-HS1-834228961-62-HQ-83894-Section-10.pdf,62,ORG,FBI
65-HS1-834228961-62-HQ-83894-Section-10.pdf,62,ORG,SAC
65-HS1-834228961-62-HQ-83894-Section-10.pdf,62,DATE,"July 4, 1961"
65-HS1-834228961-62-HQ-83894-Section-10.pdf,63,DATE,"June 8, 1967"
65-HS1-834228961-62-HQ-83894-Section-10.pdf,63,DATE,"April 26, 1967"
65-HS1-834228961-62-HQ-83894-Section-10.pdf,63,MARKING,top secret
65-HS1-834228961-62-HQ-83894-Section-10.pdf,64,ORG,FBI
65-HS1-834228961-62-HQ-83894-Section-10.pdf,64,DATE,"March 14, 1945"
65-HS1-834228961-62-HQ-83894-Section-10.pdf,64,DATE,"December 26, 1951"
65-HS1-834228961-62-HQ-83894-Section-10.pdf,64,DATE,"January 7, 1952"
65-HS1-834228961-62-HQ-83894-Section-10.pdf,65,DATE,"June 8, 1967"
65-HS1-834228961-62-HQ-83894-Section-10.pdf,65,DATE,"April 16, 1967"
65-HS1-834228961-62-HQ-83894-Section-10.pdf,65,MARKING,top secret
65-HS1-834228961-62-HQ-83894-Section-10.pdf,68,DATE,"April 26, 1967"
65-HS1-834228961-62-HQ-83894-Section-10.pdf,68,MARKING,top secret
65-HS1-834228961-62-HQ-83894-Section-10.pdf,72,ORG,FBI
65-HS1-834228961-62-HQ-83894-Section-10.pdf,72,ORG,SAC
65-HS1-834228961-62-HQ-83894-Section-10.pdf,72,ORG,CIA
65-HS1-834228961-62-HQ-83894-Section-10.pdf,72,DATE,7/25/67
65-HS1-834228961-62-HQ-83894-Section-10.pdf,73,PERSON,Mr. Theodore Gray
65-HS1-834228961-62-HQ-83894-Section-10.pdf,73,PERSON,Mr. Hullett
65-HS1-834228961-62-HQ-83894-Section-10.pdf,73,PERSON,Mr. Hoover
65-HS1-834228961-62-HQ-83894-Section-10.pdf,73,ORG,FBI
65-HS1-834228961-62-HQ-83894-Section-10.pdf,73,DATE,"August 24, 1967"
65-HS1-834228961-62-HQ-83894-Section-10.pdf,75,PERSON,Mr. Callahan
65-HS1-834228961-62-HQ-83894-Section-10.pdf,75,PERSON,Mr. Conrad
65-HS1-834228961-62-HQ-83894-Section-10.pdf,75,PERSON,Mr. Gale
65-HS1-834228961-62-HQ-83894-Section-10.pdf,75,PERSON,Mr. Rosen
65-HS1-834228961-62-HQ-83894-Section-10.pdf,75,PERSON,Mr. Sull
65-HS1-834228961-62-HQ-83894-Section-10.pdf,75,PERSON,Mr. TaveL
65-HS1-834228961-62-HQ-83894-Section-10.pdf,75,PERSON,Mr. Hoover
65-HS1-834228961-62-HQ-83894-Section-10.pdf,75,DATE,"August 19, 1967"
65-HS1-834228961-62-HQ-83894-Section-10.pdf,79,PERSON,Mr. Ad
65-HS1-834228961-62-HQ-83894-Section-10.pdf,79,PERSON,Mr. Fred Steckl
65-HS1-834228961-62-HQ-83894-Section-10.pdf,79,PERSON,Mr Rona
65-HS1-834228961-62-HQ-83894-Section-10.pdf,79,PERSON,Mr. Geo
65-HS1-834228961-62-HQ-83894-Section-10.pdf,79,PERSON,Lt Colonel
65-HS1-834228961-62-HQ-83894-Section-10.pdf,79,ORG,USAF
65-HS1-834228961-62-HQ-83894-Section-10.pdf,79,MARKING,secret
65-HS1-834228961-62-HQ-83894-Section-10.pdf,80,PERSON,Dr. Fred Hoyl
65-HS1-834228961-62-HQ-83894-Section-10.pdf,80,MARKING,secret
65-HS1-834228961-62-HQ-83894-Section-10.pdf,81,PERSON,Mr. Smith
65-HS1-834228961-62-HQ-83894-Section-10.pdf,81,PERSON,Mr. Adamski
65-HS1-834228961-62-HQ-83894-Section-10.pdf,81,PERSON,Mr. George Adamski
65-HS1-834228961-62-HQ-83894-Section-10.pdf,81,PERSON,Mrs. Fred Steck
65-HS1-834228961-62-HQ-83894-Section-10.pdf,81,ORG,NASA
65-HS1-834228961-62-HQ-83894-Section-10.pdf,81,MARKING,confidential
65-HS1-834228961-62-HQ-83894-Section-10.pdf,82,PERSON,Dr. The
65-HS1-834228961-62-HQ-83894-Section-10.pdf,82,PERSON,Mrs. Suzy Peeters
65-HS1-834228961-62-HQ-83894-Section-10.pdf,82,PERSON,Dr. Johnson
65-HS1-834228961-62-HQ-83894-Section-10.pdf,82,PERSON,Mrs. Merna Lindermayor
65-HS1-834228961-62-HQ-83894-Section-10.pdf,83,PERSON,Dr. Johnson
65-HS1-834228961-62-HQ-83894-Section-10.pdf,84,PERSON,Dr. Pau
65-HS1-834228961-62-HQ-83894-Section-10.pdf,84,PERSON,Dr. Lowman
65-HS1-834228961-62-HQ-83894-Section-10.pdf,84,PERSON,Mr. Fred Steckling
65-HS1-834228961-62-HQ-83894-Section-10.pdf,84,PERSON,Mr. Steck
65-HS1-834228961-62-HQ-83894-Section-10.pdf,84,PERSON,Mr. Pen
65-HS1-834228961-62-HQ-83894-Section-10.pdf,84,PERSON,Mr. Cramp
65-HS1-834228961-62-HQ-83894-Section-10.pdf,84,PERSON,Mr. Of
65-HS1-834228961-62-HQ-83894-Section-10.pdf,84,PERSON,Dr. Hynek. His
65-HS1-834228961-62-HQ-83894-Section-10.pdf,84,ORG,NASA
65-HS1-834228961-62-HQ-83894-Section-10.pdf,84,DATE,Feb. 20 1967
65-HS1-834228961-62-HQ-83894-Section-10.pdf,85,PERSON,Mr. Steckling
65-HS1-834228961-62-HQ-83894-Section-10.pdf,85,PERSON,Lt. Colonel
65-HS1-834228961-62-HQ-83894-Section-10.pdf,85,PERSON,Mr. Fred Steckling
65-HS1-834228961-62-HQ-83894-Section-10.pdf,85,PERSON,Mr. Cramp
65-HS1-834228961-62-HQ-83894-Section-10.pdf,85,ORG,NASA
65-HS1-834228961-62-HQ-83894-Section-10.pdf,85,ORG,Project Blue Book
65-HS1-834228961-62-HQ-83894-Section-10.pdf,85,ORG,USAF
65-HS1-834228961-62-HQ-83894-Section-10.pdf,85,DATE,"March 10, 1967"
65-HS1-834228961-62-HQ-83894-Section-10.pdf,85,DATE,Mar 17 1967
65-HS1-834228961-62-HQ-83894-Section-10.pdf,86,PERSON,Dr. Lanuza
65-HS1-834228961-62-HQ-83894-Section-10.pdf,86,PERSON,Mr. Reyes
65-HS1-834228961-62-HQ-83894-Section-10.pdf,86,PERSON,Mrs. Maria Cristina
65-HS1-834228961-62-HQ-83894-Section-10.pdf,86,PERSON,Dr. Jose A. Lanuza
65-HS1-834228961-62-HQ-83894-Section-10.pdf,86,PERSON,Dr. Lanuza County
65-HS1-834228961-62-HQ-83894-Section-10.pdf,86,ORG,NASA
65-HS1-834228961-62-HQ-83894-Section-10.pdf,87,PERSON,Capt. Frank J. Morris
65-HS1-834228961-62-HQ-83894-Section-10.pdf,87,ORG,NASA
65-HS1-834228961-62-HQ-83894-Section-10.pdf,88,PERSON,Mr. George Adamski
65-HS1-834228961-62-HQ-83894-Section-10.pdf,88,PERSON,Mr. Ad
65-HS1-834228961-62-HQ-83894-Section-10.pdf,88,PERSON,Mr. Adamski
65-HS1-834228961-62-HQ-83894-Section-10.pdf,88,PERSON,Mrs. Jane McEvoy
65-HS1-834228961-62-HQ-83894-Section-10.pdf,88,MARKING,secret
65-HS1-834228961-62-HQ-83894-Section-10.pdf,89,PERSON,Lt. General Schaper
65-HS1-834228961-62-HQ-83894-Section-10.pdf,89,PERSON,Dr. M. Rooy
65-HS1-834228961-62-HQ-83894-Section-10.pdf,89,PERSON,Mr. Kolff
65-HS1-834228961-62-HQ-83894-Section-10.pdf,89,PERSON,Mr. Kolff. Seated
65-HS1-834228961-62-HQ-83894-Section-10.pdf,89,MARKING,secret
65-HS1-834228961-62-HQ-83894-Section-10.pdf,89,MARKING,confidential
65-HS1-834228961-62-HQ-83894-Section-10.pdf,91,PERSON,Prof. Dr. Hermann Oberth
65-HS1-834228961-62-HQ-83894-Section-10.pdf,91,PERSON,Dr. Kurt Waldheim
65-HS1-834228961-62-HQ-83894-Section-10.pdf,92,PERSON,Prof. Dr. Hermann Th
65-HS1-834228961-62-HQ-83894-Section-10.pdf,92,PERSON,Prof. Dr. Herm
65-HS1-834228961-62-HQ-83894-Section-10.pdf,92,PERSON,Prof. Dr. Gabriel Alvial
65-HS1-834228961-62-HQ-83894-Section-10.pdf,92,PERSON,Prof. Dr. Alexander Kazantsev Soviet
65-HS1-834228961-62-HQ-83894-Section-10.pdf,92,PERSON,Prof. Dr. Carl Sagan
65-HS1-834228961-62-HQ-83894-Section-10.pdf,92,PERSON,Prof. Dr. Mitrovan Zverer
65-HS1-834228961-62-HQ-83894-Section-10.pdf,92,ORG,NASA
65-HS1-834228961-62-HQ-83894-Section-10.pdf,92,MARKING,Confidential
65-HS1-834228961-62-HQ-83894-Section-10.pdf,93,PERSON,Prof. Dr. Allen J. Hyn
65-HS1-834228961-62-HQ-83894-Section-10.pdf,93,ORG,NICAP
65-HS1-834228961-62-HQ-83894-Section-10.pdf,93,ORG,APRO
65-HS1-834228961-62-HQ-83894-Section-10.pdf,93,MARKING,secret
65-HS1-834228961-62-HQ-83894-Section-10.pdf,94,PERSON,Mr. Ra
65-HS1-834228961-62-HQ-83894-Section-10.pdf,94,PERSON,Mr. Robinson
65-HS1-834228961-62-HQ-83894-Section-10.pdf,94,ORG,FBI
65-HS1-834228961-62-HQ-83894-Section-10.pdf,94,DATE,"October 3, 1967"
65-HS1-834228961-62-HQ-83894-Section-10.pdf,100,ORG,FBI
65-HS1-834228961-62-HQ-83894-Section-10.pdf,100,ORG,OSI
65-HS1-834228961-62-HQ-83894-Section-10.pdf,100,DATE,10/10/67
65-HS1-834228961-62-HQ-83894-Section-10.pdf,100,DATE,10/9/67
65-HS1-834228961-62-HQ-83894-Section-10.pdf,102,ORG,FBI
65-HS1-834228961-62-HQ-83894-Section-10.pdf,102,DATE,"October 10, 1967"
65-HS1-834228961-62-HQ-83894-Section-10.pdf,102,DATE,"October 9, 1967"
65-HS1-834228961-62-HQ-83894-Section-10.pdf,102,DATE,"August 21, 1967"
65-HS1-834228961-62-HQ-83894-Section-10.pdf,102,DATE,"May 22, 1962"
65-HS1-834228961-62-HQ-83894-Section-10.pdf,102,DATE,"August 6, 1967"
65-HS1-834228961-62-HQ-83894-Section-10.pdf,102,DATE,"August 20, 1967"
65-HS1-834228961-62-HQ-83894-Section-10.pdf,104,ORG,FBI
65-HS1-834228961-62-HQ-83894-Section-10.pdf,105,DATE,"October 10, 1987"
65-HS1-834228961-62-HQ-83894-Section-10.pdf,105,DATE,"October 9, 1987"
65-HS1-834228961-62-HQ-83894-Section-10.pdf,105,DATE,"May 22, 1962"
65-HS1-834228961-62-HQ-83894-Section-10.pdf,107,ORG,FBI
65-HS1-834228961-62-HQ-83894-Section-10.pdf,107,DATE,"October 10, 1961"
65-HS1-834228961-62-HQ-83894-Section-10.pdf,107,DATE,"October 9, 1967"
65-HS1-834228961-62-HQ-83894-Section-10.pdf,107,DATE,"May 22, 1962"
65-HS1-834228961-62-HQ-83894-Section-10.pdf,109,ORG,FBI
65-HS1-834228961-62-HQ-83894-Section-10.pdf,109,DATE,"August 21, 1967"
65-HS1-834228961-62-HQ-83894-Section-10.pdf,109,DATE,"Auguat 20, 1987"
65-HS1-834228961-62-HQ-83894-Section-10.pdf,111,PERSON,Mr. ROBERT
65-HS1-834228961-62-HQ-83894-Section-10.pdf,111,PERSON,Mr. EDWARDS
65-HS1-834228961-62-HQ-83894-Section-10.pdf,111,ORG,NICAP
65-HS1-834228961-62-HQ-83894-Section-10.pdf,111,ORG,OSI
65-HS1-834228961-62-HQ-83894-Section-10.pdf,111,DATE,11/20/67
65-HS1-834228961-62-HQ-83894-Section-10.pdf,111,DATE,1/17/68
65-HS1-834228961-62-HQ-83894-Section-10.pdf,113,ORG,NICAP
65-HS1-834228961-62-HQ-83894-Section-10.pdf,113,DATE,20 November 1967
65-HS1-834228961-62-HQ-83894-Section-10.pdf,114,PERSON,Mr. Gle
65-HS1-834228961-62-HQ-83894-Section-10.pdf,114,PERSON,Mr. Evans
65-HS1-834228961-62-HQ-83894-Section-10.pdf,114,ORG,FBI
65-HS1-834228961-62-HQ-83894-Section-10.pdf,114,DATE,"March 19, 1968"
65-HS1-834228961-62-HQ-83894-Section-10.pdf,116,ORG,FBI
65-HS1-834228961-62-HQ-83894-Section-10.pdf,121,ORG,FBI
65-HS1-834228961-62-HQ-83894-Section-10.pdf,121,DATE,"March 18, 1968"
65-HS1-834228961-62-HQ-83894-Section-10.pdf,127,PERSON,Mr. J. F.d.gar Hoover
65-HS1-834228961-62-HQ-83894-Section-10.pdf,127,PERSON,Mr. Hoover
65-HS1-834228961-62-HQ-83894-Section-10.pdf,127,PERSON,Mr. John
65-HS1-834228961-62-HQ-83894-Section-10.pdf,127,DATE,"March 19, 1969"
65-HS1-834228961-62-HQ-83894-Section-10.pdf,127,DATE,"December 1, 1963"
65-HS1-834228961-62-HQ-83894-Section-10.pdf,127,DATE,"December 8, 1963"
65-HS1-834228961-62-HQ-83894-Section-10.pdf,129,DATE,"July 18, 1964"
65-HS1-834228961-62-HQ-83894-Section-10.pdf,131,PERSON,Mr. Edward A. Stewart
65-HS1-834228961-62-HQ-83894-Section-10.pdf,131,PERSON,Mr. Stewart
65-HS1-834228961-62-HQ-83894-Section-10.pdf,131,DATE,"July 28, 1964"
65-HS1-834228961-62-HQ-83894-Section-10.pdf,132,PERSON,Mr. Cerame
65-HS1-834228961-62-HQ-83894-Section-10.pdf,132,ORG,FBI
65-HS1-834228961-62-HQ-83894-Section-10.pdf,132,DATE,"May 7, 1969"
65-HS1-834228961-62-HQ-83894-Section-10.pdf,134,DATE,"April 30, 1969"
65-HS1-834228961-62-HQ-83894-Section-10.pdf,136,PERSON,Mr. Gale
65-HS1-834228961-62-HQ-83894-Section-10.pdf,136,PERSON,Mr. Wood
65-HS1-834228961-62-HQ-83894-Section-10.pdf,136,PERSON,Mr. Hoover
65-HS1-834228961-62-HQ-83894-Section-10.pdf,136,PERSON,Mr. DeLoach
65-HS1-834228961-62-HQ-83894-Section-10.pdf,136,PERSON,Mr. Cleveland
65-HS1-834228961-62-HQ-83894-Section-10.pdf,136,PERSON,Mr. Mcinerney
65-HS1-834228961-62-HQ-83894-Section-10.pdf,136,ORG,CIA
65-HS1-834228961-62-HQ-83894-Section-10.pdf,136,DATE,5/16/69
65-HS1-834228961-62-HQ-83894-Section-10.pdf,138,PERSON,Mr. Stephens
65-HS1-834228961-62-HQ-83894-Section-10.pdf,138,PERSON,Mr. Hoover
65-HS1-834228961-62-HQ-83894-Section-10.pdf,138,ORG,FBI
65-HS1-834228961-62-HQ-83894-Section-10.pdf,138,ORG,SAC
65-HS1-834228961-62-HQ-83894-Section-10.pdf,138,DATE,"May 21, 1969"
65-HS1-834228961-62-HQ-83894-Section-10.pdf,140,PERSON,Mr. Larr
65-HS1-834228961-62-HQ-83894-Section-10.pdf,140,ORG,FBI
65-HS1-834228961-62-HQ-83894-Section-10.pdf,140,DATE,"May 14, 1969"
65-HS1-834228961-62-HQ-83894-Section-10.pdf,140,MARKING,secret
65-HS1-834228961-62-HQ-83894-Section-10.pdf,145,PERSON,Mr. Paul Brassington VFO Astronomer
65-HS1-834228961-62-HQ-83894-Section-10.pdf,145,ORG,FBI
65-HS1-834228961-62-HQ-83894-Section-10.pdf,145,DATE,30 October 13
65-HS1-834228961-62-HQ-83894-Section-10.pdf,151,MARKING,secret
65-HS1-834228961-62-HQ-83894-Section-10.pdf,152,ORG,FBI
65-HS1-834228961-62-HQ-83894-Section-10.pdf,152,DATE,"February 23, 1972"
65-HS1-834228961-62-HQ-83894-Section-10.pdf,154,PERSON,Mr. Hoover
65-HS1-834228961-62-HQ-83894-Section-10.pdf,154,DATE,"February 15, 1972"
65-HS1-834228961-62-HQ-83894-Section-10.pdf,157,ORG,FBI
65-HS1-834228961-62-HQ-83894-Section-10.pdf,157,ORG,CIA
65-HS1-834228961-62-HQ-83894-Section-10.pdf,157,ORG,OSI
65-HS1-834228961-62-HQ-83894-Section-10.pdf,157,DATE,23 July 1971
65-HS1-834228961-62-HQ-83894-Section-10.pdf,157,DATE,21 Jan 71
65-HS1-834228961-62-HQ-83894-Section-10.pdf,159,ORG,FBI
65-HS1-834228961-62-HQ-83894-Section-10.pdf,161,ORG,FBI
65-HS1-834228961-62-HQ-83894-Section-10.pdf,161,MARKING,Top Secret
65-HS1-834228961-62-HQ-83894-Section-10.pdf,162,ORG,FBI
65-HS1-834228961-62-HQ-83894-Section-10.pdf,162,MARKING,Top Secret
65-HS1-834228961-62-HQ-83894-Section-10.pdf,163,ORG,FBI
65-HS1-834228961-62-HQ-83894-Section-10.pdf,163,MARKING,Top Secret
65-HS1-834228961-62-HQ-83894-Section-10.pdf,164,PERSON,Mr. Fraide
65-HS1-834228961-62-HQ-83894-Section-10.pdf,164,PERSON,Gen. Inv
65-HS1-834228961-62-HQ-83894-Section-10.pdf,164,ORG,FBI
65-HS1-834228961-62-HQ-83894-Section-10.pdf,164,DATE,"October 25, 1973"
65-HS1-834228961-62-HQ-83894-Section-10.pdf,167,PERSON,Mr. Mintz
65-HS1-834228961-62-HQ-83894-Section-10.pdf,167,PERSON,Mr. Larry Wt Bryant Apartment
65-HS1-834228961-62-HQ-83894-Section-10.pdf,167,PERSON,Mr. Bryant
65-HS1-834228961-62-HQ-83894-Section-10.pdf,167,ORG,FBI
65-HS1-834228961-62-HQ-83894-Section-10.pdf,167,DATE,"April 15, 1974"
65-HS1-834228961-62-HQ-83894-Section-10.pdf,169,PERSON,Mr. John
65-HS1-834228961-62-HQ-83894-Section-10.pdf,169,PERSON,Mr. Castles
65-HS1-834228961-62-HQ-83894-Section-10.pdf,169,PERSON,Mr. Castles'
65-HS1-834228961-62-HQ-83894-Section-10.pdf,169,ORG,FBI
65-HS1-834228961-62-HQ-83894-Section-10.pdf,169,DATE,"March 31, 1974"
65-HS1-834228961-62-HQ-83894-Section-10.pdf,169,DATE,"September 17, 1963"
65-HS1-834228961-62-HQ-83894-Section-10.pdf,172,PERSON,Mr. W.R. Wannall Assoc. Dir
65-HS1-834228961-62-HQ-83894-Section-10.pdf,172,ORG,FBI
65-HS1-834228961-62-HQ-83894-Section-10.pdf,172,DATE,8/22/74
65-HS1-834228961-62-HQ-83894-Section-10.pdf,172,DATE,8/21/74
65-HS1-834228961-62-HQ-83894-Section-10.pdf,174,PERSON,Lt Col
65-HS1-834228961-62-HQ-83894-Section-10.pdf,174,PERSON,Mr. Malmfeldt
65-HS1-834228961-62-HQ-83894-Section-10.pdf,174,ORG,Project Blue Book
65-HS1-834228961-62-HQ-83894-Section-10.pdf,174,ORG,USAF
65-HS1-834228961-62-HQ-83894-Section-10.pdf,174,LOCATOR,Room 7825
65-HS1-834228961-62-HQ-83894-Section-10.pdf,177,ORG,Project Blue Book
65-HS1-834228961-62-HQ-83894-Section-10.pdf,177,DATE,"December 17, 1969"
65-HS1-834228961-62-HQ-83894-Section-10.pdf,180,PERSON,Mr. Malmfeldt
65-HS1-834228961-62-HQ-83894-Section-10.pdf,180,DATE,"Januarv 24, 1977"
65-HS1-834228961-62-HQ-83894-Section-10.pdf,182,PERSON,Mr. Stanley Schneider
65-HS1-834228961-62-HQ-83894-Section-10.pdf,182,PERSON,Adm. Se
65-HS1-834228961-62-HQ-83894-Section-10.pdf,182,ORG,FBI
65-HS1-834228961-62-HQ-83894-Section-10.pdf,182,DATE,"June 15, 1977"
65-HS1-834228961-62-HQ-83894-Section-10.pdf,183,PERSON,Adm. Sorv. Crim
65-HS1-834228961-62-HQ-83894-Section-10.pdf,183,PERSON,Adm. Serv
65-HS1-834228961-62-HQ-83894-Section-10.pdf,183,PERSON,Mr. Adams
65-HS1-834228961-62-HQ-83894-Section-10.pdf,183,PERSON,Mr. Boynton
65-HS1-834228961-62-HQ-83894-Section-10.pdf,183,ORG,FBI
65-HS1-834228961-62-HQ-83894-Section-10.pdf,183,DATE,6/14/77
65-HS1-834228961-62-HQ-83894-Section-2.pdf,1,ORG,FBI
65-HS1-834228961-62-HQ-83894-Section-2.pdf,2,ORG,FBI
65-HS1-834228961-62-HQ-83894-Section-2.pdf,2,ORG,SAC
65-HS1-834228961-62-HQ-83894-Section-2.pdf,2,DATE,"July 28, 1947"
65-HS1-834228961-62-HQ-83894-Section-2.pdf,4,ORG,SAC
65-HS1-834228961-62-HQ-83894-Section-2.pdf,6,DATE,"August 13, 1947"
65-HS1-834228961-62-HQ-83894-Section-2.pdf,6,DATE,"August 3, 1947"
65-HS1-834228961-62-HQ-83894-Section-2.pdf,8,PERSON,Mr. Qla
65-HS1-834228961-62-HQ-83894-Section-2.pdf,8,PERSON,Mr. Ladd
65-HS1-834228961-62-HQ-83894-Section-2.pdf,8,PERSON,Mr. Ntrhol
65-HS1-834228961-62-HQ-83894-Section-2.pdf,8,PERSON,Mr. Rosen
65-HS1-834228961-62-HQ-83894-Section-2.pdf,8,PERSON,Mr. Tran
65-HS1-834228961-62-HQ-83894-Section-2.pdf,8,ORG,FBI
65-HS1-834228961-62-HQ-83894-Section-2.pdf,10,ORG,FBI
65-HS1-834228961-62-HQ-83894-Section-2.pdf,12,PERSON,Mr. Ladd FROM
65-HS1-834228961-62-HQ-83894-Section-2.pdf,12,PERSON,Mrs. Laura
65-HS1-834228961-62-HQ-83894-Section-2.pdf,12,PERSON,Mrs. Laura Lane
65-HS1-834228961-62-HQ-83894-Section-2.pdf,14,ORG,FBI
65-HS1-834228961-62-HQ-83894-Section-2.pdf,17,PERSON,Mr. Reynolds
65-HS1-834228961-62-HQ-83894-Section-2.pdf,18,PERSON,Mr. Pennington
65-HS1-834228961-62-HQ-83894-Section-2.pdf,18,ORG,SAC
65-HS1-834228961-62-HQ-83894-Section-2.pdf,18,ORG,FBI
65-HS1-834228961-62-HQ-83894-Section-2.pdf,19,PERSON,Mr ShaveRbe
65-HS1-834228961-62-HQ-83894-Section-2.pdf,19,ORG,OAR
65-HS1-834228961-62-HQ-83894-Section-2.pdf,19,ORG,FBI
65-HS1-834228961-62-HQ-83894-Section-2.pdf,19,DATE,16 July 47
65-HS1-834228961-62-HQ-83894-Section-2.pdf,19,DATE,9 July 1947
65-HS1-834228961-62-HQ-83894-Section-2.pdf,24,PERSON,Mr. Tolaou
65-HS1-834228961-62-HQ-83894-Section-2.pdf,24,PERSON,Mr. Onntea
65-HS1-834228961-62-HQ-83894-Section-2.pdf,24,PERSON,Mr. KLS
65-HS1-834228961-62-HQ-83894-Section-2.pdf,24,ORG,FBI
65-HS1-834228961-62-HQ-83894-Section-2.pdf,24,ORG,SAFETY
65-HS1-834228961-62-HQ-83894-Section-2.pdf,26,ORG,IDA
65-HS1-834228961-62-HQ-83894-Section-2.pdf,26,ORG,FBI
65-HS1-834228961-62-HQ-83894-Section-2.pdf,28,ORG,SAC
65-HS1-834228961-62-HQ-83894-Section-2.pdf,28,DATE,"August 14, 1947"
65-HS1-834228961-62-HQ-83894-Section-2.pdf,31,DATE,"July 9, 1947"
65-HS1-834228961-62-HQ-83894-Section-2.pdf,38,ORG,FBI
65-HS1-834228961-62-HQ-83894-Section-2.pdf,44,DATE,"July 10, 1947"
65-HS1-834228961-62-HQ-83894-Section-2.pdf,46,ORG,FBI
65-HS1-834228961-62-HQ-83894-Section-2.pdf,46,DATE,"August 15, 1947"
65-HS1-834228961-62-HQ-83894-Section-2.pdf,48,MARKING,secret
65-HS1-834228961-62-HQ-83894-Section-2.pdf,49,ORG,FBI
65-HS1-834228961-62-HQ-83894-Section-2.pdf,50,PERSON,Mr. D. M. Ladd
65-HS1-834228961-62-HQ-83894-Section-2.pdf,52,PERSON,Mr. NOBLE ELLISON
65-HS1-834228961-62-HQ-83894-Section-2.pdf,52,DATE,"August 12, 1947"
65-HS1-834228961-62-HQ-83894-Section-2.pdf,55,PERSON,Mr. Laughlin
65-HS1-834228961-62-HQ-83894-Section-2.pdf,55,PERSON,Mr. Nease
65-HS1-834228961-62-HQ-83894-Section-2.pdf,55,PERSON,Mr. Tyler
65-HS1-834228961-62-HQ-83894-Section-2.pdf,57,ORG,FBI
65-HS1-834228961-62-HQ-83894-Section-2.pdf,57,ORG,IDA
65-HS1-834228961-62-HQ-83894-Section-2.pdf,61,ORG,FBI
65-HS1-834228961-62-HQ-83894-Section-2.pdf,63,ORG,SAC
65-HS1-834228961-62-HQ-83894-Section-2.pdf,63,ORG,IDA
65-HS1-834228961-62-HQ-83894-Section-2.pdf,66,ORG,SAC
65-HS1-834228961-62-HQ-83894-Section-2.pdf,68,PERSON,Mr. JOHN BARTL
65-HS1-834228961-62-HQ-83894-Section-2.pdf,68,PERSON,Mr. BAR
65-HS1-834228961-62-HQ-83894-Section-2.pdf,68,PERSON,Mr. BARrL
65-HS1-834228961-62-HQ-83894-Section-2.pdf,68,PERSON,Mr. BARI'L
65-HS1-834228961-62-HQ-83894-Section-2.pdf,68,ORG,SAC
65-HS1-834228961-62-HQ-83894-Section-2.pdf,68,DATE,"September 5, 1947"
65-HS1-834228961-62-HQ-83894-Section-2.pdf,68,DATE,"August 15, 1947"
65-HS1-834228961-62-HQ-83894-Section-2.pdf,68,DATE,"August 7, 1947"
65-HS1-834228961-62-HQ-83894-Section-2.pdf,75,ORG,FBI
65-HS1-834228961-62-HQ-83894-Section-2.pdf,75,ORG,SAC
65-HS1-834228961-62-HQ-83894-Section-2.pdf,75,DATE,"July 30, 1947"
65-HS1-834228961-62-HQ-83894-Section-2.pdf,75,DATE,"July 26, 1947"
65-HS1-834228961-62-HQ-83894-Section-2.pdf,91,ORG,SAC
65-HS1-834228961-62-HQ-83894-Section-2.pdf,91,ORG,FBI
65-HS1-834228961-62-HQ-83894-Section-2.pdf,91,DATE,"September 5, 1947"
65-HS1-834228961-62-HQ-83894-Section-2.pdf,91,DATE,"August 20, 1947"
65-HS1-834228961-62-HQ-83894-Section-2.pdf,92,ORG,FBI
65-HS1-834228961-62-HQ-83894-Section-2.pdf,94,PERSON,Mrs. HAYMO
65-HS1-834228961-62-HQ-83894-Section-2.pdf,94,PERSON,Mrs. DUPUIS
65-HS1-834228961-62-HQ-83894-Section-2.pdf,94,ORG,SAC
65-HS1-834228961-62-HQ-83894-Section-2.pdf,96,PERSON,Mr. Tolson
65-HS1-834228961-62-HQ-83894-Section-2.pdf,96,PERSON,Mr. Clegg
65-HS1-834228961-62-HQ-83894-Section-2.pdf,96,PERSON,Mr. Griffee
65-HS1-834228961-62-HQ-83894-Section-2.pdf,96,DATE,"August 22, 1947"
65-HS1-834228961-62-HQ-83894-Section-2.pdf,96,DATE,"August 19, 1947"
65-HS1-834228961-62-HQ-83894-Section-2.pdf,98,DATE,"September 26, 1947"
65-HS1-834228961-62-HQ-83894-Section-2.pdf,99,ORG,SAC
65-HS1-834228961-62-HQ-83894-Section-2.pdf,99,ORG,FBI
65-HS1-834228961-62-HQ-83894-Section-2.pdf,102,PERSON,Mr. Tracy Mr. Carson Mr
65-HS1-834228961-62-HQ-83894-Section-2.pdf,102,PERSON,Mr. Gurnea
65-HS1-834228961-62-HQ-83894-Section-2.pdf,102,PERSON,Mr. Harbo Winchell. Mr. Hendon
65-HS1-834228961-62-HQ-83894-Section-2.pdf,102,PERSON,Mr. Jones Mr. Pennington
65-HS1-834228961-62-HQ-83894-Section-2.pdf,102,PERSON,Mr. Nease
65-HS1-834228961-62-HQ-83894-Section-2.pdf,106,PERSON,Gen. Nathan
65-HS1-834228961-62-HQ-83894-Section-2.pdf,106,PERSON,Gen. Patrick Hurlev
65-HS1-834228961-62-HQ-83894-Section-2.pdf,111,DATE,"August 28, 1947"
65-HS1-834228961-62-HQ-83894-Section-2.pdf,111,DATE,"August 14, 1947"
65-HS1-834228961-62-HQ-83894-Section-2.pdf,113,PERSON,Mr. Harbo
65-HS1-834228961-62-HQ-83894-Section-2.pdf,113,PERSON,Mrs. J
65-HS1-834228961-62-HQ-83894-Section-2.pdf,113,PERSON,Mrs. Jlixon
65-HS1-834228961-62-HQ-83894-Section-2.pdf,113,DATE,"August 28, 1947"
65-HS1-834228961-62-HQ-83894-Section-2.pdf,114,PERSON,Lt Wd OJ Lk
65-HS1-834228961-62-HQ-83894-Section-2.pdf,115,PERSON,Mr. GEORGE FUGATE
65-HS1-834228961-62-HQ-83894-Section-2.pdf,115,PERSON,Mr. FUGATE
65-HS1-834228961-62-HQ-83894-Section-2.pdf,115,PERSON,Mr. KIMBALL
65-HS1-834228961-62-HQ-83894-Section-2.pdf,115,ORG,FBI
65-HS1-834228961-62-HQ-83894-Section-2.pdf,115,ORG,SAC
65-HS1-834228961-62-HQ-83894-Section-2.pdf,115,DATE,"August 28, 1947"
65-HS1-834228961-62-HQ-83894-Section-2.pdf,115,DATE,"September 2, 1947"
65-HS1-834228961-62-HQ-83894-Section-2.pdf,117,PERSON,Mr. RHODES
65-HS1-834228961-62-HQ-83894-Section-2.pdf,117,PERSON,Mr. RHODF.S
65-HS1-834228961-62-HQ-83894-Section-2.pdf,117,PERSON,Mr. RHODFS
65-HS1-834228961-62-HQ-83894-Section-2.pdf,117,DATE,"August 4, 1947"
65-HS1-834228961-62-HQ-83894-Section-2.pdf,118,PERSON,Mr. RHODES
65-HS1-834228961-62-HQ-83894-Section-2.pdf,118,PERSON,Mr. BROWER
65-HS1-834228961-62-HQ-83894-Section-2.pdf,118,PERSON,Mr. FUGATE
65-HS1-834228961-62-HQ-83894-Section-2.pdf,118,PERSON,Mr. RHODE.S
65-HS1-834228961-62-HQ-83894-Section-2.pdf,118,PERSON,Mr. RHODF.S
65-HS1-834228961-62-HQ-83894-Section-2.pdf,118,PERSON,Mr. FUGATE'S
65-HS1-834228961-62-HQ-83894-Section-2.pdf,118,ORG,FBI
65-HS1-834228961-62-HQ-83894-Section-2.pdf,118,MARKING,top secret
65-HS1-834228961-62-HQ-83894-Section-2.pdf,119,PERSON,Mr. RHODES
65-HS1-834228961-62-HQ-83894-Section-2.pdf,119,DATE,"August 30, 1947"
65-HS1-834228961-62-HQ-83894-Section-2.pdf,120,ORG,FBI
65-HS1-834228961-62-HQ-83894-Section-2.pdf,122,ORG,FBI
65-HS1-834228961-62-HQ-83894-Section-2.pdf,124,MARKING,CONFIDENTIAL
65-HS1-834228961-62-HQ-83894-Section-2.pdf,125,PERSON,Mr. ReJD
65-HS1-834228961-62-HQ-83894-Section-2.pdf,125,DATE,9/16/47
65-HS1-834228961-62-HQ-83894-Section-2.pdf,127,PERSON,Mr. JOHNSOO
65-HS1-834228961-62-HQ-83894-Section-2.pdf,127,ORG,FBI
65-HS1-834228961-62-HQ-83894-Section-2.pdf,127,DATE,"September 4, 1947"
65-HS1-834228961-62-HQ-83894-Section-2.pdf,127,DATE,"June 24, 1947"
65-HS1-834228961-62-HQ-83894-Section-2.pdf,129,PERSON,Mr. Reynolds
65-HS1-834228961-62-HQ-83894-Section-2.pdf,129,ORG,FBI
65-HS1-834228961-62-HQ-83894-Section-2.pdf,131,PERSON,Mr. Reynolds
65-HS1-834228961-62-HQ-83894-Section-2.pdf,131,ORG,FBI
65-HS1-834228961-62-HQ-83894-Section-2.pdf,134,PERSON,Mr. Pennington
65-HS1-834228961-62-HQ-83894-Section-2.pdf,138,PERSON,Mr. Ei
65-HS1-834228961-62-HQ-83894-Section-2.pdf,138,ORG,FBI
65-HS1-834228961-62-HQ-83894-Section-2.pdf,138,ORG,SAC
65-HS1-834228961-62-HQ-83894-Section-2.pdf,138,ORG,IDA
65-HS1-834228961-62-HQ-83894-Section-2.pdf,140,ORG,SAFETY
65-HS1-834228961-62-HQ-83894-Section-2.pdf,142,ORG,IDA
65-HS1-834228961-62-HQ-83894-Section-2.pdf,144,ORG,IDA
65-HS1-834228961-62-HQ-83894-Section-2.pdf,144,ORG,FBI
65-HS1-834228961-62-HQ-83894-Section-2.pdf,146,ORG,FBI
65-HS1-834228961-62-HQ-83894-Section-2.pdf,146,ORG,SAC
65-HS1-834228961-62-HQ-83894-Section-2.pdf,146,ORG,IDA
65-HS1-834228961-62-HQ-83894-Section-2.pdf,148,ORG,IDA
65-HS1-834228961-62-HQ-83894-Section-2.pdf,148,ORG,FBI
65-HS1-834228961-62-HQ-83894-Section-2.pdf,150,PERSON,Mr Cun
65-HS1-834228961-62-HQ-83894-Section-2.pdf,154,PERSON,Mrs. A
65-HS1-834228961-62-HQ-83894-Section-2.pdf,154,PERSON,Mr. ALTSCHUL
65-HS1-834228961-62-HQ-83894-Section-2.pdf,154,ORG,FBI
65-HS1-834228961-62-HQ-83894-Section-2.pdf,154,DATE,"September 4, 1947"
65-HS1-834228961-62-HQ-83894-Section-2.pdf,157,PERSON,Mr. J. P. Coy DATE
65-HS1-834228961-62-HQ-83894-Section-2.pdf,157,PERSON,Mr. Tolson
65-HS1-834228961-62-HQ-83894-Section-2.pdf,157,PERSON,Mr. Clegg Mr. Glav
65-HS1-834228961-62-HQ-83894-Section-2.pdf,157,PERSON,Mr. Egan
65-HS1-834228961-62-HQ-83894-Section-2.pdf,157,PERSON,Mr. Gurnea
65-HS1-834228961-62-HQ-83894-Section-2.pdf,157,PERSON,Mrs. Sarbanis
65-HS1-834228961-62-HQ-83894-Section-2.pdf,157,ORG,FBI
65-HS1-834228961-62-HQ-83894-Section-2.pdf,157,DATE,9/17/47
65-HS1-834228961-62-HQ-83894-Section-2.pdf,157,DATE,"September 4, 1947"
65-HS1-834228961-62-HQ-83894-Section-2.pdf,159,PERSON,Mr. KENNETH RNOLD
65-HS1-834228961-62-HQ-83894-Section-2.pdf,159,PERSON,Mr. ARNOLD
65-HS1-834228961-62-HQ-83894-Section-2.pdf,159,ORG,FBI
65-HS1-834228961-62-HQ-83894-Section-2.pdf,159,ORG,SAC
65-HS1-834228961-62-HQ-83894-Section-2.pdf,159,DATE,"July 12, 1947"
65-HS1-834228961-62-HQ-83894-Section-2.pdf,160,ORG,ADC
65-HS1-834228961-62-HQ-83894-Section-2.pdf,160,DATE,24 June 1947
65-HS1-834228961-62-HQ-83894-Section-2.pdf,160,DATE,9 July 1947
65-HS1-834228961-62-HQ-83894-Section-2.pdf,160,DATE,4 July 1947
65-HS1-834228961-62-HQ-83894-Section-2.pdf,160,DATE,5 July 1947
65-HS1-834228961-62-HQ-83894-Section-2.pdf,161,DATE,16 July 1947
65-HS1-834228961-62-HQ-83894-Section-2.pdf,161,DATE,12 July 1947
65-HS1-834228961-62-HQ-83894-Section-2.pdf,166,PERSON,Capt Smith
65-HS1-834228961-62-HQ-83894-Section-2.pdf,167,ORG,FBI
65-HS1-834228961-62-HQ-83894-Section-2.pdf,168,PERSON,Mr. Kenneth Arnold
65-HS1-834228961-62-HQ-83894-Section-2.pdf,168,PERSON,Mr. Arnold
65-HS1-834228961-62-HQ-83894-Section-2.pdf,168,PERSON,Mr. Johnson
65-HS1-834228961-62-HQ-83894-Section-2.pdf,168,PERSON,Mr. Arnol
65-HS1-834228961-62-HQ-83894-Section-2.pdf,168,DATE,26 June 1947
65-HS1-834228961-62-HQ-83894-Section-2.pdf,171,PERSON,Mr. Brown
65-HS1-834228961-62-HQ-83894-Section-2.pdf,174,DATE,16 July 1947
65-HS1-834228961-62-HQ-83894-Section-2.pdf,174,DATE,12 July 1947
65-HS1-834228961-62-HQ-83894-Section-2.pdf,175,DATE,14 July 1947
65-HS1-834228961-62-HQ-83894-Section-2.pdf,176,PERSON,Sgt Edward
65-HS1-834228961-62-HQ-83894-Section-2.pdf,176,PERSON,Sgt Baker
65-HS1-834228961-62-HQ-83894-Section-2.pdf,176,DATE,15 July 1947
65-HS1-834228961-62-HQ-83894-Section-2.pdf,176,DATE,8 July 1947
65-HS1-834228961-62-HQ-83894-Section-2.pdf,177,PERSON,Mr. H. H
65-HS1-834228961-62-HQ-83894-Section-2.pdf,177,PERSON,Mr. HEDSTROM
65-HS1-834228961-62-HQ-83894-Section-2.pdf,177,PERSON,Mrs. HENRY SHULTZ
65-HS1-834228961-62-HQ-83894-Section-2.pdf,177,PERSON,Mrs. HEDSTROM
65-HS1-834228961-62-HQ-83894-Section-2.pdf,177,PERSON,Mrs. SHULTZ
65-HS1-834228961-62-HQ-83894-Section-2.pdf,177,PERSON,Mrs. HEDSTR
65-HS1-834228961-62-HQ-83894-Section-2.pdf,177,PERSON,Mr. FRAZIER
65-HS1-834228961-62-HQ-83894-Section-2.pdf,177,PERSON,Mrs. SHULTZ. Mrs. SHULTZ
65-HS1-834228961-62-HQ-83894-Section-2.pdf,177,ORG,FBI
65-HS1-834228961-62-HQ-83894-Section-2.pdf,177,ORG,SAC
65-HS1-834228961-62-HQ-83894-Section-2.pdf,177,DATE,"September 2, 1947"
65-HS1-834228961-62-HQ-83894-Section-2.pdf,177,DATE,"August 20, 1947"
65-HS1-834228961-62-HQ-83894-Section-2.pdf,177,DATE,"August 19, 1947"
65-HS1-834228961-62-HQ-83894-Section-2.pdf,179,PERSON,Mr. HEDSTROM
65-HS1-834228961-62-HQ-83894-Section-2.pdf,179,PERSON,Mr. FRAZIER
65-HS1-834228961-62-HQ-83894-Section-2.pdf,180,PERSON,Lt. Col. OONALD L. SPRmGER
65-HS1-834228961-62-HQ-83894-Section-2.pdf,180,ORG,FBI
65-HS1-834228961-62-HQ-83894-Section-2.pdf,180,ORG,SAC
65-HS1-834228961-62-HQ-83894-Section-2.pdf,180,DATE,"Septenber 4, 1947"
65-HS1-834228961-62-HQ-83894-Section-2.pdf,180,DATE,"August 28, 1947"
65-HS1-834228961-62-HQ-83894-Section-2.pdf,180,DATE,"July 30, 1947"
65-HS1-834228961-62-HQ-83894-Section-2.pdf,180,DATE,"August 4, 1947"
65-HS1-834228961-62-HQ-83894-Section-2.pdf,182,ORG,FBI
65-HS1-834228961-62-HQ-83894-Section-2.pdf,182,DATE,19 August 1947
65-HS1-834228961-62-HQ-83894-Section-2.pdf,182,LOCATOR,Room 422
65-HS1-834228961-62-HQ-83894-Section-2.pdf,184,ORG,FBI
65-HS1-834228961-62-HQ-83894-Section-2.pdf,184,ORG,SAC
65-HS1-834228961-62-HQ-83894-Section-2.pdf,184,DATE,"July 15, 1947"
65-HS1-834228961-62-HQ-83894-Section-2.pdf,186,MARKING,DECLASSIFIED
65-HS1-834228961-62-HQ-83894-Section-2.pdf,190,ORG,FBI
65-HS1-834228961-62-HQ-83894-Section-2.pdf,190,ORG,SAC
65-HS1-834228961-62-HQ-83894-Section-2.pdf,190,DATE,"August 27, 1947"
65-HS1-834228961-62-HQ-83894-Section-2.pdf,192,PERSON,Mr. WENYON
65-HS1-834228961-62-HQ-83894-Section-2.pdf,193,PERSON,Mr. WENYON
65-HS1-834228961-62-HQ-83894-Section-2.pdf,193,PERSON,Mr. WENYON. No
65-HS1-834228961-62-HQ-83894-Section-2.pdf,193,ORG,FBI
65-HS1-834228961-62-HQ-83894-Section-2.pdf,193,DATE,9/4/47
65-HS1-834228961-62-HQ-83894-Section-2.pdf,194,PERSON,Mr. Later
65-HS1-834228961-62-HQ-83894-Section-2.pdf,194,PERSON,Mr. But
65-HS1-834228961-62-HQ-83894-Section-2.pdf,194,PERSON,Mr. Wenyon
65-HS1-834228961-62-HQ-83894-Section-2.pdf,194,PERSON,Gen. Cari Spaatz
65-HS1-834228961-62-HQ-83894-Section-2.pdf,194,PERSON,Mr. Wenyon's
65-HS1-834228961-62-HQ-83894-Section-2.pdf,194,MARKING,secret
65-HS1-834228961-62-HQ-83894-Section-3.pdf,2,PERSON,Lt. Col.. DONALD L. SPRINGER
65-HS1-834228961-62-HQ-83894-Section-3.pdf,2,PERSON,Col. SPRINGER
65-HS1-834228961-62-HQ-83894-Section-3.pdf,2,PERSON,Mr. JOHNSON
65-HS1-834228961-62-HQ-83894-Section-3.pdf,2,PERSON,Mr. F
65-HS1-834228961-62-HQ-83894-Section-3.pdf,2,PERSON,Mr. F. M. JOHNSON
65-HS1-834228961-62-HQ-83894-Section-3.pdf,2,ORG,FBI
65-HS1-834228961-62-HQ-83894-Section-3.pdf,2,ORG,SAC
65-HS1-834228961-62-HQ-83894-Section-3.pdf,2,DATE,"August 25, 1947"
65-HS1-834228961-62-HQ-83894-Section-3.pdf,2,DATE,"July 30, 1947"
65-HS1-834228961-62-HQ-83894-Section-3.pdf,2,DATE,"June 24, 1947"
65-HS1-834228961-62-HQ-83894-Section-3.pdf,3,PERSON,Mr. Johnson
65-HS1-834228961-62-HQ-83894-Section-3.pdf,3,PERSON,Lt. Colonel
65-HS1-834228961-62-HQ-83894-Section-3.pdf,3,ORG,FBI
65-HS1-834228961-62-HQ-83894-Section-3.pdf,3,LOCATOR,Room 422
65-HS1-834228961-62-HQ-83894-Section-3.pdf,4,PERSON,Lt. Col. Donald L. Springer
65-HS1-834228961-62-HQ-83894-Section-3.pdf,4,MARKING,CONFIDENTIAL
65-HS1-834228961-62-HQ-83894-Section-3.pdf,5,PERSON,Lt. Col. DONALD L. SPRINGER
65-HS1-834228961-62-HQ-83894-Section-3.pdf,5,ORG,FBI
65-HS1-834228961-62-HQ-83894-Section-3.pdf,5,ORG,SAC
65-HS1-834228961-62-HQ-83894-Section-3.pdf,5,DATE,"Septanber 4, 1937"
65-HS1-834228961-62-HQ-83894-Section-3.pdf,5,DATE,"August 27, 1947"
65-HS1-834228961-62-HQ-83894-Section-3.pdf,8,PERSON,Lt. Colonel
65-HS1-834228961-62-HQ-83894-Section-3.pdf,8,ORG,FBI
65-HS1-834228961-62-HQ-83894-Section-3.pdf,8,LOCATOR,Room 422
65-HS1-834228961-62-HQ-83894-Section-3.pdf,9,PERSON,Lt. Colonel
65-HS1-834228961-62-HQ-83894-Section-3.pdf,9,ORG,FBI
65-HS1-834228961-62-HQ-83894-Section-3.pdf,9,DATE,27 August 1947
65-HS1-834228961-62-HQ-83894-Section-3.pdf,10,MARKING,CONFIDENTIAL
65-HS1-834228961-62-HQ-83894-Section-3.pdf,12,MARKING,CONFIDENTIAL
65-HS1-834228961-62-HQ-83894-Section-3.pdf,14,PERSON,Lt. Offl'l
65-HS1-834228961-62-HQ-83894-Section-3.pdf,14,PERSON,Capt. Da-r
65-HS1-834228961-62-HQ-83894-Section-3.pdf,14,PERSON,Capt. Smi
65-HS1-834228961-62-HQ-83894-Section-3.pdf,17,MARKING,CONFIDENTIAL
65-HS1-834228961-62-HQ-83894-Section-3.pdf,26,DATE,"July 18, 1947"
65-HS1-834228961-62-HQ-83894-Section-3.pdf,29,ORG,FBI
65-HS1-834228961-62-HQ-83894-Section-3.pdf,29,ORG,IDA
65-HS1-834228961-62-HQ-83894-Section-3.pdf,31,PERSON,Mr. D. M. Ladd
65-HS1-834228961-62-HQ-83894-Section-3.pdf,33,DATE,"August 14, 1947"
65-HS1-834228961-62-HQ-83894-Section-3.pdf,33,DATE,"August 1, 1947"
65-HS1-834228961-62-HQ-83894-Section-3.pdf,33,DATE,"August 7, 1947"
65-HS1-834228961-62-HQ-83894-Section-3.pdf,33,DATE,"July 31, 1947"
65-HS1-834228961-62-HQ-83894-Section-3.pdf,35,ORG,FBI
65-HS1-834228961-62-HQ-83894-Section-3.pdf,35,DATE,"August 18, 1947"
65-HS1-834228961-62-HQ-83894-Section-3.pdf,35,DATE,"August 1, 1947"
65-HS1-834228961-62-HQ-83894-Section-3.pdf,35,DATE,"July 30, 1947"
65-HS1-834228961-62-HQ-83894-Section-3.pdf,36,DATE,"August 19, 1947"
65-HS1-834228961-62-HQ-83894-Section-3.pdf,36,DATE,"July 31, 1947"
65-HS1-834228961-62-HQ-83894-Section-3.pdf,36,DATE,"August 1, 1947"
65-HS1-834228961-62-HQ-83894-Section-3.pdf,36,DATE,"August 2, 1947"
65-HS1-834228961-62-HQ-83894-Section-3.pdf,37,PERSON,Mr. VOGEL
65-HS1-834228961-62-HQ-83894-Section-3.pdf,37,PERSON,Mr. VOGSL
65-HS1-834228961-62-HQ-83894-Section-3.pdf,37,DATE,4 August 19
65-HS1-834228961-62-HQ-83894-Section-3.pdf,37,DATE,"July 31, 1947"
65-HS1-834228961-62-HQ-83894-Section-3.pdf,38,DATE,"August 19, 1947"
65-HS1-834228961-62-HQ-83894-Section-3.pdf,38,MARKING,confidential
65-HS1-834228961-62-HQ-83894-Section-3.pdf,39,DATE,"August 19, 1947"
65-HS1-834228961-62-HQ-83894-Section-3.pdf,40,DATE,"August 19, 1947"
65-HS1-834228961-62-HQ-83894-Section-3.pdf,40,MARKING,top secret
65-HS1-834228961-62-HQ-83894-Section-3.pdf,41,DATE,"August 19, 1947"
65-HS1-834228961-62-HQ-83894-Section-3.pdf,41,DATE,"August 5, 1947"
65-HS1-834228961-62-HQ-83894-Section-3.pdf,42,DATE,"August 19, 1947"
65-HS1-834228961-62-HQ-83894-Section-3.pdf,43,DATE,"August 19, 1947"
65-HS1-834228961-62-HQ-83894-Section-3.pdf,43,DATE,"August 12, 1947"
65-HS1-834228961-62-HQ-83894-Section-3.pdf,44,DATE,"August 19, 1947"
65-HS1-834228961-62-HQ-83894-Section-3.pdf,45,ORG,SAC
65-HS1-834228961-62-HQ-83894-Section-3.pdf,45,DATE,"August 19, 1947"
65-HS1-834228961-62-HQ-83894-Section-3.pdf,45,DATE,"August 1, 1947"
65-HS1-834228961-62-HQ-83894-Section-3.pdf,46,DATE,"August 19, 1947"
65-HS1-834228961-62-HQ-83894-Section-3.pdf,47,DATE,"August 19, 1947"
65-HS1-834228961-62-HQ-83894-Section-3.pdf,47,MARKING,confidential
65-HS1-834228961-62-HQ-83894-Section-3.pdf,48,DATE,"August 19, 1947"
65-HS1-834228961-62-HQ-83894-Section-3.pdf,48,DATE,"August 3, 1947"
65-HS1-834228961-62-HQ-83894-Section-3.pdf,49,DATE,"August 19, 1947"
65-HS1-834228961-62-HQ-83894-Section-3.pdf,49,DATE,"August 8, 1947"
65-HS1-834228961-62-HQ-83894-Section-3.pdf,52,PERSON,Mr. Dahl
65-HS1-834228961-62-HQ-83894-Section-3.pdf,52,LOCATOR,Room 502
65-HS1-834228961-62-HQ-83894-Section-3.pdf,53,PERSON,Mr. Dahl. At
65-HS1-834228961-62-HQ-83894-Section-3.pdf,53,PERSON,Mr. Dahl
65-HS1-834228961-62-HQ-83894-Section-3.pdf,53,PERSON,Mr. Arnold
65-HS1-834228961-62-HQ-83894-Section-3.pdf,54,PERSON,Mr. Arnold
65-HS1-834228961-62-HQ-83894-Section-3.pdf,54,PERSON,Mr. Crinmon
65-HS1-834228961-62-HQ-83894-Section-3.pdf,54,PERSON,Mr. Dahl
65-HS1-834228961-62-HQ-83894-Section-3.pdf,54,PERSON,Mr. Brown
65-HS1-834228961-62-HQ-83894-Section-3.pdf,54,PERSON,Mr. Crismon
65-HS1-834228961-62-HQ-83894-Section-3.pdf,55,PERSON,Mr. Crismon
65-HS1-834228961-62-HQ-83894-Section-3.pdf,55,PERSON,Mr. Arnold
65-HS1-834228961-62-HQ-83894-Section-3.pdf,55,PERSON,Mr. Dahl
65-HS1-834228961-62-HQ-83894-Section-3.pdf,55,PERSON,Mr. Lantz
65-HS1-834228961-62-HQ-83894-Section-3.pdf,56,PERSON,Mr. Lantz
65-HS1-834228961-62-HQ-83894-Section-3.pdf,56,PERSON,Mr. Marlllo
65-HS1-834228961-62-HQ-83894-Section-3.pdf,56,PERSON,Mr. Smith
65-HS1-834228961-62-HQ-83894-Section-3.pdf,56,PERSON,Mr. Arnold
65-HS1-834228961-62-HQ-83894-Section-3.pdf,56,PERSON,Mr. Arnold's
65-HS1-834228961-62-HQ-83894-Section-3.pdf,60,PERSON,Mr. R
65-HS1-834228961-62-HQ-83894-Section-3.pdf,60,PERSON,Mr. RAY A
65-HS1-834228961-62-HQ-83894-Section-3.pdf,60,ORG,FBI
65-HS1-834228961-62-HQ-83894-Section-3.pdf,60,ORG,SAC
65-HS1-834228961-62-HQ-83894-Section-3.pdf,60,DATE,"August 26, 1947"
65-HS1-834228961-62-HQ-83894-Section-3.pdf,60,DATE,"August 18, 1947"
65-HS1-834228961-62-HQ-83894-Section-3.pdf,60,DATE,"August 20, 1947"
65-HS1-834228961-62-HQ-83894-Section-3.pdf,60,DATE,"August 14, 1947"
65-HS1-834228961-62-HQ-83894-Section-3.pdf,77,PERSON,Lt. Colonel DONALD L. SPRE
65-HS1-834228961-62-HQ-83894-Section-3.pdf,77,ORG,SAC
65-HS1-834228961-62-HQ-83894-Section-3.pdf,77,DATE,"August 26, 1947"
65-HS1-834228961-62-HQ-83894-Section-3.pdf,77,DATE,"September 10, 1947"
65-HS1-834228961-62-HQ-83894-Section-3.pdf,85,ORG,FBI
65-HS1-834228961-62-HQ-83894-Section-3.pdf,85,ORG,IDA
65-HS1-834228961-62-HQ-83894-Section-3.pdf,87,PERSON,Lt. Colonel DONALD SPRINGER
65-HS1-834228961-62-HQ-83894-Section-3.pdf,87,PERSON,Mr. FUGATE
65-HS1-834228961-62-HQ-83894-Section-3.pdf,87,PERSON,Mr. RHOADS
65-HS1-834228961-62-HQ-83894-Section-3.pdf,87,ORG,FBI
65-HS1-834228961-62-HQ-83894-Section-3.pdf,87,ORG,SAC
65-HS1-834228961-62-HQ-83894-Section-3.pdf,87,DATE,"August 27, 1947"
65-HS1-834228961-62-HQ-83894-Section-3.pdf,87,DATE,"July 7, 1947"
65-HS1-834228961-62-HQ-83894-Section-3.pdf,87,DATE,"August 8, 1947"
65-HS1-834228961-62-HQ-83894-Section-3.pdf,87,DATE,"August 4, 1947"
65-HS1-834228961-62-HQ-83894-Section-3.pdf,89,ORG,FBI
65-HS1-834228961-62-HQ-83894-Section-3.pdf,89,ORG,SAC
65-HS1-834228961-62-HQ-83894-Section-3.pdf,89,DATE,"June 26, 1947"
65-HS1-834228961-62-HQ-83894-Section-3.pdf,89,DATE,"July 30, 1947"
65-HS1-834228961-62-HQ-83894-Section-3.pdf,91,ORG,FBI
65-HS1-834228961-62-HQ-83894-Section-3.pdf,91,DATE,"August 27, 1947"
65-HS1-834228961-62-HQ-83894-Section-3.pdf,91,DATE,"June 21, 1947"
65-HS1-834228961-62-HQ-83894-Section-3.pdf,92,ORG,FBI
65-HS1-834228961-62-HQ-83894-Section-3.pdf,92,DATE,"August 27, 1947"
65-HS1-834228961-62-HQ-83894-Section-3.pdf,92,DATE,"July 31, 1947"
65-HS1-834228961-62-HQ-83894-Section-3.pdf,93,ORG,FBI
65-HS1-834228961-62-HQ-83894-Section-3.pdf,93,DATE,"August 27, 1947"
65-HS1-834228961-62-HQ-83894-Section-3.pdf,94,ORG,FBI
65-HS1-834228961-62-HQ-83894-Section-3.pdf,94,DATE,"August 27, 1947"
65-HS1-834228961-62-HQ-83894-Section-3.pdf,94,DATE,"August 5, 1947"
65-HS1-834228961-62-HQ-83894-Section-3.pdf,95,ORG,FBI
65-HS1-834228961-62-HQ-83894-Section-3.pdf,95,DATE,"August 27, 1947"
65-HS1-834228961-62-HQ-83894-Section-3.pdf,98,PERSON,Mr. Kenneth Arnold
65-HS1-834228961-62-HQ-83894-Section-3.pdf,99,PERSON,Mr. Maurice Roddy
65-HS1-834228961-62-HQ-83894-Section-3.pdf,99,PERSON,Mr. Sir
65-HS1-834228961-62-HQ-83894-Section-3.pdf,102,PERSON,Mr. Kenneth Arnold
65-HS1-834228961-62-HQ-83894-Section-3.pdf,102,PERSON,Mr. Arnold
65-HS1-834228961-62-HQ-83894-Section-3.pdf,114,ORG,IDA
65-HS1-834228961-62-HQ-83894-Section-3.pdf,115,ORG,FBI
65-HS1-834228961-62-HQ-83894-Section-3.pdf,117,PERSON,Mr. Oleg
65-HS1-834228961-62-HQ-83894-Section-3.pdf,117,ORG,FBI
65-HS1-834228961-62-HQ-83894-Section-3.pdf,119,PERSON,Mr. I'
65-HS1-834228961-62-HQ-83894-Section-3.pdf,119,ORG,FBI
65-HS1-834228961-62-HQ-83894-Section-3.pdf,120,ORG,FBI
65-HS1-834228961-62-HQ-83894-Section-3.pdf,123,ORG,FBI
65-HS1-834228961-62-HQ-83894-Section-3.pdf,123,ORG,SAC
65-HS1-834228961-62-HQ-83894-Section-3.pdf,123,DATE,"August 20, 1947"
65-HS1-834228961-62-HQ-83894-Section-3.pdf,123,DATE,"August 13, 1947"
65-HS1-834228961-62-HQ-83894-Section-3.pdf,128,ORG,IDA
65-HS1-834228961-62-HQ-83894-Section-3.pdf,129,PERSON,Mrs. Phil A. Snow. School
65-HS1-834228961-62-HQ-83894-Section-3.pdf,129,PERSON,Mrs. Rudy Wageman
65-HS1-834228961-62-HQ-83894-Section-3.pdf,129,PERSON,Mrs. Rolls
65-HS1-834228961-62-HQ-83894-Section-3.pdf,129,PERSON,Mrs. Robert Van Engelen
65-HS1-834228961-62-HQ-83894-Section-3.pdf,129,PERSON,Mrs. H. B. Hogue. Mrs
65-HS1-834228961-62-HQ-83894-Section-3.pdf,129,PERSON,Mrs. John Hawes
65-HS1-834228961-62-HQ-83894-Section-3.pdf,129,PERSON,Mrs. Robert Swanson
65-HS1-834228961-62-HQ-83894-Section-3.pdf,129,PERSON,Mrs. WENDELL
65-HS1-834228961-62-HQ-83894-Section-3.pdf,129,PERSON,Mrs. Swanson
65-HS1-834228961-62-HQ-83894-Section-3.pdf,129,PERSON,Mrs. Kenneth Ems
65-HS1-834228961-62-HQ-83894-Section-3.pdf,129,PERSON,Mrs. Mel
65-HS1-834228961-62-HQ-83894-Section-3.pdf,129,PERSON,Mrs. Geor
65-HS1-834228961-62-HQ-83894-Section-3.pdf,129,PERSON,Mrs. Clifton Refreshments
65-HS1-834228961-62-HQ-83894-Section-3.pdf,129,PERSON,Mrs. Ernie Vldun
65-HS1-834228961-62-HQ-83894-Section-3.pdf,129,PERSON,Mrs. Norma Lou Veneman
65-HS1-834228961-62-HQ-83894-Section-3.pdf,129,PERSON,Mrs. Sarah Adams
65-HS1-834228961-62-HQ-83894-Section-3.pdf,129,PERSON,Mrs. Harry Piper
65-HS1-834228961-62-HQ-83894-Section-3.pdf,129,PERSON,Mrs. Lyman
65-HS1-834228961-62-HQ-83894-Section-3.pdf,129,PERSON,Mrs. Orvil Adams
65-HS1-834228961-62-HQ-83894-Section-3.pdf,129,PERSON,Mrs. Howard Adams
65-HS1-834228961-62-HQ-83894-Section-3.pdf,129,PERSON,Mr. Claimed
65-HS1-834228961-62-HQ-83894-Section-3.pdf,129,PERSON,Mrs. Ellsworth Adams
65-HS1-834228961-62-HQ-83894-Section-3.pdf,129,PERSON,Mrs. Alice Miller
65-HS1-834228961-62-HQ-83894-Section-3.pdf,129,PERSON,Mr. Piper
65-HS1-834228961-62-HQ-83894-Section-3.pdf,129,PERSON,Mrs. Lake City
65-HS1-834228961-62-HQ-83894-Section-3.pdf,129,PERSON,Mrs. Harry Kinter
65-HS1-834228961-62-HQ-83894-Section-3.pdf,129,PERSON,Mrs. James F. Percha
65-HS1-834228961-62-HQ-83894-Section-3.pdf,129,ORG,IDA
65-HS1-834228961-62-HQ-83894-Section-3.pdf,129,DATE,"June 6, 1875"
65-HS1-834228961-62-HQ-83894-Section-3.pdf,131,ORG,FBI
65-HS1-834228961-62-HQ-83894-Section-3.pdf,135,DATE,"August. 20, 1947"
65-HS1-834228961-62-HQ-83894-Section-3.pdf,136,DATE,24 July 1947
65-HS1-834228961-62-HQ-83894-Section-3.pdf,136,DATE,23 July 1947
65-HS1-834228961-62-HQ-83894-Section-3.pdf,136,DATE,21 May 1947
65-HS1-834228961-62-HQ-83894-Section-3.pdf,138,PERSON,Mr. Arnold
65-HS1-834228961-62-HQ-83894-Section-3.pdf,138,PERSON,Mr. Arnold's
65-HS1-834228961-62-HQ-83894-Section-3.pdf,138,PERSON,Mr. Arnol
65-HS1-834228961-62-HQ-83894-Section-3.pdf,138,PERSON,Mr. Jrnold
65-HS1-834228961-62-HQ-83894-Section-3.pdf,138,PERSON,Mr. P.rnold
65-HS1-834228961-62-HQ-83894-Section-3.pdf,138,DATE,16 July 1947
65-HS1-834228961-62-HQ-83894-Section-3.pdf,138,DATE,12 July 1947
65-HS1-834228961-62-HQ-83894-Section-3.pdf,143,ORG,FBI
65-HS1-834228961-62-HQ-83894-Section-3.pdf,145,ORG,FBI
65-HS1-834228961-62-HQ-83894-Section-3.pdf,147,ORG,FBI
65-HS1-834228961-62-HQ-83894-Section-3.pdf,147,ORG,SAC
65-HS1-834228961-62-HQ-83894-Section-3.pdf,147,DATE,"September 20, 1947"
65-HS1-834228961-62-HQ-83894-Section-3.pdf,147,DATE,"June 24, 1947"
65-HS1-834228961-62-HQ-83894-Section-3.pdf,149,ORG,FBI
65-HS1-834228961-62-HQ-83894-Section-3.pdf,149,DATE,"September 20, 1947"
65-HS1-834228961-62-HQ-83894-Section-3.pdf,149,DATE,"August 1, 1947"
65-HS1-834228961-62-HQ-83894-Section-3.pdf,150,ORG,FBI
65-HS1-834228961-62-HQ-83894-Section-3.pdf,150,DATE,"July 30, 1947"
65-HS1-834228961-62-HQ-83894-Section-3.pdf,152,ORG,FBI
65-HS1-834228961-62-HQ-83894-Section-3.pdf,153,ORG,FBI
65-HS1-834228961-62-HQ-83894-Section-3.pdf,153,ORG,SAC
65-HS1-834228961-62-HQ-83894-Section-3.pdf,153,DATE,"August 6, 1947"
65-HS1-834228961-62-HQ-83894-Section-3.pdf,153,LOCATOR,Room 1140
65-HS1-834228961-62-HQ-83894-Section-3.pdf,155,ORG,FBI
65-HS1-834228961-62-HQ-83894-Section-3.pdf,155,DATE,"September 18, 1947"
65-HS1-834228961-62-HQ-83894-Section-3.pdf,155,DATE,"August 6, 1947"
65-HS1-834228961-62-HQ-83894-Section-3.pdf,156,ORG,FBI
65-HS1-834228961-62-HQ-83894-Section-3.pdf,157,ORG,FBI
65-HS1-834228961-62-HQ-83894-Section-3.pdf,159,ORG,SAC
65-HS1-834228961-62-HQ-83894-Section-3.pdf,159,ORG,FBI
65-HS1-834228961-62-HQ-83894-Section-3.pdf,159,ORG,ADC
65-HS1-834228961-62-HQ-83894-Section-3.pdf,159,DATE,"September 25, 1947"
65-HS1-834228961-62-HQ-83894-Section-3.pdf,159,DATE,"July 30, 1947"
65-HS1-834228961-62-HQ-83894-Section-3.pdf,159,DATE,"September 19, 1947"
65-HS1-834228961-62-HQ-83894-Section-3.pdf,159,MARKING,secret
65-HS1-834228961-62-HQ-83894-Section-3.pdf,159,MARKING,restricted
65-HS1-834228961-62-HQ-83894-Section-3.pdf,161,ORG,FBI
65-HS1-834228961-62-HQ-83894-Section-3.pdf,161,ORG,ADC
65-HS1-834228961-62-HQ-83894-Section-3.pdf,161,DATE,3 September 1947
65-HS1-834228961-62-HQ-83894-Section-3.pdf,162,PERSON,Mr. Harbo
65-HS1-834228961-62-HQ-83894-Section-3.pdf,162,PERSON,Mrs. Whedon
65-HS1-834228961-62-HQ-83894-Section-3.pdf,162,MARKING,Top Secret
65-HS1-834228961-62-HQ-83894-Section-3.pdf,164,PERSON,Lt Cvl George OGJTOtt
65-HS1-834228961-62-HQ-83894-Section-3.pdf,164,PERSON,Lt. Col Oarret.t
65-HS1-834228961-62-HQ-83894-Section-3.pdf,164,ORG,FBI
65-HS1-834228961-62-HQ-83894-Section-3.pdf,164,DATE,25 August 1947
65-HS1-834228961-62-HQ-83894-Section-3.pdf,169,PERSON,Mr. KEITH HUGHES
65-HS1-834228961-62-HQ-83894-Section-3.pdf,169,PERSON,Mrs. BES KS
65-HS1-834228961-62-HQ-83894-Section-3.pdf,169,ORG,FBI
65-HS1-834228961-62-HQ-83894-Section-3.pdf,169,ORG,SAC
65-HS1-834228961-62-HQ-83894-Section-3.pdf,169,DATE,"September 10, 1947"
65-HS1-834228961-62-HQ-83894-Section-3.pdf,169,DATE,"September 8, 1947"
65-HS1-834228961-62-HQ-83894-Section-3.pdf,171,PERSON,Mrs. BESSIE HFNDRICKS
65-HS1-834228961-62-HQ-83894-Section-3.pdf,174,DATE,"September 19, 1947"
65-HS1-834228961-62-HQ-83894-Section-3.pdf,175,ORG,FBI
65-HS1-834228961-62-HQ-83894-Section-3.pdf,175,ORG,SAC
65-HS1-834228961-62-HQ-83894-Section-3.pdf,175,DATE,8/8/47
65-HS1-834228961-62-HQ-83894-Section-3.pdf,178,PERSON,Mr. BEN HAGER
65-HS1-834228961-62-HQ-83894-Section-3.pdf,178,PERSON,Mr. KEN GRPNT
65-HS1-834228961-62-HQ-83894-Section-3.pdf,178,PERSON,Mr. GRANT
65-HS1-834228961-62-HQ-83894-Section-3.pdf,178,ORG,FBI
65-HS1-834228961-62-HQ-83894-Section-3.pdf,178,ORG,SAC
65-HS1-834228961-62-HQ-83894-Section-3.pdf,178,DATE,"August 12, 1947"
65-HS1-834228961-62-HQ-83894-Section-3.pdf,180,PERSON,Mr. GRANT
65-HS1-834228961-62-HQ-83894-Section-3.pdf,180,PERSON,Mr. M. A. NICHOLS
65-HS1-834228961-62-HQ-83894-Section-3.pdf,180,PERSON,Mrs. GEORGE KROGSTADT
65-HS1-834228961-62-HQ-83894-Section-3.pdf,180,PERSON,Mr. THQi
65-HS1-834228961-62-HQ-83894-Section-3.pdf,180,PERSON,Mr. GERMAIN
65-HS1-834228961-62-HQ-83894-Section-3.pdf,180,ORG,FBI
65-HS1-834228961-62-HQ-83894-Section-3.pdf,180,DATE,8/26/47
65-HS1-834228961-62-HQ-83894-Section-3.pdf,181,ORG,FBI
65-HS1-834228961-62-HQ-83894-Section-3.pdf,181,DATE,"September 19, 1947"
65-HS1-834228961-62-HQ-83894-Section-3.pdf,181,DATE,"September 3, 1947"
65-HS1-834228961-62-HQ-83894-Section-3.pdf,183,ORG,FBI
65-HS1-834228961-62-HQ-83894-Section-3.pdf,183,DATE,9/19/47
65-HS1-834228961-62-HQ-83894-Section-3.pdf,184,ORG,FBI
65-HS1-834228961-62-HQ-83894-Section-3.pdf,184,ORG,ADC
65-HS1-834228961-62-HQ-83894-Section-3.pdf,184,DATE,3 September 1947
65-HS1-834228961-62-HQ-83894-Section-3.pdf,185,DATE,"July 30, 1947"
65-HS1-834228961-62-HQ-83894-Section-3.pdf,186,PERSON,Mr. H. R. PETERSON
65-HS1-834228961-62-HQ-83894-Section-3.pdf,186,ORG,FBI
65-HS1-834228961-62-HQ-83894-Section-3.pdf,186,DATE,"September 27, 1947"
65-HS1-834228961-62-HQ-83894-Section-4.pdf,1,ORG,FBI
65-HS1-834228961-62-HQ-83894-Section-4.pdf,2,ORG,FBI
65-HS1-834228961-62-HQ-83894-Section-4.pdf,2,ORG,SAC
65-HS1-834228961-62-HQ-83894-Section-4.pdf,2,DATE,"October 9, 1947"
65-HS1-834228961-62-HQ-83894-Section-4.pdf,2,DATE,"September 11, 1947"
65-HS1-834228961-62-HQ-83894-Section-4.pdf,4,DATE,"September 11, 1947"
65-HS1-834228961-62-HQ-83894-Section-4.pdf,4,DATE,"September 12, 1947"
65-HS1-834228961-62-HQ-83894-Section-4.pdf,5,PERSON,Mr. PECK
65-HS1-834228961-62-HQ-83894-Section-4.pdf,5,PERSON,Mr. DALY
65-HS1-834228961-62-HQ-83894-Section-4.pdf,5,ORG,FBI
65-HS1-834228961-62-HQ-83894-Section-4.pdf,5,ORG,SAC
65-HS1-834228961-62-HQ-83894-Section-4.pdf,5,DATE,10/18/47
65-HS1-834228961-62-HQ-83894-Section-4.pdf,6,PERSON,Mr. PECK
65-HS1-834228961-62-HQ-83894-Section-4.pdf,6,PERSON,Mr. DALY
65-HS1-834228961-62-HQ-83894-Section-4.pdf,7,PERSON,Mr. A. COURXNEY PARKER
65-HS1-834228961-62-HQ-83894-Section-4.pdf,7,ORG,FBI
65-HS1-834228961-62-HQ-83894-Section-4.pdf,7,ORG,SAC
65-HS1-834228961-62-HQ-83894-Section-4.pdf,7,DATE,9/25/47
65-HS1-834228961-62-HQ-83894-Section-4.pdf,14,PERSON,Mrs. A
65-HS1-834228961-62-HQ-83894-Section-4.pdf,17,PERSON,Mrs. Milo
65-HS1-834228961-62-HQ-83894-Section-4.pdf,17,PERSON,Mrs. Durand
65-HS1-834228961-62-HQ-83894-Section-4.pdf,17,DATE,"November 5, 1947"
65-HS1-834228961-62-HQ-83894-Section-4.pdf,19,ORG,FBI
65-HS1-834228961-62-HQ-83894-Section-4.pdf,20,PERSON,Mr. Tols
65-HS1-834228961-62-HQ-83894-Section-4.pdf,21,PERSON,Dr. Cranwell
65-HS1-834228961-62-HQ-83894-Section-4.pdf,28,ORG,FBI
65-HS1-834228961-62-HQ-83894-Section-4.pdf,28,DATE,"January 14, 1948"
65-HS1-834228961-62-HQ-83894-Section-4.pdf,28,DATE,"January 5, 1948"
65-HS1-834228961-62-HQ-83894-Section-4.pdf,33,PERSON,Mr. Rosen
65-HS1-834228961-62-HQ-83894-Section-4.pdf,35,ORG,FBI
65-HS1-834228961-62-HQ-83894-Section-4.pdf,35,DATE,"February 12, 1948"
65-HS1-834228961-62-HQ-83894-Section-4.pdf,35,DATE,"February 4, 1948"
65-HS1-834228961-62-HQ-83894-Section-4.pdf,37,ORG,USAF
65-HS1-834228961-62-HQ-83894-Section-4.pdf,37,ORG,FBI
65-HS1-834228961-62-HQ-83894-Section-4.pdf,37,DATE,4 February 1948
65-HS1-834228961-62-HQ-83894-Section-4.pdf,37,DATE,3 September 1947
65-HS1-834228961-62-HQ-83894-Section-4.pdf,38,ORG,USAF
65-HS1-834228961-62-HQ-83894-Section-4.pdf,38,MARKING,CONFIDENTIAL
65-HS1-834228961-62-HQ-83894-Section-4.pdf,39,ORG,SAC
65-HS1-834228961-62-HQ-83894-Section-4.pdf,39,ORG,FBI
65-HS1-834228961-62-HQ-83894-Section-4.pdf,39,DATE,"February 20, 1948"
65-HS1-834228961-62-HQ-83894-Section-4.pdf,39,DATE,"February 12, 1948"
65-HS1-834228961-62-HQ-83894-Section-4.pdf,39,DATE,"October 1, 1947"
65-HS1-834228961-62-HQ-83894-Section-4.pdf,41,PERSON,Mr. Ladd
65-HS1-834228961-62-HQ-83894-Section-4.pdf,41,ORG,FBI
65-HS1-834228961-62-HQ-83894-Section-4.pdf,41,DATE,3/1/48
65-HS1-834228961-62-HQ-83894-Section-4.pdf,41,DATE,1 February 19
65-HS1-834228961-62-HQ-83894-Section-4.pdf,41,DATE,"February 4, 1948"
65-HS1-834228961-62-HQ-83894-Section-4.pdf,43,PERSON,Mr. D. M
65-HS1-834228961-62-HQ-83894-Section-4.pdf,43,DATE,"February 12, 1948"
65-HS1-834228961-62-HQ-83894-Section-4.pdf,45,PERSON,Mr. Hoover
65-HS1-834228961-62-HQ-83894-Section-4.pdf,45,ORG,IDA
65-HS1-834228961-62-HQ-83894-Section-4.pdf,45,DATE,"March 22, 1948"
65-HS1-834228961-62-HQ-83894-Section-4.pdf,46,PERSON,Mr. Kenneth Wherry United States
65-HS1-834228961-62-HQ-83894-Section-4.pdf,52,PERSON,Mr. Hoover
65-HS1-834228961-62-HQ-83894-Section-4.pdf,52,DATE,"April 1, 1948"
65-HS1-834228961-62-HQ-83894-Section-4.pdf,53,DATE,"August 10, 1948"
65-HS1-834228961-62-HQ-83894-Section-4.pdf,56,ORG,FBI
65-HS1-834228961-62-HQ-83894-Section-4.pdf,56,DATE,9 September 1948
65-HS1-834228961-62-HQ-83894-Section-4.pdf,57,ORG,USAF
65-HS1-834228961-62-HQ-83894-Section-4.pdf,57,DATE,9 Sept 1948
65-HS1-834228961-62-HQ-83894-Section-4.pdf,58,ORG,FBI
65-HS1-834228961-62-HQ-83894-Section-4.pdf,59,ORG,CIA
65-HS1-834228961-62-HQ-83894-Section-4.pdf,59,DATE,9/22/48
65-HS1-834228961-62-HQ-83894-Section-4.pdf,65,PERSON,Mr. Barbo
65-HS1-834228961-62-HQ-83894-Section-4.pdf,65,PERSON,Mr. Conrad
65-HS1-834228961-62-HQ-83894-Section-4.pdf,65,PERSON,Mr. Downing
65-HS1-834228961-62-HQ-83894-Section-4.pdf,65,PERSON,Mr. Sizoo
65-HS1-834228961-62-HQ-83894-Section-4.pdf,65,PERSON,Mr. Baughman
65-HS1-834228961-62-HQ-83894-Section-4.pdf,66,ORG,SAC
65-HS1-834228961-62-HQ-83894-Section-4.pdf,70,ORG,FBI
65-HS1-834228961-62-HQ-83894-Section-4.pdf,72,PERSON,Mr. Tr
65-HS1-834228961-62-HQ-83894-Section-4.pdf,72,PERSON,Mr. Harl
65-HS1-834228961-62-HQ-83894-Section-4.pdf,72,PERSON,Mr. QU
65-HS1-834228961-62-HQ-83894-Section-4.pdf,72,ORG,SAC
65-HS1-834228961-62-HQ-83894-Section-4.pdf,72,DATE,"December 28, 1948"
65-HS1-834228961-62-HQ-83894-Section-4.pdf,74,PERSON,Mr. Tolson
65-HS1-834228961-62-HQ-83894-Section-4.pdf,74,ORG,SAC
65-HS1-834228961-62-HQ-83894-Section-4.pdf,75,ORG,FBI
65-HS1-834228961-62-HQ-83894-Section-4.pdf,76,ORG,OSI
65-HS1-834228961-62-HQ-83894-Section-4.pdf,76,ORG,SAC
65-HS1-834228961-62-HQ-83894-Section-4.pdf,78,ORG,FBI
65-HS1-834228961-62-HQ-83894-Section-4.pdf,80,PERSON,Mr. ToJaon
65-HS1-834228961-62-HQ-83894-Section-4.pdf,80,PERSON,Mr. Ce
65-HS1-834228961-62-HQ-83894-Section-4.pdf,80,PERSON,Mr. Ladd
65-HS1-834228961-62-HQ-83894-Section-4.pdf,80,PERSON,Mr. Nichol
65-HS1-834228961-62-HQ-83894-Section-4.pdf,80,PERSON,Mr. Rosou
65-HS1-834228961-62-HQ-83894-Section-4.pdf,80,PERSON,Mr. PenuiDJton
65-HS1-834228961-62-HQ-83894-Section-4.pdf,80,PERSON,Mr. Qiunn Tiurun
65-HS1-834228961-62-HQ-83894-Section-4.pdf,82,PERSON,Mr. Peph
65-HS1-834228961-62-HQ-83894-Section-4.pdf,82,PERSON,Mr. Person
65-HS1-834228961-62-HQ-83894-Section-4.pdf,82,PERSON,Mr. Hood
65-HS1-834228961-62-HQ-83894-Section-4.pdf,82,PERSON,Mr. Nathan Smith
65-HS1-834228961-62-HQ-83894-Section-4.pdf,82,PERSON,Mr. Smith
65-HS1-834228961-62-HQ-83894-Section-4.pdf,82,PERSON,Mr. Willis
65-HS1-834228961-62-HQ-83894-Section-4.pdf,82,ORG,SAC
65-HS1-834228961-62-HQ-83894-Section-4.pdf,82,DATE,"December 28, 1948"
65-HS1-834228961-62-HQ-83894-Section-4.pdf,84,PERSON,Mr. RATHMAN
65-HS1-834228961-62-HQ-83894-Section-4.pdf,84,PERSON,Mr. RA
65-HS1-834228961-62-HQ-83894-Section-4.pdf,84,PERSON,Mr. RA'IBMAN
65-HS1-834228961-62-HQ-83894-Section-4.pdf,84,PERSON,Mr. RAmMAN
65-HS1-834228961-62-HQ-83894-Section-4.pdf,84,ORG,FBI
65-HS1-834228961-62-HQ-83894-Section-4.pdf,86,PERSON,Mr. RATEMAN'e
65-HS1-834228961-62-HQ-83894-Section-4.pdf,89,PERSON,Mr. FULLER
65-HS1-834228961-62-HQ-83894-Section-4.pdf,89,PERSON,Mr. NOACK's
65-HS1-834228961-62-HQ-83894-Section-4.pdf,89,PERSON,Mr. NOACK
65-HS1-834228961-62-HQ-83894-Section-4.pdf,89,PERSON,Mr. Robert B. Fleming
65-HS1-834228961-62-HQ-83894-Section-4.pdf,89,PERSON,Mr. NO
65-HS1-834228961-62-HQ-83894-Section-4.pdf,89,ORG,FBI
65-HS1-834228961-62-HQ-83894-Section-4.pdf,89,DATE,12/28/48
65-HS1-834228961-62-HQ-83894-Section-4.pdf,89,DATE,12/27/48
65-HS1-834228961-62-HQ-83894-Section-4.pdf,91,PERSON,Mr. NOACK
65-HS1-834228961-62-HQ-83894-Section-4.pdf,91,PERSON,Mrs. ROSE C. ROTSEL
65-HS1-834228961-62-HQ-83894-Section-4.pdf,91,PERSON,Mr. Fleming
65-HS1-834228961-62-HQ-83894-Section-4.pdf,91,ORG,FBI
65-HS1-834228961-62-HQ-83894-Section-4.pdf,91,DATE,12/28/48
65-HS1-834228961-62-HQ-83894-Section-4.pdf,92,PERSON,Mr. PERSON
65-HS1-834228961-62-HQ-83894-Section-4.pdf,92,PERSON,Mr. NOACK
65-HS1-834228961-62-HQ-83894-Section-4.pdf,92,ORG,SAC
65-HS1-834228961-62-HQ-83894-Section-4.pdf,92,ORG,FBI
65-HS1-834228961-62-HQ-83894-Section-4.pdf,92,DATE,12/28/48
65-HS1-834228961-62-HQ-83894-Section-4.pdf,95,PERSON,Mr. YfATHAlf SJII'l'H
65-HS1-834228961-62-HQ-83894-Section-4.pdf,95,PERSON,Mr. PERSON
65-HS1-834228961-62-HQ-83894-Section-4.pdf,95,PERSON,Mr. SIIIITB
65-HS1-834228961-62-HQ-83894-Section-4.pdf,95,PERSON,Mr. PERSOX
65-HS1-834228961-62-HQ-83894-Section-4.pdf,95,PERSON,Mr. PERSOK
65-HS1-834228961-62-HQ-83894-Section-4.pdf,95,ORG,OSI
65-HS1-834228961-62-HQ-83894-Section-4.pdf,95,DATE,"December 6, 1948"
65-HS1-834228961-62-HQ-83894-Section-4.pdf,96,PERSON,Mr. PER.SOR
65-HS1-834228961-62-HQ-83894-Section-4.pdf,96,DATE,"December 7, 1948"
65-HS1-834228961-62-HQ-83894-Section-4.pdf,98,PERSON,Mr. PER.SOK
65-HS1-834228961-62-HQ-83894-Section-4.pdf,98,PERSON,Mr. Fleming'
65-HS1-834228961-62-HQ-83894-Section-4.pdf,98,DATE,"December 13, 1948"
65-HS1-834228961-62-HQ-83894-Section-4.pdf,99,PERSON,Mr. PEJtSOlf
65-HS1-834228961-62-HQ-83894-Section-4.pdf,99,PERSON,Mr. R
65-HS1-834228961-62-HQ-83894-Section-4.pdf,99,ORG,OSI
65-HS1-834228961-62-HQ-83894-Section-4.pdf,101,ORG,FBI
65-HS1-834228961-62-HQ-83894-Section-4.pdf,103,MARKING,confidential
65-HS1-834228961-62-HQ-83894-Section-4.pdf,106,ORG,OSI
65-HS1-834228961-62-HQ-83894-Section-4.pdf,106,DATE,31 January 1949
65-HS1-834228961-62-HQ-83894-Section-4.pdf,106,DATE,30 Jan 49
65-HS1-834228961-62-HQ-83894-Section-4.pdf,107,PERSON,Mr. Tracy
65-HS1-834228961-62-HQ-83894-Section-4.pdf,107,PERSON,Mr. Rosen Mr. Egan
65-HS1-834228961-62-HQ-83894-Section-4.pdf,107,PERSON,Mr. Guroea
65-HS1-834228961-62-HQ-83894-Section-4.pdf,107,PERSON,Mr. Harbo
65-HS1-834228961-62-HQ-83894-Section-4.pdf,107,PERSON,Mr. Mohr Mr. Mohr
65-HS1-834228961-62-HQ-83894-Section-4.pdf,107,PERSON,Mr. Carlson Mr. Peonlogton
65-HS1-834228961-62-HQ-83894-Section-4.pdf,107,PERSON,Mr. Nease
65-HS1-834228961-62-HQ-83894-Section-4.pdf,107,LOCATOR,Room 5744
65-HS1-834228961-62-HQ-83894-Section-4.pdf,109,PERSON,Mr. G. J. RATHMAN
65-HS1-834228961-62-HQ-83894-Section-4.pdf,109,ORG,FBI
65-HS1-834228961-62-HQ-83894-Section-4.pdf,109,ORG,SAC
65-HS1-834228961-62-HQ-83894-Section-4.pdf,109,ORG,USAF
65-HS1-834228961-62-HQ-83894-Section-4.pdf,109,DATE,"February 18, 1949"
65-HS1-834228961-62-HQ-83894-Section-4.pdf,112,PERSON,Mr. Rathman Thie
65-HS1-834228961-62-HQ-83894-Section-4.pdf,112,PERSON,Mr. William Presley
65-HS1-834228961-62-HQ-83894-Section-4.pdf,112,DATE,16 December 1948
65-HS1-834228961-62-HQ-83894-Section-4.pdf,113,PERSON,Mr. G. J. Rathman
65-HS1-834228961-62-HQ-83894-Section-4.pdf,113,PERSON,Mr. Presley
65-HS1-834228961-62-HQ-83894-Section-4.pdf,113,PERSON,Mr. C. C. McSwain
65-HS1-834228961-62-HQ-83894-Section-4.pdf,113,DATE,10 February 1949
65-HS1-834228961-62-HQ-83894-Section-4.pdf,113,DATE,16 December 1948
65-HS1-834228961-62-HQ-83894-Section-4.pdf,114,PERSON,Mr. Harbo
65-HS1-834228961-62-HQ-83894-Section-4.pdf,114,PERSON,Mr. Conrad
65-HS1-834228961-62-HQ-83894-Section-4.pdf,114,ORG,SAC
65-HS1-834228961-62-HQ-83894-Section-4.pdf,115,ORG,FBI
65-HS1-834228961-62-HQ-83894-Section-4.pdf,115,ORG,OSI
65-HS1-834228961-62-HQ-83894-Section-4.pdf,116,ORG,FBI
65-HS1-834228961-62-HQ-83894-Section-4.pdf,117,ORG,FBI
65-HS1-834228961-62-HQ-83894-Section-4.pdf,117,DATE,1/31/49
65-HS1-834228961-62-HQ-83894-Section-4.pdf,118,PERSON,Mr. Fletche
65-HS1-834228961-62-HQ-83894-Section-4.pdf,118,PERSON,Mr. Egan
65-HS1-834228961-62-HQ-83894-Section-4.pdf,118,PERSON,Mr. Quinn Te.a
65-HS1-834228961-62-HQ-83894-Section-4.pdf,118,PERSON,Mr. Nease
65-HS1-834228961-62-HQ-83894-Section-4.pdf,118,ORG,SAC
65-HS1-834228961-62-HQ-83894-Section-4.pdf,118,DATE,"March 14, 1949"
65-HS1-834228961-62-HQ-83894-Section-4.pdf,118,DATE,"October 1, 1947"
65-HS1-834228961-62-HQ-83894-Section-4.pdf,120,PERSON,Dr. LilTCOLM Lf
65-HS1-834228961-62-HQ-83894-Section-4.pdf,120,ORG,FBI
65-HS1-834228961-62-HQ-83894-Section-4.pdf,120,ORG,SAC
65-HS1-834228961-62-HQ-83894-Section-4.pdf,120,ORG,OSI
65-HS1-834228961-62-HQ-83894-Section-4.pdf,120,DATE,"January 31, 1949"
65-HS1-834228961-62-HQ-83894-Section-4.pdf,120,DATE,"December 5, 1948"
65-HS1-834228961-62-HQ-83894-Section-4.pdf,120,MARKING,secret
65-HS1-834228961-62-HQ-83894-Section-4.pdf,121,ORG,FBI
65-HS1-834228961-62-HQ-83894-Section-4.pdf,121,DATE,"March 22, 1949"
65-HS1-834228961-62-HQ-83894-Section-4.pdf,121,MARKING,secret
65-HS1-834228961-62-HQ-83894-Section-4.pdf,122,ORG,CIA
65-HS1-834228961-62-HQ-83894-Section-4.pdf,122,DATE,3/30/49
65-HS1-834228961-62-HQ-83894-Section-4.pdf,122,DATE,12/29/48
65-HS1-834228961-62-HQ-83894-Section-4.pdf,123,DATE,12/28/48
65-HS1-834228961-62-HQ-83894-Section-4.pdf,123,DATE,12/29/48
65-HS1-834228961-62-HQ-83894-Section-4.pdf,124,ORG,CIA
65-HS1-834228961-62-HQ-83894-Section-4.pdf,124,ORG,USAF
65-HS1-834228961-62-HQ-83894-Section-4.pdf,124,DATE,"January 7, 1949"
65-HS1-834228961-62-HQ-83894-Section-4.pdf,125,DATE,"October 1, 1947"
65-HS1-834228961-62-HQ-83894-Section-4.pdf,125,DATE,"February 15, 1949"
65-HS1-834228961-62-HQ-83894-Section-4.pdf,125,MARKING,confidential
65-HS1-834228961-62-HQ-83894-Section-4.pdf,125,MARKING,restricted
65-HS1-834228961-62-HQ-83894-Section-4.pdf,126,ORG,FBI
65-HS1-834228961-62-HQ-83894-Section-4.pdf,126,ORG,OSI
65-HS1-834228961-62-HQ-83894-Section-4.pdf,128,ORG,OSI
65-HS1-834228961-62-HQ-83894-Section-4.pdf,128,DATE,10 Nov 47
65-HS1-834228961-62-HQ-83894-Section-4.pdf,130,PERSON,Mr. Pennl
65-HS1-834228961-62-HQ-83894-Section-4.pdf,130,ORG,FBI
65-HS1-834228961-62-HQ-83894-Section-4.pdf,130,ORG,SAC
65-HS1-834228961-62-HQ-83894-Section-4.pdf,130,DATE,"May 4, 1949"
65-HS1-834228961-62-HQ-83894-Section-4.pdf,130,DATE,"April 5, 1949"
65-HS1-834228961-62-HQ-83894-Section-4.pdf,130,DATE,"March 25, 1949"
65-HS1-834228961-62-HQ-83894-Section-4.pdf,131,ORG,FBI
65-HS1-834228961-62-HQ-83894-Section-4.pdf,131,ORG,SAC
65-HS1-834228961-62-HQ-83894-Section-4.pdf,131,DATE,"April 5, 1949"
65-HS1-834228961-62-HQ-83894-Section-4.pdf,131,DATE,"February 15, 1949"
65-HS1-834228961-62-HQ-83894-Section-4.pdf,133,ORG,FBI
65-HS1-834228961-62-HQ-83894-Section-4.pdf,133,DATE,"April 16, 1949"
65-HS1-834228961-62-HQ-83894-Section-4.pdf,133,DATE,"April 15, 1949"
65-HS1-834228961-62-HQ-83894-Section-4.pdf,135,ORG,OSI
65-HS1-834228961-62-HQ-83894-Section-4.pdf,135,DATE,"April 17, 1949"
65-HS1-834228961-62-HQ-83894-Section-4.pdf,136,DATE,"April 17, 1949"
65-HS1-834228961-62-HQ-83894-Section-4.pdf,137,PERSON,Mr. Tobon
65-HS1-834228961-62-HQ-83894-Section-4.pdf,137,PERSON,Mr. Clegg
65-HS1-834228961-62-HQ-83894-Section-4.pdf,137,PERSON,Mr. Gurne
65-HS1-834228961-62-HQ-83894-Section-4.pdf,137,PERSON,Mr. Barbo
65-HS1-834228961-62-HQ-83894-Section-4.pdf,137,PERSON,Mr. Mohr
65-HS1-834228961-62-HQ-83894-Section-4.pdf,137,PERSON,Mr. Nea
65-HS1-834228961-62-HQ-83894-Section-4.pdf,139,PERSON,Mr. Tolson
65-HS1-834228961-62-HQ-83894-Section-4.pdf,139,PERSON,Mr. IIOhr
65-HS1-834228961-62-HQ-83894-Section-4.pdf,139,PERSON,Mr. PeMlngWn
65-HS1-834228961-62-HQ-83894-Section-4.pdf,141,DATE,"April 10, 1949"
65-HS1-834228961-62-HQ-83894-Section-4.pdf,143,ORG,SAC
65-HS1-834228961-62-HQ-83894-Section-4.pdf,143,ORG,FBI
65-HS1-834228961-62-HQ-83894-Section-4.pdf,143,MARKING,confidential
65-HS1-834228961-62-HQ-83894-Section-4.pdf,145,PERSON,Lt. DAVIS
65-HS1-834228961-62-HQ-83894-Section-4.pdf,145,ORG,FBI
65-HS1-834228961-62-HQ-83894-Section-4.pdf,145,ORG,SAC
65-HS1-834228961-62-HQ-83894-Section-4.pdf,145,ORG,CIA
65-HS1-834228961-62-HQ-83894-Section-4.pdf,145,DATE,"March 22, 1949"
65-HS1-834228961-62-HQ-83894-Section-4.pdf,145,DATE,"March 31, 1949"
65-HS1-834228961-62-HQ-83894-Section-4.pdf,145,DATE,"April 3, 1949"
65-HS1-834228961-62-HQ-83894-Section-4.pdf,145,DATE,"April 4, 1949"
65-HS1-834228961-62-HQ-83894-Section-4.pdf,147,PERSON,Mr. WINCHELL
65-HS1-834228961-62-HQ-83894-Section-4.pdf,147,DATE,"April 4, 1949"
65-HS1-834228961-62-HQ-83894-Section-4.pdf,148,PERSON,Mr. Gumea
65-HS1-834228961-62-HQ-83894-Section-4.pdf,150,PERSON,Capt. Thomas
65-HS1-834228961-62-HQ-83894-Section-4.pdf,156,PERSON,Mr. Tolson
65-HS1-834228961-62-HQ-83894-Section-4.pdf,156,PERSON,Mr. Cloirlf
65-HS1-834228961-62-HQ-83894-Section-4.pdf,156,PERSON,Mr. Glavin
65-HS1-834228961-62-HQ-83894-Section-4.pdf,156,PERSON,Mr. Clegg Mr
65-HS1-834228961-62-HQ-83894-Section-4.pdf,156,PERSON,Mr. Nichols
65-HS1-834228961-62-HQ-83894-Section-4.pdf,156,PERSON,Mr. Roaen
65-HS1-834228961-62-HQ-83894-Section-4.pdf,156,PERSON,Mr. Trocy
65-HS1-834228961-62-HQ-83894-Section-4.pdf,156,PERSON,Mr. Cpn.........-
65-HS1-834228961-62-HQ-83894-Section-4.pdf,156,PERSON,Mr. Moh
65-HS1-834228961-62-HQ-83894-Section-4.pdf,156,PERSON,Mr. Pemllnirtc
65-HS1-834228961-62-HQ-83894-Section-4.pdf,156,PERSON,Mr. QalnnTamm
65-HS1-834228961-62-HQ-83894-Section-4.pdf,156,PERSON,Mrs. Skillman See Me For
65-HS1-834228961-62-HQ-83894-Section-4.pdf,156,LOCATOR,Room 5744
65-HS1-834228961-62-HQ-83894-Section-4.pdf,157,PERSON,Mr. MEL HODELL
65-HS1-834228961-62-HQ-83894-Section-4.pdf,157,PERSON,Lt. Col. STANLEY JACOBS
65-HS1-834228961-62-HQ-83894-Section-4.pdf,157,PERSON,Mr. HODELL
65-HS1-834228961-62-HQ-83894-Section-4.pdf,157,PERSON,Mr. GEORGE BREMER
65-HS1-834228961-62-HQ-83894-Section-4.pdf,157,PERSON,Mr. BREHER
65-HS1-834228961-62-HQ-83894-Section-4.pdf,157,PERSON,Lt. Col
65-HS1-834228961-62-HQ-83894-Section-4.pdf,157,PERSON,Mr. WILLIAM H. PARROTT
65-HS1-834228961-62-HQ-83894-Section-4.pdf,157,ORG,FBI
65-HS1-834228961-62-HQ-83894-Section-4.pdf,157,ORG,USAF
65-HS1-834228961-62-HQ-83894-Section-4.pdf,157,DATE,"May 13, 1949"
65-HS1-834228961-62-HQ-83894-Section-4.pdf,157,DATE,"May 5, 1949"
65-HS1-834228961-62-HQ-83894-Section-4.pdf,157,DATE,"April 4, 1949"
65-HS1-834228961-62-HQ-83894-Section-4.pdf,159,PERSON,Mr. PARRCYI'T
65-HS1-834228961-62-HQ-83894-Section-4.pdf,159,PERSON,Mr. BREMER
65-HS1-834228961-62-HQ-83894-Section-4.pdf,159,ORG,USAF
65-HS1-834228961-62-HQ-83894-Section-4.pdf,160,PERSON,Mr. PeMln
65-HS1-834228961-62-HQ-83894-Section-4.pdf,160,PERSON,Mr. Nease
65-HS1-834228961-62-HQ-83894-Section-4.pdf,160,PERSON,Mr. Winchell
65-HS1-834228961-62-HQ-83894-Section-4.pdf,160,PERSON,Mr. Ripley
65-HS1-834228961-62-HQ-83894-Section-4.pdf,160,PERSON,Mr. Winchell. RID
65-HS1-834228961-62-HQ-83894-Section-4.pdf,160,ORG,USAF
65-HS1-834228961-62-HQ-83894-Section-4.pdf,160,DATE,"April 27, 1949"
65-HS1-834228961-62-HQ-83894-Section-4.pdf,165,PERSON,Mr. Tol
65-HS1-834228961-62-HQ-83894-Section-4.pdf,165,PERSON,Mr. Clegg
65-HS1-834228961-62-HQ-83894-Section-4.pdf,165,PERSON,Mr. Barbo
65-HS1-834228961-62-HQ-83894-Section-4.pdf,165,PERSON,Mr. Jones The
65-HS1-834228961-62-HQ-83894-Section-4.pdf,165,PERSON,Mr. Neue
65-HS1-834228961-62-HQ-83894-Section-4.pdf,165,DATE,"April 25, 1949"
65-HS1-834228961-62-HQ-83894-Section-4.pdf,167,PERSON,Mr. H. B. Fletcher
65-HS1-834228961-62-HQ-83894-Section-4.pdf,167,ORG,FBI
65-HS1-834228961-62-HQ-83894-Section-4.pdf,167,DATE,"May 20, 1949"
65-HS1-834228961-62-HQ-83894-Section-4.pdf,167,MARKING,confidential
65-HS1-834228961-62-HQ-83894-Section-4.pdf,169,ORG,FBI
65-HS1-834228961-62-HQ-83894-Section-4.pdf,169,ORG,SAC
65-HS1-834228961-62-HQ-83894-Section-4.pdf,169,DATE,"June 2, 1949"
65-HS1-834228961-62-HQ-83894-Section-4.pdf,171,PERSON,Mr. Clegg
65-HS1-834228961-62-HQ-83894-Section-4.pdf,171,PERSON,Mr. Glavi
65-HS1-834228961-62-HQ-83894-Section-4.pdf,171,PERSON,Mr. Ladd Mr
65-HS1-834228961-62-HQ-83894-Section-4.pdf,171,PERSON,Mr. Ro
65-HS1-834228961-62-HQ-83894-Section-4.pdf,171,PERSON,Mr. Tracy Mr. Egan Mr
65-HS1-834228961-62-HQ-83894-Section-4.pdf,171,PERSON,Mr. The
65-HS1-834228961-62-HQ-83894-Section-4.pdf,171,PERSON,Mr. Di
65-HS1-834228961-62-HQ-83894-Section-4.pdf,171,PERSON,Mr. Mohr
65-HS1-834228961-62-HQ-83894-Section-4.pdf,171,PERSON,Mr. Pennington
65-HS1-834228961-62-HQ-83894-Section-4.pdf,171,PERSON,Mr. Nease
65-HS1-834228961-62-HQ-83894-Section-4.pdf,179,PERSON,Capt. C. S. Chiles
65-HS1-834228961-62-HQ-83894-Section-4.pdf,179,DATE,7/25/48
65-HS1-834228961-62-HQ-83894-Section-4.pdf,180,PERSON,Mr. McKelvie
65-HS1-834228961-62-HQ-83894-Section-4.pdf,180,PERSON,Mr. McK
65-HS1-834228961-62-HQ-83894-Section-4.pdf,180,PERSON,Gen. George C. Kenney
65-HS1-834228961-62-HQ-83894-Section-4.pdf,180,PERSON,Mr. Allen
65-HS1-834228961-62-HQ-83894-Section-4.pdf,180,DATE,7/25/48
65-HS1-834228961-62-HQ-83894-Section-4.pdf,181,PERSON,Mrs. Delk
65-HS1-834228961-62-HQ-83894-Section-4.pdf,181,PERSON,Mrs. Richard P. Sellers
65-HS1-834228961-62-HQ-83894-Section-4.pdf,181,PERSON,Mrs. A. C
65-HS1-834228961-62-HQ-83894-Section-4.pdf,181,DATE,7/27/48
65-HS1-834228961-62-HQ-83894-Section-4.pdf,182,PERSON,Mrs. Atltinson
65-HS1-834228961-62-HQ-83894-Section-4.pdf,182,PERSON,Mr. Bowles
65-HS1-834228961-62-HQ-83894-Section-4.pdf,182,DATE,7/26/48
65-HS1-834228961-62-HQ-83894-Section-4.pdf,182,MARKING,secret
65-HS1-834228961-62-HQ-83894-Section-4.pdf,183,DATE,"Aug. 5, 1948"
65-HS1-834228961-62-HQ-83894-Section-4.pdf,183,DATE,"July 24, 1948"
65-HS1-834228961-62-HQ-83894-Section-4.pdf,185,PERSON,Gen. Thomas T
65-HS1-834228961-62-HQ-83894-Section-4.pdf,187,ORG,FBI
65-HS1-834228961-62-HQ-83894-Section-4.pdf,191,ORG,FBI
65-HS1-834228961-62-HQ-83894-Section-4.pdf,192,PERSON,Mrs. Alfred Tolley
65-HS1-834228961-62-HQ-83894-Section-4.pdf,192,PERSON,Mrs. James D. Heinline
65-HS1-834228961-62-HQ-83894-Section-4.pdf,192,ORG,FBI
65-HS1-834228961-62-HQ-83894-Section-4.pdf,193,ORG,FBI
65-HS1-834228961-62-HQ-83894-Section-4.pdf,199,DATE,"April 21, 1949"
65-HS1-834228961-62-HQ-83894-Section-4.pdf,201,PERSON,Dr. EDWARD BURKE
65-HS1-834228961-62-HQ-83894-Section-4.pdf,203,PERSON,Mr. ToJs
65-HS1-834228961-62-HQ-83894-Section-4.pdf,203,ORG,FBI
65-HS1-834228961-62-HQ-83894-Section-4.pdf,205,PERSON,Mr. A
65-HS1-834228961-62-HQ-83894-Section-4.pdf,205,PERSON,Mr. DeANGELO
65-HS1-834228961-62-HQ-83894-Section-4.pdf,205,ORG,FBI
65-HS1-834228961-62-HQ-83894-Section-4.pdf,205,ORG,SAC
65-HS1-834228961-62-HQ-83894-Section-4.pdf,205,DATE,"July 21, 1949"
65-HS1-834228961-62-HQ-83894-Section-4.pdf,207,ORG,SAC
65-HS1-834228961-62-HQ-83894-Section-4.pdf,207,ORG,FBI
65-HS1-834228961-62-HQ-83894-Section-4.pdf,207,DATE,"Juno 8, 1949"
65-HS1-834228961-62-HQ-83894-Section-4.pdf,207,DATE,"Septvmber 9, 1947"
65-HS1-834228961-62-HQ-83894-Section-4.pdf,209,PERSON,Mr. H.B. Fletcbe
65-HS1-834228961-62-HQ-83894-Section-4.pdf,209,PERSON,Mr. Lynn C. Aldrich
65-HS1-834228961-62-HQ-83894-Section-4.pdf,209,PERSON,Mr. Fugate
65-HS1-834228961-62-HQ-83894-Section-4.pdf,209,PERSON,Mr. Aldrich
65-HS1-834228961-62-HQ-83894-Section-4.pdf,209,ORG,OSI
65-HS1-834228961-62-HQ-83894-Section-4.pdf,209,DATE,"June 30, 1949"
65-HS1-834228961-62-HQ-83894-Section-4.pdf,211,PERSON,Mr. LYNN C. ALDRICH
65-HS1-834228961-62-HQ-83894-Section-4.pdf,211,PERSON,Mr. ALDRICH
65-HS1-834228961-62-HQ-83894-Section-4.pdf,211,ORG,FBI
65-HS1-834228961-62-HQ-83894-Section-4.pdf,211,ORG,OSI
65-HS1-834228961-62-HQ-83894-Section-4.pdf,211,DATE,"June 8, 1949"
65-HS1-834228961-62-HQ-83894-Section-4.pdf,211,DATE,"September 9, 1947"
65-HS1-834228961-62-HQ-83894-Section-4.pdf,211,DATE,"June 7, 1949"
65-HS1-834228961-62-HQ-83894-Section-4.pdf,213,PERSON,Mr. Cuneo
65-HS1-834228961-62-HQ-83894-Section-5.pdf,3,ORG,FBI
65-HS1-834228961-62-HQ-83894-Section-5.pdf,3,ORG,SAC
65-HS1-834228961-62-HQ-83894-Section-5.pdf,3,DATE,"July 26, 1949"
65-HS1-834228961-62-HQ-83894-Section-5.pdf,3,DATE,"July 15, 1949"
65-HS1-834228961-62-HQ-83894-Section-5.pdf,3,DATE,"July 10, 1949"
65-HS1-834228961-62-HQ-83894-Section-5.pdf,5,PERSON,Mr. Rosen
65-HS1-834228961-62-HQ-83894-Section-5.pdf,5,PERSON,Mr. Tracy
65-HS1-834228961-62-HQ-83894-Section-5.pdf,5,PERSON,Mr. Egan
65-HS1-834228961-62-HQ-83894-Section-5.pdf,5,PERSON,Mr. Gurnea
65-HS1-834228961-62-HQ-83894-Section-5.pdf,5,PERSON,Mr. Harbo
65-HS1-834228961-62-HQ-83894-Section-5.pdf,5,PERSON,Mr. Jones
65-HS1-834228961-62-HQ-83894-Section-5.pdf,5,PERSON,Mr. Nease
65-HS1-834228961-62-HQ-83894-Section-5.pdf,5,PERSON,Mr. Ladd
65-HS1-834228961-62-HQ-83894-Section-5.pdf,7,PERSON,Mr Record
65-HS1-834228961-62-HQ-83894-Section-5.pdf,7,PERSON,Mr. Mr
65-HS1-834228961-62-HQ-83894-Section-5.pdf,7,PERSON,Mr. Mr. Mr. Mr. Ernesthneo
65-HS1-834228961-62-HQ-83894-Section-5.pdf,7,PERSON,Mr. Jones
65-HS1-834228961-62-HQ-83894-Section-5.pdf,7,PERSON,Mr. Hoover
65-HS1-834228961-62-HQ-83894-Section-5.pdf,7,PERSON,Mr. Ladd
65-HS1-834228961-62-HQ-83894-Section-5.pdf,7,PERSON,Mr. Indd
65-HS1-834228961-62-HQ-83894-Section-5.pdf,7,PERSON,Mr. Cuneo
65-HS1-834228961-62-HQ-83894-Section-5.pdf,8,ORG,FBI
65-HS1-834228961-62-HQ-83894-Section-5.pdf,9,PERSON,Mr. Nease
65-HS1-834228961-62-HQ-83894-Section-5.pdf,10,DATE,"July 12, 1949"
65-HS1-834228961-62-HQ-83894-Section-5.pdf,11,ORG,SAC
65-HS1-834228961-62-HQ-83894-Section-5.pdf,13,PERSON,Mr. Fletcher
65-HS1-834228961-62-HQ-83894-Section-5.pdf,13,LOCATOR,Room 5744
65-HS1-834228961-62-HQ-83894-Section-5.pdf,15,ORG,FBI
65-HS1-834228961-62-HQ-83894-Section-5.pdf,15,ORG,SAC
65-HS1-834228961-62-HQ-83894-Section-5.pdf,15,DATE,"July 13, 1949"
65-HS1-834228961-62-HQ-83894-Section-5.pdf,15,DATE,"July 12, 1949"
65-HS1-834228961-62-HQ-83894-Section-5.pdf,17,ORG,SAC
65-HS1-834228961-62-HQ-83894-Section-5.pdf,21,PERSON,Mr. Cuneo
65-HS1-834228961-62-HQ-83894-Section-5.pdf,21,DATE,"July 9, 1949"
65-HS1-834228961-62-HQ-83894-Section-5.pdf,23,PERSON,Mr. Donohue
65-HS1-834228961-62-HQ-83894-Section-5.pdf,23,PERSON,Mr. Clegg
65-HS1-834228961-62-HQ-83894-Section-5.pdf,23,PERSON,Mr. Glavin
65-HS1-834228961-62-HQ-83894-Section-5.pdf,23,PERSON,Mr. Harbo
65-HS1-834228961-62-HQ-83894-Section-5.pdf,23,PERSON,Mr. Fletcher
65-HS1-834228961-62-HQ-83894-Section-5.pdf,23,PERSON,Mr. Nichols
65-HS1-834228961-62-HQ-83894-Section-5.pdf,23,PERSON,Mr. Tracy
65-HS1-834228961-62-HQ-83894-Section-5.pdf,23,LOCATOR,Room 5644
65-HS1-834228961-62-HQ-83894-Section-5.pdf,26,DATE,11 May 1949
65-HS1-834228961-62-HQ-83894-Section-5.pdf,31,ORG,FBI
65-HS1-834228961-62-HQ-83894-Section-5.pdf,31,ORG,SAC
65-HS1-834228961-62-HQ-83894-Section-5.pdf,31,DATE,"August 16, 1949"
65-HS1-834228961-62-HQ-83894-Section-5.pdf,32,PERSON,Mr. Ck U. S. DUAlrTMEHT
65-HS1-834228961-62-HQ-83894-Section-5.pdf,32,PERSON,Mr. RoaQQ
65-HS1-834228961-62-HQ-83894-Section-5.pdf,32,PERSON,Mr. Uarbo
65-HS1-834228961-62-HQ-83894-Section-5.pdf,32,ORG,OSI
65-HS1-834228961-62-HQ-83894-Section-5.pdf,34,PERSON,Mr. Newby Mr. Sanders Mr
65-HS1-834228961-62-HQ-83894-Section-5.pdf,34,PERSON,Mr. Fletcher FE
65-HS1-834228961-62-HQ-83894-Section-5.pdf,34,ORG,SAC
65-HS1-834228961-62-HQ-83894-Section-5.pdf,35,PERSON,Dr. PA
65-HS1-834228961-62-HQ-83894-Section-5.pdf,35,PERSON,Dr. PAmllSH
65-HS1-834228961-62-HQ-83894-Section-5.pdf,35,ORG,SAC
65-HS1-834228961-62-HQ-83894-Section-5.pdf,35,ORG,OSI
65-HS1-834228961-62-HQ-83894-Section-5.pdf,35,ORG,FBI
65-HS1-834228961-62-HQ-83894-Section-5.pdf,35,DATE,"Septernber 6, 1949"
65-HS1-834228961-62-HQ-83894-Section-5.pdf,37,DATE,"October 12, 1949"
65-HS1-834228961-62-HQ-83894-Section-5.pdf,38,ORG,FBI
65-HS1-834228961-62-HQ-83894-Section-5.pdf,39,PERSON,Mr. SPROUSE
65-HS1-834228961-62-HQ-83894-Section-5.pdf,39,ORG,SAC
65-HS1-834228961-62-HQ-83894-Section-5.pdf,39,ORG,FBI
65-HS1-834228961-62-HQ-83894-Section-5.pdf,39,DATE,"October 2, 1949"
65-HS1-834228961-62-HQ-83894-Section-5.pdf,39,DATE,"September 26, 1949"
65-HS1-834228961-62-HQ-83894-Section-5.pdf,39,DATE,"September 25, 1949"
65-HS1-834228961-62-HQ-83894-Section-5.pdf,42,DATE,"October 19, 1949"
65-HS1-834228961-62-HQ-83894-Section-5.pdf,42,DATE,"September 25, 1949"
65-HS1-834228961-62-HQ-83894-Section-5.pdf,44,ORG,OSI
65-HS1-834228961-62-HQ-83894-Section-5.pdf,44,ORG,USAF
65-HS1-834228961-62-HQ-83894-Section-5.pdf,44,DATE,6 January 1950
65-HS1-834228961-62-HQ-83894-Section-5.pdf,44,MARKING,secret
65-HS1-834228961-62-HQ-83894-Section-5.pdf,45,ORG,OSI
65-HS1-834228961-62-HQ-83894-Section-5.pdf,45,ORG,USAF
65-HS1-834228961-62-HQ-83894-Section-5.pdf,45,DATE,16 Jan 50
65-HS1-834228961-62-HQ-83894-Section-5.pdf,46,ORG,OSI
65-HS1-834228961-62-HQ-83894-Section-5.pdf,46,DATE,7 Jan 50
65-HS1-834228961-62-HQ-83894-Section-5.pdf,46,DATE,18 Jan 50
65-HS1-834228961-62-HQ-83894-Section-5.pdf,46,MARKING,Confidential
65-HS1-834228961-62-HQ-83894-Section-5.pdf,48,DATE,"Januory 24, 1950"
65-HS1-834228961-62-HQ-83894-Section-5.pdf,54,ORG,FBI
65-HS1-834228961-62-HQ-83894-Section-5.pdf,54,ORG,OSI
65-HS1-834228961-62-HQ-83894-Section-5.pdf,56,ORG,SAC
65-HS1-834228961-62-HQ-83894-Section-5.pdf,57,PERSON,Col Nunamaker Tennessee Military District
65-HS1-834228961-62-HQ-83894-Section-5.pdf,57,MARKING,CONFIDENTIAL
65-HS1-834228961-62-HQ-83894-Section-5.pdf,58,PERSON,Lt Col Nunamaker
65-HS1-834228961-62-HQ-83894-Section-5.pdf,58,DATE,3 Mar 50
65-HS1-834228961-62-HQ-83894-Section-5.pdf,58,MARKING,CONFIDENTIAL
65-HS1-834228961-62-HQ-83894-Section-5.pdf,66,ORG,FBI
65-HS1-834228961-62-HQ-83894-Section-5.pdf,68,PERSON,Mr. HOWE
65-HS1-834228961-62-HQ-83894-Section-5.pdf,68,ORG,FBI
65-HS1-834228961-62-HQ-83894-Section-5.pdf,68,ORG,SAC
65-HS1-834228961-62-HQ-83894-Section-5.pdf,70,ORG,CIA
65-HS1-834228961-62-HQ-83894-Section-5.pdf,70,ORG,FBI
65-HS1-834228961-62-HQ-83894-Section-5.pdf,70,DATE,3 Mar 50
65-HS1-834228961-62-HQ-83894-Section-5.pdf,70,MARKING,CONFIDENTIAL
65-HS1-834228961-62-HQ-83894-Section-5.pdf,71,PERSON,Lt Col Nunamaker
65-HS1-834228961-62-HQ-83894-Section-5.pdf,71,DATE,3 Mar 50
65-HS1-834228961-62-HQ-83894-Section-5.pdf,71,MARKING,CONFIDENTIAL
65-HS1-834228961-62-HQ-83894-Section-5.pdf,72,PERSON,Lt Col Nunamaker Tennessee Military District
65-HS1-834228961-62-HQ-83894-Section-5.pdf,72,DATE,2 Mar 50
65-HS1-834228961-62-HQ-83894-Section-5.pdf,73,PERSON,Mr. Tolson
65-HS1-834228961-62-HQ-83894-Section-5.pdf,73,PERSON,Mr. Clegg
65-HS1-834228961-62-HQ-83894-Section-5.pdf,73,PERSON,Mr. Glavi
65-HS1-834228961-62-HQ-83894-Section-5.pdf,73,PERSON,Mr. Ladd
65-HS1-834228961-62-HQ-83894-Section-5.pdf,73,PERSON,Mr. Rosen
65-HS1-834228961-62-HQ-83894-Section-5.pdf,73,PERSON,Mr. Tracy
65-HS1-834228961-62-HQ-83894-Section-5.pdf,73,PERSON,Mr. Gurne
65-HS1-834228961-62-HQ-83894-Section-5.pdf,73,PERSON,Mr. Harbo
65-HS1-834228961-62-HQ-83894-Section-5.pdf,73,PERSON,Mr. Mohr
65-HS1-834228961-62-HQ-83894-Section-5.pdf,73,PERSON,Mr. Nease
65-HS1-834228961-62-HQ-83894-Section-5.pdf,75,DATE,"March 28, 1950"
65-HS1-834228961-62-HQ-83894-Section-5.pdf,75,DATE,3/28/50
65-HS1-834228961-62-HQ-83894-Section-5.pdf,77,ORG,FBI
65-HS1-834228961-62-HQ-83894-Section-5.pdf,77,DATE,"March 31, 1950"
65-HS1-834228961-62-HQ-83894-Section-5.pdf,78,ORG,FBI
65-HS1-834228961-62-HQ-83894-Section-5.pdf,80,PERSON,Mr. Robey
65-HS1-834228961-62-HQ-83894-Section-5.pdf,80,PERSON,Mr. Adcock. At
65-HS1-834228961-62-HQ-83894-Section-5.pdf,80,ORG,SAC
65-HS1-834228961-62-HQ-83894-Section-5.pdf,80,ORG,CIA
65-HS1-834228961-62-HQ-83894-Section-5.pdf,82,PERSON,Mr. Gurnea
65-HS1-834228961-62-HQ-83894-Section-5.pdf,82,ORG,SAC
65-HS1-834228961-62-HQ-83894-Section-5.pdf,82,ORG,OSI
65-HS1-834228961-62-HQ-83894-Section-5.pdf,82,ORG,CIA
65-HS1-834228961-62-HQ-83894-Section-5.pdf,82,DATE,"March 6, 1950"
65-HS1-834228961-62-HQ-83894-Section-5.pdf,84,ORG,FBI
65-HS1-834228961-62-HQ-83894-Section-5.pdf,84,ORG,ADC
65-HS1-834228961-62-HQ-83894-Section-5.pdf,84,ORG,USAF
65-HS1-834228961-62-HQ-83894-Section-5.pdf,84,ORG,OSI
65-HS1-834228961-62-HQ-83894-Section-5.pdf,84,ORG,CIA
65-HS1-834228961-62-HQ-83894-Section-5.pdf,86,ORG,ADC
65-HS1-834228961-62-HQ-83894-Section-5.pdf,88,DATE,9 Mar 50
65-HS1-834228961-62-HQ-83894-Section-5.pdf,88,MARKING,CONFIDENTIAL
65-HS1-834228961-62-HQ-83894-Section-5.pdf,89,ORG,FBI
65-HS1-834228961-62-HQ-83894-Section-5.pdf,91,ORG,ADC
65-HS1-834228961-62-HQ-83894-Section-5.pdf,92,ORG,ADC
65-HS1-834228961-62-HQ-83894-Section-5.pdf,92,DATE,"Mardh 3, 1950"
65-HS1-834228961-62-HQ-83894-Section-5.pdf,93,PERSON,Mr. FRANr
65-HS1-834228961-62-HQ-83894-Section-5.pdf,93,ORG,ADC
65-HS1-834228961-62-HQ-83894-Section-5.pdf,93,ORG,OSI
65-HS1-834228961-62-HQ-83894-Section-5.pdf,93,ORG,FBI
65-HS1-834228961-62-HQ-83894-Section-5.pdf,94,ORG,ADC
65-HS1-834228961-62-HQ-83894-Section-5.pdf,94,ORG,FBI
65-HS1-834228961-62-HQ-83894-Section-5.pdf,95,PERSON,Mr Fores
65-HS1-834228961-62-HQ-83894-Section-5.pdf,95,ORG,ADC
65-HS1-834228961-62-HQ-83894-Section-5.pdf,96,PERSON,Mr. BalARD WOOM
65-HS1-834228961-62-HQ-83894-Section-5.pdf,96,PERSON,Mr Force
65-HS1-834228961-62-HQ-83894-Section-5.pdf,102,MARKING,Restricted
65-HS1-834228961-62-HQ-83894-Section-5.pdf,103,ORG,FBI
65-HS1-834228961-62-HQ-83894-Section-5.pdf,103,ORG,SAC
65-HS1-834228961-62-HQ-83894-Section-5.pdf,103,ORG,CIA
65-HS1-834228961-62-HQ-83894-Section-5.pdf,103,DATE,"April 11, 1950"
65-HS1-834228961-62-HQ-83894-Section-5.pdf,103,DATE,"April 7, 1950"
65-HS1-834228961-62-HQ-83894-Section-5.pdf,103,DATE,"March 19, 1950"
65-HS1-834228961-62-HQ-83894-Section-5.pdf,109,DATE,"April 4, 1950"
65-HS1-834228961-62-HQ-83894-Section-5.pdf,111,PERSON,Mr. V. P. Keay
65-HS1-834228961-62-HQ-83894-Section-5.pdf,111,DATE,"April 8, 1950"
65-HS1-834228961-62-HQ-83894-Section-5.pdf,113,PERSON,Mr. Cleqq Mr. Gara Ur
65-HS1-834228961-62-HQ-83894-Section-5.pdf,113,PERSON,Mr. Roun APR
65-HS1-834228961-62-HQ-83894-Section-5.pdf,113,ORG,FBI
65-HS1-834228961-62-HQ-83894-Section-5.pdf,115,PERSON,Mr. Nl
65-HS1-834228961-62-HQ-83894-Section-5.pdf,115,ORG,FBI
65-HS1-834228961-62-HQ-83894-Section-5.pdf,117,ORG,FBI
65-HS1-834228961-62-HQ-83894-Section-5.pdf,117,DATE,"April 11, 1950"
65-HS1-834228961-62-HQ-83894-Section-5.pdf,117,DATE,"April 4, 1950"
65-HS1-834228961-62-HQ-83894-Section-5.pdf,119,PERSON,Mr. RHODES
65-HS1-834228961-62-HQ-83894-Section-5.pdf,119,ORG,FBI
65-HS1-834228961-62-HQ-83894-Section-5.pdf,119,ORG,OSI
65-HS1-834228961-62-HQ-83894-Section-5.pdf,119,DATE,4/18/50
65-HS1-834228961-62-HQ-83894-Section-5.pdf,119,DATE,6/30/49
65-HS1-834228961-62-HQ-83894-Section-5.pdf,119,DATE,4/17/50
65-HS1-834228961-62-HQ-83894-Section-5.pdf,119,DATE,8/30/47
65-HS1-834228961-62-HQ-83894-Section-5.pdf,132,DATE,"April 17, 1950"
65-HS1-834228961-62-HQ-83894-Section-5.pdf,145,ORG,FBI
65-HS1-834228961-62-HQ-83894-Section-5.pdf,147,PERSON,Lt Sr.d
65-HS1-834228961-62-HQ-83894-Section-5.pdf,147,PERSON,Lt. SriJ.t.h
65-HS1-834228961-62-HQ-83894-Section-5.pdf,147,PERSON,Lt C
65-HS1-834228961-62-HQ-83894-Section-5.pdf,149,DATE,"May 31, 1950"
65-HS1-834228961-62-HQ-83894-Section-5.pdf,149,DATE,"May 24, 1950"
65-HS1-834228961-62-HQ-83894-Section-5.pdf,157,ORG,USAF
65-HS1-834228961-62-HQ-83894-Section-5.pdf,160,PERSON,Mr. Hoover
65-HS1-834228961-62-HQ-83894-Section-5.pdf,163,PERSON,Mr. WARD
65-HS1-834228961-62-HQ-83894-Section-5.pdf,163,PERSON,Mr. R. E. MCCARTHY
65-HS1-834228961-62-HQ-83894-Section-5.pdf,163,PERSON,Mr. WARD. Mr
65-HS1-834228961-62-HQ-83894-Section-5.pdf,163,PERSON,Mr. R. A. CHRISTIANSEN
65-HS1-834228961-62-HQ-83894-Section-5.pdf,163,PERSON,Mr. CHRISTIANSEN
65-HS1-834228961-62-HQ-83894-Section-5.pdf,163,PERSON,Mr. WAPJ
65-HS1-834228961-62-HQ-83894-Section-5.pdf,163,ORG,FBI
65-HS1-834228961-62-HQ-83894-Section-5.pdf,163,ORG,SAC
65-HS1-834228961-62-HQ-83894-Section-5.pdf,163,DATE,"June 15, 1950"
65-HS1-834228961-62-HQ-83894-Section-5.pdf,164,ORG,FBI
65-HS1-834228961-62-HQ-83894-Section-5.pdf,164,ORG,SAC
65-HS1-834228961-62-HQ-83894-Section-5.pdf,164,DATE,7/19/50
65-HS1-834228961-62-HQ-83894-Section-5.pdf,164,DATE,"May 25, 1950"
65-HS1-834228961-62-HQ-83894-Section-5.pdf,165,ORG,CIA
65-HS1-834228961-62-HQ-83894-Section-5.pdf,165,ORG,USAF
65-HS1-834228961-62-HQ-83894-Section-5.pdf,166,ORG,FBI
65-HS1-834228961-62-HQ-83894-Section-5.pdf,166,ORG,SAC
65-HS1-834228961-62-HQ-83894-Section-5.pdf,166,DATE,"June 29, 1950"
65-HS1-834228961-62-HQ-83894-Section-5.pdf,166,DATE,"June 25, 1950"
65-HS1-834228961-62-HQ-83894-Section-5.pdf,168,ORG,SAC
65-HS1-834228961-62-HQ-83894-Section-5.pdf,168,ORG,FBI
65-HS1-834228961-62-HQ-83894-Section-5.pdf,168,ORG,OSI
65-HS1-834228961-62-HQ-83894-Section-5.pdf,169,PERSON,Mr. TAG
65-HS1-834228961-62-HQ-83894-Section-5.pdf,169,PERSON,Mr. STENSI
65-HS1-834228961-62-HQ-83894-Section-5.pdf,169,ORG,FBI
65-HS1-834228961-62-HQ-83894-Section-5.pdf,169,ORG,SAC
65-HS1-834228961-62-HQ-83894-Section-5.pdf,169,DATE,"July 11, 1950"
65-HS1-834228961-62-HQ-83894-Section-5.pdf,169,DATE,"July 4, 1950"
65-HS1-834228961-62-HQ-83894-Section-5.pdf,170,PERSON,Mr. Ladd Mt. Cl
65-HS1-834228961-62-HQ-83894-Section-5.pdf,170,ORG,OSI
65-HS1-834228961-62-HQ-83894-Section-5.pdf,174,ORG,FBI
65-HS1-834228961-62-HQ-83894-Section-5.pdf,174,ORG,SAC
65-HS1-834228961-62-HQ-83894-Section-5.pdf,174,DATE,"July 18, 1950"
65-HS1-834228961-62-HQ-83894-Section-5.pdf,174,DATE,"July 1, 1950"
65-HS1-834228961-62-HQ-83894-Section-5.pdf,175,ORG,SAC
65-HS1-834228961-62-HQ-83894-Section-5.pdf,175,ORG,FBI
65-HS1-834228961-62-HQ-83894-Section-5.pdf,175,ORG,OSI
65-HS1-834228961-62-HQ-83894-Section-5.pdf,175,DATE,"July 28, 1950"
65-HS1-834228961-62-HQ-83894-Section-5.pdf,175,DATE,"July 18, 1950"
65-HS1-834228961-62-HQ-83894-Section-5.pdf,176,ORG,FBI
65-HS1-834228961-62-HQ-83894-Section-5.pdf,178,PERSON,Mr. Moh
65-HS1-834228961-62-HQ-83894-Section-5.pdf,178,ORG,FBI
65-HS1-834228961-62-HQ-83894-Section-5.pdf,178,LOCATOR,Room --
65-HS1-834228961-62-HQ-83894-Section-5.pdf,180,PERSON,Mr. Gla'ri
65-HS1-834228961-62-HQ-83894-Section-5.pdf,180,PERSON,Mr. Ha
65-HS1-834228961-62-HQ-83894-Section-5.pdf,180,ORG,FBI
65-HS1-834228961-62-HQ-83894-Section-5.pdf,180,ORG,OSI
65-HS1-834228961-62-HQ-83894-Section-5.pdf,186,ORG,FBI
65-HS1-834228961-62-HQ-83894-Section-5.pdf,186,DATE,"July 11, 1950"
65-HS1-834228961-62-HQ-83894-Section-5.pdf,186,DATE,"July 3, 1950"
65-HS1-834228961-62-HQ-83894-Section-5.pdf,187,ORG,FBI
65-HS1-834228961-62-HQ-83894-Section-5.pdf,187,ORG,SAC
65-HS1-834228961-62-HQ-83894-Section-5.pdf,187,DATE,8/2/50
65-HS1-834228961-62-HQ-83894-Section-5.pdf,189,ORG,FBI
65-HS1-834228961-62-HQ-83894-Section-5.pdf,189,DATE,"July 28, 1950"
65-HS1-834228961-62-HQ-83894-Section-5.pdf,189,DATE,"July 29, 1950"
65-HS1-834228961-62-HQ-83894-Section-5.pdf,191,DATE,"June 28, 1950"
65-HS1-834228961-62-HQ-83894-Section-5.pdf,192,ORG,FBI
65-HS1-834228961-62-HQ-83894-Section-5.pdf,192,ORG,SAC
65-HS1-834228961-62-HQ-83894-Section-5.pdf,192,DATE,"July 28, 1950"
65-HS1-834228961-62-HQ-83894-Section-5.pdf,192,DATE,"July 18, 1950"
65-HS1-834228961-62-HQ-83894-Section-5.pdf,192,DATE,"July 31, 1950"
65-HS1-834228961-62-HQ-83894-Section-5.pdf,194,PERSON,Mr. ROBERT R. PE'IRONE
65-HS1-834228961-62-HQ-83894-Section-5.pdf,194,ORG,FBI
65-HS1-834228961-62-HQ-83894-Section-5.pdf,194,ORG,SAC
65-HS1-834228961-62-HQ-83894-Section-5.pdf,194,DATE,"July 31, 1950"
65-HS1-834228961-62-HQ-83894-Section-5.pdf,194,DATE,"July 28, 1950"
65-HS1-834228961-62-HQ-83894-Section-5.pdf,194,DATE,"July 25, 1950"
65-HS1-834228961-62-HQ-83894-Section-5.pdf,194,MARKING,secret
65-HS1-834228961-62-HQ-83894-Section-5.pdf,196,PERSON,Mr. PETRONE
65-HS1-834228961-62-HQ-83894-Section-5.pdf,196,ORG,FBI
65-HS1-834228961-62-HQ-83894-Section-5.pdf,196,DATE,7/31/50
65-HS1-834228961-62-HQ-83894-Section-5.pdf,196,MARKING,confidential
65-HS1-834228961-62-HQ-83894-Section-5.pdf,207,DATE,"August 29, 1950"
65-HS1-834228961-62-HQ-83894-Section-5.pdf,208,DATE,"August 29, 1950"
65-HS1-834228961-62-HQ-83894-Section-6.pdf,1,ORG,FBI
65-HS1-834228961-62-HQ-83894-Section-6.pdf,2,PERSON,Dr. LaPa
65-HS1-834228961-62-HQ-83894-Section-6.pdf,2,ORG,OSI
65-HS1-834228961-62-HQ-83894-Section-6.pdf,4,PERSON,Dr. LaPaz
65-HS1-834228961-62-HQ-83894-Section-6.pdf,4,ORG,OSI
65-HS1-834228961-62-HQ-83894-Section-6.pdf,4,DATE,"May 23, 1950"
65-HS1-834228961-62-HQ-83894-Section-6.pdf,4,DATE,"July 19, 1950"
65-HS1-834228961-62-HQ-83894-Section-6.pdf,4,DATE,"May 24, 1950"
65-HS1-834228961-62-HQ-83894-Section-6.pdf,5,DATE,"August 10, 1950"
65-HS1-834228961-62-HQ-83894-Section-6.pdf,6,DATE,"August 29, 1950"
65-HS1-834228961-62-HQ-83894-Section-6.pdf,8,ORG,SAC
65-HS1-834228961-62-HQ-83894-Section-6.pdf,8,ORG,OSI
65-HS1-834228961-62-HQ-83894-Section-6.pdf,10,PERSON,Hon. J. Edgar Hoover Director
65-HS1-834228961-62-HQ-83894-Section-6.pdf,10,ORG,USAF
65-HS1-834228961-62-HQ-83894-Section-6.pdf,11,DATE,8 September 1950
65-HS1-834228961-62-HQ-83894-Section-6.pdf,12,ORG,USAF
65-HS1-834228961-62-HQ-83894-Section-6.pdf,12,ORG,CIA
65-HS1-834228961-62-HQ-83894-Section-6.pdf,13,PERSON,Dr. Anthony
65-HS1-834228961-62-HQ-83894-Section-6.pdf,13,ORG,OAR
65-HS1-834228961-62-HQ-83894-Section-6.pdf,13,ORG,Project Twinkle
65-HS1-834228961-62-HQ-83894-Section-6.pdf,13,ORG,OSI
65-HS1-834228961-62-HQ-83894-Section-6.pdf,13,DATE,"October 9, 1950"
65-HS1-834228961-62-HQ-83894-Section-6.pdf,15,ORG,OSI
65-HS1-834228961-62-HQ-83894-Section-6.pdf,15,DATE,"October 9, 1950"
65-HS1-834228961-62-HQ-83894-Section-6.pdf,17,ORG,OSI
65-HS1-834228961-62-HQ-83894-Section-6.pdf,18,PERSON,Mr. LAUGHLIN
65-HS1-834228961-62-HQ-83894-Section-6.pdf,18,ORG,FBI
65-HS1-834228961-62-HQ-83894-Section-6.pdf,18,ORG,SAC
65-HS1-834228961-62-HQ-83894-Section-6.pdf,18,ORG,OSI
65-HS1-834228961-62-HQ-83894-Section-6.pdf,18,DATE,"October 2, 1950"
65-HS1-834228961-62-HQ-83894-Section-6.pdf,22,PERSON,Mr. Ep
65-HS1-834228961-62-HQ-83894-Section-6.pdf,22,ORG,SAC
65-HS1-834228961-62-HQ-83894-Section-6.pdf,24,ORG,USAF
65-HS1-834228961-62-HQ-83894-Section-6.pdf,25,PERSON,Lt Col Rees
65-HS1-834228961-62-HQ-83894-Section-6.pdf,25,ORG,USAF
65-HS1-834228961-62-HQ-83894-Section-6.pdf,25,DATE,17 February 1949
65-HS1-834228961-62-HQ-83894-Section-6.pdf,25,DATE,14 October 1949
65-HS1-834228961-62-HQ-83894-Section-6.pdf,25,DATE,23 May 50
65-HS1-834228961-62-HQ-83894-Section-6.pdf,26,ORG,USAF
65-HS1-834228961-62-HQ-83894-Section-6.pdf,26,DATE,25 May 1950
65-HS1-834228961-62-HQ-83894-Section-6.pdf,33,PERSON,Dr. LaPaz
65-HS1-834228961-62-HQ-83894-Section-6.pdf,33,DATE,25 Feb 1950
65-HS1-834228961-62-HQ-83894-Section-6.pdf,43,ORG,OSI
65-HS1-834228961-62-HQ-83894-Section-6.pdf,47,ORG,OSI
65-HS1-834228961-62-HQ-83894-Section-6.pdf,47,DATE,11 Jul 2110
65-HS1-834228961-62-HQ-83894-Section-6.pdf,48,ORG,OSI
65-HS1-834228961-62-HQ-83894-Section-6.pdf,50,ORG,OSI
65-HS1-834228961-62-HQ-83894-Section-6.pdf,51,ORG,OSI
65-HS1-834228961-62-HQ-83894-Section-6.pdf,52,ORG,OSI
65-HS1-834228961-62-HQ-83894-Section-6.pdf,55,ORG,OSI
65-HS1-834228961-62-HQ-83894-Section-6.pdf,57,ORG,OSI
65-HS1-834228961-62-HQ-83894-Section-6.pdf,58,ORG,OSI
65-HS1-834228961-62-HQ-83894-Section-6.pdf,59,ORG,OSI
65-HS1-834228961-62-HQ-83894-Section-6.pdf,60,ORG,OSI
65-HS1-834228961-62-HQ-83894-Section-6.pdf,61,ORG,OSI
65-HS1-834228961-62-HQ-83894-Section-6.pdf,66,ORG,OSI
65-HS1-834228961-62-HQ-83894-Section-6.pdf,71,ORG,OSI
65-HS1-834228961-62-HQ-83894-Section-6.pdf,72,PERSON,Mr. Nea
65-HS1-834228961-62-HQ-83894-Section-6.pdf,72,ORG,SAC
65-HS1-834228961-62-HQ-83894-Section-6.pdf,72,DATE,10/18/50
65-HS1-834228961-62-HQ-83894-Section-6.pdf,74,PERSON,Mr. D. M. Brown
65-HS1-834228961-62-HQ-83894-Section-6.pdf,74,PERSON,Mr. Connell
65-HS1-834228961-62-HQ-83894-Section-6.pdf,74,PERSON,Mr. Foley
65-HS1-834228961-62-HQ-83894-Section-6.pdf,74,PERSON,Mrs. Schwab
65-HS1-834228961-62-HQ-83894-Section-6.pdf,74,PERSON,Mr. Lawrence Identification Division-h
65-HS1-834228961-62-HQ-83894-Section-6.pdf,74,LOCATOR,Room 5533
65-HS1-834228961-62-HQ-83894-Section-6.pdf,74,LOCATOR,Room 5531
65-HS1-834228961-62-HQ-83894-Section-6.pdf,79,ORG,SAC
65-HS1-834228961-62-HQ-83894-Section-6.pdf,79,DATE,"October 17, 1950"
65-HS1-834228961-62-HQ-83894-Section-6.pdf,81,ORG,OSI
65-HS1-834228961-62-HQ-83894-Section-6.pdf,86,MARKING,confidential
65-HS1-834228961-62-HQ-83894-Section-6.pdf,87,PERSON,Mr. AARON L. HITCP..ENS
65-HS1-834228961-62-HQ-83894-Section-6.pdf,87,PERSON,Mr. HITCHENS
65-HS1-834228961-62-HQ-83894-Section-6.pdf,87,ORG,FBI
65-HS1-834228961-62-HQ-83894-Section-6.pdf,87,ORG,SAC
65-HS1-834228961-62-HQ-83894-Section-6.pdf,87,DATE,"March 25, 1949"
65-HS1-834228961-62-HQ-83894-Section-6.pdf,87,DATE,"October 20, 1950"
65-HS1-834228961-62-HQ-83894-Section-6.pdf,89,PERSON,Mr. HITCHENS
65-HS1-834228961-62-HQ-83894-Section-6.pdf,90,PERSON,Mr. AARON L. HITCHENS
65-HS1-834228961-62-HQ-83894-Section-6.pdf,90,PERSON,Mr. HITCHENS
65-HS1-834228961-62-HQ-83894-Section-6.pdf,90,ORG,SAC
65-HS1-834228961-62-HQ-83894-Section-6.pdf,90,DATE,"March 25, 1949"
65-HS1-834228961-62-HQ-83894-Section-6.pdf,90,DATE,"October 20, 1950"
65-HS1-834228961-62-HQ-83894-Section-6.pdf,91,PERSON,Mr. HITCHENS
65-HS1-834228961-62-HQ-83894-Section-6.pdf,92,ORG,SAC
65-HS1-834228961-62-HQ-83894-Section-6.pdf,92,ORG,FBI
65-HS1-834228961-62-HQ-83894-Section-6.pdf,92,ORG,USAF
65-HS1-834228961-62-HQ-83894-Section-6.pdf,93,ORG,FBI
65-HS1-834228961-62-HQ-83894-Section-6.pdf,93,ORG,SAC
65-HS1-834228961-62-HQ-83894-Section-6.pdf,94,PERSON,Mr. TrC'ey
65-HS1-834228961-62-HQ-83894-Section-6.pdf,94,ORG,FBI
65-HS1-834228961-62-HQ-83894-Section-6.pdf,94,MARKING,CONFIDENTIAL
65-HS1-834228961-62-HQ-83894-Section-6.pdf,96,ORG,SAC
65-HS1-834228961-62-HQ-83894-Section-6.pdf,97,DATE,15 Dec 50
65-HS1-834228961-62-HQ-83894-Section-6.pdf,97,MARKING,CONFIDENTIAL
65-HS1-834228961-62-HQ-83894-Section-6.pdf,100,ORG,SAC
65-HS1-834228961-62-HQ-83894-Section-6.pdf,101,PERSON,Dr. A. J. MUler
65-HS1-834228961-62-HQ-83894-Section-6.pdf,101,PERSON,Mr. A
65-HS1-834228961-62-HQ-83894-Section-6.pdf,101,PERSON,Mr. F. T. BlJr
65-HS1-834228961-62-HQ-83894-Section-6.pdf,101,PERSON,Lt. Col. John R. Hood
65-HS1-834228961-62-HQ-83894-Section-6.pdf,101,PERSON,Maj. Walter L. Cara
65-HS1-834228961-62-HQ-83894-Section-6.pdf,101,ORG,IDA
65-HS1-834228961-62-HQ-83894-Section-6.pdf,101,DATE,15 November 1950
65-HS1-834228961-62-HQ-83894-Section-6.pdf,103,PERSON,Lt. Col.. Jobn R
65-HS1-834228961-62-HQ-83894-Section-6.pdf,103,PERSON,Cdr. E. W. Hribar
65-HS1-834228961-62-HQ-83894-Section-6.pdf,103,PERSON,Mr. Jamee R. Grq Mr
65-HS1-834228961-62-HQ-83894-Section-6.pdf,103,PERSON,Mr. Grq
65-HS1-834228961-62-HQ-83894-Section-6.pdf,103,PERSON,Col. Hood
65-HS1-834228961-62-HQ-83894-Section-6.pdf,103,PERSON,Mr. Fre
65-HS1-834228961-62-HQ-83894-Section-6.pdf,103,PERSON,Col. Hood's
65-HS1-834228961-62-HQ-83894-Section-6.pdf,103,PERSON,Mr. Gray
65-HS1-834228961-62-HQ-83894-Section-6.pdf,103,PERSON,Lt. Col. USAF
65-HS1-834228961-62-HQ-83894-Section-6.pdf,103,ORG,USAF
65-HS1-834228961-62-HQ-83894-Section-6.pdf,104,PERSON,Mr. William G
65-HS1-834228961-62-HQ-83894-Section-6.pdf,104,PERSON,Dr. A. J. Miller Dr
65-HS1-834228961-62-HQ-83894-Section-6.pdf,104,PERSON,Mr. J
65-HS1-834228961-62-HQ-83894-Section-6.pdf,104,PERSON,Mr. F. T. Bly
65-HS1-834228961-62-HQ-83894-Section-6.pdf,104,PERSON,Dr. Calkins
65-HS1-834228961-62-HQ-83894-Section-6.pdf,104,DATE,"December 19, 1950"
65-HS1-834228961-62-HQ-83894-Section-6.pdf,104,DATE,"December 18, 1950"
65-HS1-834228961-62-HQ-83894-Section-6.pdf,105,PERSON,Mr. William G. Fre
65-HS1-834228961-62-HQ-83894-Section-6.pdf,105,ORG,SAC
65-HS1-834228961-62-HQ-83894-Section-6.pdf,105,DATE,"December 18, 1950"
65-HS1-834228961-62-HQ-83894-Section-6.pdf,106,DATE,20 Januarr 1951
65-HS1-834228961-62-HQ-83894-Section-6.pdf,106,DATE,20 December 19
65-HS1-834228961-62-HQ-83894-Section-6.pdf,109,DATE,16 January 1951
65-HS1-834228961-62-HQ-83894-Section-6.pdf,111,DATE,"February 26, 1951"
65-HS1-834228961-62-HQ-83894-Section-6.pdf,114,PERSON,Dr. Liddel
65-HS1-834228961-62-HQ-83894-Section-6.pdf,114,PERSON,Dr. Liddel's
65-HS1-834228961-62-HQ-83894-Section-6.pdf,114,PERSON,Dr. Urner Liddel
65-HS1-834228961-62-HQ-83894-Section-6.pdf,114,ORG,FBI
65-HS1-834228961-62-HQ-83894-Section-6.pdf,114,ORG,ONR
65-HS1-834228961-62-HQ-83894-Section-6.pdf,114,MARKING,secret
65-HS1-834228961-62-HQ-83894-Section-6.pdf,115,PERSON,Dr. Liddel
65-HS1-834228961-62-HQ-83894-Section-6.pdf,115,PERSON,Dr. Liddel. His
65-HS1-834228961-62-HQ-83894-Section-6.pdf,115,PERSON,Dr. Lid
65-HS1-834228961-62-HQ-83894-Section-6.pdf,115,PERSON,Capt. Thomas F. Mantell
65-HS1-834228961-62-HQ-83894-Section-6.pdf,115,PERSON,Dr. Lidd
65-HS1-834228961-62-HQ-83894-Section-6.pdf,116,PERSON,Dr. Liddel's
65-HS1-834228961-62-HQ-83894-Section-6.pdf,116,PERSON,Dr. Robert A. Milli
65-HS1-834228961-62-HQ-83894-Section-6.pdf,116,ORG,ONR
65-HS1-834228961-62-HQ-83894-Section-6.pdf,117,DATE,12 Feb 51
65-HS1-834228961-62-HQ-83894-Section-6.pdf,117,MARKING,CONFIDENTIAL
65-HS1-834228961-62-HQ-83894-Section-6.pdf,118,PERSON,Lt AoL
65-HS1-834228961-62-HQ-83894-Section-6.pdf,118,PERSON,Lt N.OoPo Koger
65-HS1-834228961-62-HQ-83894-Section-6.pdf,119,DATE,"February 14, 1951"
65-HS1-834228961-62-HQ-83894-Section-6.pdf,129,ORG,FBI (62-83894)
65-HS1-834228961-62-HQ-83894-Section-6.pdf,129,ORG,SAC
65-HS1-834228961-62-HQ-83894-Section-6.pdf,129,DATE,"March 21, 1952"
65-HS1-834228961-62-HQ-83894-Section-6.pdf,129,DATE,"March 11, 1952"
65-HS1-834228961-62-HQ-83894-Section-6.pdf,130,DATE,10 September 1951
65-HS1-834228961-62-HQ-83894-Section-6.pdf,130,DATE,11 September 1951
65-HS1-834228961-62-HQ-83894-Section-6.pdf,131,PERSON,Lt. Commander MELVIN MICHAEL KUHN
65-HS1-834228961-62-HQ-83894-Section-6.pdf,131,PERSON,Mr. KUHN
65-HS1-834228961-62-HQ-83894-Section-6.pdf,131,PERSON,Lt. KUHN
65-HS1-834228961-62-HQ-83894-Section-6.pdf,131,ORG,FBI
65-HS1-834228961-62-HQ-83894-Section-6.pdf,133,DATE,"April 17, 1952"
65-HS1-834228961-62-HQ-83894-Section-6.pdf,133,DATE,"April 7, 1952"
65-HS1-834228961-62-HQ-83894-Section-6.pdf,137,PERSON,Mr. J. Edgar Hoover
65-HS1-834228961-62-HQ-83894-Section-6.pdf,137,PERSON,Mr. Hoover
65-HS1-834228961-62-HQ-83894-Section-6.pdf,137,DATE,"May 7, 1952"
65-HS1-834228961-62-HQ-83894-Section-6.pdf,140,ORG,FBI
65-HS1-834228961-62-HQ-83894-Section-6.pdf,142,ORG,FBI
65-HS1-834228961-62-HQ-83894-Section-6.pdf,144,ORG,FBI
65-HS1-834228961-62-HQ-83894-Section-6.pdf,146,ORG,FBI
65-HS1-834228961-62-HQ-83894-Section-6.pdf,150,ORG,FBI
65-HS1-834228961-62-HQ-83894-Section-6.pdf,152,PERSON,Mr. Donald Stewart
65-HS1-834228961-62-HQ-83894-Section-6.pdf,152,DATE,29 Mar 52
65-HS1-834228961-62-HQ-83894-Section-6.pdf,152,DATE,"May 12, 1952"
65-HS1-834228961-62-HQ-83894-Section-6.pdf,152,DATE,12 May 52
65-HS1-834228961-62-HQ-83894-Section-6.pdf,153,ORG,OSI
65-HS1-834228961-62-HQ-83894-Section-6.pdf,153,ORG,USAF
65-HS1-834228961-62-HQ-83894-Section-6.pdf,153,DATE,29 March 1952
65-HS1-834228961-62-HQ-83894-Section-6.pdf,154,ORG,FBI
65-HS1-834228961-62-HQ-83894-Section-6.pdf,155,PERSON,Lt. Co
65-HS1-834228961-62-HQ-83894-Section-6.pdf,155,PERSON,Col. TAYLOR
65-HS1-834228961-62-HQ-83894-Section-6.pdf,155,PERSON,Lt. Col
65-HS1-834228961-62-HQ-83894-Section-6.pdf,155,ORG,OSI
65-HS1-834228961-62-HQ-83894-Section-6.pdf,155,ORG,Project Blue Book
65-HS1-834228961-62-HQ-83894-Section-6.pdf,155,DATE,19 April 1952
65-HS1-834228961-62-HQ-83894-Section-6.pdf,157,ORG,FBI
65-HS1-834228961-62-HQ-83894-Section-6.pdf,158,PERSON,Mr. STEWART
65-HS1-834228961-62-HQ-83894-Section-6.pdf,159,DATE,10 May 1952
65-HS1-834228961-62-HQ-83894-Section-6.pdf,160,DATE,19 April 1952
65-HS1-834228961-62-HQ-83894-Section-6.pdf,170,ORG,OSI
65-HS1-834228961-62-HQ-83894-Section-6.pdf,170,ORG,SAC
65-HS1-834228961-62-HQ-83894-Section-6.pdf,170,ORG,FBI
65-HS1-834228961-62-HQ-83894-Section-6.pdf,170,DATE,"August 29, 1947"
65-HS1-834228961-62-HQ-83894-Section-6.pdf,170,DATE,"July 7, 1947"
65-HS1-834228961-62-HQ-83894-Section-6.pdf,170,DATE,"September 4, 1947"
65-HS1-834228961-62-HQ-83894-Section-6.pdf,170,DATE,"August 30, 1947"
65-HS1-834228961-62-HQ-83894-Section-6.pdf,172,PERSON,Mr. Fre
65-HS1-834228961-62-HQ-83894-Section-6.pdf,172,PERSON,Mr. Rhodes
65-HS1-834228961-62-HQ-83894-Section-6.pdf,172,ORG,OSI
65-HS1-834228961-62-HQ-83894-Section-6.pdf,172,ORG,FBI
65-HS1-834228961-62-HQ-83894-Section-6.pdf,172,DATE,"April 17, 1950"
65-HS1-834228961-62-HQ-83894-Section-6.pdf,172,DATE,"June 8, 1949"
65-HS1-834228961-62-HQ-83894-Section-6.pdf,172,DATE,"June 4, 1952"
65-HS1-834228961-62-HQ-83894-Section-6.pdf,173,ORG,FBI
65-HS1-834228961-62-HQ-83894-Section-6.pdf,173,ORG,OSI
65-HS1-834228961-62-HQ-83894-Section-6.pdf,174,ORG,OSI
65-HS1-834228961-62-HQ-83894-Section-6.pdf,174,DATE,"June 17, 1952"
65-HS1-834228961-62-HQ-83894-Section-6.pdf,174,DATE,"June 10, 1952"
65-HS1-834228961-62-HQ-83894-Section-6.pdf,177,DATE,"July 6, 1952"
65-HS1-834228961-62-HQ-83894-Section-6.pdf,178,PERSON,Mrs Long
65-HS1-834228961-62-HQ-83894-Section-6.pdf,178,DATE,"July 6, 1952"
65-HS1-834228961-62-HQ-83894-Section-6.pdf,178,MARKING,secret
65-HS1-834228961-62-HQ-83894-Section-6.pdf,179,PERSON,Mr. CaJhlihan
65-HS1-834228961-62-HQ-83894-Section-6.pdf,179,ORG,CIA
65-HS1-834228961-62-HQ-83894-Section-6.pdf,179,DATE,"July 6, 1052"
65-HS1-834228961-62-HQ-83894-Section-6.pdf,180,ORG,FBI
65-HS1-834228961-62-HQ-83894-Section-6.pdf,180,DATE,"August 29, 1947"
65-HS1-834228961-62-HQ-83894-Section-6.pdf,180,DATE,"September 4, 1947"
65-HS1-834228961-62-HQ-83894-Section-6.pdf,182,PERSON,Mr. Lyrrn C. Aldrich
65-HS1-834228961-62-HQ-83894-Section-6.pdf,182,ORG,FBI
65-HS1-834228961-62-HQ-83894-Section-6.pdf,182,ORG,OSI
65-HS1-834228961-62-HQ-83894-Section-6.pdf,182,DATE,"April 17, 1950"
65-HS1-834228961-62-HQ-83894-Section-6.pdf,182,DATE,"August 30, 1947"
65-HS1-834228961-62-HQ-83894-Section-6.pdf,184,PERSON,Mr. Tolson L. B. JHohols
65-HS1-834228961-62-HQ-83894-Section-6.pdf,184,PERSON,Dr. W. A. Rhodes
65-HS1-834228961-62-HQ-83894-Section-6.pdf,184,PERSON,Dr. Rhodea
65-HS1-834228961-62-HQ-83894-Section-6.pdf,184,PERSON,Dr. Rhodes
65-HS1-834228961-62-HQ-83894-Section-6.pdf,184,ORG,FBI
65-HS1-834228961-62-HQ-83894-Section-6.pdf,184,ORG,SAC
65-HS1-834228961-62-HQ-83894-Section-6.pdf,184,DATE,"July 7, 1947"
65-HS1-834228961-62-HQ-83894-Section-6.pdf,185,PERSON,Mr. Tolson On
65-HS1-834228961-62-HQ-83894-Section-6.pdf,185,PERSON,Mr. Fugat
65-HS1-834228961-62-HQ-83894-Section-6.pdf,185,PERSON,Mr. Rhodes
65-HS1-834228961-62-HQ-83894-Section-6.pdf,185,PERSON,Mr. Lynn C. Aldrich
65-HS1-834228961-62-HQ-83894-Section-6.pdf,185,ORG,FBI
65-HS1-834228961-62-HQ-83894-Section-6.pdf,185,ORG,OSI
65-HS1-834228961-62-HQ-83894-Section-6.pdf,185,DATE,"August 30, 1947"
65-HS1-834228961-62-HQ-83894-Section-6.pdf,185,DATE,"April 17, 1950"
65-HS1-834228961-62-HQ-83894-Section-6.pdf,185,DATE,"June 8, 1949"
65-HS1-834228961-62-HQ-83894-Section-6.pdf,186,ORG,FBI
65-HS1-834228961-62-HQ-83894-Section-6.pdf,186,DATE,"July 15, 1952"
65-HS1-834228961-62-HQ-83894-Section-6.pdf,186,DATE,"July 8, 1952"
65-HS1-834228961-62-HQ-83894-Section-6.pdf,188,PERSON,Mr. Tolson
65-HS1-834228961-62-HQ-83894-Section-6.pdf,188,PERSON,Mr. NHl
65-HS1-834228961-62-HQ-83894-Section-6.pdf,188,PERSON,Mr. Clegg
65-HS1-834228961-62-HQ-83894-Section-6.pdf,188,PERSON,Mr. Harbo Mr
65-HS1-834228961-62-HQ-83894-Section-6.pdf,188,PERSON,Mr. Laughlin
65-HS1-834228961-62-HQ-83894-Section-6.pdf,188,PERSON,Mr. Mohr
65-HS1-834228961-62-HQ-83894-Section-6.pdf,188,PERSON,Mr. Holloman
65-HS1-834228961-62-HQ-83894-Section-6.pdf,188,PERSON,Mr. Hoovers Perhaps
65-HS1-834228961-62-HQ-83894-Section-6.pdf,188,DATE,"July 8, 1952"
65-HS1-834228961-62-HQ-83894-Section-6.pdf,190,ORG,FBI
65-HS1-834228961-62-HQ-83894-Section-6.pdf,190,ORG,SAC
65-HS1-834228961-62-HQ-83894-Section-6.pdf,190,ORG,OSI
65-HS1-834228961-62-HQ-83894-Section-6.pdf,190,DATE,"July 29, 1952"
65-HS1-834228961-62-HQ-83894-Section-6.pdf,190,DATE,"July 28, 1952"
65-HS1-834228961-62-HQ-83894-Section-6.pdf,192,ORG,FBI
65-HS1-834228961-62-HQ-83894-Section-6.pdf,192,ORG,SAC
65-HS1-834228961-62-HQ-83894-Section-6.pdf,192,DATE,"July 30, 1952"
65-HS1-834228961-62-HQ-83894-Section-6.pdf,192,DATE,"July 27, 1952"
65-HS1-834228961-62-HQ-83894-Section-6.pdf,193,PERSON,Mr. Glenn H. Be-thel
65-HS1-834228961-62-HQ-83894-Section-6.pdf,193,PERSON,Dr. Mcindoo
65-HS1-834228961-62-HQ-83894-Section-6.pdf,195,PERSON,Dr. Jloindoo
65-HS1-834228961-62-HQ-83894-Section-6.pdf,196,DATE,"July 29, 1952"
65-HS1-834228961-62-HQ-83894-Section-6.pdf,204,ORG,OSI
65-HS1-834228961-62-HQ-83894-Section-6.pdf,211,MARKING,secret
65-HS1-834228961-62-HQ-83894-Section-6.pdf,212,DATE,"July 31, 1952"
65-HS1-834228961-62-HQ-83894-Section-6.pdf,213,DATE,"July 31, 1952"
65-HS1-834228961-62-HQ-83894-Section-6.pdf,215,MARKING,Restricted
65-HS1-834228961-62-HQ-83894-Section-6.pdf,221,DATE,"August 1, 1952"
65-HS1-834228961-62-HQ-83894-Section-6.pdf,223,ORG,FBI
65-HS1-834228961-62-HQ-83894-Section-6.pdf,223,ORG,SAC
65-HS1-834228961-62-HQ-83894-Section-6.pdf,231,DATE,"Auguat 4, 1952"
65-HS1-834228961-62-HQ-83894-Section-6.pdf,239,PERSON,Mr. Jennings
65-HS1-834228961-62-HQ-83894-Section-6.pdf,239,DATE,"August 13, 1952"
65-HS1-834228961-62-HQ-83894-Section-6.pdf,245,MARKING,Restricted
65-HS1-834228961-62-HQ-83894-Section-6.pdf,246,ORG,SAC
65-HS1-834228961-62-HQ-83894-Section-6.pdf,246,ORG,OSI
65-HS1-834228961-62-HQ-83894-Section-6.pdf,246,DATE,8/7/52
65-HS1-834228961-62-HQ-83894-Section-6.pdf,246,DATE,"August 5, 1952"
65-HS1-834228961-62-HQ-83894-Section-6.pdf,247,ORG,SAC
65-HS1-834228961-62-HQ-83894-Section-6.pdf,247,ORG,FBI
65-HS1-834228961-62-HQ-83894-Section-6.pdf,247,ORG,OSI
65-HS1-834228961-62-HQ-83894-Section-6.pdf,249,DATE,"August 5, 1952"
65-HS1-834228961-62-HQ-83894-Section-6.pdf,249,DATE,"Julv 30, 1952"
65-HS1-834228961-62-HQ-83894-Section-6.pdf,256,PERSON,Dr. DONALD H. MENZEL SUPPOSE
65-HS1-834228961-62-HQ-83894-Section-6.pdf,257,DATE,"Aug. 30, 1951"
65-HS1-834228961-62-HQ-83894-Section-6.pdf,258,PERSON,Mrs. Rob
65-HS1-834228961-62-HQ-83894-Section-6.pdf,259,PERSON,Prof. Fred L. Whipple
65-HS1-834228961-62-HQ-83894-Section-6.pdf,259,MARKING,secret
65-HS1-834228961-62-HQ-83894-Section-6.pdf,261,PERSON,Dr. Menzel
65-HS1-834228961-62-HQ-83894-Section-6.pdf,261,PERSON,Dr. Menzel's
65-HS1-834228961-62-HQ-83894-Section-6.pdf,261,DATE,"May 25, 1893"
65-HS1-834228961-62-HQ-83894-Section-6.pdf,262,ORG,FBI
65-HS1-834228961-62-HQ-83894-Section-6.pdf,262,DATE,"Julu 27, 1952"
65-HS1-834228961-62-HQ-83894-Section-6.pdf,268,DATE,3 August 12
65-HS1-834228961-62-HQ-83894-Section-6.pdf,269,MARKING,Restricted
65-HS1-834228961-62-HQ-83894-Section-6.pdf,270,ORG,SAC
65-HS1-834228961-62-HQ-83894-Section-7.pdf,3,ORG,FBI
65-HS1-834228961-62-HQ-83894-Section-7.pdf,5,DATE,"August 11, 1952"
65-HS1-834228961-62-HQ-83894-Section-7.pdf,7,ORG,FBI
65-HS1-834228961-62-HQ-83894-Section-7.pdf,7,DATE,1 August 195
65-HS1-834228961-62-HQ-83894-Section-7.pdf,9,ORG,FBI
65-HS1-834228961-62-HQ-83894-Section-7.pdf,9,DATE,"August 12, 1952"
65-HS1-834228961-62-HQ-83894-Section-7.pdf,9,DATE,"July 31, 1952"
65-HS1-834228961-62-HQ-83894-Section-7.pdf,11,DATE,"Auguai 5, 1952"
65-HS1-834228961-62-HQ-83894-Section-7.pdf,13,DATE,"Julu 31, 1952"
65-HS1-834228961-62-HQ-83894-Section-7.pdf,15,PERSON,Mrs. Haufe
65-HS1-834228961-62-HQ-83894-Section-7.pdf,17,MARKING,Restricted
65-HS1-834228961-62-HQ-83894-Section-7.pdf,18,ORG,OAR
65-HS1-834228961-62-HQ-83894-Section-7.pdf,18,DATE,"August 6, 1952"
65-HS1-834228961-62-HQ-83894-Section-7.pdf,23,ORG,FBI
65-HS1-834228961-62-HQ-83894-Section-7.pdf,23,ORG,SAC
65-HS1-834228961-62-HQ-83894-Section-7.pdf,29,PERSON,Mr Hoover
65-HS1-834228961-62-HQ-83894-Section-7.pdf,29,DATE,"Aug 2, 1952"
65-HS1-834228961-62-HQ-83894-Section-7.pdf,30,DATE,11 August 20
65-HS1-834228961-62-HQ-83894-Section-7.pdf,30,DATE,"August 12, 1952"
65-HS1-834228961-62-HQ-83894-Section-7.pdf,33,ORG,FBI
65-HS1-834228961-62-HQ-83894-Section-7.pdf,33,DATE,"August 5, 1952"
65-HS1-834228961-62-HQ-83894-Section-7.pdf,34,PERSON,Mr. OHM
65-HS1-834228961-62-HQ-83894-Section-7.pdf,34,ORG,FBI
65-HS1-834228961-62-HQ-83894-Section-7.pdf,35,DATE,"August 25, 1952"
65-HS1-834228961-62-HQ-83894-Section-7.pdf,35,DATE,"August 14, 1952"
65-HS1-834228961-62-HQ-83894-Section-7.pdf,39,ORG,SAC
65-HS1-834228961-62-HQ-83894-Section-7.pdf,39,ORG,OSI
65-HS1-834228961-62-HQ-83894-Section-7.pdf,39,DATE,"August 22, 1952"
65-HS1-834228961-62-HQ-83894-Section-7.pdf,39,DATE,10/1/47
65-HS1-834228961-62-HQ-83894-Section-7.pdf,39,DATE,3/25/49
65-HS1-834228961-62-HQ-83894-Section-7.pdf,41,ORG,OSI
65-HS1-834228961-62-HQ-83894-Section-7.pdf,41,DATE,"August 18, 1952"
65-HS1-834228961-62-HQ-83894-Section-7.pdf,43,ORG,SAC
65-HS1-834228961-62-HQ-83894-Section-7.pdf,43,ORG,OSI
65-HS1-834228961-62-HQ-83894-Section-7.pdf,43,DATE,"October 1, 1947"
65-HS1-834228961-62-HQ-83894-Section-7.pdf,46,DATE,"September 6, 1952"
65-HS1-834228961-62-HQ-83894-Section-7.pdf,61,PERSON,Mr. A
65-HS1-834228961-62-HQ-83894-Section-7.pdf,61,PERSON,Mr. Plaxico
65-HS1-834228961-62-HQ-83894-Section-7.pdf,61,ORG,FBI
65-HS1-834228961-62-HQ-83894-Section-7.pdf,61,DATE,"September 20, 1952"
65-HS1-834228961-62-HQ-83894-Section-7.pdf,63,ORG,FBI
65-HS1-834228961-62-HQ-83894-Section-7.pdf,63,ORG,SAC
65-HS1-834228961-62-HQ-83894-Section-7.pdf,63,ORG,USAF
65-HS1-834228961-62-HQ-83894-Section-7.pdf,63,ORG,OSI
65-HS1-834228961-62-HQ-83894-Section-7.pdf,63,DATE,10/3/52
65-HS1-834228961-62-HQ-83894-Section-7.pdf,63,DATE,"July 31, 1952"
65-HS1-834228961-62-HQ-83894-Section-7.pdf,63,DATE,8/29/52
65-HS1-834228961-62-HQ-83894-Section-7.pdf,65,PERSON,Mr Bailey Rm
65-HS1-834228961-62-HQ-83894-Section-7.pdf,65,PERSON,Mr Bailey
65-HS1-834228961-62-HQ-83894-Section-7.pdf,67,ORG,FBI
65-HS1-834228961-62-HQ-83894-Section-7.pdf,67,ORG,OSI
65-HS1-834228961-62-HQ-83894-Section-7.pdf,69,PERSON,Mr. Lang
65-HS1-834228961-62-HQ-83894-Section-7.pdf,69,PERSON,Mr. Al Chop
65-HS1-834228961-62-HQ-83894-Section-7.pdf,69,ORG,ATIC
65-HS1-834228961-62-HQ-83894-Section-7.pdf,69,ORG,FBI
65-HS1-834228961-62-HQ-83894-Section-7.pdf,69,DATE,30 September 1952
65-HS1-834228961-62-HQ-83894-Section-7.pdf,69,DATE,"Sept 6, 1952"
65-HS1-834228961-62-HQ-83894-Section-7.pdf,71,DATE,"December 27, 1949"
65-HS1-834228961-62-HQ-83894-Section-7.pdf,74,MARKING,secret
65-HS1-834228961-62-HQ-83894-Section-7.pdf,75,DATE,January 22 1948
65-HS1-834228961-62-HQ-83894-Section-7.pdf,75,MARKING,secret
65-HS1-834228961-62-HQ-83894-Section-7.pdf,76,PERSON,Dr. Paul
65-HS1-834228961-62-HQ-83894-Section-7.pdf,76,MARKING,secret
65-HS1-834228961-62-HQ-83894-Section-7.pdf,77,MARKING,secret
65-HS1-834228961-62-HQ-83894-Section-7.pdf,78,PERSON,Dr. Fitts
65-HS1-834228961-62-HQ-83894-Section-7.pdf,80,PERSON,Dr. Irving Langmuir
65-HS1-834228961-62-HQ-83894-Section-7.pdf,81,PERSON,Dr. George Valley
65-HS1-834228961-62-HQ-83894-Section-7.pdf,83,MARKING,secret
65-HS1-834228961-62-HQ-83894-Section-7.pdf,84,MARKING,secret
65-HS1-834228961-62-HQ-83894-Section-7.pdf,85,PERSON,Mr. Gilbert R. Levy List
65-HS1-834228961-62-HQ-83894-Section-7.pdf,85,PERSON,Mr. Harbo
65-HS1-834228961-62-HQ-83894-Section-7.pdf,85,PERSON,Mr. Conrad
65-HS1-834228961-62-HQ-83894-Section-7.pdf,85,PERSON,Mr. Downing
65-HS1-834228961-62-HQ-83894-Section-7.pdf,85,PERSON,Mr. Bowles
65-HS1-834228961-62-HQ-83894-Section-7.pdf,85,PERSON,Mr. Parsons
65-HS1-834228961-62-HQ-83894-Section-7.pdf,85,DATE,"October 6, 1952"
65-HS1-834228961-62-HQ-83894-Section-7.pdf,90,PERSON,Mr. Lang
65-HS1-834228961-62-HQ-83894-Section-7.pdf,90,ORG,FBI
65-HS1-834228961-62-HQ-83894-Section-7.pdf,90,ORG,OSI
65-HS1-834228961-62-HQ-83894-Section-7.pdf,90,DATE,"September 30, 1952"
65-HS1-834228961-62-HQ-83894-Section-7.pdf,92,PERSON,Mr. Albert Chop
65-HS1-834228961-62-HQ-83894-Section-7.pdf,92,ORG,FBI
65-HS1-834228961-62-HQ-83894-Section-7.pdf,92,DATE,10/8/52
65-HS1-834228961-62-HQ-83894-Section-7.pdf,93,PERSON,Mr. A. H. Belmont
65-HS1-834228961-62-HQ-83894-Section-7.pdf,93,DATE,10/8/52
65-HS1-834228961-62-HQ-83894-Section-7.pdf,96,PERSON,Mr. A
65-HS1-834228961-62-HQ-83894-Section-7.pdf,104,ORG,CIA
65-HS1-834228961-62-HQ-83894-Section-7.pdf,105,DATE,"Januaru 20, 1953"
65-HS1-834228961-62-HQ-83894-Section-7.pdf,106,ORG,FBI
65-HS1-834228961-62-HQ-83894-Section-7.pdf,109,PERSON,Mr. J. Edgar Hoover Director
65-HS1-834228961-62-HQ-83894-Section-7.pdf,109,DATE,20 January 1953
65-HS1-834228961-62-HQ-83894-Section-7.pdf,113,PERSON,Mr. Co
65-HS1-834228961-62-HQ-83894-Section-7.pdf,114,PERSON,Mr PJun
65-HS1-834228961-62-HQ-83894-Section-7.pdf,114,PERSON,Mr Loui
65-HS1-834228961-62-HQ-83894-Section-7.pdf,114,PERSON,Mr. Rolxrt
65-HS1-834228961-62-HQ-83894-Section-7.pdf,114,PERSON,Mr Frahm
65-HS1-834228961-62-HQ-83894-Section-7.pdf,114,PERSON,Mr. Moore
65-HS1-834228961-62-HQ-83894-Section-7.pdf,114,MARKING,secret
65-HS1-834228961-62-HQ-83894-Section-7.pdf,115,DATE,"Oct. 16, 1952"
65-HS1-834228961-62-HQ-83894-Section-7.pdf,115,DATE,"Oct. 29, 1952"
65-HS1-834228961-62-HQ-83894-Section-7.pdf,115,DATE,"Oct. 17, 1952"
65-HS1-834228961-62-HQ-83894-Section-7.pdf,116,PERSON,Mr R. J. La.van
65-HS1-834228961-62-HQ-83894-Section-7.pdf,119,MARKING,secret
65-HS1-834228961-62-HQ-83894-Section-7.pdf,120,PERSON,Mr. Louts Frahm
65-HS1-834228961-62-HQ-83894-Section-7.pdf,120,PERSON,Mr. Root
65-HS1-834228961-62-HQ-83894-Section-7.pdf,120,PERSON,Mr. Broadd
65-HS1-834228961-62-HQ-83894-Section-7.pdf,120,PERSON,Mr. Luhring
65-HS1-834228961-62-HQ-83894-Section-7.pdf,120,PERSON,Mr. Daw
65-HS1-834228961-62-HQ-83894-Section-7.pdf,122,PERSON,Capt. Edgar
65-HS1-834228961-62-HQ-83894-Section-7.pdf,124,PERSON,Mr. Faw
65-HS1-834228961-62-HQ-83894-Section-7.pdf,125,PERSON,Mr. Plunkett
65-HS1-834228961-62-HQ-83894-Section-7.pdf,125,DATE,"December 26, 1903"
65-HS1-834228961-62-HQ-83894-Section-7.pdf,125,DATE,"June 1, 1940"
65-HS1-834228961-62-HQ-83894-Section-7.pdf,126,ORG,FBI
65-HS1-834228961-62-HQ-83894-Section-7.pdf,126,DATE,"February 17, 1953"
65-HS1-834228961-62-HQ-83894-Section-7.pdf,126,DATE,"February 14, 1953"
65-HS1-834228961-62-HQ-83894-Section-7.pdf,135,PERSON,Dr. LINKE
65-HS1-834228961-62-HQ-83894-Section-7.pdf,135,DATE,"March 4, 1953"
65-HS1-834228961-62-HQ-83894-Section-7.pdf,135,DATE,"March 12, 1953"
65-HS1-834228961-62-HQ-83894-Section-7.pdf,137,PERSON,Dr. LINKE
65-HS1-834228961-62-HQ-83894-Section-7.pdf,139,PERSON,Dr. Linke
65-HS1-834228961-62-HQ-83894-Section-7.pdf,139,PERSON,Dr. Lin
65-HS1-834228961-62-HQ-83894-Section-7.pdf,139,PERSON,Dr. Julius Linko
65-HS1-834228961-62-HQ-83894-Section-7.pdf,142,ORG,FBI
65-HS1-834228961-62-HQ-83894-Section-7.pdf,142,ORG,SAC
65-HS1-834228961-62-HQ-83894-Section-7.pdf,142,DATE,4/28/53
65-HS1-834228961-62-HQ-83894-Section-7.pdf,142,DATE,4/8/53
65-HS1-834228961-62-HQ-83894-Section-7.pdf,149,ORG,SAC
65-HS1-834228961-62-HQ-83894-Section-7.pdf,149,DATE,"July 9, 1953"
65-HS1-834228961-62-HQ-83894-Section-7.pdf,154,ORG,FBI
65-HS1-834228961-62-HQ-83894-Section-7.pdf,156,ORG,OSI
65-HS1-834228961-62-HQ-83894-Section-7.pdf,156,ORG,FBI
65-HS1-834228961-62-HQ-83894-Section-7.pdf,157,ORG,FBI
65-HS1-834228961-62-HQ-83894-Section-7.pdf,158,ORG,OSI
65-HS1-834228961-62-HQ-83894-Section-7.pdf,158,ORG,FBI
65-HS1-834228961-62-HQ-83894-Section-7.pdf,159,DATE,7/9/53
65-HS1-834228961-62-HQ-83894-Section-7.pdf,161,ORG,FBI
65-HS1-834228961-62-HQ-83894-Section-7.pdf,163,DATE,"July 9, 1953"
65-HS1-834228961-62-HQ-83894-Section-7.pdf,164,ORG,FBI
65-HS1-834228961-62-HQ-83894-Section-7.pdf,164,DATE,"July 24, 1953"
65-HS1-834228961-62-HQ-83894-Section-7.pdf,164,DATE,"June 30, 1953"
65-HS1-834228961-62-HQ-83894-Section-7.pdf,164,DATE,"July 15, 1953"
65-HS1-834228961-62-HQ-83894-Section-7.pdf,166,PERSON,Mr. BRUCE STEVENSON
65-HS1-834228961-62-HQ-83894-Section-7.pdf,166,PERSON,Mr. STEVENSON
65-HS1-834228961-62-HQ-83894-Section-7.pdf,166,PERSON,Mr. STEVENSON. Sheriff RADCLIFF
65-HS1-834228961-62-HQ-83894-Section-7.pdf,166,PERSON,Mr. BffiJ
65-HS1-834228961-62-HQ-83894-Section-7.pdf,166,ORG,FBI
65-HS1-834228961-62-HQ-83894-Section-7.pdf,166,ORG,SAC
65-HS1-834228961-62-HQ-83894-Section-7.pdf,166,DATE,"July 15, 1953"
65-HS1-834228961-62-HQ-83894-Section-7.pdf,169,ORG,FBI
65-HS1-834228961-62-HQ-83894-Section-7.pdf,169,ORG,SAC
65-HS1-834228961-62-HQ-83894-Section-7.pdf,169,DATE,4/12/54
65-HS1-834228961-62-HQ-83894-Section-7.pdf,174,PERSON,Mr. ALOIS PIWETZ
65-HS1-834228961-62-HQ-83894-Section-7.pdf,174,PERSON,Mr. PIWETZ
65-HS1-834228961-62-HQ-83894-Section-7.pdf,175,PERSON,Mr. PiiVETZ
65-HS1-834228961-62-HQ-83894-Section-7.pdf,176,PERSON,Mr. PIWETZ
65-HS1-834228961-62-HQ-83894-Section-7.pdf,178,MARKING,secret
65-HS1-834228961-62-HQ-83894-Section-7.pdf,179,ORG,FBI
65-HS1-834228961-62-HQ-83894-Section-7.pdf,179,DATE,"December 20, 1953"
65-HS1-834228961-62-HQ-83894-Section-7.pdf,179,DATE,"March 29, 1952"
65-HS1-834228961-62-HQ-83894-Section-7.pdf,179,MARKING,confidential
65-HS1-834228961-62-HQ-83894-Section-7.pdf,180,PERSON,Mrs. PIVEC
65-HS1-834228961-62-HQ-83894-Section-7.pdf,181,DATE,"April 12, 1954"
65-HS1-834228961-62-HQ-83894-Section-7.pdf,182,LOCATOR,Room 6523
65-HS1-834228961-62-HQ-83894-Section-7.pdf,182,LOCATOR,Room 6524
65-HS1-834228961-62-HQ-83894-Section-7.pdf,183,LOCATOR,Room 6524
65-HS1-834228961-62-HQ-83894-Section-7.pdf,187,ORG,FBI
65-HS1-834228961-62-HQ-83894-Section-7.pdf,187,DATE,"April 27, 1954"
65-HS1-834228961-62-HQ-83894-Section-7.pdf,192,PERSON,Mr. EICKfDFF
65-HS1-834228961-62-HQ-83894-Section-7.pdf,192,PERSON,Mr. EICKHOFF
65-HS1-834228961-62-HQ-83894-Section-7.pdf,192,ORG,FBI
65-HS1-834228961-62-HQ-83894-Section-7.pdf,194,PERSON,Mr. EICKHOFF
65-HS1-834228961-62-HQ-83894-Section-7.pdf,194,DATE,"June 8, 1954"
65-HS1-834228961-62-HQ-83894-Section-7.pdf,195,PERSON,Mr. EICKHOFF
65-HS1-834228961-62-HQ-83894-Section-7.pdf,195,DATE,"June 8, 1954"
65-HS1-834228961-62-HQ-83894-Section-7.pdf,196,PERSON,Mr. MANSPEAKER
65-HS1-834228961-62-HQ-83894-Section-7.pdf,196,PERSON,Mr. EICKHOFF
65-HS1-834228961-62-HQ-83894-Section-7.pdf,196,PERSON,Mr. STRINGFIELD
65-HS1-834228961-62-HQ-83894-Section-7.pdf,196,PERSON,Mr. EICKHOFF. He
65-HS1-834228961-62-HQ-83894-Section-7.pdf,196,ORG,FBI
65-HS1-834228961-62-HQ-83894-Section-7.pdf,196,DATE,"June 8, 1954"
65-HS1-834228961-62-HQ-83894-Section-7.pdf,197,PERSON,Lt. Col. JOHN O'MARA. The
65-HS1-834228961-62-HQ-83894-Section-7.pdf,197,DATE,"June 8, 1954"
65-HS1-834228961-62-HQ-83894-Section-7.pdf,198,ORG,SAC
65-HS1-834228961-62-HQ-83894-Section-7.pdf,198,ORG,FBI
65-HS1-834228961-62-HQ-83894-Section-7.pdf,198,ORG,OSI
65-HS1-834228961-62-HQ-83894-Section-7.pdf,198,DATE,"June 22, 1954"
65-HS1-834228961-62-HQ-83894-Section-7.pdf,198,DATE,6/8/54
65-HS1-834228961-62-HQ-83894-Section-7.pdf,199,ORG,FBI
65-HS1-834228961-62-HQ-83894-Section-7.pdf,199,ORG,SAC
65-HS1-834228961-62-HQ-83894-Section-7.pdf,199,ORG,OSI
65-HS1-834228961-62-HQ-83894-Section-7.pdf,199,ORG,USAF
65-HS1-834228961-62-HQ-83894-Section-7.pdf,200,ORG,FBI
65-HS1-834228961-62-HQ-83894-Section-7.pdf,200,ORG,SAC
65-HS1-834228961-62-HQ-83894-Section-7.pdf,200,ORG,OSI
65-HS1-834228961-62-HQ-83894-Section-7.pdf,200,MARKING,CONFIDENTIAL
65-HS1-834228961-62-HQ-83894-Section-7.pdf,202,ORG,FBI
65-HS1-834228961-62-HQ-83894-Section-7.pdf,202,DATE,"Juno 25, 1954"
65-HS1-834228961-62-HQ-83894-Section-7.pdf,202,DATE,"June 21, 1954"
65-HS1-834228961-62-HQ-83894-Section-7.pdf,204,DATE,6/21/54
65-HS1-834228961-62-HQ-83894-Section-8.pdf,1,ORG,FBI
65-HS1-834228961-62-HQ-83894-Section-8.pdf,3,ORG,FBI (62-83894)
65-HS1-834228961-62-HQ-83894-Section-8.pdf,3,ORG,SAC
65-HS1-834228961-62-HQ-83894-Section-8.pdf,3,DATE,7/22/54
65-HS1-834228961-62-HQ-83894-Section-8.pdf,3,DATE,6/8/54
65-HS1-834228961-62-HQ-83894-Section-8.pdf,3,DATE,6/22/54
65-HS1-834228961-62-HQ-83894-Section-8.pdf,3,DATE,"June 8, 1954"
65-HS1-834228961-62-HQ-83894-Section-8.pdf,3,DATE,"June 7, 1954"
65-HS1-834228961-62-HQ-83894-Section-8.pdf,5,PERSON,Mr. Thomas Eickhoff
65-HS1-834228961-62-HQ-83894-Section-8.pdf,5,PERSON,Mr. Eickhoff
65-HS1-834228961-62-HQ-83894-Section-8.pdf,5,DATE,"June 7, 1954"
65-HS1-834228961-62-HQ-83894-Section-8.pdf,5,DATE,"June 3, 1954"
65-HS1-834228961-62-HQ-83894-Section-8.pdf,5,DATE,"June 11, 1954"
65-HS1-834228961-62-HQ-83894-Section-8.pdf,5,DATE,"June 4, 1954"
65-HS1-834228961-62-HQ-83894-Section-8.pdf,6,PERSON,Mr. Eickhoff
65-HS1-834228961-62-HQ-83894-Section-8.pdf,6,DATE,"June 4, 1954"
65-HS1-834228961-62-HQ-83894-Section-8.pdf,6,DATE,"June 7, 1954"
65-HS1-834228961-62-HQ-83894-Section-8.pdf,7,PERSON,Mr. Eickhoff
65-HS1-834228961-62-HQ-83894-Section-8.pdf,7,DATE,"February 6, 1954"
65-HS1-834228961-62-HQ-83894-Section-8.pdf,7,DATE,"February 13, 1954"
65-HS1-834228961-62-HQ-83894-Section-8.pdf,7,DATE,"June 6, 1954"
65-HS1-834228961-62-HQ-83894-Section-8.pdf,8,PERSON,Mr. Manspeaker
65-HS1-834228961-62-HQ-83894-Section-8.pdf,8,PERSON,Mr. Eickhoff
65-HS1-834228961-62-HQ-83894-Section-8.pdf,8,PERSON,Mr. Stringfield
65-HS1-834228961-62-HQ-83894-Section-8.pdf,8,DATE,"June 7, 1954"
65-HS1-834228961-62-HQ-83894-Section-8.pdf,9,PERSON,Mr. Pelley
65-HS1-834228961-62-HQ-83894-Section-8.pdf,9,DATE,"July 2, 1954"
65-HS1-834228961-62-HQ-83894-Section-8.pdf,11,PERSON,Mr. CARL
65-HS1-834228961-62-HQ-83894-Section-8.pdf,11,PERSON,Mr. KEYSER
65-HS1-834228961-62-HQ-83894-Section-8.pdf,11,ORG,FBI
65-HS1-834228961-62-HQ-83894-Section-8.pdf,11,ORG,SAC
65-HS1-834228961-62-HQ-83894-Section-8.pdf,11,DATE,8/2/54
65-HS1-834228961-62-HQ-83894-Section-8.pdf,11,DATE,7/23/54
65-HS1-834228961-62-HQ-83894-Section-8.pdf,12,ORG,FBI
65-HS1-834228961-62-HQ-83894-Section-8.pdf,12,ORG,SAC
65-HS1-834228961-62-HQ-83894-Section-8.pdf,12,DATE,6/2/54
65-HS1-834228961-62-HQ-83894-Section-8.pdf,12,DATE,6/1/54
65-HS1-834228961-62-HQ-83894-Section-8.pdf,12,DATE,6/7/54
65-HS1-834228961-62-HQ-83894-Section-8.pdf,12,LOCATOR,Room 2912
65-HS1-834228961-62-HQ-83894-Section-8.pdf,14,PERSON,Mrs. SWAN
65-HS1-834228961-62-HQ-83894-Section-8.pdf,22,DATE,"August 7, 1954"
65-HS1-834228961-62-HQ-83894-Section-8.pdf,26,ORG,SAC
65-HS1-834228961-62-HQ-83894-Section-8.pdf,30,PERSON,Mr. Otto
65-HS1-834228961-62-HQ-83894-Section-8.pdf,33,PERSON,Mr. President
65-HS1-834228961-62-HQ-83894-Section-8.pdf,34,ORG,FBI
65-HS1-834228961-62-HQ-83894-Section-8.pdf,34,ORG,SAC
65-HS1-834228961-62-HQ-83894-Section-8.pdf,34,DATE,11/2/54
65-HS1-834228961-62-HQ-83894-Section-8.pdf,34,DATE,7/22/54
65-HS1-834228961-62-HQ-83894-Section-8.pdf,34,DATE,9/21/54
65-HS1-834228961-62-HQ-83894-Section-8.pdf,36,DATE,10/20/54
65-HS1-834228961-62-HQ-83894-Section-8.pdf,37,DATE,"October 1, 1954"
65-HS1-834228961-62-HQ-83894-Section-8.pdf,37,DATE,6/8/54
65-HS1-834228961-62-HQ-83894-Section-8.pdf,37,MARKING,secret
65-HS1-834228961-62-HQ-83894-Section-8.pdf,38,ORG,OSI
65-HS1-834228961-62-HQ-83894-Section-8.pdf,38,DATE,6/6/54
65-HS1-834228961-62-HQ-83894-Section-8.pdf,38,DATE,11/13/54
65-HS1-834228961-62-HQ-83894-Section-8.pdf,38,DATE,9/13/54
65-HS1-834228961-62-HQ-83894-Section-8.pdf,38,MARKING,confidential
65-HS1-834228961-62-HQ-83894-Section-8.pdf,40,PERSON,Col. O'Mara
65-HS1-834228961-62-HQ-83894-Section-8.pdf,40,DATE,"October 1, 1954"
65-HS1-834228961-62-HQ-83894-Section-8.pdf,40,DATE,9/21/54
65-HS1-834228961-62-HQ-83894-Section-8.pdf,40,MARKING,secret
65-HS1-834228961-62-HQ-83894-Section-8.pdf,41,PERSON,Capt. Orrego
65-HS1-834228961-62-HQ-83894-Section-8.pdf,41,PERSON,Capt. Augusto Orrego
65-HS1-834228961-62-HQ-83894-Section-8.pdf,41,ORG,ATIC
65-HS1-834228961-62-HQ-83894-Section-8.pdf,41,ORG,Project Blue Book
65-HS1-834228961-62-HQ-83894-Section-8.pdf,41,DATE,"December 23, 1953"
65-HS1-834228961-62-HQ-83894-Section-8.pdf,42,PERSON,Lt. Col. O'Mara's
65-HS1-834228961-62-HQ-83894-Section-8.pdf,42,PERSON,Dr. Lincoln La Paz
65-HS1-834228961-62-HQ-83894-Section-8.pdf,42,PERSON,Dr. La Paz
65-HS1-834228961-62-HQ-83894-Section-8.pdf,42,PERSON,Dr. LaPaz
65-HS1-834228961-62-HQ-83894-Section-8.pdf,43,PERSON,Mrs. John German
65-HS1-834228961-62-HQ-83894-Section-8.pdf,43,PERSON,Dr. Lincoln La Paz
65-HS1-834228961-62-HQ-83894-Section-8.pdf,43,PERSON,Dr. J. Stewart Williams
65-HS1-834228961-62-HQ-83894-Section-8.pdf,43,PERSON,Dr. Clyde T. Hardy. On
65-HS1-834228961-62-HQ-83894-Section-8.pdf,43,PERSON,Dr. La Paz
65-HS1-834228961-62-HQ-83894-Section-8.pdf,43,PERSON,Dr. Clyde T.Hardy
65-HS1-834228961-62-HQ-83894-Section-8.pdf,43,PERSON,Dr. Hardy's
65-HS1-834228961-62-HQ-83894-Section-8.pdf,43,DATE,"May 7, 1954"
65-HS1-834228961-62-HQ-83894-Section-8.pdf,43,DATE,"Sept. 11, 1954"
65-HS1-834228961-62-HQ-83894-Section-8.pdf,44,PERSON,Capt. Mantell. But
65-HS1-834228961-62-HQ-83894-Section-8.pdf,44,PERSON,Col. Milton F. Summerfelt
65-HS1-834228961-62-HQ-83894-Section-8.pdf,44,DATE,"July 2, 1954"
65-HS1-834228961-62-HQ-83894-Section-8.pdf,45,PERSON,Mr. Meany
65-HS1-834228961-62-HQ-83894-Section-8.pdf,45,DATE,"August 26, 1954"
65-HS1-834228961-62-HQ-83894-Section-8.pdf,46,PERSON,Dr. Hughes
65-HS1-834228961-62-HQ-83894-Section-8.pdf,46,DATE,9/5/54
65-HS1-834228961-62-HQ-83894-Section-8.pdf,47,DATE,9/18/54
65-HS1-834228961-62-HQ-83894-Section-8.pdf,48,DATE,10/1/54
65-HS1-834228961-62-HQ-83894-Section-8.pdf,49,PERSON,Lt. Col
65-HS1-834228961-62-HQ-83894-Section-8.pdf,49,PERSON,Lt. Col. O'Mara
65-HS1-834228961-62-HQ-83894-Section-8.pdf,49,PERSON,Col. O'Mara
65-HS1-834228961-62-HQ-83894-Section-8.pdf,49,MARKING,secret
65-HS1-834228961-62-HQ-83894-Section-8.pdf,51,DATE,11/2/54
65-HS1-834228961-62-HQ-83894-Section-8.pdf,53,ORG,FBI
65-HS1-834228961-62-HQ-83894-Section-8.pdf,53,DATE,11/22/54
65-HS1-834228961-62-HQ-83894-Section-8.pdf,53,DATE,11/12/54
65-HS1-834228961-62-HQ-83894-Section-8.pdf,53,DATE,11/2/54
65-HS1-834228961-62-HQ-83894-Section-8.pdf,54,ORG,OSI
65-HS1-834228961-62-HQ-83894-Section-8.pdf,55,DATE,"October 1, 1954"
65-HS1-834228961-62-HQ-83894-Section-8.pdf,55,DATE,"September 21, 1954"
65-HS1-834228961-62-HQ-83894-Section-8.pdf,55,DATE,"September 28, 1954"
65-HS1-834228961-62-HQ-83894-Section-8.pdf,56,DATE,"October 1, 1954"
65-HS1-834228961-62-HQ-83894-Section-8.pdf,57,MARKING,secret
65-HS1-834228961-62-HQ-83894-Section-8.pdf,58,LOCATOR,Room MM
65-HS1-834228961-62-HQ-83894-Section-8.pdf,60,PERSON,Dr. Farlnetti
65-HS1-834228961-62-HQ-83894-Section-8.pdf,60,DATE,"September 28, 1954"
65-HS1-834228961-62-HQ-83894-Section-8.pdf,61,DATE,"October 17, 1954"
65-HS1-834228961-62-HQ-83894-Section-8.pdf,69,ORG,FBI
65-HS1-834228961-62-HQ-83894-Section-8.pdf,70,ORG,FBI
65-HS1-834228961-62-HQ-83894-Section-8.pdf,70,DATE,October 13 1954
65-HS1-834228961-62-HQ-83894-Section-8.pdf,71,DATE,"September 30, 1954"
65-HS1-834228961-62-HQ-83894-Section-8.pdf,72,ORG,FBI
65-HS1-834228961-62-HQ-83894-Section-8.pdf,73,ORG,FBI
65-HS1-834228961-62-HQ-83894-Section-8.pdf,74,ORG,FBI
65-HS1-834228961-62-HQ-83894-Section-8.pdf,88,ORG,FBI
65-HS1-834228961-62-HQ-83894-Section-8.pdf,88,DATE,1/5/55
65-HS1-834228961-62-HQ-83894-Section-8.pdf,88,DATE,1/15/55
65-HS1-834228961-62-HQ-83894-Section-8.pdf,89,ORG,FBI
65-HS1-834228961-62-HQ-83894-Section-8.pdf,90,ORG,SAC
65-HS1-834228961-62-HQ-83894-Section-8.pdf,90,DATE,1/5/55
65-HS1-834228961-62-HQ-83894-Section-8.pdf,90,DATE,1/15/55
65-HS1-834228961-62-HQ-83894-Section-8.pdf,91,ORG,FBI
65-HS1-834228961-62-HQ-83894-Section-8.pdf,92,ORG,FBI
65-HS1-834228961-62-HQ-83894-Section-8.pdf,92,ORG,OSI
65-HS1-834228961-62-HQ-83894-Section-8.pdf,92,DATE,1/18/55
65-HS1-834228961-62-HQ-83894-Section-8.pdf,94,ORG,FBI (62-83894)
65-HS1-834228961-62-HQ-83894-Section-8.pdf,94,ORG,FBI
65-HS1-834228961-62-HQ-83894-Section-8.pdf,95,ORG,USAF
65-HS1-834228961-62-HQ-83894-Section-8.pdf,97,MARKING,CONFIDENTIAL
65-HS1-834228961-62-HQ-83894-Section-8.pdf,99,ORG,OSI
65-HS1-834228961-62-HQ-83894-Section-8.pdf,100,PERSON,Mr. Daniel J. Sulli
65-HS1-834228961-62-HQ-83894-Section-8.pdf,100,PERSON,Dr. Xemiidy
65-HS1-834228961-62-HQ-83894-Section-8.pdf,100,PERSON,Dr. Iermid
65-HS1-834228961-62-HQ-83894-Section-8.pdf,100,PERSON,Mr. Small
65-HS1-834228961-62-HQ-83894-Section-8.pdf,100,ORG,OSI
65-HS1-834228961-62-HQ-83894-Section-8.pdf,107,LOCATOR,Room 6523
65-HS1-834228961-62-HQ-83894-Section-8.pdf,107,LOCATOR,Room 652
65-HS1-834228961-62-HQ-83894-Section-8.pdf,112,DATE,"July 24, 1955"
65-HS1-834228961-62-HQ-83894-Section-8.pdf,118,PERSON,Mr. Harbo Hr. Mohr M.r
65-HS1-834228961-62-HQ-83894-Section-8.pdf,118,PERSON,Mr. Jones Mr
65-HS1-834228961-62-HQ-83894-Section-8.pdf,118,PERSON,Mr. Winterrowd
65-HS1-834228961-62-HQ-83894-Section-8.pdf,118,PERSON,Mr. Hol
65-HS1-834228961-62-HQ-83894-Section-8.pdf,120,PERSON,Mr. Gros
65-HS1-834228961-62-HQ-83894-Section-8.pdf,120,ORG,CIA
65-HS1-834228961-62-HQ-83894-Section-8.pdf,125,ORG,CIA
65-HS1-834228961-62-HQ-83894-Section-8.pdf,132,DATE,"April 13, 1956"
65-HS1-834228961-62-HQ-83894-Section-8.pdf,132,DATE,"April 9, 1956"
65-HS1-834228961-62-HQ-83894-Section-8.pdf,132,DATE,"April 6, 1956"
65-HS1-834228961-62-HQ-83894-Section-8.pdf,132,DATE,"Apr 12, 1956"
65-HS1-834228961-62-HQ-83894-Section-8.pdf,133,PERSON,Mr. Morrts
65-HS1-834228961-62-HQ-83894-Section-8.pdf,133,DATE,4/9/56
65-HS1-834228961-62-HQ-83894-Section-8.pdf,133,DATE,4/5/56
65-HS1-834228961-62-HQ-83894-Section-8.pdf,133,DATE,4/6/56
65-HS1-834228961-62-HQ-83894-Section-8.pdf,136,ORG,FBI
65-HS1-834228961-62-HQ-83894-Section-8.pdf,137,PERSON,Mr. A. H. Belmon DATB
65-HS1-834228961-62-HQ-83894-Section-8.pdf,137,PERSON,Mr. L
65-HS1-834228961-62-HQ-83894-Section-8.pdf,137,PERSON,Mr. Thom Ga.mble
65-HS1-834228961-62-HQ-83894-Section-8.pdf,137,PERSON,Mr. Branigan
65-HS1-834228961-62-HQ-83894-Section-8.pdf,137,ORG,OSI
65-HS1-834228961-62-HQ-83894-Section-8.pdf,139,ORG,OSI
65-HS1-834228961-62-HQ-83894-Section-8.pdf,139,DATE,"May 4, 1956"
65-HS1-834228961-62-HQ-83894-Section-8.pdf,144,PERSON,Lt. LOUIS SAUTER
65-HS1-834228961-62-HQ-83894-Section-8.pdf,144,PERSON,Sgt. CHARLES M. HOWARD
65-HS1-834228961-62-HQ-83894-Section-8.pdf,144,PERSON,Lt. SAUTER
65-HS1-834228961-62-HQ-83894-Section-8.pdf,144,ORG,FBI
65-HS1-834228961-62-HQ-83894-Section-8.pdf,144,DATE,8/15/56
65-HS1-834228961-62-HQ-83894-Section-8.pdf,144,DATE,8/14/56
65-HS1-834228961-62-HQ-83894-Section-8.pdf,144,DATE,7/16/56
65-HS1-834228961-62-HQ-83894-Section-8.pdf,144,DATE,7/30/56
65-HS1-834228961-62-HQ-83894-Section-8.pdf,145,ORG,FBI
65-HS1-834228961-62-HQ-83894-Section-8.pdf,145,DATE,8/15/56
65-HS1-834228961-62-HQ-83894-Section-8.pdf,146,ORG,FBI
65-HS1-834228961-62-HQ-83894-Section-8.pdf,147,ORG,FBI
65-HS1-834228961-62-HQ-83894-Section-8.pdf,147,ORG,SAC
65-HS1-834228961-62-HQ-83894-Section-8.pdf,147,DATE,9/7/56
65-HS1-834228961-62-HQ-83894-Section-8.pdf,147,DATE,"August 31, 1956"
65-HS1-834228961-62-HQ-83894-Section-8.pdf,149,PERSON,Mr. O'Connor
65-HS1-834228961-62-HQ-83894-Section-8.pdf,156,PERSON,Mr. J. Edgar Hoover Director
65-HS1-834228961-62-HQ-83894-Section-8.pdf,156,PERSON,Mr. Hoover
65-HS1-834228961-62-HQ-83894-Section-8.pdf,156,DATE,"October 5, 1956"
65-HS1-834228961-62-HQ-83894-Section-8.pdf,165,ORG,FBI
65-HS1-834228961-62-HQ-83894-Section-8.pdf,165,ORG,SAC
65-HS1-834228961-62-HQ-83894-Section-8.pdf,165,ORG,OSI
65-HS1-834228961-62-HQ-83894-Section-8.pdf,165,DATE,1/11/57
65-HS1-834228961-62-HQ-83894-Section-8.pdf,167,PERSON,Mrs. Blunt
65-HS1-834228961-62-HQ-83894-Section-8.pdf,167,DATE,"January 11, 1957"
65-HS1-834228961-62-HQ-83894-Section-8.pdf,167,DATE,"January 2, 1957"
65-HS1-834228961-62-HQ-83894-Section-8.pdf,168,DATE,"January 11, 1957"
65-HS1-834228961-62-HQ-83894-Section-8.pdf,169,ORG,FBI
65-HS1-834228961-62-HQ-83894-Section-8.pdf,169,ORG,OSI
65-HS1-834228961-62-HQ-83894-Section-8.pdf,170,DATE,"February 5, 1957"
65-HS1-834228961-62-HQ-83894-Section-8.pdf,173,MARKING,confidential
65-HS1-834228961-62-HQ-83894-Section-8.pdf,174,PERSON,Mr. Tolson March
65-HS1-834228961-62-HQ-83894-Section-8.pdf,174,PERSON,Mr. Boardman
65-HS1-834228961-62-HQ-83894-Section-8.pdf,174,PERSON,Mr. Belmont
65-HS1-834228961-62-HQ-83894-Section-8.pdf,174,ORG,FBI
65-HS1-834228961-62-HQ-83894-Section-8.pdf,174,DATE,"March 15, 1957"
65-HS1-834228961-62-HQ-83894-Section-8.pdf,174,DATE,"March 14, 1957"
65-HS1-834228961-62-HQ-83894-Section-8.pdf,176,PERSON,Mr. Martin's
65-HS1-834228961-62-HQ-83894-Section-8.pdf,176,DATE,"March 15, 1957"
65-HS1-834228961-62-HQ-83894-Section-8.pdf,177,PERSON,Mr. Parsons
65-HS1-834228961-62-HQ-83894-Section-8.pdf,177,PERSON,Mr. Rosen
65-HS1-834228961-62-HQ-83894-Section-8.pdf,177,PERSON,Mr. Tamm
65-HS1-834228961-62-HQ-83894-Section-8.pdf,177,PERSON,Mr. Trotter
65-HS1-834228961-62-HQ-83894-Section-8.pdf,177,PERSON,Mr. Nease
65-HS1-834228961-62-HQ-83894-Section-8.pdf,177,PERSON,Mr. Holloman
65-HS1-834228961-62-HQ-83894-Section-8.pdf,179,PERSON,Mr. Boardma Mr. Belmont Mr
65-HS1-834228961-62-HQ-83894-Section-8.pdf,179,PERSON,Mr. Parson Mr. Rosen
65-HS1-834228961-62-HQ-83894-Section-8.pdf,179,PERSON,Mr. Tamm
65-HS1-834228961-62-HQ-83894-Section-8.pdf,179,PERSON,Mr. Trotter
65-HS1-834228961-62-HQ-83894-Section-8.pdf,179,PERSON,Mr. Ne
65-HS1-834228961-62-HQ-83894-Section-8.pdf,179,PERSON,Mr. Holloman
65-HS1-834228961-62-HQ-83894-Section-8.pdf,181,PERSON,Mrs. WILLIAM
65-HS1-834228961-62-HQ-83894-Section-8.pdf,181,ORG,FBI (62-83894)
65-HS1-834228961-62-HQ-83894-Section-8.pdf,181,ORG,SAC
65-HS1-834228961-62-HQ-83894-Section-8.pdf,181,DATE,4/18/57
65-HS1-834228961-62-HQ-83894-Section-8.pdf,181,DATE,4/12/57
65-HS1-834228961-62-HQ-83894-Section-8.pdf,183,PERSON,Mrs. WILLIAM
65-HS1-834228961-62-HQ-83894-Section-8.pdf,183,ORG,FBI (62-83894)
65-HS1-834228961-62-HQ-83894-Section-8.pdf,183,ORG,SAC
65-HS1-834228961-62-HQ-83894-Section-8.pdf,183,ORG,FBI
65-HS1-834228961-62-HQ-83894-Section-8.pdf,183,DATE,4/12/57
65-HS1-834228961-62-HQ-83894-Section-8.pdf,183,DATE,"March 12, 1957"
65-HS1-834228961-62-HQ-83894-Section-8.pdf,185,PERSON,Mr. STRINGFIELD
65-HS1-834228961-62-HQ-83894-Section-8.pdf,185,PERSON,Dr. REICH
65-HS1-834228961-62-HQ-83894-Section-8.pdf,185,ORG,FBI
65-HS1-834228961-62-HQ-83894-Section-8.pdf,185,DATE,"March 19, 1957"
65-HS1-834228961-62-HQ-83894-Section-8.pdf,186,ORG,SAC
65-HS1-834228961-62-HQ-83894-Section-8.pdf,186,ORG,FBI (62-83894)
65-HS1-834228961-62-HQ-83894-Section-8.pdf,189,PERSON,Dr. Reioh
65-HS1-834228961-62-HQ-83894-Section-8.pdf,189,ORG,USAF
65-HS1-834228961-62-HQ-83894-Section-8.pdf,189,MARKING,Secret
65-HS1-834228961-62-HQ-83894-Section-8.pdf,190,ORG,ATIC
65-HS1-834228961-62-HQ-83894-Section-8.pdf,190,ORG,CIA
65-HS1-834228961-62-HQ-83894-Section-8.pdf,190,ORG,FBI
65-HS1-834228961-62-HQ-83894-Section-8.pdf,193,ORG,FBI
65-HS1-834228961-62-HQ-83894-Section-8.pdf,193,DATE,4/24/57
65-HS1-834228961-62-HQ-83894-Section-8.pdf,193,DATE,4/18/57
65-HS1-834228961-62-HQ-83894-Section-8.pdf,193,DATE,3/28/57
65-HS1-834228961-62-HQ-83894-Section-8.pdf,195,ORG,SAC
65-HS1-834228961-62-HQ-83894-Section-8.pdf,195,ORG,OSI
65-HS1-834228961-62-HQ-83894-Section-8.pdf,197,ORG,FBI
65-HS1-834228961-62-HQ-83894-Section-8.pdf,197,ORG,USAF
65-HS1-834228961-62-HQ-83894-Section-8.pdf,199,ORG,SAC
65-HS1-834228961-62-HQ-83894-Section-8.pdf,199,ORG,OSI
65-HS1-834228961-62-HQ-83894-Section-8.pdf,201,ORG,SAC
65-HS1-834228961-62-HQ-83894-Section-8.pdf,203,DATE,"November 5, 1957"
65-HS1-834228961-62-HQ-83894-Section-8.pdf,206,ORG,SAC
65-HS1-834228961-62-HQ-83894-Section-8.pdf,208,PERSON,Mr. Mr
65-HS1-834228961-62-HQ-83894-Section-8.pdf,208,PERSON,Mr. Trotttr
65-HS1-834228961-62-HQ-83894-Section-8.pdf,208,ORG,SAC
65-HS1-834228961-62-HQ-83894-Section-8.pdf,208,ORG,FBI
65-HS1-834228961-62-HQ-83894-Section-8.pdf,209,PERSON,Mr. Boardman
65-HS1-834228961-62-HQ-83894-Section-8.pdf,209,PERSON,Mr. Sanders
65-HS1-834228961-62-HQ-83894-Section-8.pdf,211,PERSON,Mr. Belmo
65-HS1-834228961-62-HQ-83894-Section-8.pdf,211,PERSON,Mr. Parsons
65-HS1-834228961-62-HQ-83894-Section-8.pdf,211,PERSON,Mr. Roi.en
65-HS1-834228961-62-HQ-83894-Section-8.pdf,211,PERSON,Mr. Clayton
65-HS1-834228961-62-HQ-83894-Section-8.pdf,211,PERSON,Mr. Holloman
65-HS1-834228961-62-HQ-83894-Section-8.pdf,211,ORG,FBI
65-HS1-834228961-62-HQ-83894-Section-9.pdf,2,ORG,FBI
65-HS1-834228961-62-HQ-83894-Section-9.pdf,2,ORG,OSI
65-HS1-834228961-62-HQ-83894-Section-9.pdf,4,ORG,FBI
65-HS1-834228961-62-HQ-83894-Section-9.pdf,4,ORG,OAR
65-HS1-834228961-62-HQ-83894-Section-9.pdf,4,DATE,"November 20, 1957"
65-HS1-834228961-62-HQ-83894-Section-9.pdf,4,DATE,"November 12, 1957"
65-HS1-834228961-62-HQ-83894-Section-9.pdf,6,PERSON,Mr. Belmont
65-HS1-834228961-62-HQ-83894-Section-9.pdf,6,PERSON,Mr. Baumgardner
65-HS1-834228961-62-HQ-83894-Section-9.pdf,6,PERSON,Mr. Whitson
65-HS1-834228961-62-HQ-83894-Section-9.pdf,6,DATE,"November 12, 1957"
65-HS1-834228961-62-HQ-83894-Section-9.pdf,6,DATE,"October 10, 1957"
65-HS1-834228961-62-HQ-83894-Section-9.pdf,9,PERSON,Mr. Wa
65-HS1-834228961-62-HQ-83894-Section-9.pdf,14,ORG,FBI
65-HS1-834228961-62-HQ-83894-Section-9.pdf,14,DATE,1/6/58
65-HS1-834228961-62-HQ-83894-Section-9.pdf,14,DATE,12/20/57
65-HS1-834228961-62-HQ-83894-Section-9.pdf,17,ORG,FBI
65-HS1-834228961-62-HQ-83894-Section-9.pdf,26,ORG,FBI
65-HS1-834228961-62-HQ-83894-Section-9.pdf,38,ORG,USAF
65-HS1-834228961-62-HQ-83894-Section-9.pdf,38,ORG,OSI
65-HS1-834228961-62-HQ-83894-Section-9.pdf,38,DATE,"October 2, 1958"
65-HS1-834228961-62-HQ-83894-Section-9.pdf,38,DATE,"September 22, 1958"
65-HS1-834228961-62-HQ-83894-Section-9.pdf,38,DATE,5 December 19
65-HS1-834228961-62-HQ-83894-Section-9.pdf,38,DATE,"July 9, 1958"
65-HS1-834228961-62-HQ-83894-Section-9.pdf,38,DATE,"July 3, 1958"
65-HS1-834228961-62-HQ-83894-Section-9.pdf,40,ORG,OSI
65-HS1-834228961-62-HQ-83894-Section-9.pdf,40,DATE,5 December 1957
65-HS1-834228961-62-HQ-83894-Section-9.pdf,44,ORG,OSI
65-HS1-834228961-62-HQ-83894-Section-9.pdf,44,DATE,"October 2, 1958"
65-HS1-834228961-62-HQ-83894-Section-9.pdf,44,DATE,"September 22, 1958"
65-HS1-834228961-62-HQ-83894-Section-9.pdf,44,DATE,"September 26, 1958"
65-HS1-834228961-62-HQ-83894-Section-9.pdf,45,PERSON,Mr. Nichols
65-HS1-834228961-62-HQ-83894-Section-9.pdf,45,PERSON,Mr. NicholG'
65-HS1-834228961-62-HQ-83894-Section-9.pdf,45,ORG,FBI
65-HS1-834228961-62-HQ-83894-Section-9.pdf,45,DATE,9/22/58
65-HS1-834228961-62-HQ-83894-Section-9.pdf,46,PERSON,Mr. Mr. Donahoe
65-HS1-834228961-62-HQ-83894-Section-9.pdf,46,DATE,"September 22, 1900"
65-HS1-834228961-62-HQ-83894-Section-9.pdf,46,DATE,9/26/58
65-HS1-834228961-62-HQ-83894-Section-9.pdf,47,DATE,"September 22, 1958"
65-HS1-834228961-62-HQ-83894-Section-9.pdf,48,ORG,FBI
65-HS1-834228961-62-HQ-83894-Section-9.pdf,48,ORG,SAC
65-HS1-834228961-62-HQ-83894-Section-9.pdf,48,ORG,OSI
65-HS1-834228961-62-HQ-83894-Section-9.pdf,50,ORG,SAC
65-HS1-834228961-62-HQ-83894-Section-9.pdf,50,ORG,OSI
65-HS1-834228961-62-HQ-83894-Section-9.pdf,51,LOCATOR,Room 6523
65-HS1-834228961-62-HQ-83894-Section-9.pdf,51,LOCATOR,Room 6524
65-HS1-834228961-62-HQ-83894-Section-9.pdf,51,MARKING,Restricted
65-HS1-834228961-62-HQ-83894-Section-9.pdf,52,PERSON,Mr. Tolson DATE
65-HS1-834228961-62-HQ-83894-Section-9.pdf,52,PERSON,Mr. BelmonJ
65-HS1-834228961-62-HQ-83894-Section-9.pdf,52,PERSON,Mr. Jones
65-HS1-834228961-62-HQ-83894-Section-9.pdf,52,ORG,SAC
65-HS1-834228961-62-HQ-83894-Section-9.pdf,52,ORG,FBI
65-HS1-834228961-62-HQ-83894-Section-9.pdf,52,DATE,11/17/58
65-HS1-834228961-62-HQ-83894-Section-9.pdf,52,DATE,"April 30, 1947"
65-HS1-834228961-62-HQ-83894-Section-9.pdf,52,DATE,"August 30, 1947"
65-HS1-834228961-62-HQ-83894-Section-9.pdf,52,DATE,"April 17, 1950"
65-HS1-834228961-62-HQ-83894-Section-9.pdf,54,PERSON,Mr. James Maney
65-HS1-834228961-62-HQ-83894-Section-9.pdf,54,PERSON,Mr. Maney
65-HS1-834228961-62-HQ-83894-Section-9.pdf,54,ORG,FBI
65-HS1-834228961-62-HQ-83894-Section-9.pdf,54,ORG,SAC
65-HS1-834228961-62-HQ-83894-Section-9.pdf,54,DATE,"December 2, 1958"
65-HS1-834228961-62-HQ-83894-Section-9.pdf,54,DATE,"November 22, 1958"
65-HS1-834228961-62-HQ-83894-Section-9.pdf,56,DATE,22 November 1958
65-HS1-834228961-62-HQ-83894-Section-9.pdf,56,MARKING,secret
65-HS1-834228961-62-HQ-83894-Section-9.pdf,58,PERSON,Mr. M
65-HS1-834228961-62-HQ-83894-Section-9.pdf,58,ORG,OSI
65-HS1-834228961-62-HQ-83894-Section-9.pdf,58,DATE,"December 11, 1958"
65-HS1-834228961-62-HQ-83894-Section-9.pdf,58,DATE,"December 3, 1958"
65-HS1-834228961-62-HQ-83894-Section-9.pdf,60,DATE,"December 3, 1958"
65-HS1-834228961-62-HQ-83894-Section-9.pdf,62,DATE,5/1/57
65-HS1-834228961-62-HQ-83894-Section-9.pdf,63,DATE,"January 1, 1954"
65-HS1-834228961-62-HQ-83894-Section-9.pdf,64,LOCATOR,Room 6523
65-HS1-834228961-62-HQ-83894-Section-9.pdf,64,LOCATOR,Room 6524
65-HS1-834228961-62-HQ-83894-Section-9.pdf,64,MARKING,Restricted
65-HS1-834228961-62-HQ-83894-Section-9.pdf,66,LOCATOR,Room 6523
65-HS1-834228961-62-HQ-83894-Section-9.pdf,66,LOCATOR,Room 6524
65-HS1-834228961-62-HQ-83894-Section-9.pdf,66,MARKING,Restricted
65-HS1-834228961-62-HQ-83894-Section-9.pdf,67,LOCATOR,Room 6523
65-HS1-834228961-62-HQ-83894-Section-9.pdf,67,LOCATOR,Room 6524
65-HS1-834228961-62-HQ-83894-Section-9.pdf,69,PERSON,Mr. Barker
65-HS1-834228961-62-HQ-83894-Section-9.pdf,69,ORG,FBI
65-HS1-834228961-62-HQ-83894-Section-9.pdf,69,ORG,SAC
65-HS1-834228961-62-HQ-83894-Section-9.pdf,69,ORG,CIA
65-HS1-834228961-62-HQ-83894-Section-9.pdf,69,DATE,12/2/58
65-HS1-834228961-62-HQ-83894-Section-9.pdf,69,DATE,12/8/58
65-HS1-834228961-62-HQ-83894-Section-9.pdf,69,DATE,"October 15, 1958"
65-HS1-834228961-62-HQ-83894-Section-9.pdf,72,PERSON,Mr. Nea
65-HS1-834228961-62-HQ-83894-Section-9.pdf,72,PERSON,Mr. Par
65-HS1-834228961-62-HQ-83894-Section-9.pdf,72,PERSON,Mr. Reosw
65-HS1-834228961-62-HQ-83894-Section-9.pdf,72,ORG,FBI
65-HS1-834228961-62-HQ-83894-Section-9.pdf,72,LOCATOR,Room --
65-HS1-834228961-62-HQ-83894-Section-9.pdf,74,ORG,SAC
65-HS1-834228961-62-HQ-83894-Section-9.pdf,74,ORG,FBI
65-HS1-834228961-62-HQ-83894-Section-9.pdf,74,DATE,10/26/52
65-HS1-834228961-62-HQ-83894-Section-9.pdf,74,DATE,12/23/59
65-HS1-834228961-62-HQ-83894-Section-9.pdf,75,PERSON,Mr. C. H. Marek
65-HS1-834228961-62-HQ-83894-Section-9.pdf,75,PERSON,Mr. L. H. Frahm
65-HS1-834228961-62-HQ-83894-Section-9.pdf,75,ORG,OAR
65-HS1-834228961-62-HQ-83894-Section-9.pdf,75,ORG,FBI
65-HS1-834228961-62-HQ-83894-Section-9.pdf,75,DATE,"December 12, 1958"
65-HS1-834228961-62-HQ-83894-Section-9.pdf,75,DATE,12/7/58
65-HS1-834228961-62-HQ-83894-Section-9.pdf,75,DATE,10/26/52
65-HS1-834228961-62-HQ-83894-Section-9.pdf,75,MARKING,secret
65-HS1-834228961-62-HQ-83894-Section-9.pdf,77,ORG,FBI
65-HS1-834228961-62-HQ-83894-Section-9.pdf,77,ORG,SAC
65-HS1-834228961-62-HQ-83894-Section-9.pdf,77,DATE,12/19/58
65-HS1-834228961-62-HQ-83894-Section-9.pdf,77,DATE,12/16/58
65-HS1-834228961-62-HQ-83894-Section-9.pdf,79,ORG,FBI
65-HS1-834228961-62-HQ-83894-Section-9.pdf,79,DATE,1/21/25
65-HS1-834228961-62-HQ-83894-Section-9.pdf,80,ORG,FBI
65-HS1-834228961-62-HQ-83894-Section-9.pdf,80,ORG,SAC
65-HS1-834228961-62-HQ-83894-Section-9.pdf,80,DATE,12/19/58
65-HS1-834228961-62-HQ-83894-Section-9.pdf,80,DATE,12/16/58
65-HS1-834228961-62-HQ-83894-Section-9.pdf,81,ORG,FBI
65-HS1-834228961-62-HQ-83894-Section-9.pdf,81,DATE,1/21/25
65-HS1-834228961-62-HQ-83894-Section-9.pdf,82,ORG,SAC
65-HS1-834228961-62-HQ-83894-Section-9.pdf,82,ORG,FBI
65-HS1-834228961-62-HQ-83894-Section-9.pdf,82,DATE,"December 30, 1958"
65-HS1-834228961-62-HQ-83894-Section-9.pdf,82,DATE,12/19/58
65-HS1-834228961-62-HQ-83894-Section-9.pdf,82,DATE,12/7/58
65-HS1-834228961-62-HQ-83894-Section-9.pdf,83,ORG,SAC
65-HS1-834228961-62-HQ-83894-Section-9.pdf,83,ORG,FBI
65-HS1-834228961-62-HQ-83894-Section-9.pdf,83,DATE,12/7/58
65-HS1-834228961-62-HQ-83894-Section-9.pdf,83,DATE,12/19/58
65-HS1-834228961-62-HQ-83894-Section-9.pdf,83,DATE,1/5/59
65-HS1-834228961-62-HQ-83894-Section-9.pdf,84,ORG,FBI
65-HS1-834228961-62-HQ-83894-Section-9.pdf,84,ORG,SAC
65-HS1-834228961-62-HQ-83894-Section-9.pdf,84,DATE,1/5/59
65-HS1-834228961-62-HQ-83894-Section-9.pdf,84,DATE,12/30/58
65-HS1-834228961-62-HQ-83894-Section-9.pdf,86,PERSON,Mr. Larry
65-HS1-834228961-62-HQ-83894-Section-9.pdf,86,DATE,"February 9, 1959"
65-HS1-834228961-62-HQ-83894-Section-9.pdf,86,MARKING,confidential
65-HS1-834228961-62-HQ-83894-Section-9.pdf,88,ORG,FBI
65-HS1-834228961-62-HQ-83894-Section-9.pdf,89,DATE,"January 1, 1952"
65-HS1-834228961-62-HQ-83894-Section-9.pdf,90,LOCATOR,Room 6523
65-HS1-834228961-62-HQ-83894-Section-9.pdf,90,LOCATOR,Room 6524
65-HS1-834228961-62-HQ-83894-Section-9.pdf,90,MARKING,Restricted
65-HS1-834228961-62-HQ-83894-Section-9.pdf,91,ORG,FBI (62-83894)
65-HS1-834228961-62-HQ-83894-Section-9.pdf,91,ORG,SAC
65-HS1-834228961-62-HQ-83894-Section-9.pdf,91,DATE,1/22/59
65-HS1-834228961-62-HQ-83894-Section-9.pdf,93,ORG,FBI
65-HS1-834228961-62-HQ-83894-Section-9.pdf,93,ORG,SAC
65-HS1-834228961-62-HQ-83894-Section-9.pdf,93,ORG,OSI
65-HS1-834228961-62-HQ-83894-Section-9.pdf,93,DATE,"April 21, 1959"
65-HS1-834228961-62-HQ-83894-Section-9.pdf,93,DATE,"April 2, 1959"
65-HS1-834228961-62-HQ-83894-Section-9.pdf,93,DATE,"April 3, 1959"
65-HS1-834228961-62-HQ-83894-Section-9.pdf,95,PERSON,Lt. Col
65-HS1-834228961-62-HQ-83894-Section-9.pdf,95,ORG,FBI
65-HS1-834228961-62-HQ-83894-Section-9.pdf,95,ORG,SAC
65-HS1-834228961-62-HQ-83894-Section-9.pdf,95,ORG,OSI
65-HS1-834228961-62-HQ-83894-Section-9.pdf,97,ORG,FBI
65-HS1-834228961-62-HQ-83894-Section-9.pdf,97,ORG,SAC
65-HS1-834228961-62-HQ-83894-Section-9.pdf,97,ORG,OSI
65-HS1-834228961-62-HQ-83894-Section-9.pdf,97,DATE,"May 22, 1959"
65-HS1-834228961-62-HQ-83894-Section-9.pdf,97,DATE,4/21/59
65-HS1-834228961-62-HQ-83894-Section-9.pdf,97,DATE,5/5/59
65-HS1-834228961-62-HQ-83894-Section-9.pdf,99,PERSON,Mr. Hayden Hewes Associate Director
65-HS1-834228961-62-HQ-83894-Section-9.pdf,99,PERSON,Mr. Hewes
65-HS1-834228961-62-HQ-83894-Section-9.pdf,99,ORG,FBI
65-HS1-834228961-62-HQ-83894-Section-9.pdf,99,DATE,"August 31, 1959"
65-HS1-834228961-62-HQ-83894-Section-9.pdf,99,DATE,"August 24, 1959"
65-HS1-834228961-62-HQ-83894-Section-9.pdf,103,ORG,SAC
65-HS1-834228961-62-HQ-83894-Section-9.pdf,103,ORG,OSI
65-HS1-834228961-62-HQ-83894-Section-9.pdf,103,ORG,FBI
65-HS1-834228961-62-HQ-83894-Section-9.pdf,105,ORG,FBI
65-HS1-834228961-62-HQ-83894-Section-9.pdf,105,ORG,OSI
65-HS1-834228961-62-HQ-83894-Section-9.pdf,105,DATE,3/9/60
65-HS1-834228961-62-HQ-83894-Section-9.pdf,108,ORG,FBI
65-HS1-834228961-62-HQ-83894-Section-9.pdf,109,ORG,OSI
65-HS1-834228961-62-HQ-83894-Section-9.pdf,109,ORG,FBI
65-HS1-834228961-62-HQ-83894-Section-9.pdf,111,ORG,OSI
65-HS1-834228961-62-HQ-83894-Section-9.pdf,115,ORG,OSI
65-HS1-834228961-62-HQ-83894-Section-9.pdf,116,PERSON,Mr. Rosen
65-HS1-834228961-62-HQ-83894-Section-9.pdf,116,PERSON,Mr. Tamm
65-HS1-834228961-62-HQ-83894-Section-9.pdf,116,PERSON,Mr. Trotter
65-HS1-834228961-62-HQ-83894-Section-9.pdf,116,PERSON,Mr. W.C.Sullivan MAR
65-HS1-834228961-62-HQ-83894-Section-9.pdf,116,PERSON,Mr. Ingr
65-HS1-834228961-62-HQ-83894-Section-9.pdf,116,ORG,FBI
65-HS1-834228961-62-HQ-83894-Section-9.pdf,118,ORG,FBI
65-HS1-834228961-62-HQ-83894-Section-9.pdf,118,ORG,OSI
65-HS1-834228961-62-HQ-83894-Section-9.pdf,120,ORG,FBI
65-HS1-834228961-62-HQ-83894-Section-9.pdf,120,ORG,SAC
65-HS1-834228961-62-HQ-83894-Section-9.pdf,120,ORG,OSI
65-HS1-834228961-62-HQ-83894-Section-9.pdf,120,DATE,3/28/60
65-HS1-834228961-62-HQ-83894-Section-9.pdf,120,DATE,3/27/60
65-HS1-834228961-62-HQ-83894-Section-9.pdf,120,DATE,3/9/60
65-HS1-834228961-62-HQ-83894-Section-9.pdf,120,MARKING,top secret
65-HS1-834228961-62-HQ-83894-Section-9.pdf,121,ORG,FBI
65-HS1-834228961-62-HQ-83894-Section-9.pdf,121,ORG,SAC
65-HS1-834228961-62-HQ-83894-Section-9.pdf,121,ORG,OSI
65-HS1-834228961-62-HQ-83894-Section-9.pdf,121,DATE,3/31/60
65-HS1-834228961-62-HQ-83894-Section-9.pdf,121,DATE,3/28/60
65-HS1-834228961-62-HQ-83894-Section-9.pdf,121,DATE,3/27/60
65-HS1-834228961-62-HQ-83894-Section-9.pdf,121,DATE,3/9/60
65-HS1-834228961-62-HQ-83894-Section-9.pdf,123,ORG,FBI
65-HS1-834228961-62-HQ-83894-Section-9.pdf,124,ORG,FBI
65-HS1-834228961-62-HQ-83894-Section-9.pdf,125,ORG,NICAP
65-HS1-834228961-62-HQ-83894-Section-9.pdf,125,ORG,FBI
65-HS1-834228961-62-HQ-83894-Section-9.pdf,125,MARKING,top secret
65-HS1-834228961-62-HQ-83894-Section-9.pdf,126,ORG,FBI
65-HS1-834228961-62-HQ-83894-Section-9.pdf,126,DATE,"April 6, 1960"
65-HS1-834228961-62-HQ-83894-Section-9.pdf,128,PERSON,Mr. Hall
65-HS1-834228961-62-HQ-83894-Section-9.pdf,128,ORG,FBI
65-HS1-834228961-62-HQ-83894-Section-9.pdf,129,ORG,OSI
65-HS1-834228961-62-HQ-83894-Section-9.pdf,130,PERSON,Mr. Tol
65-HS1-834228961-62-HQ-83894-Section-9.pdf,130,PERSON,Mr. Par
65-HS1-834228961-62-HQ-83894-Section-9.pdf,130,PERSON,Mr. DoLoach
65-HS1-834228961-62-HQ-83894-Section-9.pdf,130,PERSON,Mr. Jngra.m
65-HS1-834228961-62-HQ-83894-Section-9.pdf,130,ORG,SAC
65-HS1-834228961-62-HQ-83894-Section-9.pdf,130,ORG,FBI
65-HS1-834228961-62-HQ-83894-Section-9.pdf,130,DATE,"March 26, 1960"
65-HS1-834228961-62-HQ-83894-Section-9.pdf,132,PERSON,Mr. Boeen-
65-HS1-834228961-62-HQ-83894-Section-9.pdf,132,PERSON,Mr. Tamm-
65-HS1-834228961-62-HQ-83894-Section-9.pdf,132,PERSON,Mr. Trotter
65-HS1-834228961-62-HQ-83894-Section-9.pdf,132,PERSON,Mr. Ingram
65-HS1-834228961-62-HQ-83894-Section-9.pdf,134,ORG,FBI
65-HS1-834228961-62-HQ-83894-Section-9.pdf,135,PERSON,Mr. PERRY
65-HS1-834228961-62-HQ-83894-Section-9.pdf,135,PERSON,Mr. PERRYvas
65-HS1-834228961-62-HQ-83894-Section-9.pdf,135,ORG,FBI
65-HS1-834228961-62-HQ-83894-Section-9.pdf,135,ORG,SAC
65-HS1-834228961-62-HQ-83894-Section-9.pdf,135,DATE,"April 12, 1960"
65-HS1-834228961-62-HQ-83894-Section-9.pdf,135,DATE,"April 6, 1960"
65-HS1-834228961-62-HQ-83894-Section-9.pdf,135,DATE,4/11/60
65-HS1-834228961-62-HQ-83894-Section-9.pdf,135,DATE,"March 21, 1959"
65-HS1-834228961-62-HQ-83894-Section-9.pdf,137,PERSON,Mr. PERRY
65-HS1-834228961-62-HQ-83894-Section-9.pdf,137,ORG,FBI
65-HS1-834228961-62-HQ-83894-Section-9.pdf,137,ORG,SAC
65-HS1-834228961-62-HQ-83894-Section-9.pdf,137,DATE,4/11/60
65-HS1-834228961-62-HQ-83894-Section-9.pdf,137,DATE,4/6/60
65-HS1-834228961-62-HQ-83894-Section-9.pdf,137,DATE,4/9/60
65-HS1-834228961-62-HQ-83894-Section-9.pdf,137,DATE,4/12/60
65-HS1-834228961-62-HQ-83894-Section-9.pdf,139,PERSON,Mr. Wacka
65-HS1-834228961-62-HQ-83894-Section-9.pdf,139,ORG,FBI
65-HS1-834228961-62-HQ-83894-Section-9.pdf,139,DATE,"April 21, 1960"
65-HS1-834228961-62-HQ-83894-Section-9.pdf,139,DATE,"April 13, 1960"
65-HS1-834228961-62-HQ-83894-Section-9.pdf,141,ORG,OSI
65-HS1-834228961-62-HQ-83894-Section-9.pdf,141,ORG,FBI
65-HS1-834228961-62-HQ-83894-Section-9.pdf,144,DATE,"April 6, 1960"
65-HS1-834228961-62-HQ-83894-Section-9.pdf,144,DATE,"April 13, 1960"
65-HS1-834228961-62-HQ-83894-Section-9.pdf,146,PERSON,Mr. VAN TASSEL
65-HS1-834228961-62-HQ-83894-Section-9.pdf,146,ORG,FBI
65-HS1-834228961-62-HQ-83894-Section-9.pdf,146,ORG,SAC
65-HS1-834228961-62-HQ-83894-Section-9.pdf,146,ORG,OSI
65-HS1-834228961-62-HQ-83894-Section-9.pdf,146,DATE,4/17/60
65-HS1-834228961-62-HQ-83894-Section-9.pdf,146,DATE,4/19/60
65-HS1-834228961-62-HQ-83894-Section-9.pdf,148,ORG,FBI
65-HS1-834228961-62-HQ-83894-Section-9.pdf,148,DATE,"April 26, 1960"
65-HS1-834228961-62-HQ-83894-Section-9.pdf,148,DATE,"April 17, 1960"
65-HS1-834228961-62-HQ-83894-Section-9.pdf,152,ORG,FBI
65-HS1-834228961-62-HQ-83894-Section-9.pdf,152,DATE,"April 26, 1960"
65-HS1-834228961-62-HQ-83894-Section-9.pdf,164,ORG,FBI
65-HS1-834228961-62-HQ-83894-Section-9.pdf,164,ORG,SAC
65-HS1-834228961-62-HQ-83894-Section-9.pdf,165,PERSON,Mr. PERRY
65-HS1-834228961-62-HQ-83894-Section-9.pdf,165,PERSON,Mr. CHIAPPETTA
65-HS1-834228961-62-HQ-83894-Section-9.pdf,165,ORG,FBI
65-HS1-834228961-62-HQ-83894-Section-9.pdf,166,DATE,"May 20, 1960"
65-HS1-834228961-62-HQ-83894-Section-9.pdf,166,DATE,"May 3, 1960"
65-HS1-834228961-62-HQ-83894-Section-9.pdf,167,DATE,"May 20, 1960"
65-HS1-834228961-62-HQ-83894-Section-9.pdf,169,PERSON,Mr. Belmont
65-HS1-834228961-62-HQ-83894-Section-9.pdf,169,PERSON,Mr. Donahoe
65-HS1-834228961-62-HQ-83894-Section-9.pdf,169,PERSON,Mr. Wacks JFW
65-HS1-834228961-62-HQ-83894-Section-9.pdf,169,ORG,FBI
65-HS1-834228961-62-HQ-83894-Section-9.pdf,169,ORG,SAC
65-HS1-834228961-62-HQ-83894-Section-9.pdf,169,DATE,"September 30, 1960"
65-HS1-834228961-62-HQ-83894-Section-9.pdf,171,PERSON,Mr. Alire
65-HS1-834228961-62-HQ-83894-Section-9.pdf,171,PERSON,Mr. Zigler
65-HS1-834228961-62-HQ-83894-Section-9.pdf,171,PERSON,Dr. Stranges
65-HS1-834228961-62-HQ-83894-Section-9.pdf,171,ORG,FBI
65-HS1-834228961-62-HQ-83894-Section-9.pdf,171,ORG,SAC
65-HS1-834228961-62-HQ-83894-Section-9.pdf,171,DATE,"October 17, 1960"
65-HS1-834228961-62-HQ-83894-Section-9.pdf,173,PERSON,Mr. Ro
65-HS1-834228961-62-HQ-83894-Section-9.pdf,173,PERSON,Mr. W.C.Sulli
65-HS1-834228961-62-HQ-83894-Section-9.pdf,173,PERSON,Mr. Ingram
65-HS1-834228961-62-HQ-83894-Section-9.pdf,173,DATE,"October 10, 1960"
65-HS1-834228961-62-HQ-83894-Section-9.pdf,175,PERSON,Mr. Zigler. On
65-HS1-834228961-62-HQ-83894-Section-9.pdf,175,PERSON,Dr. Frank E. Stranges
65-HS1-834228961-62-HQ-83894-Section-9.pdf,175,ORG,SAC
65-HS1-834228961-62-HQ-83894-Section-9.pdf,175,ORG,FBI
65-HS1-834228961-62-HQ-83894-Section-9.pdf,175,DATE,"October 10, 1960"
65-HS1-834228961-62-HQ-83894-Section-9.pdf,177,PERSON,Mr. Zigler
65-HS1-834228961-62-HQ-83894-Section-9.pdf,177,PERSON,Dr. Stranges
65-HS1-834228961-62-HQ-83894-Section-9.pdf,177,PERSON,Mr. Zigler's
65-HS1-834228961-62-HQ-83894-Section-9.pdf,177,PERSON,Dr. Frank E. Stranges. Ascertain
65-HS1-834228961-62-HQ-83894-Section-9.pdf,177,PERSON,Dr. Strange
65-HS1-834228961-62-HQ-83894-Section-9.pdf,177,PERSON,Mr. Zigler'
65-HS1-834228961-62-HQ-83894-Section-9.pdf,177,ORG,FBI
65-HS1-834228961-62-HQ-83894-Section-9.pdf,178,ORG,FBI
65-HS1-834228961-62-HQ-83894-Section-9.pdf,178,ORG,SAC
65-HS1-834228961-62-HQ-83894-Section-9.pdf,179,ORG,FBI (62-83894)
65-HS1-834228961-62-HQ-83894-Section-9.pdf,179,ORG,SAC
65-HS1-834228961-62-HQ-83894-Section-9.pdf,179,ORG,OSI
65-HS1-834228961-62-HQ-83894-Section-9.pdf,179,DATE,"September 25, 1961"
65-HS1-834228961-62-HQ-83894-Section-9.pdf,179,DATE,"October 2, 1961"
65-HS1-834228961-62-HQ-83894-Section-9.pdf,179,DATE,"June 15, 1960"
65-HS1-834228961-62-HQ-83894-Section-9.pdf,180,DATE,"June 4, 1960"
65-HS1-834228961-62-HQ-83894-Section-9.pdf,180,MARKING,secret
65-HS1-834228961-62-HQ-83894-Section-9.pdf,182,PERSON,Mr. Str
65-HS1-834228961-62-HQ-83894-Section-9.pdf,182,DATE,"September 25, 1961"
65-HS1-834228961-62-HQ-83894-Section-9.pdf,182,DATE,"September 10, 1961"
65-HS1-834228961-62-HQ-83894-Section-9.pdf,184,PERSON,Mr. Stringfield
65-HS1-834228961-62-HQ-83894-Section-9.pdf,184,ORG,FBI
65-HS1-834228961-62-HQ-83894-Section-9.pdf,184,DATE,"October 2, 1961"
65-HS1-834228961-62-HQ-83894-Section-9.pdf,184,DATE,"October 1, 1961"
65-HS1-834228961-62-HQ-83894-Section-9.pdf,184,DATE,"September 25, 1961"
65-HS1-834228961-62-HQ-83894-Section-9.pdf,185,DATE,"October 17, 1961"
65-HS1-834228961-62-HQ-83894-Section-9.pdf,185,DATE,"Septellber 25, 1961"
65-HS1-834228961-62-HQ-83894-Section-9.pdf,185,DATE,"Septellber 10, 1961"
65-HS1-834228961-62-HQ-83894-Section-9.pdf,186,PERSON,Mr. Stringfield
65-HS1-834228961-62-HQ-83894-Section-9.pdf,186,PERSON,Mr. Str
65-HS1-834228961-62-HQ-83894-Section-9.pdf,187,PERSON,Mr. Stringfield
65-HS1-834228961-62-HQ-83894-Section-9.pdf,187,DATE,"October 2, 1961"
65-HS1-834228961-62-HQ-83894-Section-9.pdf,187,DATE,"October 1, 1961"
65-HS1-834228961-62-HQ-83894-Section-9.pdf,187,DATE,"September 25, 1961"
65-HS1-834228961-62-HQ-83894-Section-9.pdf,188,PERSON,Mr. Stl
65-HS1-834228961-62-HQ-83894-Section-9.pdf,189,PERSON,Mr. Stringt
65-HS1-834228961-62-HQ-83894-Section-9.pdf,190,PERSON,Mr. Str
65-HS1-834228961-62-HQ-83894-Section-9.pdf,190,DATE,"October 2, 1961"
65-HS1-834228961-62-HQ-83894-Section-9.pdf,190,DATE,"October 1, 1961"
65-HS1-834228961-62-HQ-83894-Section-9.pdf,191,PERSON,Mr. Str
65-HS1-834228961-62-HQ-83894-Section-9.pdf,191,DATE,"October 17, 1961"
65-HS1-834228961-62-HQ-83894-Section-9.pdf,192,PERSON,Mr. Stritigt
65-HS1-834228961-62-HQ-83894-Section-9.pdf,192,PERSON,Mr. Strtng.f'
65-HS1-834228961-62-HQ-83894-Section-9.pdf,192,PERSON,Mr. Str
65-HS1-834228961-62-HQ-83894-Section-9.pdf,193,PERSON,Mr. Strlllgt
65-HS1-834228961-62-HQ-83894-Section-9.pdf,193,DATE,"October 2, 1961"
65-HS1-834228961-62-HQ-83894-Section-9.pdf,194,PERSON,Mr. Sulli
65-HS1-834228961-62-HQ-83894-Section-9.pdf,194,ORG,FBI
65-HS1-834228961-62-HQ-83894-Section-9.pdf,194,DATE,0/2/62
65-HS1-834228961-62-HQ-83894-Section-9.pdf,194,DATE,10/2/61
65-HS1-834228961-62-HQ-83894-Section-9.pdf,194,DATE,8/29/52
65-HS1-834228961-62-HQ-83894-Section-9.pdf,194,DATE,10/1/63
65-HS1-834228961-62-HQ-83894-Section-9.pdf,196,PERSON,Mr. R
65-HS1-834228961-62-HQ-83894-Section-9.pdf,196,PERSON,Mr. Mastroberte
65-HS1-834228961-62-HQ-83894-Section-9.pdf,196,ORG,FBI
65-HS1-834228961-62-HQ-83894-Section-9.pdf,196,DATE,"June 27, 1963"
65-HS1-834228961-62-HQ-83894-Section-9.pdf,200,ORG,FBI
65-HS1-834228961-62-HQ-83894-Section-9.pdf,202,PERSON,Mr. John
65-HS1-834228961-62-HQ-83894-Section-9.pdf,202,PERSON,Mr. Black
65-HS1-834228961-62-HQ-83894-Section-9.pdf,202,ORG,OSI
65-HS1-834228961-62-HQ-83894-Section-9.pdf,202,DATE,7 July 17
65-HS1-834228961-62-HQ-83894-Section-9.pdf,202,DATE,"July 10, 1963"
65-HS1-834228961-62-HQ-83894-Section-9.pdf,204,PERSON,Mr. Bryant
65-HS1-834228961-62-HQ-83894-Section-9.pdf,204,ORG,FBI
65-HS1-834228961-62-HQ-83894-Section-9.pdf,204,DATE,"September 27, 1963"
65-HS1-834228961-62-HQ-83894-Section-9.pdf,204,MARKING,confidential
65-HS1-834228961-62-HQ-83894-Section-9.pdf,206,ORG,FBI
65-HS1-834228961-62-HQ-83894-Section-9.pdf,206,ORG,SAC
65-HS1-834228961-62-HQ-83894-Section-9.pdf,206,DATE,9/24/63
65-HS1-834228961-62-HQ-83894-Section-9.pdf,206,DATE,9/20/63
65-HS1-834228961-62-HQ-83894-Section-9.pdf,206,DATE,8/7/58
65-HS1-834228961-62-HQ-83894-Section-9.pdf,206,DATE,2/1/59
65-HS1-834228961-62-HQ-83894-Section-9.pdf,206,DATE,2/9/59
65-HS1-834228961-62-HQ-83894-Section-9.pdf,206,DATE,6/15/60
65-HS1-834228961-62-HQ-83894-Section-9.pdf,206,DATE,8/8/63
65-HS1-834228961-62-HQ-83894-Section-9.pdf,206,DATE,7/23/63
65-HS1-834228961-62-HQ-83894-Section-9.pdf,207,PERSON,Mrs. EARLEY
65-HS1-834228961-62-HQ-83894-Section-9.pdf,207,ORG,FBI
65-HS1-834228961-62-HQ-83894-Section-9.pdf,207,DATE,9/17/63
65-HS1-834228961-62-HQ-83894-Section-9.pdf,207,DATE,2/23/38
65-HS1-834228961-62-HQ-83894-Section-9.pdf,207,DATE,5/22/58
65-HS1-834228961-62-HQ-83894-Section-9.pdf,207,LOCATOR,Room 206
65-HS1-834228961-62-HQ-83894-Section-9.pdf,208,DATE,9/17/63
65-HS1-834228961-62-HQ-83894-Section-9.pdf,209,PERSON,Mr. Bryant
65-HS1-834228961-62-HQ-83894-Section-9.pdf,209,ORG,SAC
65-HS1-834228961-62-HQ-83894-Section-9.pdf,209,ORG,FBI
65-HS1-834228961-62-HQ-83894-Section-9.pdf,211,PERSON,Mr. Castles
65-HS1-834228961-62-HQ-83894-Section-9.pdf,211,ORG,FBI
65-HS1-834228961-62-HQ-83894-Section-9.pdf,211,DATE,"September 17, 1963"
65-HS1-834228961-62-HQ-83894-Section-9.pdf,213,ORG,SAC
65-HS1-834228961-62-HQ-83894-Section-9.pdf,213,DATE,10/4/63
65-HS1-834228961-62-HQ-83894-Section-9.pdf,213,DATE,10/2/62
65-HS1-834228961-62-HQ-83894-Section-9.pdf,217,PERSON,Mr. Montello
65-HS1-834228961-62-HQ-83894-Section-9.pdf,217,DATE,"January 22, 1964"
65-HS1-834228961-62-HQ-83894-Section-9.pdf,219,ORG,FBI
65-HS1-834228961-62-HQ-83894-Section-9.pdf,219,ORG,CIA
65-HS1-834228961-62-HQ-83894-Section-9.pdf,220,ORG,FBI
65-HS1-834228961-62-HQ-83894-Section-9.pdf,221,ORG,FBI
65-HS1-834228961-62-HQ-83894-Section-9.pdf,221,ORG,OSI
65-HS1-834228961-62-HQ-83894-Section-9.pdf,221,DATE,4/27/64
65-HS1-834228961-62-HQ-83894-Section-9.pdf,224,ORG,FBI
65-HS1-834228961-62-HQ-83894-Section-9.pdf,226,ORG,FBI
65-HS1-834228961-62-HQ-83894-Section-9.pdf,226,ORG,SAC
65-HS1-834228961-62-HQ-83894-Section-9.pdf,228,ORG,FBI
65-HS1-834228961-62-HQ-83894-Section-9.pdf,229,ORG,FBI
65-HS1-834228961-62-HQ-83894-Section-9.pdf,229,ORG,SAC
65-HS1-834228961-62-HQ-83894-Section-9.pdf,231,ORG,FBI
65-HS1-834228961-62-HQ-83894-Section-9.pdf,232,ORG,FBI
65-HS1-834228961-62-HQ-83894-Section-9.pdf,232,DATE,4/28/64
65-HS1-834228961-62-HQ-83894-Section-9.pdf,232,DATE,4/25/64
65-HS1-834228961-62-HQ-83894-Section-9.pdf,233,PERSON,Lt. Col
65-HS1-834228961-62-HQ-83894-Section-9.pdf,233,ORG,FBI
65-HS1-834228961-62-HQ-83894-Section-9.pdf,233,ORG,SAC
65-HS1-834228961-62-HQ-83894-Section-9.pdf,233,ORG,OSI
65-HS1-834228961-62-HQ-83894-Section-9.pdf,233,DATE,4/28/64
65-HS1-834228961-62-HQ-83894-Section-9.pdf,233,DATE,4/25/64
65-HS1-834228961-62-HQ-83894-Section-9.pdf,233,DATE,4/27/64
65-HS1-834228961-62-HQ-83894-Section-9.pdf,233,DATE,4/26/64
65-HS1-834228961-62-HQ-83894-Section-9.pdf,235,ORG,FBI
65-HS1-834228961-62-HQ-83894-Section-9.pdf,235,DATE,4/27/64
65-HS1-834228961-62-HQ-83894-Section-9.pdf,235,DATE,4/26/64
65-HS1-834228961-62-HQ-83894-Section-9.pdf,235,DATE,4/24/64
65-HS1-834228961-62-HQ-83894-Section-9.pdf,237,ORG,FBI
65-HS1-834228961-62-HQ-83894-Section-9.pdf,237,ORG,SAC
65-HS1-834228961-62-HQ-83894-Section-9.pdf,237,DATE,5/8/64
65-HS1-834228961-62-HQ-83894-Section-9.pdf,237,DATE,4/28/64
65-HS1-834228961-62-HQ-83894-Section-9.pdf,237,DATE,4/24/64
65-HS1-834228961-62-HQ-83894-Section-9.pdf,237,DATE,4/25/64
65-HS1-834228961-62-HQ-83894-Section-9.pdf,239,PERSON,Mr. DeLoac
65-HS1-834228961-62-HQ-83894-Section-9.pdf,239,PERSON,Mr. Tolson
65-HS1-834228961-62-HQ-83894-Section-9.pdf,239,PERSON,Mr. DeLoach
65-HS1-834228961-62-HQ-83894-Section-9.pdf,239,PERSON,Mr. Sulliv
65-HS1-834228961-62-HQ-83894-Section-9.pdf,239,ORG,FBI
65-HS1-834228961-62-HQ-83894-Section-9.pdf,241,ORG,FBI
65-HS1-834228961-62-HQ-83894-Section-9.pdf,241,DATE,9/17/63
65-HS1-834228961-62-HQ-83894-Section-9.pdf,241,DATE,2/2/48
65-HS1-834228961-62-HQ-83894-Section-9.pdf,241,DATE,6/15/60
65-HS1-834228961-62-HQ-83894-Section-9.pdf,241,DATE,7/23/63
65-HS1-834228961-62-HQ-83894-Section-9.pdf,241,DATE,9/27/63
65-HS1-834228961-62-HQ-83894-Section-9.pdf,241,MARKING,confidential
65-HS1-834228961-62-HQ-83894-Section-9.pdf,245,DATE,"March 13, 1960"
65-HS1-834228961-62-HQ-83894-Section-9.pdf,245,MARKING,secret
65-HS1-834228961-62-HQ-83894-Section-9.pdf,246,PERSON,Col. Frank O. Adams
65-HS1-834228961-62-HQ-83894-Section-9.pdf,246,PERSON,Col. Adams
65-HS1-834228961-62-HQ-83894-Section-9.pdf,246,PERSON,Col. Adams's
65-HS1-834228961-62-HQ-83894-Section-9.pdf,247,PERSON,Mr. Castles
65-HS1-834228961-62-HQ-83894-Section-9.pdf,247,ORG,FBI
65-HS1-834228961-62-HQ-83894-Section-9.pdf,247,DATE,"October 10, 1963"
65-HS1-834228961-62-HQ-83894-Section-9.pdf,247,DATE,"July 23, 1963"
65-HS1-834228961-62-HQ-83894-Section-9.pdf,247,DATE,"August 8, 1963"
65-HS1-834228961-62-HQ-83894-Section-9.pdf,248,ORG,SAF-OI
65-HS1-834228961-62-HQ-83894-Section-9.pdf,249,PERSON,Col. L. J. M. Mulhall
65-HS1-834228961-62-HQ-83894-Section-9.pdf,249,PERSON,Lt. Col. Robert E. Hervey
65-HS1-834228961-62-HQ-83894-Section-9.pdf,249,DATE,"March 9, 1964"
65-HS1-834228961-62-HQ-83894-Section-9.pdf,249,DATE,"October 3, 1963"
65-HS1-834228961-62-HQ-83894-Section-9.pdf,250,PERSON,Mr. Hayden Hewes
65-HS1-834228961-62-HQ-83894-Section-9.pdf,250,PERSON,Mr. Hewes
65-HS1-834228961-62-HQ-83894-Section-9.pdf,250,ORG,FBI
65-HS1-834228961-62-HQ-83894-Section-9.pdf,250,DATE,"July 13, 1964"
65-HS1-834228961-62-HQ-83894-Section-9.pdf,252,ORG,FBI
65-HS1-834228961-62-HQ-83894-Section-9.pdf,254,PERSON,Mr. Charles E
65-HS1-834228961-62-HQ-83894-Section-9.pdf,254,PERSON,Mr. Bilbo
65-HS1-834228961-62-HQ-83894-Section-9.pdf,254,ORG,SAC
65-HS1-834228961-62-HQ-83894-Section-9.pdf,254,DATE,"November 16, 1964"
65-HS1-834228961-62-HQ-83894-Section-9.pdf,254,MARKING,confidential
65-HS1-834228961-62-HQ-83894-Section-9.pdf,259,PERSON,Mr. Sullivan
65-HS1-834228961-62-HQ-83894-Section-9.pdf,259,ORG,FBI
65-HS1-834228961-62-HQ-83894-Section-9.pdf,259,DATE,"January 26, 1965"
65-HS1-834228961-62-HQ-83894-Section-9.pdf,261,PERSON,Mr. J. A. Hennessey
65-HS1-834228961-62-HQ-83894-Section-9.pdf,261,DATE,"April 24, 1964"
65-HS1-834228961-62-HQ-83894-Section-9.pdf,263,PERSON,Mr. MG'hr Mr Ith
65-HS1-834228961-62-HQ-83894-Section-9.pdf,263,PERSON,Mr. AERIAL
65-HS1-834228961-62-HQ-83894-Section-9.pdf,263,PERSON,Mr. LONDON
65-HS1-834228961-62-HQ-83894-Section-9.pdf,263,PERSON,Mr Mr Janaary
65-HS1-834228961-62-HQ-83894-Section-9.pdf,263,ORG,FBI
65-HS1-834228961-62-HQ-83894-Section-9.pdf,263,ORG,USAF
65-HS1-834228961-62-HQ-83894-Section-9.pdf,263,DATE,"April 26, 1964"
65-HS1-834228961-62-HQ-83894-Section-9.pdf,265,PERSON,Mr. Jo
65-HS1-834228961-62-HQ-83894-Section-9.pdf,265,PERSON,Mr. Caldwell
65-HS1-834228961-62-HQ-83894-Section-9.pdf,265,DATE,9 February 26
65-HS1-834228961-62-HQ-83894-Section-9.pdf,267,PERSON,Dr. Talladega
65-HS1-834228961-62-HQ-83894-Section-9.pdf,267,DATE,"February 21, 1963"
65-HS1-834228961-62-HQ-83894-Section-9.pdf,271,PERSON,Mr. Mar
65-HS1-834228961-62-HQ-83894-Section-9.pdf,271,PERSON,Mr. Powell
65-HS1-834228961-62-HQ-83894-Section-9.pdf,271,DATE,"April 28, 1965"
65-HS1-834228961-62-HQ-83894-Section-9.pdf,277,ORG,FBI
65-HS1-834228961-62-HQ-83894-Section-9.pdf,277,DATE,"April 16, 1968"
65-HS1-834228961-62-HQ-83894-Section-9.pdf,279,ORG,Project Blue Book
65-HS1-834228961-62-HQ-83894-Section-9.pdf,279,ORG,FBI
65-HS1-834228961-62-HQ-83894-Section-9.pdf,281,PERSON,Mr. Ronnie Fo
65-HS1-834228961-62-HQ-83894-Section-9.pdf,281,PERSON,Mr. Fox
65-HS1-834228961-62-HQ-83894-Section-9.pdf,281,ORG,FBI
65-HS1-834228961-62-HQ-83894-Section-9.pdf,281,DATE,"July 20, 1966"
65-HS1-834228961-62-HQ-83894-Section-9.pdf,285,PERSON,Mr. Gray
65-HS1-834228961-62-HQ-83894-Section-9.pdf,285,ORG,FBI
65-HS1-834228961-62-HQ-83894-Section-9.pdf,285,DATE,"July 21, 1966"
65-HS1-834228961-62-HQ-83894-Section-9.pdf,287,PERSON,Mr. Hoover
65-HS1-834228961-62-HQ-83894-Section-9.pdf,287,DATE,"July 16, 1966"
65-HS1-834228961-62-HQ-83894-Serial-130.pdf,1,PERSON,Mr. Powell
65-HS1-834228961-62-HQ-83894-Serial-130.pdf,1,DATE,4 Auguet 19
65-HS1-834228961-62-HQ-83894-Serial-130.pdf,2,PERSON,Mr. Walter
65-HS1-834228961-62-HQ-83894-Serial-130.pdf,2,PERSON,Mr Wlute
65-HS1-834228961-62-HQ-83894-Serial-130.pdf,2,PERSON,Mr Powell
65-HS1-834228961-62-HQ-83894-Serial-130.pdf,2,DATE,15 Septeaber 194
65-HS1-834228961-62-HQ-83894-Serial-130.pdf,3,PERSON,Mr TJblt
65-HS1-834228961-62-HQ-83894-Serial-130.pdf,3,PERSON,Mr Ponll
65-HS1-834228961-62-HQ-83894-Serial-130.pdf,3,ORG,ADC
65-HS1-834228961-62-HQ-83894-Serial-130.pdf,3,DATE,12 September 194
65-HS1-834228961-62-HQ-83894-Serial-130.pdf,4,PERSON,Mr. A. O. Powell
65-HS1-834228961-62-HQ-83894-Serial-130.pdf,4,ORG,ADC
65-HS1-834228961-62-HQ-83894-Serial-130.pdf,8,DATE,8 Jul 47
65-HS1-834228961-62-HQ-83894-Serial-130.pdf,14,MARKING,RESTRICTED
65-HS1-834228961-62-HQ-83894-Serial-130.pdf,15,DATE,6 Aug 47
65-HS1-834228961-62-HQ-83894-Serial-130.pdf,16,PERSON,Lt. Halllllakar
65-HS1-834228961-62-HQ-83894-Serial-130.pdf,16,PERSON,Lt. Hamaker
65-HS1-834228961-62-HQ-83894-Serial-130.pdf,17,MARKING,RESTRiCTED
65-HS1-834228961-62-HQ-83894-Serial-130.pdf,18,PERSON,Mr. Mer
65-HS1-834228961-62-HQ-83894-Serial-130.pdf,18,DATE,10 July 1947
65-HS1-834228961-62-HQ-83894-Serial-130.pdf,18,DATE,15 July 1947
65-HS1-834228961-62-HQ-83894-Serial-130.pdf,19,PERSON,Mr. John Legge
65-HS1-834228961-62-HQ-83894-Serial-130.pdf,19,PERSON,Mr. Legge
65-HS1-834228961-62-HQ-83894-Serial-130.pdf,19,PERSON,Mr. Evans
65-HS1-834228961-62-HQ-83894-Serial-130.pdf,19,PERSON,Mrs. Samms
65-HS1-834228961-62-HQ-83894-Serial-130.pdf,19,PERSON,Mr. Legee
65-HS1-834228961-62-HQ-83894-Serial-130.pdf,19,DATE,11 July 1947
65-HS1-834228961-62-HQ-83894-Serial-130.pdf,30,DATE,17 July 1947
65-HS1-834228961-62-HQ-83894-Serial-130.pdf,30,DATE,10 July 1947
65-HS1-834228961-62-HQ-83894-Serial-130.pdf,31,DATE,10 July 1947
65-HS1-834228961-62-HQ-83894-Serial-130.pdf,33,PERSON,Mr. Le
65-HS1-834228961-62-HQ-83894-Serial-130.pdf,34,PERSON,Mr. John Jae.Iman
65-HS1-834228961-62-HQ-83894-Serial-130.pdf,37,DATE,25 August 1947
65-HS1-834228961-62-HQ-83894-Serial-130.pdf,37,MARKING,CONFIDENTIAL
65-HS1-834228961-62-HQ-83894-Serial-130.pdf,38,PERSON,Lt. Col. Donald L. Springer
65-HS1-834228961-62-HQ-83894-Serial-130.pdf,38,MARKING,CONFIDENTIAL
65-HS1-834228961-62-HQ-83894-Serial-130.pdf,39,MARKING,CONFIDENTIAL
65-HS1-834228961-62-HQ-83894-Serial-130.pdf,56,DATE,"Julf 12, 1947"
65-HS1-834228961-62-HQ-83894-Serial-130.pdf,62,MARKING,secret
65-HS1-834228961-62-HQ-83894-Serial-130.pdf,63,PERSON,Dr. E. Tou.e
65-HS1-834228961-62-HQ-83894-Serial-130.pdf,63,PERSON,Mr. John
65-HS1-834228961-62-HQ-83894-Serial-130.pdf,63,PERSON,Mr. Cole
65-HS1-834228961-62-HQ-83894-Serial-130.pdf,63,PERSON,Lt. Col
65-HS1-834228961-62-HQ-83894-Serial-130.pdf,63,PERSON,Dr. Touae
65-HS1-834228961-62-HQ-83894-Serial-130.pdf,64,PERSON,Dr. B
65-HS1-834228961-62-HQ-83894-Serial-130.pdf,65,PERSON,Mr. Butler
65-HS1-834228961-62-HQ-83894-Serial-130.pdf,65,DATE,7 July 1947
65-HS1-834228961-62-HQ-83894-Serial-130.pdf,68,PERSON,Lt Colonel
65-HS1-834228961-62-HQ-83894-Serial-130.pdf,75,DATE,28 June 2120
65-HS1-834228961-62-HQ-83894-Serial-130.pdf,75,DATE,7 July 1145
65-HS1-834228961-62-HQ-83894-Serial-130.pdf,75,DATE,7 July 1430
65-HS1-834228961-62-HQ-83894-Serial-130.pdf,75,DATE,10 July 1600
65-HS1-834228961-62-HQ-83894-Serial-130.pdf,76,PERSON,Mr. Yehrman
65-HS1-834228961-62-HQ-83894-Serial-130.pdf,80,PERSON,Mr D
65-HS1-834228961-62-HQ-83894-Serial-130.pdf,80,ORG,ATIC
65-HS1-834228961-62-HQ-83894-Serial-130.pdf,81,DATE,23 July 1947
65-HS1-834228961-62-HQ-83894-Serial-130.pdf,84,PERSON,Lt. Colonel
65-HS1-834228961-62-HQ-83894-Serial-130.pdf,84,ORG,ADC
65-HS1-834228961-62-HQ-83894-Serial-130.pdf,85,PERSON,Mr. Johnaon
65-HS1-834228961-62-HQ-83894-Serial-130.pdf,103,ORG,FBI
65-HS1-834228961-62-HQ-83894-Serial-130.pdf,106,PERSON,Lt. Col
65-HS1-834228961-62-HQ-83894-Serial-130.pdf,106,PERSON,Mr. J. R. Bauke
65-HS1-834228961-62-HQ-83894-Serial-130.pdf,106,PERSON,Mr. C
65-HS1-834228961-62-HQ-83894-Serial-130.pdf,106,PERSON,Mr. Iauke. At
65-HS1-834228961-62-HQ-83894-Serial-130.pdf,106,PERSON,Mr. Baulce
65-HS1-834228961-62-HQ-83894-Serial-130.pdf,106,PERSON,Mr. Zohn
65-HS1-834228961-62-HQ-83894-Serial-130.pdf,106,DATE,29 June 1947
65-HS1-834228961-62-HQ-83894-Serial-130.pdf,107,PERSON,Mr. Zohn
65-HS1-834228961-62-HQ-83894-Serial-130.pdf,107,DATE,18 July 47
65-HS1-834228961-62-HQ-83894-Serial-130.pdf,111,DATE,16 July 1947
65-HS1-834228961-62-HQ-83894-Serial-130.pdf,112,DATE,16 July 1947
65-HS1-834228961-62-HQ-83894-Serial-130.pdf,112,DATE,6 July 191
65-HS1-834228961-62-HQ-83894-Serial-130.pdf,116,DATE,8 July 47
65-HS1-834228961-62-HQ-83894-Serial-130.pdf,116,DATE,12 Jul. 47
65-HS1-834228961-62-HQ-83894-Serial-130.pdf,120,ORG,ATIC
65-HS1-834228961-62-HQ-83894-Serial-130.pdf,121,ORG,CIA
65-HS1-834228961-62-HQ-83894-Serial-130.pdf,125,PERSON,Mr. Zimmer
65-HS1-834228961-62-HQ-83894-Serial-130.pdf,125,ORG,FBI
65-HS1-834228961-62-HQ-83894-Serial-153.pdf,1,ORG,FBI
65-HS1-834228961-62-HQ-83894-Serial-164.pdf,1,ORG,FBI
65-HS1-834228961-62-HQ-83894-Serial-164.pdf,2,DATE,15 February 1949
65-HS1-834228961-62-HQ-83894-Serial-164.pdf,2,DATE,21 January 1948
65-HS1-834228961-62-HQ-83894-Serial-164.pdf,2,DATE,25 March 1948
65-HS1-834228961-62-HQ-83894-Serial-164.pdf,2,MARKING,RESTRICTED
65-HS1-834228961-62-HQ-83894-Serial-164.pdf,3,MARKING,RESTRICTED
65-HS1-834228961-62-HQ-83894-Serial-164.pdf,4,MARKING,RESTRICTED
65-HS1-834228961-62-HQ-83894-Serial-164.pdf,5,MARKING,RESTRICTED
65-HS1-834228961-62-HQ-83894-Serial-164.pdf,6,MARKING,RESTRICTED
65-HS1-834228961-62-HQ-83894-Serial-164.pdf,7,ORG,FBI
65-HS1-834228961-62-HQ-83894-Serial-164.pdf,7,MARKING,RESTRICTED
65-HS1-834228961-62-HQ-83894-Serial-164.pdf,8,ORG,USAF
65-HS1-834228961-62-HQ-83894-Serial-164.pdf,8,MARKING,RESTRICTED
65-HS1-834228961-62-HQ-83894-Serial-164.pdf,9,MARKING,RESTRICTED
65-HS1-834228961-62-HQ-83894-Serial-164.pdf,10,DATE,15 February 1949
65-HS1-834228961-62-HQ-83894-Serial-164.pdf,10,DATE,21 January 1948
65-HS1-834228961-62-HQ-83894-Serial-164.pdf,10,DATE,25 March 1948
65-HS1-834228961-62-HQ-83894-Serial-164.pdf,10,MARKING,RESTRICTED
65-HS1-834228961-62-HQ-83894-Serial-164.pdf,11,MARKING,RESTRICTED
65-HS1-834228961-62-HQ-83894-Serial-164.pdf,12,MARKING,RESTRICTED
65-HS1-834228961-62-HQ-83894-Serial-164.pdf,13,MARKING,RESTRICTED
65-HS1-834228961-62-HQ-83894-Serial-164.pdf,14,MARKING,RESTRICTED
65-HS1-834228961-62-HQ-83894-Serial-164.pdf,15,ORG,FBI
65-HS1-834228961-62-HQ-83894-Serial-164.pdf,15,MARKING,RESTRICTED
65-HS1-834228961-62-HQ-83894-Serial-164.pdf,16,ORG,USAF
65-HS1-834228961-62-HQ-83894-Serial-164.pdf,16,MARKING,RESTRICTED
65-HS1-834228961-62-HQ-83894-Serial-164.pdf,17,MARKING,RESTRICTED
65-HS1-834228961-62-HQ-83894-Serial-164.pdf,18,DATE,15 February 1949
65-HS1-834228961-62-HQ-83894-Serial-164.pdf,18,DATE,21 January 1948
65-HS1-834228961-62-HQ-83894-Serial-164.pdf,18,DATE,25 March 1948
65-HS1-834228961-62-HQ-83894-Serial-164.pdf,18,MARKING,RESTRICTED
65-HS1-834228961-62-HQ-83894-Serial-164.pdf,19,MARKING,RESTRICTED
65-HS1-834228961-62-HQ-83894-Serial-164.pdf,20,MARKING,RESTRICTED
65-HS1-834228961-62-HQ-83894-Serial-164.pdf,21,MARKING,RESTRICTED
65-HS1-834228961-62-HQ-83894-Serial-164.pdf,22,MARKING,RESTRICTED
65-HS1-834228961-62-HQ-83894-Serial-164.pdf,23,ORG,FBI
65-HS1-834228961-62-HQ-83894-Serial-164.pdf,23,MARKING,RESTRICTED
65-HS1-834228961-62-HQ-83894-Serial-164.pdf,24,ORG,USAF
65-HS1-834228961-62-HQ-83894-Serial-164.pdf,25,MARKING,RESTRICTED
65-HS1-834228961-62-HQ-83894-Serial-164.pdf,26,DATE,21 January 1948
65-HS1-834228961-62-HQ-83894-Serial-164.pdf,26,DATE,25 March 1948
65-HS1-834228961-62-HQ-83894-Serial-164.pdf,26,MARKING,RESTRICTED
65-HS1-834228961-62-HQ-83894-Serial-164.pdf,27,MARKING,RESTRICTED
65-HS1-834228961-62-HQ-83894-Serial-164.pdf,28,MARKING,RESTRICTED
65-HS1-834228961-62-HQ-83894-Serial-164.pdf,29,MARKING,RESTRICTED
65-HS1-834228961-62-HQ-83894-Serial-164.pdf,30,MARKING,RESTRICTED
65-HS1-834228961-62-HQ-83894-Serial-164.pdf,31,ORG,FBI
65-HS1-834228961-62-HQ-83894-Serial-164.pdf,31,MARKING,RESTRICTED
65-HS1-834228961-62-HQ-83894-Serial-164.pdf,32,ORG,USAF
65-HS1-834228961-62-HQ-83894-Serial-164.pdf,32,MARKING,RESTRICTED
65-HS1-834228961-62-HQ-83894-Serial-164.pdf,33,MARKING,RESTRICTED
65-HS1-834228961-62-HQ-83894-Serial-164.pdf,34,DATE,15 February 1949
65-HS1-834228961-62-HQ-83894-Serial-164.pdf,34,DATE,21 January 1948
65-HS1-834228961-62-HQ-83894-Serial-164.pdf,34,DATE,25 March 1948
65-HS1-834228961-62-HQ-83894-Serial-164.pdf,34,MARKING,RESTRICTED
65-HS1-834228961-62-HQ-83894-Serial-164.pdf,35,MARKING,RESTRICTED
65-HS1-834228961-62-HQ-83894-Serial-164.pdf,36,MARKING,RESTRICTED
65-HS1-834228961-62-HQ-83894-Serial-164.pdf,37,MARKING,RESTRICTED
65-HS1-834228961-62-HQ-83894-Serial-164.pdf,38,MARKING,RESTRICTED
65-HS1-834228961-62-HQ-83894-Serial-164.pdf,39,ORG,FBI
65-HS1-834228961-62-HQ-83894-Serial-164.pdf,39,MARKING,RESTRICTED
65-HS1-834228961-62-HQ-83894-Serial-164.pdf,40,ORG,USAF
65-HS1-834228961-62-HQ-83894-Serial-164.pdf,40,MARKING,RESTRICTED
65-HS1-834228961-62-HQ-83894-Serial-164.pdf,41,MARKING,RESTRICTED
65-HS1-834228961-62-HQ-83894-Serial-164.pdf,42,DATE,15 February 1949
65-HS1-834228961-62-HQ-83894-Serial-164.pdf,42,DATE,21 January 1948
65-HS1-834228961-62-HQ-83894-Serial-164.pdf,42,DATE,25 March 1948
65-HS1-834228961-62-HQ-83894-Serial-164.pdf,42,MARKING,RESTRICTED
65-HS1-834228961-62-HQ-83894-Serial-164.pdf,43,MARKING,RESTRICTED
65-HS1-834228961-62-HQ-83894-Serial-164.pdf,44,MARKING,RESTRICTED
65-HS1-834228961-62-HQ-83894-Serial-164.pdf,45,MARKING,RESTRICTED
65-HS1-834228961-62-HQ-83894-Serial-164.pdf,46,MARKING,RESTRICTED
65-HS1-834228961-62-HQ-83894-Serial-164.pdf,47,ORG,FBI
65-HS1-834228961-62-HQ-83894-Serial-164.pdf,47,MARKING,RESTRICTED
65-HS1-834228961-62-HQ-83894-Serial-164.pdf,48,ORG,USAF
65-HS1-834228961-62-HQ-83894-Serial-164.pdf,48,MARKING,RESTRICTED
65-HS1-834228961-62-HQ-83894-Serial-164.pdf,49,MARKING,RESTRICTED
65-HS1-834228961-62-HQ-83894-Serial-164.pdf,50,DATE,15 February 1949
65-HS1-834228961-62-HQ-83894-Serial-164.pdf,50,DATE,25 March 1948
65-HS1-834228961-62-HQ-83894-Serial-164.pdf,50,MARKING,RESTRICTED
65-HS1-834228961-62-HQ-83894-Serial-164.pdf,51,MARKING,RESTRICTED
65-HS1-834228961-62-HQ-83894-Serial-164.pdf,52,MARKING,RESTRICTED
65-HS1-834228961-62-HQ-83894-Serial-164.pdf,53,MARKING,RESTRICTED
65-HS1-834228961-62-HQ-83894-Serial-164.pdf,54,MARKING,RESTRICTED
65-HS1-834228961-62-HQ-83894-Serial-164.pdf,55,ORG,FBI
65-HS1-834228961-62-HQ-83894-Serial-164.pdf,55,MARKING,RESTRICTED
65-HS1-834228961-62-HQ-83894-Serial-164.pdf,56,ORG,USAF
65-HS1-834228961-62-HQ-83894-Serial-164.pdf,56,MARKING,RESTRICTED
65-HS1-834228961-62-HQ-83894-Serial-164.pdf,57,MARKING,RESTRICTED
65-HS1-834228961-62-HQ-83894-Serial-164.pdf,58,DATE,21 January 1948
65-HS1-834228961-62-HQ-83894-Serial-164.pdf,58,DATE,25 March 1948
65-HS1-834228961-62-HQ-83894-Serial-164.pdf,58,MARKING,RESTRICTED
65-HS1-834228961-62-HQ-83894-Serial-164.pdf,59,MARKING,RESTRICTED
65-HS1-834228961-62-HQ-83894-Serial-164.pdf,60,MARKING,RESTRICTED
65-HS1-834228961-62-HQ-83894-Serial-164.pdf,61,MARKING,RESTRICTED
65-HS1-834228961-62-HQ-83894-Serial-164.pdf,62,MARKING,RESTRICTED
65-HS1-834228961-62-HQ-83894-Serial-164.pdf,63,ORG,FBI
65-HS1-834228961-62-HQ-83894-Serial-164.pdf,63,MARKING,RESTRICTED
65-HS1-834228961-62-HQ-83894-Serial-164.pdf,64,ORG,USAF
65-HS1-834228961-62-HQ-83894-Serial-164.pdf,64,MARKING,RESTRICTED
65-HS1-834228961-62-HQ-83894-Serial-164.pdf,65,MARKING,RESTRICTED
65-HS1-834228961-62-HQ-83894-Serial-164.pdf,66,DATE,21 January 1948
65-HS1-834228961-62-HQ-83894-Serial-164.pdf,66,MARKING,RESTRICTED
65-HS1-834228961-62-HQ-83894-Serial-164.pdf,67,MARKING,RESTRICTED
65-HS1-834228961-62-HQ-83894-Serial-164.pdf,68,MARKING,RESTRICTED
65-HS1-834228961-62-HQ-83894-Serial-164.pdf,69,MARKING,RESTRICTED
65-HS1-834228961-62-HQ-83894-Serial-164.pdf,70,MARKING,RESTRICTED
65-HS1-834228961-62-HQ-83894-Serial-164.pdf,71,ORG,FBI
65-HS1-834228961-62-HQ-83894-Serial-164.pdf,71,MARKING,RESTRICTED
65-HS1-834228961-62-HQ-83894-Serial-164.pdf,72,ORG,USAF
65-HS1-834228961-62-HQ-83894-Serial-164.pdf,72,MARKING,RESTRICTED
65-HS1-834228961-62-HQ-83894-Serial-164.pdf,73,MARKING,RESTRICTED
65-HS1-834228961-62-HQ-83894-Serial-164.pdf,74,DATE,15 February 1949
65-HS1-834228961-62-HQ-83894-Serial-164.pdf,74,DATE,21 January 1948
65-HS1-834228961-62-HQ-83894-Serial-164.pdf,74,DATE,25 March 1948
65-HS1-834228961-62-HQ-83894-Serial-164.pdf,74,MARKING,RESTRICTED
65-HS1-834228961-62-HQ-83894-Serial-164.pdf,75,MARKING,RESTRICTED
65-HS1-834228961-62-HQ-83894-Serial-164.pdf,76,MARKING,RESTRICTED
65-HS1-834228961-62-HQ-83894-Serial-164.pdf,77,MARKING,RESTRICTED
65-HS1-834228961-62-HQ-83894-Serial-164.pdf,78,MARKING,RESTRICTED
65-HS1-834228961-62-HQ-83894-Serial-164.pdf,79,ORG,FBI
65-HS1-834228961-62-HQ-83894-Serial-164.pdf,79,MARKING,RESTRICTED
65-HS1-834228961-62-HQ-83894-Serial-164.pdf,80,ORG,USAF
65-HS1-834228961-62-HQ-83894-Serial-164.pdf,80,MARKING,RESTRICTED
65-HS1-834228961-62-HQ-83894-Serial-164.pdf,81,MARKING,RESTRICTED
65-HS1-834228961-62-HQ-83894-Serial-164.pdf,82,DATE,21 January 1948
65-HS1-834228961-62-HQ-83894-Serial-164.pdf,82,DATE,25 March 1948
65-HS1-834228961-62-HQ-83894-Serial-164.pdf,82,MARKING,RESTRICTED
65-HS1-834228961-62-HQ-83894-Serial-164.pdf,83,MARKING,RESTRICTED
65-HS1-834228961-62-HQ-83894-Serial-164.pdf,84,MARKING,RESTRICTED
65-HS1-834228961-62-HQ-83894-Serial-164.pdf,85,MARKING,RESTRICTED
65-HS1-834228961-62-HQ-83894-Serial-164.pdf,86,MARKING,RESTRICTED
65-HS1-834228961-62-HQ-83894-Serial-164.pdf,87,ORG,FBI
65-HS1-834228961-62-HQ-83894-Serial-164.pdf,87,MARKING,RESTRICTED
65-HS1-834228961-62-HQ-83894-Serial-164.pdf,88,ORG,USAF
65-HS1-834228961-62-HQ-83894-Serial-164.pdf,88,MARKING,RESTRICTED
65-HS1-834228961-62-HQ-83894-Serial-164.pdf,89,MARKING,RESTRICTED
65-HS1-834228961-62-HQ-83894-Serial-164.pdf,90,DATE,15 February 1949
65-HS1-834228961-62-HQ-83894-Serial-164.pdf,90,DATE,21 January 1948
65-HS1-834228961-62-HQ-83894-Serial-164.pdf,90,DATE,25 March 1948
65-HS1-834228961-62-HQ-83894-Serial-164.pdf,90,MARKING,RESTRICTED
65-HS1-834228961-62-HQ-83894-Serial-164.pdf,91,MARKING,RESTRICTED
65-HS1-834228961-62-HQ-83894-Serial-164.pdf,92,MARKING,RESTRICTED
65-HS1-834228961-62-HQ-83894-Serial-164.pdf,93,MARKING,RESTRICTED
65-HS1-834228961-62-HQ-83894-Serial-164.pdf,94,MARKING,RESTRICTED
65-HS1-834228961-62-HQ-83894-Serial-164.pdf,95,ORG,FBI
65-HS1-834228961-62-HQ-83894-Serial-164.pdf,95,MARKING,RESTRICTED
65-HS1-834228961-62-HQ-83894-Serial-164.pdf,96,ORG,USAF
65-HS1-834228961-62-HQ-83894-Serial-164.pdf,96,MARKING,RESTRICTED
65-HS1-834228961-62-HQ-83894-Serial-164.pdf,97,MARKING,RESTRICTED
65-HS1-834228961-62-HQ-83894-Serial-164.pdf,98,DATE,16 February 1949
65-HS1-834228961-62-HQ-83894-Serial-164.pdf,98,DATE,21 January 1948
65-HS1-834228961-62-HQ-83894-Serial-164.pdf,98,DATE,25 March 1948
65-HS1-834228961-62-HQ-83894-Serial-164.pdf,98,MARKING,RESTRICTED
65-HS1-834228961-62-HQ-83894-Serial-164.pdf,100,MARKING,RESTRICTED
65-HS1-834228961-62-HQ-83894-Serial-164.pdf,101,MARKING,RESTRICTED
65-HS1-834228961-62-HQ-83894-Serial-164.pdf,102,MARKING,RESTRICTED
65-HS1-834228961-62-HQ-83894-Serial-164.pdf,103,ORG,FBI
65-HS1-834228961-62-HQ-83894-Serial-164.pdf,103,MARKING,RESTRICTED
65-HS1-834228961-62-HQ-83894-Serial-164.pdf,104,ORG,USAF
65-HS1-834228961-62-HQ-83894-Serial-164.pdf,104,MARKING,RESTRICTED
65-HS1-834228961-62-HQ-83894-Serial-164.pdf,105,MARKING,RESTRICTED
65-HS1-834228961-62-HQ-83894-Serial-164.pdf,106,DATE,15 February 1949
65-HS1-834228961-62-HQ-83894-Serial-164.pdf,106,DATE,21 January 1948
65-HS1-834228961-62-HQ-83894-Serial-164.pdf,106,DATE,25 March 1948
65-HS1-834228961-62-HQ-83894-Serial-164.pdf,106,MARKING,RESTRICTED
65-HS1-834228961-62-HQ-83894-Serial-164.pdf,107,MARKING,RESTRICTED
65-HS1-834228961-62-HQ-83894-Serial-164.pdf,108,MARKING,RESTRICTED
65-HS1-834228961-62-HQ-83894-Serial-164.pdf,109,MARKING,RESTRICTED
65-HS1-834228961-62-HQ-83894-Serial-164.pdf,111,ORG,FBI
65-HS1-834228961-62-HQ-83894-Serial-164.pdf,111,MARKING,RESTRICTED
65-HS1-834228961-62-HQ-83894-Serial-164.pdf,112,ORG,USAF
65-HS1-834228961-62-HQ-83894-Serial-164.pdf,112,MARKING,RESTRICTED
65-HS1-834228961-62-HQ-83894-Serial-164.pdf,113,MARKING,RESTRICTED
65-HS1-834228961-62-HQ-83894-Serial-164.pdf,114,DATE,15 February 1949
65-HS1-834228961-62-HQ-83894-Serial-164.pdf,114,DATE,21 January 1948
65-HS1-834228961-62-HQ-83894-Serial-164.pdf,114,DATE,25 March 1948
65-HS1-834228961-62-HQ-83894-Serial-164.pdf,114,MARKING,RESTRICTED
65-HS1-834228961-62-HQ-83894-Serial-164.pdf,115,MARKING,RESTRICTED
65-HS1-834228961-62-HQ-83894-Serial-164.pdf,116,MARKING,RESTRICTED
65-HS1-834228961-62-HQ-83894-Serial-164.pdf,117,MARKING,RESTRICTED
65-HS1-834228961-62-HQ-83894-Serial-164.pdf,118,MARKING,RESTRICTED
65-HS1-834228961-62-HQ-83894-Serial-164.pdf,119,ORG,FBI
65-HS1-834228961-62-HQ-83894-Serial-164.pdf,119,MARKING,RESTRICTED
65-HS1-834228961-62-HQ-83894-Serial-164.pdf,120,ORG,USAF
65-HS1-834228961-62-HQ-83894-Serial-164.pdf,120,MARKING,RESTRICTED
65-HS1-834228961-62-HQ-83894-Serial-164.pdf,121,MARKING,RESTRICTED
65-HS1-834228961-62-HQ-83894-Serial-164.pdf,122,DATE,21 January 1948
65-HS1-834228961-62-HQ-83894-Serial-164.pdf,122,DATE,25 March 1948
65-HS1-834228961-62-HQ-83894-Serial-164.pdf,122,MARKING,RESTRICTED
65-HS1-834228961-62-HQ-83894-Serial-164.pdf,123,MARKING,RESTRICTED
65-HS1-834228961-62-HQ-83894-Serial-164.pdf,124,MARKING,RESTRICTED
65-HS1-834228961-62-HQ-83894-Serial-164.pdf,125,MARKING,RESTRICTED
65-HS1-834228961-62-HQ-83894-Serial-164.pdf,126,MARKING,RESTRICTED
65-HS1-834228961-62-HQ-83894-Serial-164.pdf,127,ORG,FBI
65-HS1-834228961-62-HQ-83894-Serial-164.pdf,127,MARKING,RESTRICTED
65-HS1-834228961-62-HQ-83894-Serial-164.pdf,128,ORG,USAF
65-HS1-834228961-62-HQ-83894-Serial-164.pdf,128,MARKING,RESTRICTED
65-HS1-834228961-62-HQ-83894-Serial-164.pdf,129,MARKING,RESTRICTED
65-HS1-834228961-62-HQ-83894-Serial-164.pdf,130,DATE,15 February 1949
65-HS1-834228961-62-HQ-83894-Serial-164.pdf,130,DATE,21 January 1948
65-HS1-834228961-62-HQ-83894-Serial-164.pdf,130,DATE,25 March 1948
65-HS1-834228961-62-HQ-83894-Serial-164.pdf,130,MARKING,RESTRICTED
65-HS1-834228961-62-HQ-83894-Serial-164.pdf,131,MARKING,RESTRICTED
65-HS1-834228961-62-HQ-83894-Serial-164.pdf,132,MARKING,RESTRICTED
65-HS1-834228961-62-HQ-83894-Serial-164.pdf,133,MARKING,RESTRICTED
65-HS1-834228961-62-HQ-83894-Serial-164.pdf,134,MARKING,RESTRICTED
65-HS1-834228961-62-HQ-83894-Serial-164.pdf,135,ORG,FBI
65-HS1-834228961-62-HQ-83894-Serial-164.pdf,135,MARKING,RESTRICTED
65-HS1-834228961-62-HQ-83894-Serial-164.pdf,136,ORG,USAF
65-HS1-834228961-62-HQ-83894-Serial-164.pdf,136,MARKING,RESTRICTED
65-HS1-834228961-62-HQ-83894-Serial-164.pdf,137,MARKING,RESTRICTED
65-HS1-834228961-62-HQ-83894-Serial-220.pdf,1,ORG,FBI
65-HS1-834228961-62-HQ-83894-Serial-220.pdf,2,PERSON,Mr. President
65-HS1-834228961-62-HQ-83894-Serial-220.pdf,2,DATE,"March 19, 1950"
65-HS1-834228961-62-HQ-83894-Serial-220.pdf,4,PERSON,Mrs. Sophia Saliba
65-HS1-834228961-62-HQ-83894-Serial-220.pdf,5,PERSON,Mr. German Horacio
65-HS1-834228961-62-HQ-83894-Serial-220.pdf,5,PERSON,Mr. Robles Jr
65-HS1-834228961-62-HQ-83894-Serial-220.pdf,5,PERSON,Mrs. Sophia Saliba
65-HS1-834228961-62-HQ-83894-Serial-403.pdf,2,PERSON,Mr. Barker
65-HS1-834228961-62-HQ-83894-Serial-403.pdf,2,PERSON,Mr. Barker's
65-HS1-834228961-62-HQ-83894-Serial-403.pdf,3,PERSON,Mr. Barker
65-HS1-834228961-62-HQ-83894-Serial-438.pdf,1,ORG,FBI
65-HS1-834228961-62-HQ-83894-Serial-438.pdf,5,DATE,"April 24, 1964"
65-HS1-834228961-62-HQ-83894-Serial-438.pdf,8,DATE,"May 8, 1964"
65-HS1-834228961-62-HQ-83894-Serial-438.pdf,8,DATE,"April 24, 1964"
65-HS1-834228961-62-HQ-83894-Serial-438.pdf,8,DATE,"April 25, 1964"
65-HS1-834228961-62-HQ-83894-Serial-449.pdf,1,ORG,FBI
65-HS1-834228961-62-HQ-83894-Serial-449.pdf,2,PERSON,Mr. JARVIS H. COOPER
65-HS1-834228961-62-HQ-83894-Serial-449.pdf,2,PERSON,Mr. COOPER
65-HS1-834228961-62-HQ-83894-Serial-449.pdf,2,ORG,SAC
65-HS1-834228961-62-HQ-83894-Serial-449.pdf,2,DATE,10/3/66
65-HS1-834228961-62-HQ-83894-Serial-449.pdf,2,DATE,9/22/66
65-HS1-834228961-62-HQ-83894-Serial-449.pdf,2,DATE,5/4/66
65-HS1-834228961-62-HQ-83894-Serial-449.pdf,3,ORG,AFSC
65-HS1-834228961-62-HQ-83894-Serial-449.pdf,4,PERSON,Mr. Kennedy
65-HS1-834228961-62-HQ-83894-Serial-449.pdf,4,ORG,AFSC
65-HS1-834228961-62-HQ-83894-Serial-449.pdf,4,DATE,"May 4, 1966"
65-HS1-834228961-62-HQ-83894-Serial-449.pdf,5,PERSON,Dr. Raymond Bernard
65-HS1-834228961-62-HQ-83894-Serial-449.pdf,5,PERSON,Dr. Daniel W. Fry's Man
65-HS1-834228961-62-HQ-83894-Serial-449.pdf,5,PERSON,Mrs. Willsie
65-HS1-834228961-62-HQ-83894-Serial-449.pdf,5,PERSON,Mrs. Roberta T. Seattle Public
65-HS1-834228961-62-HQ-83894-Serial-449.pdf,5,PERSON,Mr. Leverett
65-HS1-834228961-62-HQ-83894-Serial-449.pdf,5,PERSON,Mrs. Lee Yates. Phone
65-HS1-834228961-62-HQ-83894-Serial-449.pdf,5,ORG,AFSC
65-HS1-834228961-62-HQ-83894-Serial-449.pdf,5,DATE,"June 4, 1966"
65-HS1-834228961-62-HQ-83894-Serial-449.pdf,5,DATE,"June 23, 1966"
65-HS1-834228961-62-HQ-83894-Serial-449.pdf,5,DATE,"April 24, 1964"
65-HS1-834228961-62-HQ-83894-Serial-449.pdf,5,DATE,"June 25, 1965"
65-HS1-834228961-62-HQ-83894-Serial-449.pdf,5,LOCATOR,Room 325
65-HS1-834228961-62-HQ-83894-Serial-449.pdf,5,MARKING,SECRET
65-HS1-834228961-62-HQ-83894-Serial-449.pdf,6,PERSON,Dr. Daniel W. Fry
65-HS1-834228961-62-HQ-83894-Serial-449.pdf,6,PERSON,Dr. Frank E. Stranges
65-HS1-834228961-62-HQ-83894-Serial-449.pdf,6,ORG,AFSC
65-HS1-834228961-62-HQ-83894-Serial-449.pdf,8,ORG,AFSC
65-HS1-834228961-62-HQ-83894-Serial-449.pdf,8,MARKING,Secret
65-HS1-834228961-62-HQ-83894-Serial-449.pdf,9,PERSON,Mrs. Lorena Vogt
65-HS1-834228961-62-HQ-83894-Serial-449.pdf,9,PERSON,Dr. Maria Elliott
65-HS1-834228961-62-HQ-83894-Serial-449.pdf,9,PERSON,Dr. King
65-HS1-834228961-62-HQ-83894-Serial-449.pdf,9,ORG,AFSC
65-HS1-834228961-62-HQ-83894-Serial-449.pdf,9,DATE,"October 25, 1965"
65-HS1-834228961-62-HQ-83894-Serial-449.pdf,9,DATE,"Sept. 10, 1965"
65-HS1-834228961-62-HQ-83894-Serial-449.pdf,9,DATE,"March 5, 1966"
65-HS1-834228961-62-HQ-83894-Serial-449.pdf,10,PERSON,Mrs. Rassetl Scrivner
65-HS1-834228961-62-HQ-83894-Serial-449.pdf,11,ORG,AFSC
65-HS1-834228961-62-HQ-83894-Serial-449.pdf,12,PERSON,Dr. Daniel W. Fry
65-HS1-834228961-62-HQ-83894-Serial-449.pdf,14,PERSON,Dr. J. Allen Hynek
65-HS1-834228961-62-HQ-83894-Serial-449.pdf,14,PERSON,Dr. Hynek
65-HS1-834228961-62-HQ-83894-Serial-449.pdf,14,PERSON,Mr. Salisbury
65-HS1-834228961-62-HQ-83894-Serial-449.pdf,14,PERSON,Mr. Bre.actlc
65-HS1-834228961-62-HQ-83894-Serial-449.pdf,14,PERSON,Mr. Bttuelte
65-HS1-834228961-62-HQ-83894-Serial-449.pdf,14,PERSON,Mr. Green
65-HS1-834228961-62-HQ-83894-Serial-449.pdf,14,PERSON,Mr. Bressette
65-HS1-834228961-62-HQ-83894-Serial-449.pdf,14,PERSON,Sgt. David Tellotson
65-HS1-834228961-62-HQ-83894-Serial-449.pdf,14,PERSON,Mr. Menzel
65-HS1-834228961-62-HQ-83894-Serial-449.pdf,14,ORG,Project Blue Book
65-HS1-834228961-62-HQ-83894-Serial-449.pdf,14,ORG,NICAP
65-HS1-834228961-62-HQ-83894-Serial-449.pdf,17,PERSON,Dr. George White
65-HS1-834228961-62-HQ-83894-Serial-449.pdf,17,PERSON,Dr. John
65-HS1-834228961-62-HQ-83894-Serial-449.pdf,17,PERSON,Dr. Fr
65-HS1-834228961-62-HQ-83894-Serial-449.pdf,17,PERSON,Dr Al.Ian
65-HS1-834228961-62-HQ-83894-Serial-449.pdf,17,ORG,NICAP
65-HS1-834228961-62-HQ-83894-Serial-449.pdf,17,ORG,AFSC
65-HS1-834228961-62-HQ-83894-Serial-449.pdf,17,DATE,"Jan. 15, 1966"
DOS-UAP-D1-Cable-1-Papua-New-Guinea-January-1985.pdf,1,ORG,CIA
DOS-UAP-D1-Cable-1-Papua-New-Guinea-January-1985.pdf,1,ORG,NSA
DOS-UAP-D1-Cable-1-Papua-New-Guinea-January-1985.pdf,1,DATE,3/2/20
DOS-UAP-D1-Cable-1-Papua-New-Guinea-January-1985.pdf,1,DATE,"Jan 28, 1985"
DOS-UAP-D1-Cable-1-Papua-New-Guinea-January-1985.pdf,1,MARKING,UNCLASSIFIED
DOS-UAP-D1-Cable-1-Papua-New-Guinea-January-1985.pdf,2,DATE,3/2/2026
DOS-UAP-D1-Cable-1-Papua-New-Guinea-January-1985.pdf,2,MARKING,UNCLASSIFIED
DOS-UAP-D1-Cable-1-Papua-New-Guinea-January-1985.pdf,3,DATE,3/2/20
DOS-UAP-D1-Cable-1-Papua-New-Guinea-January-1985.pdf,3,MARKING,UNCLASSIFIED
DOS-UAP-D2-Cable-2-Kazakhstan-January-1994.pdf,1,ORG,NSA
DOS-UAP-D2-Cable-2-Kazakhstan-January-1994.pdf,1,ORG,CIA
DOS-UAP-D2-Cable-2-Kazakhstan-January-1994.pdf,1,DATE,3/2/2026
DOS-UAP-D2-Cable-2-Kazakhstan-January-1994.pdf,1,DATE,"Jan 31, 1994"
DOS-UAP-D2-Cable-2-Kazakhstan-January-1994.pdf,1,DATE,2/25/2026
DOS-UAP-D2-Cable-2-Kazakhstan-January-1994.pdf,1,MARKING,UNCLASSIFIED
DOS-UAP-D2-Cable-2-Kazakhstan-January-1994.pdf,2,DATE,3/2/20
DOS-UAP-D2-Cable-2-Kazakhstan-January-1994.pdf,2,MARKING,UNCLASSIFIED
DOS-UAP-D2-Cable-2-Kazakhstan-January-1994.pdf,3,DATE,3/2/20
DOS-UAP-D2-Cable-2-Kazakhstan-January-1994.pdf,3,MARKING,UNCLASSIFIED
DOW-UAP-D10-Mission-Report-Middle-East-May-2022.pdf,1,DATE,7 October 2025
DOW-UAP-D10-Mission-Report-Middle-East-May-2022.pdf,1,DATE,10/20/25
DOW-UAP-D10-Mission-Report-Middle-East-May-2022.pdf,1,MARKING,Declassified
DOW-UAP-D10-Mission-Report-Middle-East-May-2022.pdf,1,MARKING,SECRET
DOW-UAP-D10-Mission-Report-Middle-East-May-2022.pdf,2,DATE,7 October 2025
DOW-UAP-D10-Mission-Report-Middle-East-May-2022.pdf,2,DATE,10/20/25
DOW-UAP-D10-Mission-Report-Middle-East-May-2022.pdf,2,MARKING,Declassified
DOW-UAP-D10-Mission-Report-Middle-East-May-2022.pdf,2,MARKING,SECRET
DOW-UAP-D10-Mission-Report-Middle-East-May-2022.pdf,3,DATE,7 October 2025
DOW-UAP-D10-Mission-Report-Middle-East-May-2022.pdf,3,DATE,10/20/25
DOW-UAP-D10-Mission-Report-Middle-East-May-2022.pdf,3,MARKING,Declassified
DOW-UAP-D10-Mission-Report-Middle-East-May-2022.pdf,3,MARKING,SECRET
DOW-UAP-D10-Mission-Report-Middle-East-May-2022.pdf,4,DATE,7 October 2025
DOW-UAP-D10-Mission-Report-Middle-East-May-2022.pdf,4,DATE,10/20/25
DOW-UAP-D10-Mission-Report-Middle-East-May-2022.pdf,4,MARKING,Declassified
DOW-UAP-D10-Mission-Report-Middle-East-May-2022.pdf,4,MARKING,SECRET
DOW-UAP-D10-Mission-Report-Middle-East-May-2022.pdf,5,DATE,7 October 2025
DOW-UAP-D10-Mission-Report-Middle-East-May-2022.pdf,5,DATE,10/20/25
DOW-UAP-D10-Mission-Report-Middle-East-May-2022.pdf,5,MARKING,Declassified
DOW-UAP-D10-Mission-Report-Middle-East-May-2022.pdf,5,MARKING,SECRET
DOW-UAP-D10-Mission-Report-Middle-East-May-2022.pdf,6,DATE,7 October 2025
DOW-UAP-D10-Mission-Report-Middle-East-May-2022.pdf,6,DATE,10/20/25
DOW-UAP-D10-Mission-Report-Middle-East-May-2022.pdf,6,MARKING,Declassified
DOW-UAP-D10-Mission-Report-Middle-East-May-2022.pdf,6,MARKING,SECRET
DOW-UAP-D12-Mission-Report-Iraq-May-2022.pdf,1,DATE,8 October 2025
DOW-UAP-D12-Mission-Report-Iraq-May-2022.pdf,1,DATE,10/17/25
DOW-UAP-D12-Mission-Report-Iraq-May-2022.pdf,1,MARKING,Declassified
DOW-UAP-D12-Mission-Report-Iraq-May-2022.pdf,1,MARKING,SECRET
DOW-UAP-D12-Mission-Report-Iraq-May-2022.pdf,2,DATE,8 October 2025
DOW-UAP-D12-Mission-Report-Iraq-May-2022.pdf,2,DATE,10/17/25
DOW-UAP-D12-Mission-Report-Iraq-May-2022.pdf,2,MARKING,Declassified
DOW-UAP-D12-Mission-Report-Iraq-May-2022.pdf,2,MARKING,SECRET
DOW-UAP-D12-Mission-Report-Iraq-May-2022.pdf,3,DATE,8 October 2025
DOW-UAP-D12-Mission-Report-Iraq-May-2022.pdf,3,DATE,10/17/25
DOW-UAP-D12-Mission-Report-Iraq-May-2022.pdf,3,MARKING,Declassified
DOW-UAP-D12-Mission-Report-Iraq-May-2022.pdf,3,MARKING,SECRET
DOW-UAP-D12-Mission-Report-Iraq-May-2022.pdf,4,DATE,8 October 2025
DOW-UAP-D12-Mission-Report-Iraq-May-2022.pdf,4,DATE,10/17/25
DOW-UAP-D12-Mission-Report-Iraq-May-2022.pdf,4,MARKING,Declassified
DOW-UAP-D12-Mission-Report-Iraq-May-2022.pdf,4,MARKING,SECRET
DOW-UAP-D12-Mission-Report-Iraq-May-2022.pdf,5,DATE,8 October 2025
DOW-UAP-D12-Mission-Report-Iraq-May-2022.pdf,5,DATE,10/17/25
DOW-UAP-D12-Mission-Report-Iraq-May-2022.pdf,5,MARKING,Declassified
DOW-UAP-D12-Mission-Report-Iraq-May-2022.pdf,5,MARKING,SECRET
DOW-UAP-D12-Mission-Report-Iraq-May-2022.pdf,6,DATE,8 October 2025
DOW-UAP-D12-Mission-Report-Iraq-May-2022.pdf,6,DATE,10/17/25
DOW-UAP-D12-Mission-Report-Iraq-May-2022.pdf,6,MARKING,Declassified
DOW-UAP-D12-Mission-Report-Iraq-May-2022.pdf,6,MARKING,SECRET
DOW-UAP-D14-Mission-Report-Iraq-May-2022.pdf,1,DATE,8 October 2025
DOW-UAP-D14-Mission-Report-Iraq-May-2022.pdf,1,DATE,10/17/25
DOW-UAP-D14-Mission-Report-Iraq-May-2022.pdf,1,MARKING,Declassified
DOW-UAP-D14-Mission-Report-Iraq-May-2022.pdf,1,MARKING,SECRET
DOW-UAP-D14-Mission-Report-Iraq-May-2022.pdf,2,DATE,8 October 2025
DOW-UAP-D14-Mission-Report-Iraq-May-2022.pdf,2,DATE,10/17/25
DOW-UAP-D14-Mission-Report-Iraq-May-2022.pdf,2,MARKING,Declassified
DOW-UAP-D14-Mission-Report-Iraq-May-2022.pdf,2,MARKING,SECRET
DOW-UAP-D14-Mission-Report-Iraq-May-2022.pdf,3,DATE,8 October 2025
DOW-UAP-D14-Mission-Report-Iraq-May-2022.pdf,3,DATE,10/17/25
DOW-UAP-D14-Mission-Report-Iraq-May-2022.pdf,3,MARKING,Declassified
DOW-UAP-D14-Mission-Report-Iraq-May-2022.pdf,3,MARKING,SECRET
DOW-UAP-D14-Mission-Report-Iraq-May-2022.pdf,4,DATE,8 October 2025
DOW-UAP-D14-Mission-Report-Iraq-May-2022.pdf,4,DATE,10/17/25
DOW-UAP-D14-Mission-Report-Iraq-May-2022.pdf,4,MARKING,Declassified
DOW-UAP-D14-Mission-Report-Iraq-May-2022.pdf,4,MARKING,SECRET
DOW-UAP-D14-Mission-Report-Iraq-May-2022.pdf,5,DATE,8 October 2025
DOW-UAP-D14-Mission-Report-Iraq-May-2022.pdf,5,DATE,10/17/25
DOW-UAP-D14-Mission-Report-Iraq-May-2022.pdf,5,MARKING,Declassified
DOW-UAP-D14-Mission-Report-Iraq-May-2022.pdf,5,MARKING,SECRET
DOW-UAP-D14-Mission-Report-Iraq-May-2022.pdf,6,ORG,OSI
DOW-UAP-D14-Mission-Report-Iraq-May-2022.pdf,6,DATE,8 October 2025
DOW-UAP-D14-Mission-Report-Iraq-May-2022.pdf,6,DATE,10/17/25
DOW-UAP-D14-Mission-Report-Iraq-May-2022.pdf,6,MARKING,Declassified
DOW-UAP-D14-Mission-Report-Iraq-May-2022.pdf,7,DATE,8 October 2025
DOW-UAP-D14-Mission-Report-Iraq-May-2022.pdf,7,DATE,10/17/25
DOW-UAP-D14-Mission-Report-Iraq-May-2022.pdf,7,MARKING,Declassified
DOW-UAP-D14-Mission-Report-Iraq-May-2022.pdf,7,MARKING,SECRET
DOW-UAP-D14-Mission-Report-Iraq-May-2022.pdf,8,DATE,8 October 2025
DOW-UAP-D14-Mission-Report-Iraq-May-2022.pdf,8,DATE,10/17/25
DOW-UAP-D14-Mission-Report-Iraq-May-2022.pdf,8,MARKING,Declassified
DOW-UAP-D14-Mission-Report-Iraq-May-2022.pdf,8,MARKING,SECRET
DOW-UAP-D14-Mission-Report-Iraq-May-2022.pdf,9,DATE,8 October 2025
DOW-UAP-D14-Mission-Report-Iraq-May-2022.pdf,9,DATE,10/17/25
DOW-UAP-D14-Mission-Report-Iraq-May-2022.pdf,9,MARKING,Declassified
DOW-UAP-D14-Mission-Report-Iraq-May-2022.pdf,9,MARKING,SECRET
DOW-UAP-D16-Mission-Report-Syria-July-2022.pdf,1,DATE,8 October 2025
DOW-UAP-D16-Mission-Report-Syria-July-2022.pdf,1,DATE,10/17/25
DOW-UAP-D16-Mission-Report-Syria-July-2022.pdf,1,MARKING,Declassified
DOW-UAP-D16-Mission-Report-Syria-July-2022.pdf,2,DATE,8 October 2025
DOW-UAP-D16-Mission-Report-Syria-July-2022.pdf,2,DATE,10/17/25
DOW-UAP-D16-Mission-Report-Syria-July-2022.pdf,2,MARKING,Declassified
DOW-UAP-D16-Mission-Report-Syria-July-2022.pdf,3,DATE,8 October 2025
DOW-UAP-D16-Mission-Report-Syria-July-2022.pdf,3,DATE,10/17/25
DOW-UAP-D16-Mission-Report-Syria-July-2022.pdf,3,MARKING,Declassified
DOW-UAP-D16-Mission-Report-Syria-July-2022.pdf,4,DATE,8 October 2025
DOW-UAP-D16-Mission-Report-Syria-July-2022.pdf,4,DATE,10/17/25
DOW-UAP-D16-Mission-Report-Syria-July-2022.pdf,4,MARKING,Declassified
DOW-UAP-D16-Mission-Report-Syria-July-2022.pdf,5,DATE,8 October 2025
DOW-UAP-D16-Mission-Report-Syria-July-2022.pdf,5,DATE,10/17/25
DOW-UAP-D16-Mission-Report-Syria-July-2022.pdf,5,MARKING,Declassified
DOW-UAP-D16-Mission-Report-Syria-July-2022.pdf,6,DATE,8 October 2025
DOW-UAP-D16-Mission-Report-Syria-July-2022.pdf,6,DATE,10/17/25
DOW-UAP-D16-Mission-Report-Syria-July-2022.pdf,6,MARKING,Declassified
DOW-UAP-D16-Mission-Report-Syria-July-2022.pdf,7,DATE,8 October 2025
DOW-UAP-D16-Mission-Report-Syria-July-2022.pdf,7,DATE,10/17/25
DOW-UAP-D16-Mission-Report-Syria-July-2022.pdf,7,MARKING,Declassified
DOW-UAP-D18-Mission-Report-Iraq-December-2022.pdf,1,DATE,8 October 2025
DOW-UAP-D18-Mission-Report-Iraq-December-2022.pdf,1,DATE,10/17/25
DOW-UAP-D18-Mission-Report-Iraq-December-2022.pdf,1,MARKING,Declassified
DOW-UAP-D18-Mission-Report-Iraq-December-2022.pdf,2,DATE,8 October 2025
DOW-UAP-D18-Mission-Report-Iraq-December-2022.pdf,2,DATE,10/17/25
DOW-UAP-D18-Mission-Report-Iraq-December-2022.pdf,2,MARKING,Declassified
DOW-UAP-D18-Mission-Report-Iraq-December-2022.pdf,3,DATE,8 October 2025
DOW-UAP-D18-Mission-Report-Iraq-December-2022.pdf,3,DATE,10/17/25
DOW-UAP-D18-Mission-Report-Iraq-December-2022.pdf,3,MARKING,Declassified
DOW-UAP-D18-Mission-Report-Iraq-December-2022.pdf,4,DATE,8 October 2025
DOW-UAP-D18-Mission-Report-Iraq-December-2022.pdf,4,DATE,10/17/25
DOW-UAP-D18-Mission-Report-Iraq-December-2022.pdf,4,MARKING,Declassified
DOW-UAP-D18-Mission-Report-Iraq-December-2022.pdf,5,DATE,8 October 2025
DOW-UAP-D18-Mission-Report-Iraq-December-2022.pdf,5,DATE,10/17/25
DOW-UAP-D18-Mission-Report-Iraq-December-2022.pdf,5,MARKING,Declassified
DOW-UAP-D18-Mission-Report-Iraq-December-2022.pdf,6,DATE,8 October 2025
DOW-UAP-D18-Mission-Report-Iraq-December-2022.pdf,6,DATE,10/17/25
DOW-UAP-D18-Mission-Report-Iraq-December-2022.pdf,6,MARKING,Declassified
DOW-UAP-D19-Mission-Report-Syria-February-21-2023.pdf,1,DATE,8 October 2025
DOW-UAP-D19-Mission-Report-Syria-February-21-2023.pdf,1,DATE,10/17/25
DOW-UAP-D19-Mission-Report-Syria-February-21-2023.pdf,1,MARKING,Declassified
DOW-UAP-D19-Mission-Report-Syria-February-21-2023.pdf,2,DATE,8 October 2025
DOW-UAP-D19-Mission-Report-Syria-February-21-2023.pdf,2,DATE,10/17/25
DOW-UAP-D19-Mission-Report-Syria-February-21-2023.pdf,2,MARKING,Declassified
DOW-UAP-D19-Mission-Report-Syria-February-21-2023.pdf,2,MARKING,SECRET
DOW-UAP-D19-Mission-Report-Syria-February-21-2023.pdf,3,DATE,8 October 2025
DOW-UAP-D19-Mission-Report-Syria-February-21-2023.pdf,3,DATE,10/17/25
DOW-UAP-D19-Mission-Report-Syria-February-21-2023.pdf,3,MARKING,Declassified
DOW-UAP-D19-Mission-Report-Syria-February-21-2023.pdf,4,DATE,8 October 2025
DOW-UAP-D19-Mission-Report-Syria-February-21-2023.pdf,4,DATE,10/17/25
DOW-UAP-D19-Mission-Report-Syria-February-21-2023.pdf,4,MARKING,Declassified
DOW-UAP-D19-Mission-Report-Syria-February-21-2023.pdf,5,DATE,8 October 2025
DOW-UAP-D19-Mission-Report-Syria-February-21-2023.pdf,5,DATE,10/17/25
DOW-UAP-D19-Mission-Report-Syria-February-21-2023.pdf,5,MARKING,Declassified
DOW-UAP-D19-Mission-Report-Syria-February-21-2023.pdf,6,DATE,8 October 2025
DOW-UAP-D19-Mission-Report-Syria-February-21-2023.pdf,6,DATE,10/17/25
DOW-UAP-D19-Mission-Report-Syria-February-21-2023.pdf,6,MARKING,Declassified
DOW-UAP-D19-Mission-Report-Syria-February-21-2023.pdf,7,DATE,8 October 2025
DOW-UAP-D19-Mission-Report-Syria-February-21-2023.pdf,7,DATE,10/17/25
DOW-UAP-D19-Mission-Report-Syria-February-21-2023.pdf,7,MARKING,Declassified
DOW-UAP-D19-Mission-Report-Syria-February-21-2023.pdf,8,DATE,8 October 2025
DOW-UAP-D19-Mission-Report-Syria-February-21-2023.pdf,8,DATE,10/17/25
DOW-UAP-D19-Mission-Report-Syria-February-21-2023.pdf,8,MARKING,Declassified
DOW-UAP-D19-Mission-Report-Syria-February-21-2023.pdf,9,DATE,8 October 2025
DOW-UAP-D19-Mission-Report-Syria-February-21-2023.pdf,9,DATE,10/17/25
DOW-UAP-D19-Mission-Report-Syria-February-21-2023.pdf,9,MARKING,Declassified
DOW-UAP-D19-Mission-Report-Syria-February-21-2023.pdf,10,DATE,8 October 2025
DOW-UAP-D19-Mission-Report-Syria-February-21-2023.pdf,10,DATE,10/17/25
DOW-UAP-D19-Mission-Report-Syria-February-21-2023.pdf,10,MARKING,Declassified
DOW-UAP-D20-Mission-Report-Iraq-2023.pdf,1,DATE,8 October 2025
DOW-UAP-D20-Mission-Report-Iraq-2023.pdf,1,DATE,10/17/25
DOW-UAP-D20-Mission-Report-Iraq-2023.pdf,1,MARKING,Declassified
DOW-UAP-D20-Mission-Report-Iraq-2023.pdf,2,DATE,8 October 2025
DOW-UAP-D20-Mission-Report-Iraq-2023.pdf,2,DATE,10/17/25
DOW-UAP-D20-Mission-Report-Iraq-2023.pdf,2,MARKING,Declassified
DOW-UAP-D20-Mission-Report-Iraq-2023.pdf,3,DATE,8 October 2025
DOW-UAP-D20-Mission-Report-Iraq-2023.pdf,3,DATE,10/17/25
DOW-UAP-D20-Mission-Report-Iraq-2023.pdf,3,MARKING,Declassified
DOW-UAP-D20-Mission-Report-Iraq-2023.pdf,4,DATE,8 October 2025
DOW-UAP-D20-Mission-Report-Iraq-2023.pdf,4,DATE,10/17/25
DOW-UAP-D20-Mission-Report-Iraq-2023.pdf,4,MARKING,Declassified
DOW-UAP-D20-Mission-Report-Iraq-2023.pdf,5,DATE,8 October 2025
DOW-UAP-D20-Mission-Report-Iraq-2023.pdf,5,DATE,10/17/25
DOW-UAP-D20-Mission-Report-Iraq-2023.pdf,5,MARKING,Declassified
DOW-UAP-D20-Mission-Report-Iraq-2023.pdf,6,DATE,8 October 2025
DOW-UAP-D20-Mission-Report-Iraq-2023.pdf,6,DATE,10/17/25
DOW-UAP-D20-Mission-Report-Iraq-2023.pdf,6,MARKING,Declassified
DOW-UAP-D23-Mission-Report-United-Arab-Emirates-October-2023.pdf,1,DATE,12 September 2025
DOW-UAP-D23-Mission-Report-United-Arab-Emirates-October-2023.pdf,1,DATE,09/12/25
DOW-UAP-D23-Mission-Report-United-Arab-Emirates-October-2023.pdf,1,MARKING,Declassified
DOW-UAP-D23-Mission-Report-United-Arab-Emirates-October-2023.pdf,2,DATE,09/12/25
DOW-UAP-D23-Mission-Report-United-Arab-Emirates-October-2023.pdf,2,MARKING,Declassified
DOW-UAP-D23-Mission-Report-United-Arab-Emirates-October-2023.pdf,3,DATE,12 September 2025
DOW-UAP-D23-Mission-Report-United-Arab-Emirates-October-2023.pdf,3,DATE,09/12/25
DOW-UAP-D23-Mission-Report-United-Arab-Emirates-October-2023.pdf,3,MARKING,Declassified
DOW-UAP-D23-Mission-Report-United-Arab-Emirates-October-2023.pdf,4,DATE,12 September 2025
DOW-UAP-D23-Mission-Report-United-Arab-Emirates-October-2023.pdf,4,DATE,09/12/25
DOW-UAP-D23-Mission-Report-United-Arab-Emirates-October-2023.pdf,4,MARKING,Declassified
DOW-UAP-D23-Mission-Report-United-Arab-Emirates-October-2023.pdf,5,DATE,12 September 2025
DOW-UAP-D23-Mission-Report-United-Arab-Emirates-October-2023.pdf,5,DATE,09/12/25
DOW-UAP-D23-Mission-Report-United-Arab-Emirates-October-2023.pdf,5,MARKING,Declassified
DOW-UAP-D23-Mission-Report-United-Arab-Emirates-October-2023.pdf,6,DATE,09/12/25
DOW-UAP-D23-Mission-Report-United-Arab-Emirates-October-2023.pdf,6,MARKING,Declassified
DOW-UAP-D23-Mission-Report-United-Arab-Emirates-October-2023.pdf,7,DATE,09/12/25
DOW-UAP-D23-Mission-Report-United-Arab-Emirates-October-2023.pdf,7,MARKING,Declassified
DOW-UAP-D23-Mission-Report-United-Arab-Emirates-October-2023.pdf,8,DATE,09/12/25
DOW-UAP-D23-Mission-Report-United-Arab-Emirates-October-2023.pdf,8,MARKING,Declassified
DOW-UAP-D23-Mission-Report-United-Arab-Emirates-October-2023.pdf,9,DATE,09/12/25
DOW-UAP-D23-Mission-Report-United-Arab-Emirates-October-2023.pdf,9,MARKING,Declassified
DOW-UAP-D25-Mission-Report-Greece-January-2024.pdf,1,DATE,24 October 2025
DOW-UAP-D25-Mission-Report-Greece-January-2024.pdf,1,DATE,10/28/25
DOW-UAP-D25-Mission-Report-Greece-January-2024.pdf,1,MARKING,Declassified
DOW-UAP-D25-Mission-Report-Greece-January-2024.pdf,1,MARKING,SECRET
DOW-UAP-D25-Mission-Report-Greece-January-2024.pdf,2,DATE,24 October 2025
DOW-UAP-D25-Mission-Report-Greece-January-2024.pdf,2,DATE,10/28/25
DOW-UAP-D25-Mission-Report-Greece-January-2024.pdf,2,MARKING,Declassified
DOW-UAP-D25-Mission-Report-Greece-January-2024.pdf,2,MARKING,SECRET
DOW-UAP-D25-Mission-Report-Greece-January-2024.pdf,3,DATE,24 October 2025
DOW-UAP-D25-Mission-Report-Greece-January-2024.pdf,3,DATE,10/28/25
DOW-UAP-D25-Mission-Report-Greece-January-2024.pdf,3,MARKING,Declassified
DOW-UAP-D25-Mission-Report-Greece-January-2024.pdf,3,MARKING,SECRET
DOW-UAP-D25-Mission-Report-Greece-January-2024.pdf,4,DATE,24 October 2025
DOW-UAP-D25-Mission-Report-Greece-January-2024.pdf,4,DATE,10/28/25
DOW-UAP-D25-Mission-Report-Greece-January-2024.pdf,4,MARKING,Declassified
DOW-UAP-D25-Mission-Report-Greece-January-2024.pdf,4,MARKING,SECRET
DOW-UAP-D25-Mission-Report-Greece-January-2024.pdf,5,DATE,24 October 2025
DOW-UAP-D25-Mission-Report-Greece-January-2024.pdf,5,DATE,10/28/25
DOW-UAP-D25-Mission-Report-Greece-January-2024.pdf,5,MARKING,Declassified
DOW-UAP-D25-Mission-Report-Greece-January-2024.pdf,5,MARKING,SECRET
DOW-UAP-D25-Mission-Report-Greece-January-2024.pdf,5,MARKING,UNCLASSIFIED
DOW-UAP-D25-Mission-Report-Greece-January-2024.pdf,6,DATE,24 October 2025
DOW-UAP-D25-Mission-Report-Greece-January-2024.pdf,6,DATE,10/28/25
DOW-UAP-D25-Mission-Report-Greece-January-2024.pdf,6,MARKING,Declassified
DOW-UAP-D25-Mission-Report-Greece-January-2024.pdf,6,MARKING,SECRET
DOW-UAP-D25-Mission-Report-Greece-January-2024.pdf,6,MARKING,UNCLASSIFIED
DOW-UAP-D25-Mission-Report-Greece-January-2024.pdf,7,DATE,24 October 2025
DOW-UAP-D25-Mission-Report-Greece-January-2024.pdf,7,DATE,10/28/25
DOW-UAP-D25-Mission-Report-Greece-January-2024.pdf,7,MARKING,Declassified
DOW-UAP-D25-Mission-Report-Greece-January-2024.pdf,7,MARKING,SECRET
DOW-UAP-D27-Mission-Report-United-Arab-Emirates-October-2023.pdf,1,DATE,24 October 2025
DOW-UAP-D27-Mission-Report-United-Arab-Emirates-October-2023.pdf,1,DATE,10/28/25
DOW-UAP-D27-Mission-Report-United-Arab-Emirates-October-2023.pdf,1,MARKING,Declassified
DOW-UAP-D27-Mission-Report-United-Arab-Emirates-October-2023.pdf,1,MARKING,SECRET
DOW-UAP-D27-Mission-Report-United-Arab-Emirates-October-2023.pdf,1,MARKING,NOFORN
DOW-UAP-D27-Mission-Report-United-Arab-Emirates-October-2023.pdf,2,DATE,24 October 2025
DOW-UAP-D27-Mission-Report-United-Arab-Emirates-October-2023.pdf,2,DATE,10/28/25
DOW-UAP-D27-Mission-Report-United-Arab-Emirates-October-2023.pdf,2,MARKING,Declassified
DOW-UAP-D27-Mission-Report-United-Arab-Emirates-October-2023.pdf,2,MARKING,SECRET
DOW-UAP-D27-Mission-Report-United-Arab-Emirates-October-2023.pdf,2,MARKING,NOFORN
DOW-UAP-D27-Mission-Report-United-Arab-Emirates-October-2023.pdf,3,DATE,24 October 2025
DOW-UAP-D27-Mission-Report-United-Arab-Emirates-October-2023.pdf,3,DATE,10/28/25
DOW-UAP-D27-Mission-Report-United-Arab-Emirates-October-2023.pdf,3,MARKING,Declassified
DOW-UAP-D27-Mission-Report-United-Arab-Emirates-October-2023.pdf,3,MARKING,SECRET
DOW-UAP-D27-Mission-Report-United-Arab-Emirates-October-2023.pdf,3,MARKING,NOFORN
DOW-UAP-D27-Mission-Report-United-Arab-Emirates-October-2023.pdf,4,DATE,24 October 2025
DOW-UAP-D27-Mission-Report-United-Arab-Emirates-October-2023.pdf,4,DATE,10/28/25
DOW-UAP-D27-Mission-Report-United-Arab-Emirates-October-2023.pdf,4,MARKING,Declassified
DOW-UAP-D27-Mission-Report-United-Arab-Emirates-October-2023.pdf,4,MARKING,SECRET
DOW-UAP-D27-Mission-Report-United-Arab-Emirates-October-2023.pdf,4,MARKING,NOFORN
DOW-UAP-D27-Mission-Report-United-Arab-Emirates-October-2023.pdf,5,DATE,24 October 2025
DOW-UAP-D27-Mission-Report-United-Arab-Emirates-October-2023.pdf,5,DATE,10/28/25
DOW-UAP-D27-Mission-Report-United-Arab-Emirates-October-2023.pdf,5,MARKING,Declassified
DOW-UAP-D27-Mission-Report-United-Arab-Emirates-October-2023.pdf,5,MARKING,SECRET
DOW-UAP-D27-Mission-Report-United-Arab-Emirates-October-2023.pdf,5,MARKING,NOFORN
DOW-UAP-D27-Mission-Report-United-Arab-Emirates-October-2023.pdf,6,DATE,24 October 2025
DOW-UAP-D27-Mission-Report-United-Arab-Emirates-October-2023.pdf,6,DATE,10/28/25
DOW-UAP-D27-Mission-Report-United-Arab-Emirates-October-2023.pdf,6,MARKING,Declassified
DOW-UAP-D27-Mission-Report-United-Arab-Emirates-October-2023.pdf,6,MARKING,SECRET
DOW-UAP-D27-Mission-Report-United-Arab-Emirates-October-2023.pdf,6,MARKING,NOFORN
DOW-UAP-D27-Mission-Report-United-Arab-Emirates-October-2023.pdf,7,DATE,24 October 2025
DOW-UAP-D27-Mission-Report-United-Arab-Emirates-October-2023.pdf,7,DATE,10/28/25
DOW-UAP-D27-Mission-Report-United-Arab-Emirates-October-2023.pdf,7,MARKING,Declassified
DOW-UAP-D27-Mission-Report-United-Arab-Emirates-October-2023.pdf,7,MARKING,SECRET
DOW-UAP-D27-Mission-Report-United-Arab-Emirates-October-2023.pdf,7,MARKING,NOFORN
DOW-UAP-D27-Mission-Report-United-Arab-Emirates-October-2023.pdf,8,DATE,24 October 2025
DOW-UAP-D27-Mission-Report-United-Arab-Emirates-October-2023.pdf,8,DATE,10/28/25
DOW-UAP-D27-Mission-Report-United-Arab-Emirates-October-2023.pdf,8,MARKING,Declassified
DOW-UAP-D27-Mission-Report-United-Arab-Emirates-October-2023.pdf,8,MARKING,SECRET
DOW-UAP-D27-Mission-Report-United-Arab-Emirates-October-2023.pdf,8,MARKING,NOFORN
DOW-UAP-D28-Mission-Report-East-China-Sea-2024.pdf,1,DATE,24 October 2025
DOW-UAP-D28-Mission-Report-East-China-Sea-2024.pdf,1,DATE,10/28/25
DOW-UAP-D28-Mission-Report-East-China-Sea-2024.pdf,1,MARKING,Declassified
DOW-UAP-D28-Mission-Report-East-China-Sea-2024.pdf,1,MARKING,SECRET
DOW-UAP-D28-Mission-Report-East-China-Sea-2024.pdf,2,DATE,24 October 2025
DOW-UAP-D28-Mission-Report-East-China-Sea-2024.pdf,2,DATE,10/28/25
DOW-UAP-D28-Mission-Report-East-China-Sea-2024.pdf,2,MARKING,Declassified
DOW-UAP-D28-Mission-Report-East-China-Sea-2024.pdf,2,MARKING,SECRET
DOW-UAP-D28-Mission-Report-East-China-Sea-2024.pdf,3,DATE,24 October 2025
DOW-UAP-D28-Mission-Report-East-China-Sea-2024.pdf,3,DATE,10/28/25
DOW-UAP-D28-Mission-Report-East-China-Sea-2024.pdf,3,MARKING,Declassified
DOW-UAP-D28-Mission-Report-East-China-Sea-2024.pdf,3,MARKING,SECRET
DOW-UAP-D28-Mission-Report-East-China-Sea-2024.pdf,4,DATE,24 October 2025
DOW-UAP-D28-Mission-Report-East-China-Sea-2024.pdf,4,DATE,10/28/25
DOW-UAP-D28-Mission-Report-East-China-Sea-2024.pdf,4,MARKING,Declassified
DOW-UAP-D28-Mission-Report-East-China-Sea-2024.pdf,4,MARKING,SECRET
DOW-UAP-D28-Mission-Report-East-China-Sea-2024.pdf,5,DATE,24 October 2025
DOW-UAP-D28-Mission-Report-East-China-Sea-2024.pdf,5,DATE,10/28/25
DOW-UAP-D28-Mission-Report-East-China-Sea-2024.pdf,5,MARKING,Declassified
DOW-UAP-D28-Mission-Report-East-China-Sea-2024.pdf,5,MARKING,SECRET
DOW-UAP-D28-Mission-Report-East-China-Sea-2024.pdf,6,DATE,24 October 2025
DOW-UAP-D28-Mission-Report-East-China-Sea-2024.pdf,6,DATE,10/28/25
DOW-UAP-D28-Mission-Report-East-China-Sea-2024.pdf,6,MARKING,Declassified
DOW-UAP-D28-Mission-Report-East-China-Sea-2024.pdf,6,MARKING,SECRET
DOW-UAP-D28-Mission-Report-East-China-Sea-2024.pdf,6,MARKING,RESTRICTED
DOW-UAP-D3-Mission-Report-Arabian-Gulf-2020.pdf,1,MARKING,SECRET
DOW-UAP-D3-Mission-Report-Arabian-Gulf-2020.pdf,4,MARKING,SECRET
"DOW-UAP-D32-Mission-Report,-Syria-October-2024.pdf",1,DATE,24 October 2025
"DOW-UAP-D32-Mission-Report,-Syria-October-2024.pdf",1,DATE,10/28/25
"DOW-UAP-D32-Mission-Report,-Syria-October-2024.pdf",1,MARKING,Declassified
"DOW-UAP-D32-Mission-Report,-Syria-October-2024.pdf",1,MARKING,SECRET
"DOW-UAP-D32-Mission-Report,-Syria-October-2024.pdf",2,DATE,24 October 2025
"DOW-UAP-D32-Mission-Report,-Syria-October-2024.pdf",2,DATE,10/28/25
"DOW-UAP-D32-Mission-Report,-Syria-October-2024.pdf",2,MARKING,Declassified
"DOW-UAP-D32-Mission-Report,-Syria-October-2024.pdf",2,MARKING,SECRET
"DOW-UAP-D32-Mission-Report,-Syria-October-2024.pdf",3,DATE,24 October 2025
"DOW-UAP-D32-Mission-Report,-Syria-October-2024.pdf",3,DATE,10/28/25
"DOW-UAP-D32-Mission-Report,-Syria-October-2024.pdf",3,MARKING,Declassified
"DOW-UAP-D32-Mission-Report,-Syria-October-2024.pdf",3,MARKING,SECRET
"DOW-UAP-D32-Mission-Report,-Syria-October-2024.pdf",4,DATE,24 October 2025
"DOW-UAP-D32-Mission-Report,-Syria-October-2024.pdf",4,DATE,10/28/25
"DOW-UAP-D32-Mission-Report,-Syria-October-2024.pdf",4,MARKING,Declassified
"DOW-UAP-D32-Mission-Report,-Syria-October-2024.pdf",4,MARKING,SECRET
"DOW-UAP-D32-Mission-Report,-Syria-October-2024.pdf",5,DATE,24 October 2025
"DOW-UAP-D32-Mission-Report,-Syria-October-2024.pdf",5,DATE,10/28/25
"DOW-UAP-D32-Mission-Report,-Syria-October-2024.pdf",5,MARKING,Declassified
"DOW-UAP-D32-Mission-Report,-Syria-October-2024.pdf",5,MARKING,SECRET
"DOW-UAP-D32-Mission-Report,-Syria-October-2024.pdf",6,DATE,24 October 2025
"DOW-UAP-D32-Mission-Report,-Syria-October-2024.pdf",6,DATE,10/28/25
"DOW-UAP-D32-Mission-Report,-Syria-October-2024.pdf",6,MARKING,Declassified
"DOW-UAP-D32-Mission-Report,-Syria-October-2024.pdf",6,MARKING,SECRET
"DOW-UAP-D32-Mission-Report,-Syria-October-2024.pdf",6,MARKING,UNCLASSIFIED
"DOW-UAP-D32-Mission-Report,-Syria-October-2024.pdf",7,DATE,24 October 2025
"DOW-UAP-D32-Mission-Report,-Syria-October-2024.pdf",7,DATE,10/28/25
"DOW-UAP-D32-Mission-Report,-Syria-October-2024.pdf",7,MARKING,Declassified
"DOW-UAP-D32-Mission-Report,-Syria-October-2024.pdf",7,MARKING,SECRET
"DOW-UAP-D32-Mission-Report,-Syria-October-2024.pdf",7,MARKING,UNCLASSIFIED
"DOW-UAP-D32-Mission-Report,-Syria-October-2024.pdf",8,DATE,24 October 2025
"DOW-UAP-D32-Mission-Report,-Syria-October-2024.pdf",8,DATE,10/28/25
"DOW-UAP-D32-Mission-Report,-Syria-October-2024.pdf",8,MARKING,Declassified
"DOW-UAP-D32-Mission-Report,-Syria-October-2024.pdf",8,MARKING,SECRET
"DOW-UAP-D32-Mission-Report,-Syria-October-2024.pdf",9,DATE,24 October 2025
"DOW-UAP-D32-Mission-Report,-Syria-October-2024.pdf",9,DATE,10/28/25
"DOW-UAP-D32-Mission-Report,-Syria-October-2024.pdf",9,MARKING,Declassified
"DOW-UAP-D32-Mission-Report,-Syria-October-2024.pdf",9,MARKING,SECRET
"DOW-UAP-D32-Mission-Report,-Syria-October-2024.pdf",10,DATE,24 October 2025
"DOW-UAP-D32-Mission-Report,-Syria-October-2024.pdf",10,DATE,10/28/25
"DOW-UAP-D32-Mission-Report,-Syria-October-2024.pdf",10,MARKING,Declassified
"DOW-UAP-D32-Mission-Report,-Syria-October-2024.pdf",10,MARKING,SECRET
"DOW-UAP-D32-Mission-Report,-Syria-October-2024.pdf",10,MARKING,UNCLASSIFIED
DOW-UAP-D33-Mission-Report-Greece-October-2023.pdf,1,DATE,22 January 2026
DOW-UAP-D33-Mission-Report-Greece-October-2023.pdf,1,DATE,01/26/26
DOW-UAP-D33-Mission-Report-Greece-October-2023.pdf,2,DATE,01/26/26
DOW-UAP-D33-Mission-Report-Greece-October-2023.pdf,3,DATE,22 January 2026
DOW-UAP-D33-Mission-Report-Greece-October-2023.pdf,3,DATE,01/26/26
DOW-UAP-D33-Mission-Report-Greece-October-2023.pdf,4,DATE,01/26/26
DOW-UAP-D33-Mission-Report-Greece-October-2023.pdf,5,DATE,01/26/26
DOW-UAP-D33-Mission-Report-Greece-October-2023.pdf,5,MARKING,Declassified
DOW-UAP-D33-Mission-Report-Greece-October-2023.pdf,5,MARKING,UNCLASSIFIED
DOW-UAP-D33-Mission-Report-Greece-October-2023.pdf,6,DATE,01/26/26
DOW-UAP-D33-Mission-Report-Greece-October-2023.pdf,7,DATE,22 January 2026
DOW-UAP-D33-Mission-Report-Greece-October-2023.pdf,7,DATE,01/26/26
DOW-UAP-D33-Mission-Report-Greece-October-2023.pdf,7,MARKING,Declassified
DOW-UAP-D35-Mission-Report-Greece-October-2023.pdf,1,DATE,22 January 2026
DOW-UAP-D35-Mission-Report-Greece-October-2023.pdf,1,DATE,01/26/26
DOW-UAP-D35-Mission-Report-Greece-October-2023.pdf,1,MARKING,Declassified
DOW-UAP-D35-Mission-Report-Greece-October-2023.pdf,2,DATE,22 January 2026
DOW-UAP-D35-Mission-Report-Greece-October-2023.pdf,2,DATE,01/26/26
DOW-UAP-D35-Mission-Report-Greece-October-2023.pdf,2,MARKING,Declassified
DOW-UAP-D35-Mission-Report-Greece-October-2023.pdf,3,DATE,22 January 2026
DOW-UAP-D35-Mission-Report-Greece-October-2023.pdf,3,DATE,01/26/26
DOW-UAP-D35-Mission-Report-Greece-October-2023.pdf,3,MARKING,Declassified
DOW-UAP-D35-Mission-Report-Greece-October-2023.pdf,4,DATE,22 January 2026
DOW-UAP-D35-Mission-Report-Greece-October-2023.pdf,4,DATE,01/26/26
DOW-UAP-D35-Mission-Report-Greece-October-2023.pdf,4,MARKING,Declassified
DOW-UAP-D35-Mission-Report-Greece-October-2023.pdf,5,DATE,22 January 2026
DOW-UAP-D35-Mission-Report-Greece-October-2023.pdf,5,DATE,01/26/26
DOW-UAP-D35-Mission-Report-Greece-October-2023.pdf,5,MARKING,Declassified
DOW-UAP-D35-Mission-Report-Greece-October-2023.pdf,5,MARKING,UNCLASSIFIED
DOW-UAP-D35-Mission-Report-Greece-October-2023.pdf,6,DATE,22 January 2026
DOW-UAP-D35-Mission-Report-Greece-October-2023.pdf,6,DATE,01/26/26
DOW-UAP-D35-Mission-Report-Greece-October-2023.pdf,6,MARKING,Declassified
DOW-UAP-D35-Mission-Report-Greece-October-2023.pdf,6,MARKING,UNCLASSIFIED
DOW-UAP-D35-Mission-Report-Greece-October-2023.pdf,7,DATE,01/26/26
DOW-UAP-D38-Range-Fouler-Debrief-Middle-East-May-2020.pdf,1,DATE,05/14/20
DOW-UAP-D38-Range-Fouler-Debrief-Middle-East-May-2020.pdf,1,DATE,01/26/26
DOW-UAP-D38-Range-Fouler-Debrief-Middle-East-May-2020.pdf,1,MARKING,Declassified
DOW-UAP-D4-Mission-Report-Arabian-Gulf-2020.pdf,5,MARKING,SECRET
DOW-UAP-D42-Range-Fouler-Debrief-Japan-2023.pdf,1,DATE,08/31/20
DOW-UAP-D42-Range-Fouler-Debrief-Japan-2023.pdf,1,DATE,03/16/26
DOW-UAP-D44-Range-Fouler-Arabian-Sea-October-2020.pdf,1,DATE,10/15/20
DOW-UAP-D44-Range-Fouler-Arabian-Sea-October-2020.pdf,1,DATE,03/27/26
DOW-UAP-D48-Report-September-1996.pdf,1,DATE,"September 10, 1996"
DOW-UAP-D48-Report-September-1996.pdf,1,DATE,10 September 96
DOW-UAP-D48-Report-September-1996.pdf,2,DATE,0 September 10
DOW-UAP-D48-Report-September-1996.pdf,2,DATE,10 September 96
DOW-UAP-D48-Report-September-1996.pdf,3,PERSON,Mr. Martin Kinna
DOW-UAP-D48-Report-September-1996.pdf,3,DATE,10 September 96
DOW-UAP-D48-Report-September-1996.pdf,3,MARKING,Unclassified
DOW-UAP-D48-Report-September-1996.pdf,4,DATE,9/10/96
DOW-UAP-D48-Report-September-1996.pdf,5,DATE,9/10/96
DOW-UAP-D48-Report-September-1996.pdf,6,DATE,9/10/96
DOW-UAP-D48-Report-September-1996.pdf,7,DATE,9/10/96
DOW-UAP-D48-Report-September-1996.pdf,8,DATE,9/10/96
DOW-UAP-D48-Report-September-1996.pdf,9,DATE,9/10/96
DOW-UAP-D48-Report-September-1996.pdf,10,DATE,9/10/96
DOW-UAP-D48-Report-September-1996.pdf,12,ORG,AFSC
DOW-UAP-D48-Report-September-1996.pdf,12,DATE,24 Jan 61
DOW-UAP-D48-Report-September-1996.pdf,12,DATE,6 Oct 61
DOW-UAP-D48-Report-September-1996.pdf,12,DATE,22 July 62
DOW-UAP-D48-Report-September-1996.pdf,12,DATE,17 May 66
DOW-UAP-D48-Report-September-1996.pdf,12,DATE,3 May 68
DOW-UAP-D48-Report-September-1996.pdf,12,DATE,9/10/96
DOW-UAP-D48-Report-September-1996.pdf,13,DATE,27 Aug 69
DOW-UAP-D48-Report-September-1996.pdf,13,DATE,8 Dec 80
DOW-UAP-D48-Report-September-1996.pdf,13,DATE,9/10/96
DOW-UAP-D48-Report-September-1996.pdf,14,DATE,9/10/96
DOW-UAP-D48-Report-September-1996.pdf,15,DATE,20 Aug 91
DOW-UAP-D48-Report-September-1996.pdf,15,DATE,9/10/96
DOW-UAP-D48-Report-September-1996.pdf,16,DATE,9/10/96
DOW-UAP-D48-Report-September-1996.pdf,17,DATE,9/10/96
DOW-UAP-D48-Report-September-1996.pdf,18,DATE,9/10/96
DOW-UAP-D48-Report-September-1996.pdf,19,DATE,9/10/96
DOW-UAP-D48-Report-September-1996.pdf,20,DATE,9/10/96
DOW-UAP-D48-Report-September-1996.pdf,21,DATE,9/10/96
DOW-UAP-D48-Report-September-1996.pdf,22,DATE,9/10/96
DOW-UAP-D48-Report-September-1996.pdf,23,DATE,9/10/96
DOW-UAP-D48-Report-September-1996.pdf,24,DATE,9/10/96
DOW-UAP-D48-Report-September-1996.pdf,25,DATE,9/10/96
DOW-UAP-D48-Report-September-1996.pdf,26,DATE,9/10/96
DOW-UAP-D48-Report-September-1996.pdf,27,DATE,9/10/96
DOW-UAP-D48-Report-September-1996.pdf,28,DATE,9/10/96
DOW-UAP-D48-Report-September-1996.pdf,29,DATE,9/10/96
DOW-UAP-D48-Report-September-1996.pdf,30,DATE,1/31/96
DOW-UAP-D48-Report-September-1996.pdf,30,DATE,8/14/64
DOW-UAP-D48-Report-September-1996.pdf,30,DATE,3/06/73
DOW-UAP-D48-Report-September-1996.pdf,30,DATE,9/10/96
DOW-UAP-D48-Report-September-1996.pdf,31,DATE,9/10/96
DOW-UAP-D48-Report-September-1996.pdf,32,DATE,9/10/96
DOW-UAP-D48-Report-September-1996.pdf,33,DATE,9/10/96
DOW-UAP-D48-Report-September-1996.pdf,35,DATE,03/02/65
DOW-UAP-D48-Report-September-1996.pdf,35,DATE,12/12/59
DOW-UAP-D48-Report-September-1996.pdf,35,DATE,04/19/58
DOW-UAP-D48-Report-September-1996.pdf,35,DATE,12/18/81
DOW-UAP-D48-Report-September-1996.pdf,35,DATE,05/01/63
DOW-UAP-D48-Report-September-1996.pdf,35,DATE,12/30/58
DOW-UAP-D48-Report-September-1996.pdf,35,DATE,04/25/61
DOW-UAP-D48-Report-September-1996.pdf,35,DATE,07/21/59
DOW-UAP-D48-Report-September-1996.pdf,35,DATE,08/22/92
DOW-UAP-D48-Report-September-1996.pdf,35,DATE,05/03/86
DOW-UAP-D48-Report-September-1996.pdf,35,DATE,10/05/93
DOW-UAP-D48-Report-September-1996.pdf,35,DATE,12/08/80
DOW-UAP-D48-Report-September-1996.pdf,35,DATE,08/27/69
DOW-UAP-D48-Report-September-1996.pdf,35,DATE,11/30/65
DOW-UAP-D48-Report-September-1996.pdf,35,DATE,01/24/62
DOW-UAP-D48-Report-September-1996.pdf,35,DATE,02/23/65
DOW-UAP-D48-Report-September-1996.pdf,35,DATE,9/10/96
DOW-UAP-D48-Report-September-1996.pdf,36,DATE,9/10/96
DOW-UAP-D48-Report-September-1996.pdf,37,DATE,9/10/96
DOW-UAP-D48-Report-September-1996.pdf,38,DATE,9/10/96
DOW-UAP-D48-Report-September-1996.pdf,39,DATE,4/25/61
DOW-UAP-D48-Report-September-1996.pdf,39,DATE,9/10/96
DOW-UAP-D48-Report-September-1996.pdf,41,DATE,9/10/96
DOW-UAP-D48-Report-September-1996.pdf,42,DATE,9/10/96
DOW-UAP-D48-Report-September-1996.pdf,43,DATE,9/10/96
DOW-UAP-D48-Report-September-1996.pdf,44,DATE,9/10/96
DOW-UAP-D48-Report-September-1996.pdf,45,DATE,9/10/96
DOW-UAP-D48-Report-September-1996.pdf,46,DATE,9/10/96
DOW-UAP-D48-Report-September-1996.pdf,47,DATE,9/10/96
DOW-UAP-D48-Report-September-1996.pdf,48,DATE,9/10/96
DOW-UAP-D48-Report-September-1996.pdf,49,DATE,9/10/96
DOW-UAP-D48-Report-September-1996.pdf,50,DATE,9/10/96
DOW-UAP-D48-Report-September-1996.pdf,51,DATE,9/10/96
DOW-UAP-D48-Report-September-1996.pdf,52,DATE,9/10/96
DOW-UAP-D48-Report-September-1996.pdf,53,DATE,9/10/96
DOW-UAP-D48-Report-September-1996.pdf,54,DATE,9/10/96
DOW-UAP-D48-Report-September-1996.pdf,55,DATE,9/10/96
DOW-UAP-D48-Report-September-1996.pdf,56,DATE,9/10/96
DOW-UAP-D48-Report-September-1996.pdf,57,DATE,9/10/96
DOW-UAP-D48-Report-September-1996.pdf,58,DATE,9/10/96
DOW-UAP-D48-Report-September-1996.pdf,59,DATE,9/10/96
DOW-UAP-D48-Report-September-1996.pdf,60,DATE,9/10/96
DOW-UAP-D48-Report-September-1996.pdf,61,DATE,9/10/96
DOW-UAP-D48-Report-September-1996.pdf,62,DATE,9/10/96
DOW-UAP-D48-Report-September-1996.pdf,63,DATE,9/10/96
DOW-UAP-D48-Report-September-1996.pdf,64,DATE,9/10/96
DOW-UAP-D48-Report-September-1996.pdf,65,DATE,9/10/96
DOW-UAP-D48-Report-September-1996.pdf,66,DATE,9/10/96
DOW-UAP-D48-Report-September-1996.pdf,67,DATE,9/10/96
DOW-UAP-D48-Report-September-1996.pdf,68,DATE,9/10/96
DOW-UAP-D48-Report-September-1996.pdf,69,DATE,9/10/96
DOW-UAP-D48-Report-September-1996.pdf,70,DATE,9/10/96
DOW-UAP-D48-Report-September-1996.pdf,71,DATE,9/10/96
DOW-UAP-D48-Report-September-1996.pdf,72,DATE,9/10/96
DOW-UAP-D48-Report-September-1996.pdf,73,DATE,9/10/96
DOW-UAP-D48-Report-September-1996.pdf,74,DATE,9/10/96
DOW-UAP-D48-Report-September-1996.pdf,75,DATE,9/10/96
DOW-UAP-D48-Report-September-1996.pdf,76,DATE,9/10/96
DOW-UAP-D48-Report-September-1996.pdf,77,DATE,9/10/96
DOW-UAP-D48-Report-September-1996.pdf,78,DATE,9/10/96
DOW-UAP-D48-Report-September-1996.pdf,79,DATE,9/10/96
DOW-UAP-D48-Report-September-1996.pdf,80,DATE,9/10/96
DOW-UAP-D48-Report-September-1996.pdf,81,DATE,9/10/96
DOW-UAP-D48-Report-September-1996.pdf,82,DATE,9/10/96
DOW-UAP-D48-Report-September-1996.pdf,82,MARKING,unclassified
DOW-UAP-D48-Report-September-1996.pdf,82,MARKING,declassified
DOW-UAP-D48-Report-September-1996.pdf,84,DATE,9/10/96
DOW-UAP-D48-Report-September-1996.pdf,85,DATE,9/10/96
DOW-UAP-D48-Report-September-1996.pdf,86,DATE,9/10/96
DOW-UAP-D48-Report-September-1996.pdf,87,DATE,9/10/96
DOW-UAP-D48-Report-September-1996.pdf,88,DATE,9/10/96
DOW-UAP-D48-Report-September-1996.pdf,89,DATE,9/10/96
DOW-UAP-D48-Report-September-1996.pdf,90,DATE,9/10/96
DOW-UAP-D48-Report-September-1996.pdf,91,DATE,9/10/96
DOW-UAP-D48-Report-September-1996.pdf,93,DATE,9/10/96
DOW-UAP-D48-Report-September-1996.pdf,94,DATE,9/10/96
DOW-UAP-D48-Report-September-1996.pdf,95,DATE,9/10/96
DOW-UAP-D48-Report-September-1996.pdf,96,DATE,9/10/96
DOW-UAP-D48-Report-September-1996.pdf,97,DATE,9/10/96
DOW-UAP-D48-Report-September-1996.pdf,98,DATE,9/10/96
DOW-UAP-D48-Report-September-1996.pdf,99,DATE,9/10/96
DOW-UAP-D48-Report-September-1996.pdf,100,DATE,9/10/96
DOW-UAP-D48-Report-September-1996.pdf,101,DATE,9/10/96
DOW-UAP-D48-Report-September-1996.pdf,102,DATE,9/10/96
DOW-UAP-D48-Report-September-1996.pdf,103,DATE,9/10/96
DOW-UAP-D48-Report-September-1996.pdf,104,DATE,9/10/96
DOW-UAP-D48-Report-September-1996.pdf,105,DATE,1 September 1996
DOW-UAP-D48-Report-September-1996.pdf,105,DATE,30 December 1995
DOW-UAP-D48-Report-September-1996.pdf,105,DATE,9/10/96
DOW-UAP-D48-Report-September-1996.pdf,106,PERSON,Mr. James Baeker
DOW-UAP-D48-Report-September-1996.pdf,106,ORG,USAF
DOW-UAP-D48-Report-September-1996.pdf,106,DATE,19 February 1992
DOW-UAP-D48-Report-September-1996.pdf,106,DATE,4 Nov 95
DOW-UAP-D48-Report-September-1996.pdf,106,DATE,13 Nov 95
DOW-UAP-D48-Report-September-1996.pdf,106,DATE,26 April 1965
DOW-UAP-D48-Report-September-1996.pdf,106,DATE,"March 13, 1996"
DOW-UAP-D48-Report-September-1996.pdf,106,DATE,"February 25, 1996"
DOW-UAP-D48-Report-September-1996.pdf,106,DATE,"April 4, 1996"
DOW-UAP-D48-Report-September-1996.pdf,106,DATE,9/10/96
DOW-UAP-D48-Report-September-1996.pdf,107,DATE,9/10/96
DOW-UAP-D48-Report-September-1996.pdf,108,DATE,9/10/96
DOW-UAP-D48-Report-September-1996.pdf,109,DATE,9/10/96
DOW-UAP-D48-Report-September-1996.pdf,110,DATE,9/10/96
DOW-UAP-D48-Report-September-1996.pdf,111,DATE,9/10/96
DOW-UAP-D48-Report-September-1996.pdf,112,DATE,06/11/57
DOW-UAP-D48-Report-September-1996.pdf,112,DATE,09/25/57
DOW-UAP-D48-Report-September-1996.pdf,112,DATE,12/17/57
DOW-UAP-D48-Report-September-1996.pdf,112,DATE,01/10/58
DOW-UAP-D48-Report-September-1996.pdf,112,DATE,02/07/58
DOW-UAP-D48-Report-September-1996.pdf,112,DATE,04/05/58
DOW-UAP-D48-Report-September-1996.pdf,112,DATE,06/03/58
DOW-UAP-D48-Report-September-1996.pdf,112,DATE,07/19/58
DOW-UAP-D48-Report-September-1996.pdf,112,DATE,08/28/58
DOW-UAP-D48-Report-September-1996.pdf,112,DATE,09/14/58
DOW-UAP-D48-Report-September-1996.pdf,112,DATE,09/18/58
DOW-UAP-D48-Report-September-1996.pdf,112,DATE,11/17/58
DOW-UAP-D48-Report-September-1996.pdf,112,DATE,12/18/58
DOW-UAP-D48-Report-September-1996.pdf,112,DATE,01/15/59
DOW-UAP-D48-Report-September-1996.pdf,112,DATE,01/27/59
DOW-UAP-D48-Report-September-1996.pdf,112,DATE,02/04/59
DOW-UAP-D48-Report-September-1996.pdf,112,DATE,02/20/59
DOW-UAP-D48-Report-September-1996.pdf,112,DATE,03/18/59
DOW-UAP-D48-Report-September-1996.pdf,112,DATE,04/14/59
DOW-UAP-D48-Report-September-1996.pdf,112,DATE,05/18/59
DOW-UAP-D48-Report-September-1996.pdf,112,DATE,06/06/59
DOW-UAP-D48-Report-September-1996.pdf,112,DATE,07/21/59
DOW-UAP-D48-Report-September-1996.pdf,112,DATE,07/28/59
DOW-UAP-D48-Report-September-1996.pdf,112,DATE,08/11/59
DOW-UAP-D48-Report-September-1996.pdf,112,DATE,08/24/59
DOW-UAP-D48-Report-September-1996.pdf,112,DATE,09/09/59
DOW-UAP-D48-Report-September-1996.pdf,112,DATE,9/10/96
DOW-UAP-D48-Report-September-1996.pdf,113,DATE,09/16/59
DOW-UAP-D48-Report-September-1996.pdf,113,DATE,10/06/59
DOW-UAP-D48-Report-September-1996.pdf,113,DATE,10/09/59
DOW-UAP-D48-Report-September-1996.pdf,113,DATE,10/29/59
DOW-UAP-D48-Report-September-1996.pdf,113,DATE,11/04/59
DOW-UAP-D48-Report-September-1996.pdf,113,DATE,11/24/59
DOW-UAP-D48-Report-September-1996.pdf,113,DATE,11/26/59
DOW-UAP-D48-Report-September-1996.pdf,113,DATE,12/08/59
DOW-UAP-D48-Report-September-1996.pdf,113,DATE,12/18/59
DOW-UAP-D48-Report-September-1996.pdf,113,DATE,01/06/60
DOW-UAP-D48-Report-September-1996.pdf,113,DATE,01/26/60
DOW-UAP-D48-Report-September-1996.pdf,113,DATE,02/11/60
DOW-UAP-D48-Report-September-1996.pdf,113,DATE,02/26/60
DOW-UAP-D48-Report-September-1996.pdf,113,DATE,03/08/60
DOW-UAP-D48-Report-September-1996.pdf,113,DATE,03/10/60
DOW-UAP-D48-Report-September-1996.pdf,113,DATE,04/07/60
DOW-UAP-D48-Report-September-1996.pdf,113,DATE,04/22/60
DOW-UAP-D48-Report-September-1996.pdf,113,DATE,05/06/60
DOW-UAP-D48-Report-September-1996.pdf,113,DATE,05/20/60
DOW-UAP-D48-Report-September-1996.pdf,113,DATE,05/24/60
DOW-UAP-D48-Report-September-1996.pdf,113,DATE,06/11/60
DOW-UAP-D48-Report-September-1996.pdf,113,DATE,06/22/60
DOW-UAP-D48-Report-September-1996.pdf,113,DATE,06/27/60
DOW-UAP-D48-Report-September-1996.pdf,113,DATE,07/02/60
DOW-UAP-D48-Report-September-1996.pdf,113,DATE,07/22/60
DOW-UAP-D48-Report-September-1996.pdf,113,DATE,07/29/60
DOW-UAP-D48-Report-September-1996.pdf,113,DATE,08/09/60
DOW-UAP-D48-Report-September-1996.pdf,113,DATE,08/12/60
DOW-UAP-D48-Report-September-1996.pdf,113,DATE,09/12/60
DOW-UAP-D48-Report-September-1996.pdf,113,DATE,09/16/60
DOW-UAP-D48-Report-September-1996.pdf,113,DATE,09/19/60
DOW-UAP-D48-Report-September-1996.pdf,113,DATE,09/25/60
DOW-UAP-D48-Report-September-1996.pdf,113,DATE,09/29/60
DOW-UAP-D48-Report-September-1996.pdf,113,DATE,10/11/60
DOW-UAP-D48-Report-September-1996.pdf,113,DATE,10/12/60
DOW-UAP-D48-Report-September-1996.pdf,113,DATE,10/13/60
DOW-UAP-D48-Report-September-1996.pdf,113,DATE,10/22/60
DOW-UAP-D48-Report-September-1996.pdf,113,DATE,11/15/60
DOW-UAP-D48-Report-September-1996.pdf,113,DATE,11/29/60
DOW-UAP-D48-Report-September-1996.pdf,113,DATE,12/15/60
DOW-UAP-D48-Report-September-1996.pdf,113,DATE,12/16/60
DOW-UAP-D48-Report-September-1996.pdf,113,DATE,01/23/61
DOW-UAP-D48-Report-September-1996.pdf,113,DATE,01/24/61
DOW-UAP-D48-Report-September-1996.pdf,113,DATE,01/31/61
DOW-UAP-D48-Report-September-1996.pdf,113,DATE,9/10/96
DOW-UAP-D48-Report-September-1996.pdf,114,DATE,02/21/61
DOW-UAP-D48-Report-September-1996.pdf,114,DATE,02/24/61
DOW-UAP-D48-Report-September-1996.pdf,114,DATE,03/13/61
DOW-UAP-D48-Report-September-1996.pdf,114,DATE,03/24/61
DOW-UAP-D48-Report-September-1996.pdf,114,DATE,04/25/61
DOW-UAP-D48-Report-September-1996.pdf,114,DATE,05/12/61
DOW-UAP-D48-Report-September-1996.pdf,114,DATE,05/24/61
DOW-UAP-D48-Report-September-1996.pdf,114,DATE,05/26/61
DOW-UAP-D48-Report-September-1996.pdf,114,DATE,06/07/61
DOW-UAP-D48-Report-September-1996.pdf,114,DATE,07/06/61
DOW-UAP-D48-Report-September-1996.pdf,114,DATE,07/12/61
DOW-UAP-D48-Report-September-1996.pdf,114,DATE,07/31/61
DOW-UAP-D48-Report-September-1996.pdf,114,DATE,08/08/61
DOW-UAP-D48-Report-September-1996.pdf,114,DATE,08/22/61
DOW-UAP-D48-Report-September-1996.pdf,114,DATE,08/23/61
DOW-UAP-D48-Report-September-1996.pdf,114,DATE,09/08/61
DOW-UAP-D48-Report-September-1996.pdf,114,DATE,09/09/61
DOW-UAP-D48-Report-September-1996.pdf,114,DATE,09/13/61
DOW-UAP-D48-Report-September-1996.pdf,114,DATE,10/02/61
DOW-UAP-D48-Report-September-1996.pdf,114,DATE,10/05/61
DOW-UAP-D48-Report-September-1996.pdf,114,DATE,10/21/61
DOW-UAP-D48-Report-September-1996.pdf,114,DATE,11/10/61
DOW-UAP-D48-Report-September-1996.pdf,114,DATE,11/18/61
DOW-UAP-D48-Report-September-1996.pdf,114,DATE,11/22/61
DOW-UAP-D48-Report-September-1996.pdf,114,DATE,11/29/61
DOW-UAP-D48-Report-September-1996.pdf,114,DATE,12/01/61
DOW-UAP-D48-Report-September-1996.pdf,114,DATE,12/07/61
DOW-UAP-D48-Report-September-1996.pdf,114,DATE,12/12/61
DOW-UAP-D48-Report-September-1996.pdf,114,DATE,12/19/61
DOW-UAP-D48-Report-September-1996.pdf,114,DATE,12/20/61
DOW-UAP-D48-Report-September-1996.pdf,114,DATE,12/22/61
DOW-UAP-D48-Report-September-1996.pdf,114,DATE,01/17/62
DOW-UAP-D48-Report-September-1996.pdf,114,DATE,01/23/62
DOW-UAP-D48-Report-September-1996.pdf,114,DATE,01/26/62
DOW-UAP-D48-Report-September-1996.pdf,114,DATE,02/13/62
DOW-UAP-D48-Report-September-1996.pdf,114,DATE,02/16/62
DOW-UAP-D48-Report-September-1996.pdf,114,DATE,02/20/62
DOW-UAP-D48-Report-September-1996.pdf,114,DATE,02/21/62
DOW-UAP-D48-Report-September-1996.pdf,114,DATE,02/28/62
DOW-UAP-D48-Report-September-1996.pdf,114,DATE,03/07/62
DOW-UAP-D48-Report-September-1996.pdf,114,DATE,04/09/62
DOW-UAP-D48-Report-September-1996.pdf,114,DATE,9/10/96
DOW-UAP-D48-Report-September-1996.pdf,115,DATE,04/11/62
DOW-UAP-D48-Report-September-1996.pdf,115,DATE,04/23/62
DOW-UAP-D48-Report-September-1996.pdf,115,DATE,04/26/62
DOW-UAP-D48-Report-September-1996.pdf,115,DATE,05/08/62
DOW-UAP-D48-Report-September-1996.pdf,115,DATE,05/11/62
DOW-UAP-D48-Report-September-1996.pdf,115,DATE,05/24/62
DOW-UAP-D48-Report-September-1996.pdf,115,DATE,06/17/62
DOW-UAP-D48-Report-September-1996.pdf,115,DATE,06/26/62
DOW-UAP-D48-Report-September-1996.pdf,115,DATE,07/12/62
DOW-UAP-D48-Report-September-1996.pdf,115,DATE,07/13/62
DOW-UAP-D48-Report-September-1996.pdf,115,DATE,07/18/62
DOW-UAP-D48-Report-September-1996.pdf,115,DATE,07/19/62
DOW-UAP-D48-Report-September-1996.pdf,115,DATE,07/22/62
DOW-UAP-D48-Report-September-1996.pdf,115,DATE,08/01/62
DOW-UAP-D48-Report-September-1996.pdf,115,DATE,08/05/62
DOW-UAP-D48-Report-September-1996.pdf,115,DATE,08/09/62
DOW-UAP-D48-Report-September-1996.pdf,115,DATE,08/10/62
DOW-UAP-D48-Report-September-1996.pdf,115,DATE,08/13/62
DOW-UAP-D48-Report-September-1996.pdf,115,DATE,08/27/62
DOW-UAP-D48-Report-September-1996.pdf,115,DATE,09/19/62
DOW-UAP-D48-Report-September-1996.pdf,115,DATE,10/02/62
DOW-UAP-D48-Report-September-1996.pdf,115,DATE,10/03/62
DOW-UAP-D48-Report-September-1996.pdf,115,DATE,10/18/62
DOW-UAP-D48-Report-September-1996.pdf,115,DATE,10/19/62
DOW-UAP-D48-Report-September-1996.pdf,115,DATE,10/26/62
DOW-UAP-D48-Report-September-1996.pdf,115,DATE,11/07/62
DOW-UAP-D48-Report-September-1996.pdf,115,DATE,11/11/62
DOW-UAP-D48-Report-September-1996.pdf,115,DATE,11/14/62
DOW-UAP-D48-Report-September-1996.pdf,115,DATE,12/05/62
DOW-UAP-D48-Report-September-1996.pdf,115,DATE,12/12/62
DOW-UAP-D48-Report-September-1996.pdf,115,DATE,12/17/62
DOW-UAP-D48-Report-September-1996.pdf,115,DATE,01/25/63
DOW-UAP-D48-Report-September-1996.pdf,115,DATE,01/31/63
DOW-UAP-D48-Report-September-1996.pdf,115,DATE,02/13/63
DOW-UAP-D48-Report-September-1996.pdf,115,DATE,02/28/63
DOW-UAP-D48-Report-September-1996.pdf,115,DATE,03/01/63
DOW-UAP-D48-Report-September-1996.pdf,115,DATE,03/09/63
DOW-UAP-D48-Report-September-1996.pdf,115,DATE,03/11/63
DOW-UAP-D48-Report-September-1996.pdf,115,DATE,03/15/63
DOW-UAP-D48-Report-September-1996.pdf,115,DATE,03/16/63
DOW-UAP-D48-Report-September-1996.pdf,115,DATE,03/21/63
DOW-UAP-D48-Report-September-1996.pdf,115,DATE,9/10/96
DOW-UAP-D48-Report-September-1996.pdf,116,DATE,03/23/63
DOW-UAP-D48-Report-September-1996.pdf,116,DATE,04/24/63
DOW-UAP-D48-Report-September-1996.pdf,116,DATE,04/26/63
DOW-UAP-D48-Report-September-1996.pdf,116,DATE,05/09/63
DOW-UAP-D48-Report-September-1996.pdf,116,DATE,05/15/63
DOW-UAP-D48-Report-September-1996.pdf,116,DATE,06/04/63
DOW-UAP-D48-Report-September-1996.pdf,116,DATE,06/12/63
DOW-UAP-D48-Report-September-1996.pdf,116,DATE,07/03/63
DOW-UAP-D48-Report-September-1996.pdf,116,DATE,07/12/63
DOW-UAP-D48-Report-September-1996.pdf,116,DATE,07/18/63
DOW-UAP-D48-Report-September-1996.pdf,116,DATE,07/26/63
DOW-UAP-D48-Report-September-1996.pdf,116,DATE,07/30/63
DOW-UAP-D48-Report-September-1996.pdf,116,DATE,07/31/63
DOW-UAP-D48-Report-September-1996.pdf,116,DATE,08/24/63
DOW-UAP-D48-Report-September-1996.pdf,116,DATE,09/06/63
DOW-UAP-D48-Report-September-1996.pdf,116,DATE,09/11/63
DOW-UAP-D48-Report-September-1996.pdf,116,DATE,09/25/63
DOW-UAP-D48-Report-September-1996.pdf,116,DATE,10/03/63
DOW-UAP-D48-Report-September-1996.pdf,116,DATE,10/07/63
DOW-UAP-D48-Report-September-1996.pdf,116,DATE,10/16/63
DOW-UAP-D48-Report-September-1996.pdf,116,DATE,10/25/63
DOW-UAP-D48-Report-September-1996.pdf,116,DATE,11/04/63
DOW-UAP-D48-Report-September-1996.pdf,116,DATE,11/13/63
DOW-UAP-D48-Report-September-1996.pdf,116,DATE,11/27/63
DOW-UAP-D48-Report-September-1996.pdf,116,DATE,12/18/63
DOW-UAP-D48-Report-September-1996.pdf,116,DATE,01/30/64
DOW-UAP-D48-Report-September-1996.pdf,116,DATE,02/12/64
DOW-UAP-D48-Report-September-1996.pdf,116,DATE,02/25/64
DOW-UAP-D48-Report-September-1996.pdf,116,DATE,03/11/64
DOW-UAP-D48-Report-September-1996.pdf,116,DATE,04/01/64
DOW-UAP-D48-Report-September-1996.pdf,116,DATE,04/03/64
DOW-UAP-D48-Report-September-1996.pdf,116,DATE,04/14/64
DOW-UAP-D48-Report-September-1996.pdf,116,DATE,04/23/64
DOW-UAP-D48-Report-September-1996.pdf,116,DATE,05/19/64
DOW-UAP-D48-Report-September-1996.pdf,116,DATE,06/18/64
DOW-UAP-D48-Report-September-1996.pdf,116,DATE,06/30/64
DOW-UAP-D48-Report-September-1996.pdf,116,DATE,07/06/64
DOW-UAP-D48-Report-September-1996.pdf,116,DATE,07/17/64
DOW-UAP-D48-Report-September-1996.pdf,116,DATE,07/28/64
DOW-UAP-D48-Report-September-1996.pdf,116,DATE,9/10/96
DOW-UAP-D48-Report-September-1996.pdf,117,DATE,07/29/64
DOW-UAP-D48-Report-September-1996.pdf,117,DATE,08/07/64
DOW-UAP-D48-Report-September-1996.pdf,117,DATE,08/14/64
DOW-UAP-D48-Report-September-1996.pdf,117,DATE,08/27/64
DOW-UAP-D48-Report-September-1996.pdf,117,DATE,08/31/64
DOW-UAP-D48-Report-September-1996.pdf,117,DATE,09/04/64
DOW-UAP-D48-Report-September-1996.pdf,117,DATE,09/15/64
DOW-UAP-D48-Report-September-1996.pdf,117,DATE,09/22/64
DOW-UAP-D48-Report-September-1996.pdf,117,DATE,09/23/64
DOW-UAP-D48-Report-September-1996.pdf,117,DATE,10/08/64
DOW-UAP-D48-Report-September-1996.pdf,117,DATE,10/23/64
DOW-UAP-D48-Report-September-1996.pdf,117,DATE,11/05/64
DOW-UAP-D48-Report-September-1996.pdf,117,DATE,11/28/64
DOW-UAP-D48-Report-September-1996.pdf,117,DATE,12/01/64
DOW-UAP-D48-Report-September-1996.pdf,117,DATE,12/04/64
DOW-UAP-D48-Report-September-1996.pdf,117,DATE,12/11/64
DOW-UAP-D48-Report-September-1996.pdf,117,DATE,12/22/64
DOW-UAP-D48-Report-September-1996.pdf,117,DATE,01/08/65
DOW-UAP-D48-Report-September-1996.pdf,117,DATE,01/12/65
DOW-UAP-D48-Report-September-1996.pdf,117,DATE,01/21/65
DOW-UAP-D48-Report-September-1996.pdf,117,DATE,01/23/65
DOW-UAP-D48-Report-September-1996.pdf,117,DATE,02/17/65
DOW-UAP-D48-Report-September-1996.pdf,117,DATE,02/27/65
DOW-UAP-D48-Report-September-1996.pdf,117,DATE,03/02/65
DOW-UAP-D48-Report-September-1996.pdf,117,DATE,03/12/65
DOW-UAP-D48-Report-September-1996.pdf,117,DATE,03/21/65
DOW-UAP-D48-Report-September-1996.pdf,117,DATE,03/26/65
DOW-UAP-D48-Report-September-1996.pdf,117,DATE,04/03/65
DOW-UAP-D48-Report-September-1996.pdf,117,DATE,04/06/65
DOW-UAP-D48-Report-September-1996.pdf,117,DATE,04/28/65
DOW-UAP-D48-Report-September-1996.pdf,117,DATE,05/22/65
DOW-UAP-D48-Report-September-1996.pdf,117,DATE,05/27/65
DOW-UAP-D48-Report-September-1996.pdf,117,DATE,06/03/65
DOW-UAP-D48-Report-September-1996.pdf,117,DATE,06/08/65
DOW-UAP-D48-Report-September-1996.pdf,117,DATE,06/10/65
DOW-UAP-D48-Report-September-1996.pdf,117,DATE,06/25/65
DOW-UAP-D48-Report-September-1996.pdf,117,DATE,07/01/65
DOW-UAP-D48-Report-September-1996.pdf,117,DATE,07/12/65
DOW-UAP-D48-Report-September-1996.pdf,117,DATE,07/20/65
DOW-UAP-D48-Report-September-1996.pdf,117,DATE,08/03/65
DOW-UAP-D48-Report-September-1996.pdf,117,DATE,08/04/65
DOW-UAP-D48-Report-September-1996.pdf,117,DATE,08/05/65
DOW-UAP-D48-Report-September-1996.pdf,117,DATE,9/10/96
DOW-UAP-D48-Report-September-1996.pdf,118,DATE,08/11/65
DOW-UAP-D48-Report-September-1996.pdf,118,DATE,08/26/65
DOW-UAP-D48-Report-September-1996.pdf,118,DATE,09/29/65
DOW-UAP-D48-Report-September-1996.pdf,118,DATE,09/30/65
DOW-UAP-D48-Report-September-1996.pdf,118,DATE,10/05/65
DOW-UAP-D48-Report-September-1996.pdf,118,DATE,10/25/65
DOW-UAP-D48-Report-September-1996.pdf,118,DATE,11/08/65
DOW-UAP-D48-Report-September-1996.pdf,118,DATE,11/29/65
DOW-UAP-D48-Report-September-1996.pdf,118,DATE,12/20/65
DOW-UAP-D48-Report-September-1996.pdf,118,DATE,01/19/66
DOW-UAP-D48-Report-September-1996.pdf,118,DATE,02/10/66
DOW-UAP-D48-Report-September-1996.pdf,118,DATE,02/11/66
DOW-UAP-D48-Report-September-1996.pdf,118,DATE,02/15/66
DOW-UAP-D48-Report-September-1996.pdf,118,DATE,02/19/66
DOW-UAP-D48-Report-September-1996.pdf,118,DATE,03/04/66
DOW-UAP-D48-Report-September-1996.pdf,118,DATE,03/16/66
DOW-UAP-D48-Report-September-1996.pdf,118,DATE,03/18/66
DOW-UAP-D48-Report-September-1996.pdf,118,DATE,03/19/66
DOW-UAP-D48-Report-September-1996.pdf,118,DATE,03/30/66
DOW-UAP-D48-Report-September-1996.pdf,118,DATE,04/07/66
DOW-UAP-D48-Report-September-1996.pdf,118,DATE,04/08/66
DOW-UAP-D48-Report-September-1996.pdf,118,DATE,04/19/66
DOW-UAP-D48-Report-September-1996.pdf,118,DATE,05/03/66
DOW-UAP-D48-Report-September-1996.pdf,118,DATE,05/13/66
DOW-UAP-D48-Report-September-1996.pdf,118,DATE,05/14/66
DOW-UAP-D48-Report-September-1996.pdf,118,DATE,05/17/66
DOW-UAP-D48-Report-September-1996.pdf,118,DATE,05/26/66
DOW-UAP-D48-Report-September-1996.pdf,118,DATE,05/30/66
DOW-UAP-D48-Report-September-1996.pdf,118,DATE,06/01/66
DOW-UAP-D48-Report-September-1996.pdf,118,DATE,06/03/66
DOW-UAP-D48-Report-September-1996.pdf,118,DATE,06/06/66
DOW-UAP-D48-Report-September-1996.pdf,118,DATE,06/09/66
DOW-UAP-D48-Report-September-1996.pdf,118,DATE,06/10/66
DOW-UAP-D48-Report-September-1996.pdf,118,DATE,06/26/66
DOW-UAP-D48-Report-September-1996.pdf,118,DATE,06/30/66
DOW-UAP-D48-Report-September-1996.pdf,118,DATE,07/12/66
DOW-UAP-D48-Report-September-1996.pdf,118,DATE,07/13/66
DOW-UAP-D48-Report-September-1996.pdf,118,DATE,07/18/66
DOW-UAP-D48-Report-September-1996.pdf,118,DATE,08/08/66
DOW-UAP-D48-Report-September-1996.pdf,118,DATE,08/10/66
DOW-UAP-D48-Report-September-1996.pdf,118,DATE,08/16/66
DOW-UAP-D48-Report-September-1996.pdf,118,DATE,08/19/66
DOW-UAP-D48-Report-September-1996.pdf,118,DATE,09/12/66
DOW-UAP-D48-Report-September-1996.pdf,118,DATE,09/16/66
DOW-UAP-D48-Report-September-1996.pdf,118,DATE,09/20/66
DOW-UAP-D48-Report-September-1996.pdf,118,DATE,10/05/66
DOW-UAP-D48-Report-September-1996.pdf,118,DATE,9/10/96
DOW-UAP-D48-Report-September-1996.pdf,119,ORG,AFSC
DOW-UAP-D48-Report-September-1996.pdf,119,DATE,10/11/66
DOW-UAP-D48-Report-September-1996.pdf,119,DATE,10/12/66
DOW-UAP-D48-Report-September-1996.pdf,119,DATE,10/26/66
DOW-UAP-D48-Report-September-1996.pdf,119,DATE,11/02/66
DOW-UAP-D48-Report-September-1996.pdf,119,DATE,11/06/66
DOW-UAP-D48-Report-September-1996.pdf,119,DATE,11/11/66
DOW-UAP-D48-Report-September-1996.pdf,119,DATE,12/05/66
DOW-UAP-D48-Report-September-1996.pdf,119,DATE,12/06/66
DOW-UAP-D48-Report-September-1996.pdf,119,DATE,12/11/66
DOW-UAP-D48-Report-September-1996.pdf,119,DATE,12/21/66
DOW-UAP-D48-Report-September-1996.pdf,119,DATE,01/17/67
DOW-UAP-D48-Report-September-1996.pdf,119,DATE,01/22/67
DOW-UAP-D48-Report-September-1996.pdf,119,DATE,02/02/67
DOW-UAP-D48-Report-September-1996.pdf,119,DATE,02/04/67
DOW-UAP-D48-Report-September-1996.pdf,119,DATE,02/13/67
DOW-UAP-D48-Report-September-1996.pdf,119,DATE,03/05/67
DOW-UAP-D48-Report-September-1996.pdf,119,DATE,03/16/67
DOW-UAP-D48-Report-September-1996.pdf,119,DATE,04/05/67
DOW-UAP-D48-Report-September-1996.pdf,119,DATE,04/07/67
DOW-UAP-D48-Report-September-1996.pdf,119,DATE,04/17/67
DOW-UAP-D48-Report-September-1996.pdf,119,DATE,04/19/67
DOW-UAP-D48-Report-September-1996.pdf,119,DATE,05/04/67
DOW-UAP-D48-Report-September-1996.pdf,119,DATE,05/19/67
DOW-UAP-D48-Report-September-1996.pdf,119,DATE,05/22/67
DOW-UAP-D48-Report-September-1996.pdf,119,DATE,06/04/67
DOW-UAP-D48-Report-September-1996.pdf,119,DATE,06/09/67
DOW-UAP-D48-Report-September-1996.pdf,119,DATE,06/14/67
DOW-UAP-D48-Report-September-1996.pdf,119,DATE,07/06/67
DOW-UAP-D48-Report-September-1996.pdf,119,DATE,07/14/67
DOW-UAP-D48-Report-September-1996.pdf,119,DATE,07/22/67
DOW-UAP-D48-Report-September-1996.pdf,119,DATE,07/27/67
DOW-UAP-D48-Report-September-1996.pdf,119,DATE,07/29/67
DOW-UAP-D48-Report-September-1996.pdf,119,DATE,08/01/67
DOW-UAP-D48-Report-September-1996.pdf,119,DATE,09/08/67
DOW-UAP-D48-Report-September-1996.pdf,119,DATE,10/11/67
DOW-UAP-D48-Report-September-1996.pdf,119,DATE,10/14/67
DOW-UAP-D48-Report-September-1996.pdf,119,DATE,10/27/67
DOW-UAP-D48-Report-September-1996.pdf,119,DATE,11/05/67
DOW-UAP-D48-Report-September-1996.pdf,119,DATE,11/07/67
DOW-UAP-D48-Report-September-1996.pdf,119,DATE,11/10/67
DOW-UAP-D48-Report-September-1996.pdf,119,DATE,12/21/67
DOW-UAP-D48-Report-September-1996.pdf,119,DATE,01/07/68
DOW-UAP-D48-Report-September-1996.pdf,119,DATE,01/31/68
DOW-UAP-D48-Report-September-1996.pdf,119,DATE,02/26/68
DOW-UAP-D48-Report-September-1996.pdf,119,DATE,03/04/68
DOW-UAP-D48-Report-September-1996.pdf,119,DATE,9/10/96
DOW-UAP-D48-Report-September-1996.pdf,120,ORG,AFSC
DOW-UAP-D48-Report-September-1996.pdf,120,DATE,03/06/68
DOW-UAP-D48-Report-September-1996.pdf,120,DATE,04/06/68
DOW-UAP-D48-Report-September-1996.pdf,120,DATE,04/18/68
DOW-UAP-D48-Report-September-1996.pdf,120,DATE,04/27/68
DOW-UAP-D48-Report-September-1996.pdf,120,DATE,05/03/68
DOW-UAP-D48-Report-September-1996.pdf,120,DATE,06/01/68
DOW-UAP-D48-Report-September-1996.pdf,120,DATE,06/22/68
DOW-UAP-D48-Report-September-1996.pdf,120,DATE,06/29/68
DOW-UAP-D48-Report-September-1996.pdf,120,DATE,07/11/68
DOW-UAP-D48-Report-September-1996.pdf,120,DATE,08/06/68
DOW-UAP-D48-Report-September-1996.pdf,120,DATE,08/10/68
DOW-UAP-D48-Report-September-1996.pdf,120,DATE,08/16/68
DOW-UAP-D48-Report-September-1996.pdf,120,DATE,09/25/68
DOW-UAP-D48-Report-September-1996.pdf,120,DATE,09/27/68
DOW-UAP-D48-Report-September-1996.pdf,120,DATE,11/16/68
DOW-UAP-D48-Report-September-1996.pdf,120,DATE,11/24/68
DOW-UAP-D48-Report-September-1996.pdf,120,DATE,12/07/68
DOW-UAP-D48-Report-September-1996.pdf,120,DATE,01/16/69
DOW-UAP-D48-Report-September-1996.pdf,120,DATE,02/24/69
DOW-UAP-D48-Report-September-1996.pdf,120,DATE,03/17/69
DOW-UAP-D48-Report-September-1996.pdf,120,DATE,03/27/69
DOW-UAP-D48-Report-September-1996.pdf,120,DATE,04/12/69
DOW-UAP-D48-Report-September-1996.pdf,120,DATE,08/12/69
DOW-UAP-D48-Report-September-1996.pdf,120,DATE,08/20/69
DOW-UAP-D48-Report-September-1996.pdf,120,DATE,09/16/69
DOW-UAP-D48-Report-September-1996.pdf,120,DATE,10/10/69
DOW-UAP-D48-Report-September-1996.pdf,120,DATE,12/03/69
DOW-UAP-D48-Report-September-1996.pdf,120,DATE,12/12/69
DOW-UAP-D48-Report-September-1996.pdf,120,DATE,02/08/70
DOW-UAP-D48-Report-September-1996.pdf,120,DATE,03/13/70
DOW-UAP-D48-Report-September-1996.pdf,120,DATE,05/30/70
DOW-UAP-D48-Report-September-1996.pdf,120,DATE,06/09/70
DOW-UAP-D48-Report-September-1996.pdf,120,DATE,06/19/70
DOW-UAP-D48-Report-September-1996.pdf,120,DATE,08/31/70
DOW-UAP-D48-Report-September-1996.pdf,120,DATE,11/30/70
DOW-UAP-D48-Report-September-1996.pdf,120,DATE,12/22/70
DOW-UAP-D48-Report-September-1996.pdf,120,DATE,04/05/71
DOW-UAP-D48-Report-September-1996.pdf,120,DATE,05/08/71
DOW-UAP-D48-Report-September-1996.pdf,120,DATE,05/30/71
DOW-UAP-D48-Report-September-1996.pdf,120,DATE,06/29/71
DOW-UAP-D48-Report-September-1996.pdf,120,DATE,08/06/71
DOW-UAP-D48-Report-September-1996.pdf,120,DATE,09/01/71
DOW-UAP-D48-Report-September-1996.pdf,120,DATE,12/04/71
DOW-UAP-D48-Report-September-1996.pdf,120,DATE,01/22/72
DOW-UAP-D48-Report-September-1996.pdf,120,DATE,9/10/96
DOW-UAP-D48-Report-September-1996.pdf,121,ORG,AFSC
DOW-UAP-D48-Report-September-1996.pdf,121,DATE,03/02/72
DOW-UAP-D48-Report-September-1996.pdf,121,DATE,06/13/72
DOW-UAP-D48-Report-September-1996.pdf,121,DATE,10/02/72
DOW-UAP-D48-Report-September-1996.pdf,121,DATE,03/06/73
DOW-UAP-D48-Report-September-1996.pdf,121,DATE,04/05/73
DOW-UAP-D48-Report-September-1996.pdf,121,DATE,08/23/73
DOW-UAP-D48-Report-September-1996.pdf,121,DATE,11/03/73
DOW-UAP-D48-Report-September-1996.pdf,121,DATE,03/06/74
DOW-UAP-D48-Report-September-1996.pdf,121,DATE,03/23/74
DOW-UAP-D48-Report-September-1996.pdf,121,DATE,07/13/74
DOW-UAP-D48-Report-September-1996.pdf,121,DATE,05/22/75
DOW-UAP-D48-Report-September-1996.pdf,121,DATE,05/26/77
DOW-UAP-D48-Report-September-1996.pdf,121,DATE,01/06/78
DOW-UAP-D48-Report-September-1996.pdf,121,DATE,05/13/78
DOW-UAP-D48-Report-September-1996.pdf,121,DATE,05/20/78
DOW-UAP-D48-Report-September-1996.pdf,121,DATE,06/26/78
DOW-UAP-D48-Report-September-1996.pdf,122,ORG,AFSC
DOW-UAP-D48-Report-September-1996.pdf,122,DATE,10/13/78
DOW-UAP-D48-Report-September-1996.pdf,122,DATE,11/13/78
DOW-UAP-D48-Report-September-1996.pdf,122,DATE,12/10/78
DOW-UAP-D48-Report-September-1996.pdf,122,DATE,02/24/79
DOW-UAP-D48-Report-September-1996.pdf,122,DATE,05/04/79
DOW-UAP-D48-Report-September-1996.pdf,122,DATE,06/27/79
DOW-UAP-D48-Report-September-1996.pdf,122,DATE,09/20/79
DOW-UAP-D48-Report-September-1996.pdf,122,DATE,01/17/80
DOW-UAP-D48-Report-September-1996.pdf,122,DATE,02/09/80
DOW-UAP-D48-Report-September-1996.pdf,122,DATE,03/03/80
DOW-UAP-D48-Report-September-1996.pdf,122,DATE,04/26/80
DOW-UAP-D48-Report-September-1996.pdf,122,DATE,05/29/80
DOW-UAP-D48-Report-September-1996.pdf,122,DATE,10/31/80
DOW-UAP-D48-Report-September-1996.pdf,122,DATE,12/06/80
DOW-UAP-D48-Report-September-1996.pdf,122,DATE,12/08/80
DOW-UAP-D48-Report-September-1996.pdf,122,DATE,02/21/81
DOW-UAP-D48-Report-September-1996.pdf,122,DATE,05/23/81
DOW-UAP-D48-Report-September-1996.pdf,122,DATE,06/23/81
DOW-UAP-D48-Report-September-1996.pdf,122,DATE,08/06/81
DOW-UAP-D48-Report-September-1996.pdf,122,DATE,12/15/81
DOW-UAP-D48-Report-September-1996.pdf,122,DATE,12/18/81
DOW-UAP-D48-Report-September-1996.pdf,122,DATE,03/05/82
DOW-UAP-D48-Report-September-1996.pdf,122,DATE,09/28/82
DOW-UAP-D48-Report-September-1996.pdf,122,DATE,12/20/82
DOW-UAP-D48-Report-September-1996.pdf,122,DATE,02/09/83
DOW-UAP-D48-Report-September-1996.pdf,122,DATE,03/28/83
DOW-UAP-D48-Report-September-1996.pdf,122,DATE,05/19/83
DOW-UAP-D48-Report-September-1996.pdf,122,DATE,06/09/83
DOW-UAP-D48-Report-September-1996.pdf,122,DATE,07/14/83
DOW-UAP-D48-Report-September-1996.pdf,122,DATE,11/17/83
DOW-UAP-D48-Report-September-1996.pdf,122,DATE,02/05/84
DOW-UAP-D48-Report-September-1996.pdf,122,DATE,06/09/84
DOW-UAP-D48-Report-September-1996.pdf,122,DATE,06/13/84
DOW-UAP-D48-Report-September-1996.pdf,122,DATE,09/08/84
DOW-UAP-D48-Report-September-1996.pdf,122,DATE,12/12/84
DOW-UAP-D48-Report-September-1996.pdf,122,DATE,03/12/85
DOW-UAP-D48-Report-September-1996.pdf,122,DATE,06/30/85
DOW-UAP-D48-Report-September-1996.pdf,122,DATE,09/28/85
DOW-UAP-D48-Report-September-1996.pdf,122,DATE,10/08/85
DOW-UAP-D48-Report-September-1996.pdf,122,DATE,02/09/86
DOW-UAP-D48-Report-September-1996.pdf,122,DATE,09/17/86
DOW-UAP-D48-Report-September-1996.pdf,122,DATE,12/05/86
DOW-UAP-D48-Report-September-1996.pdf,122,DATE,03/26/87
DOW-UAP-D48-Report-September-1996.pdf,122,DATE,05/15/87
DOW-UAP-D48-Report-September-1996.pdf,122,DATE,06/19/87
DOW-UAP-D48-Report-September-1996.pdf,122,DATE,9/10/96
DOW-UAP-D48-Report-September-1996.pdf,123,DATE,02/02/88
DOW-UAP-D48-Report-September-1996.pdf,123,DATE,09/24/88
DOW-UAP-D48-Report-September-1996.pdf,123,DATE,09/25/89
DOW-UAP-D48-Report-September-1996.pdf,123,DATE,04/11/90
DOW-UAP-D48-Report-September-1996.pdf,123,DATE,07/25/90
DOW-UAP-D48-Report-September-1996.pdf,123,DATE,12/01/90
DOW-UAP-D48-Report-September-1996.pdf,123,DATE,04/18/91
DOW-UAP-D48-Report-September-1996.pdf,123,DATE,05/14/91
DOW-UAP-D48-Report-September-1996.pdf,123,DATE,11/28/91
DOW-UAP-D48-Report-September-1996.pdf,123,DATE,12/07/91
DOW-UAP-D48-Report-September-1996.pdf,123,DATE,02/11/92
DOW-UAP-D48-Report-September-1996.pdf,123,DATE,03/14/92
DOW-UAP-D48-Report-September-1996.pdf,123,DATE,06/10/92
DOW-UAP-D48-Report-September-1996.pdf,123,DATE,07/02/92
DOW-UAP-D48-Report-September-1996.pdf,123,DATE,08/22/92
DOW-UAP-D48-Report-September-1996.pdf,123,DATE,03/25/93
DOW-UAP-D48-Report-September-1996.pdf,123,DATE,07/19/93
DOW-UAP-D48-Report-September-1996.pdf,123,DATE,08/09/93
DOW-UAP-D48-Report-September-1996.pdf,123,DATE,09/03/93
DOW-UAP-D48-Report-September-1996.pdf,123,DATE,12/16/93
DOW-UAP-D48-Report-September-1996.pdf,123,DATE,04/13/94
DOW-UAP-D48-Report-September-1996.pdf,123,DATE,06/24/94
DOW-UAP-D48-Report-September-1996.pdf,123,DATE,08/03/94
DOW-UAP-D48-Report-September-1996.pdf,123,DATE,08/29/94
DOW-UAP-D48-Report-September-1996.pdf,123,DATE,10/06/94
DOW-UAP-D48-Report-September-1996.pdf,123,DATE,11/29/94
DOW-UAP-D48-Report-September-1996.pdf,123,DATE,12/30/94
DOW-UAP-D48-Report-September-1996.pdf,123,DATE,01/10/95
DOW-UAP-D48-Report-September-1996.pdf,123,DATE,01/29/95
DOW-UAP-D48-Report-September-1996.pdf,123,DATE,03/22/95
DOW-UAP-D48-Report-September-1996.pdf,123,DATE,03/24/95
DOW-UAP-D48-Report-September-1996.pdf,123,DATE,04/07/95
DOW-UAP-D48-Report-September-1996.pdf,123,DATE,05/23/95
DOW-UAP-D48-Report-September-1996.pdf,123,DATE,05/31/95
DOW-UAP-D48-Report-September-1996.pdf,123,DATE,07/31/95
DOW-UAP-D48-Report-September-1996.pdf,123,DATE,08/29/95
DOW-UAP-D48-Report-September-1996.pdf,123,DATE,10/22/95
DOW-UAP-D48-Report-September-1996.pdf,123,DATE,12/02/95
DOW-UAP-D48-Report-September-1996.pdf,123,DATE,12/15/95
DOW-UAP-D48-Report-September-1996.pdf,123,DATE,01/31/96
DOW-UAP-D48-Report-September-1996.pdf,123,DATE,04/03/96
DOW-UAP-D48-Report-September-1996.pdf,123,DATE,04/30/96
DOW-UAP-D48-Report-September-1996.pdf,123,DATE,07/25/96
DOW-UAP-D48-Report-September-1996.pdf,123,DATE,9/10/96
DOW-UAP-D48-Report-September-1996.pdf,124,DATE,11 June 57
DOW-UAP-D48-Report-September-1996.pdf,124,DATE,25 Sep 57
DOW-UAP-D48-Report-September-1996.pdf,124,DATE,7 Feb 58
DOW-UAP-D48-Report-September-1996.pdf,124,DATE,20 Feb 58
DOW-UAP-D48-Report-September-1996.pdf,124,DATE,5 Apr 58
DOW-UAP-D48-Report-September-1996.pdf,124,DATE,9/10/96
DOW-UAP-D48-Report-September-1996.pdf,125,DATE,19 July 58
DOW-UAP-D48-Report-September-1996.pdf,125,DATE,28 Aug 58
DOW-UAP-D48-Report-September-1996.pdf,125,DATE,14 Sep 58
DOW-UAP-D48-Report-September-1996.pdf,125,DATE,18 Sep 58
DOW-UAP-D48-Report-September-1996.pdf,125,DATE,17 Nov 58
DOW-UAP-D48-Report-September-1996.pdf,125,DATE,15 Jan 59
DOW-UAP-D48-Report-September-1996.pdf,125,DATE,27 Jan 59
DOW-UAP-D48-Report-September-1996.pdf,125,DATE,20 Feb 59
DOW-UAP-D48-Report-September-1996.pdf,125,DATE,9/10/96
DOW-UAP-D48-Report-September-1996.pdf,126,DATE,18 Mar 59
DOW-UAP-D48-Report-September-1996.pdf,126,DATE,14 Apr 59
DOW-UAP-D48-Report-September-1996.pdf,126,DATE,18 May 59
DOW-UAP-D48-Report-September-1996.pdf,126,DATE,6 June 59
DOW-UAP-D48-Report-September-1996.pdf,126,DATE,9 Sep 59
DOW-UAP-D48-Report-September-1996.pdf,126,DATE,16 Sep. 59
DOW-UAP-D48-Report-September-1996.pdf,126,DATE,29 Oct 59
DOW-UAP-D48-Report-September-1996.pdf,126,DATE,4 Nov 59
DOW-UAP-D48-Report-September-1996.pdf,126,DATE,24 Nov 59
DOW-UAP-D48-Report-September-1996.pdf,126,DATE,9/10/96
DOW-UAP-D48-Report-September-1996.pdf,127,DATE,26 Nov 59
DOW-UAP-D48-Report-September-1996.pdf,127,DATE,26 Jan 60
DOW-UAP-D48-Report-September-1996.pdf,127,DATE,26 Feb 60
DOW-UAP-D48-Report-September-1996.pdf,127,DATE,8 Mar 60
DOW-UAP-D48-Report-September-1996.pdf,127,DATE,10 Mar 60
DOW-UAP-D48-Report-September-1996.pdf,127,DATE,7 Apr 60
DOW-UAP-D48-Report-September-1996.pdf,127,DATE,6 May 60
DOW-UAP-D48-Report-September-1996.pdf,127,DATE,22 June 60
DOW-UAP-D48-Report-September-1996.pdf,127,DATE,2 July 60
DOW-UAP-D48-Report-September-1996.pdf,127,DATE,22 July 60
DOW-UAP-D48-Report-September-1996.pdf,127,DATE,9/10/96
DOW-UAP-D48-Report-September-1996.pdf,128,DATE,29 July 60
DOW-UAP-D48-Report-September-1996.pdf,128,DATE,12 Sep 60
DOW-UAP-D48-Report-September-1996.pdf,128,DATE,25 Sep 60
DOW-UAP-D48-Report-September-1996.pdf,128,DATE,29 Sep 60
DOW-UAP-D48-Report-September-1996.pdf,128,DATE,11 Oct 60
DOW-UAP-D48-Report-September-1996.pdf,128,DATE,12 Oct 60
DOW-UAP-D48-Report-September-1996.pdf,128,DATE,29 Nov 60
DOW-UAP-D48-Report-September-1996.pdf,128,DATE,15 Dec 60
DOW-UAP-D48-Report-September-1996.pdf,128,DATE,9/10/96
DOW-UAP-D48-Report-September-1996.pdf,129,DATE,24 Jan 61
DOW-UAP-D48-Report-September-1996.pdf,129,DATE,31 Jan 61
DOW-UAP-D48-Report-September-1996.pdf,129,DATE,13 Mar 61
DOW-UAP-D48-Report-September-1996.pdf,129,DATE,24 Mar 61
DOW-UAP-D48-Report-September-1996.pdf,129,DATE,25 Apr 61
DOW-UAP-D48-Report-September-1996.pdf,129,DATE,7 June 61
DOW-UAP-D48-Report-September-1996.pdf,129,DATE,22 June 61
DOW-UAP-D48-Report-September-1996.pdf,129,DATE,23 Aug 61
DOW-UAP-D48-Report-September-1996.pdf,129,DATE,9/10/96
DOW-UAP-D48-Report-September-1996.pdf,130,DATE,8 Sep 61
DOW-UAP-D48-Report-September-1996.pdf,130,DATE,9 Sep 61
DOW-UAP-D48-Report-September-1996.pdf,130,DATE,21 Oct 61
DOW-UAP-D48-Report-September-1996.pdf,130,DATE,10 Nov 61
DOW-UAP-D48-Report-September-1996.pdf,130,DATE,18 Nov 61
DOW-UAP-D48-Report-September-1996.pdf,130,DATE,22 Nov 61
DOW-UAP-D48-Report-September-1996.pdf,130,DATE,12 Dec 61
DOW-UAP-D48-Report-September-1996.pdf,130,DATE,20 Dec 61
DOW-UAP-D48-Report-September-1996.pdf,130,DATE,9/10/96
DOW-UAP-D48-Report-September-1996.pdf,131,DATE,22 Dec 61
DOW-UAP-D48-Report-September-1996.pdf,131,DATE,26 Jan 62
DOW-UAP-D48-Report-September-1996.pdf,131,DATE,16 Feb 62
DOW-UAP-D48-Report-September-1996.pdf,131,DATE,21 Feb 62
DOW-UAP-D48-Report-September-1996.pdf,131,DATE,28 Feb 62
DOW-UAP-D48-Report-September-1996.pdf,131,DATE,9 Apr 62
DOW-UAP-D48-Report-September-1996.pdf,131,DATE,8 May 62
DOW-UAP-D48-Report-September-1996.pdf,131,DATE,9/10/96
DOW-UAP-D48-Report-September-1996.pdf,132,DATE,17 June 62
DOW-UAP-D48-Report-September-1996.pdf,132,DATE,13 July 62
DOW-UAP-D48-Report-September-1996.pdf,132,DATE,22 July 62
DOW-UAP-D48-Report-September-1996.pdf,132,DATE,9 Aug 62
DOW-UAP-D48-Report-September-1996.pdf,132,DATE,10 Aug 62
DOW-UAP-D48-Report-September-1996.pdf,132,DATE,27 Aug 62
DOW-UAP-D48-Report-September-1996.pdf,132,DATE,2 Oct 62
DOW-UAP-D48-Report-September-1996.pdf,132,DATE,18 Oct 62
DOW-UAP-D48-Report-September-1996.pdf,132,DATE,14 Nov 62
DOW-UAP-D48-Report-September-1996.pdf,132,DATE,9/10/96
DOW-UAP-D48-Report-September-1996.pdf,133,DATE,17 Dec 62
DOW-UAP-D48-Report-September-1996.pdf,133,DATE,18 Dec 62
DOW-UAP-D48-Report-September-1996.pdf,133,DATE,22 Dec 62
DOW-UAP-D48-Report-September-1996.pdf,133,DATE,25 Jan 63
DOW-UAP-D48-Report-September-1996.pdf,133,DATE,9 Mar 63
DOW-UAP-D48-Report-September-1996.pdf,133,DATE,15 Mar 63
DOW-UAP-D48-Report-September-1996.pdf,133,DATE,16 Mar 63
DOW-UAP-D48-Report-September-1996.pdf,133,DATE,21 Mar 63
DOW-UAP-D48-Report-September-1996.pdf,133,DATE,9/10/96
DOW-UAP-D48-Report-September-1996.pdf,134,DATE,23 Mar 63
DOW-UAP-D48-Report-September-1996.pdf,134,DATE,24 Apr 63
DOW-UAP-D48-Report-September-1996.pdf,134,DATE,12 Jun 63
DOW-UAP-D48-Report-September-1996.pdf,134,DATE,26 July 63
DOW-UAP-D48-Report-September-1996.pdf,134,DATE,6 Sep 63
DOW-UAP-D48-Report-September-1996.pdf,134,DATE,11 Sep 63
DOW-UAP-D48-Report-September-1996.pdf,134,DATE,25 Sep 63
DOW-UAP-D48-Report-September-1996.pdf,134,DATE,3 Oct 63
DOW-UAP-D48-Report-September-1996.pdf,134,DATE,9/10/96
DOW-UAP-D48-Report-September-1996.pdf,135,DATE,7 Oct 63
DOW-UAP-D48-Report-September-1996.pdf,135,DATE,28 Oct 63
DOW-UAP-D48-Report-September-1996.pdf,135,DATE,13 Nov 63
DOW-UAP-D48-Report-September-1996.pdf,135,DATE,12 Feb 64
DOW-UAP-D48-Report-September-1996.pdf,135,DATE,3 Apr 64
DOW-UAP-D48-Report-September-1996.pdf,135,DATE,30 June 64
DOW-UAP-D48-Report-September-1996.pdf,135,DATE,27 Aug 64
DOW-UAP-D48-Report-September-1996.pdf,135,DATE,5 Nov 64
DOW-UAP-D48-Report-September-1996.pdf,135,DATE,11 Dec 64
DOW-UAP-D48-Report-September-1996.pdf,135,DATE,21 Jan 65
DOW-UAP-D48-Report-September-1996.pdf,135,DATE,9/10/96
DOW-UAP-D48-Report-September-1996.pdf,136,DATE,2 Mar 65
DOW-UAP-D48-Report-September-1996.pdf,136,DATE,27 May 65
DOW-UAP-D48-Report-September-1996.pdf,136,DATE,12 Jul 65
DOW-UAP-D48-Report-September-1996.pdf,136,DATE,25 Oct 65
DOW-UAP-D48-Report-September-1996.pdf,136,DATE,4 Mar 66
DOW-UAP-D48-Report-September-1996.pdf,136,DATE,19 Mar 66
DOW-UAP-D48-Report-September-1996.pdf,136,DATE,7 Apr 66
DOW-UAP-D48-Report-September-1996.pdf,136,DATE,9/10/96
DOW-UAP-D48-Report-September-1996.pdf,137,DATE,3 May 66
DOW-UAP-D48-Report-September-1996.pdf,137,DATE,17 May 66
DOW-UAP-D48-Report-September-1996.pdf,137,DATE,10 Jun 66
DOW-UAP-D48-Report-September-1996.pdf,137,DATE,13 July 66
DOW-UAP-D48-Report-September-1996.pdf,137,DATE,8 Aug 66
DOW-UAP-D48-Report-September-1996.pdf,137,DATE,20 Sep 66
DOW-UAP-D48-Report-September-1996.pdf,137,DATE,11 Oct 66
DOW-UAP-D48-Report-September-1996.pdf,137,DATE,26 Oct 66
DOW-UAP-D48-Report-September-1996.pdf,137,DATE,9/10/96
DOW-UAP-D48-Report-September-1996.pdf,138,ORG,AFSC
DOW-UAP-D48-Report-September-1996.pdf,138,DATE,17 Jan 67
DOW-UAP-D48-Report-September-1996.pdf,138,DATE,27 Oct 67
DOW-UAP-D48-Report-September-1996.pdf,138,DATE,3 May 68
DOW-UAP-D48-Report-September-1996.pdf,138,DATE,10 Aug 68
DOW-UAP-D48-Report-September-1996.pdf,138,DATE,16 Aug 68
DOW-UAP-D48-Report-September-1996.pdf,138,DATE,16 Nov 68
DOW-UAP-D48-Report-September-1996.pdf,138,DATE,24 Feb 69
DOW-UAP-D48-Report-September-1996.pdf,138,DATE,10 Oct 69
DOW-UAP-D48-Report-September-1996.pdf,138,DATE,9/10/96
DOW-UAP-D48-Report-September-1996.pdf,139,ORG,AFSC
DOW-UAP-D48-Report-September-1996.pdf,139,DATE,30 Nov 70
DOW-UAP-D48-Report-September-1996.pdf,139,DATE,8 May 71
DOW-UAP-D48-Report-September-1996.pdf,139,DATE,4 Dec 71
DOW-UAP-D48-Report-September-1996.pdf,139,DATE,20 Feb 75
DOW-UAP-D48-Report-September-1996.pdf,139,DATE,12 Apr 75
DOW-UAP-D48-Report-September-1996.pdf,139,DATE,29 Sep 77
DOW-UAP-D48-Report-September-1996.pdf,139,DATE,29 May 80
DOW-UAP-D48-Report-September-1996.pdf,139,DATE,8 Dec 80
DOW-UAP-D48-Report-September-1996.pdf,139,DATE,9/10/96
DOW-UAP-D48-Report-September-1996.pdf,140,DATE,6 Aug 81
DOW-UAP-D48-Report-September-1996.pdf,140,DATE,18 Dec 81
DOW-UAP-D48-Report-September-1996.pdf,140,DATE,9 Jun 84
DOW-UAP-D48-Report-September-1996.pdf,140,DATE,26 Mar 87
DOW-UAP-D48-Report-September-1996.pdf,140,DATE,18 Apr 91
DOW-UAP-D48-Report-September-1996.pdf,140,DATE,9/10/96
DOW-UAP-D48-Report-September-1996.pdf,141,DATE,22 Aug 92
DOW-UAP-D48-Report-September-1996.pdf,141,DATE,18 Apr 91
DOW-UAP-D48-Report-September-1996.pdf,141,DATE,25 Mar 93
DOW-UAP-D48-Report-September-1996.pdf,142,ORG,NASA
DOW-UAP-D48-Report-September-1996.pdf,142,ORG,USAF
DOW-UAP-D48-Report-September-1996.pdf,142,DATE,"May 13, 1960"
DOW-UAP-D48-Report-September-1996.pdf,142,DATE,9/10/96
DOW-UAP-D48-Report-September-1996.pdf,143,DATE,9/10/96
DOW-UAP-D48-Report-September-1996.pdf,145,DATE,05/13/60
DOW-UAP-D48-Report-September-1996.pdf,145,DATE,08/12/60
DOW-UAP-D48-Report-September-1996.pdf,145,DATE,11/23/60
DOW-UAP-D48-Report-September-1996.pdf,145,DATE,03/25/61
DOW-UAP-D48-Report-September-1996.pdf,145,DATE,07/12/61
DOW-UAP-D48-Report-September-1996.pdf,145,DATE,08/15/61
DOW-UAP-D48-Report-September-1996.pdf,145,DATE,02/08/62
DOW-UAP-D48-Report-September-1996.pdf,145,DATE,03/07/62
DOW-UAP-D48-Report-September-1996.pdf,145,DATE,04/26/62
DOW-UAP-D48-Report-September-1996.pdf,145,DATE,06/19/62
DOW-UAP-D48-Report-September-1996.pdf,145,DATE,07/10/62
DOW-UAP-D48-Report-September-1996.pdf,145,DATE,09/18/62
DOW-UAP-D48-Report-September-1996.pdf,145,DATE,10/02/62
DOW-UAP-D48-Report-September-1996.pdf,145,DATE,10/27/62
DOW-UAP-D48-Report-September-1996.pdf,145,DATE,12/13/62
DOW-UAP-D48-Report-September-1996.pdf,145,DATE,02/13/63
DOW-UAP-D48-Report-September-1996.pdf,145,DATE,04/02/63
DOW-UAP-D48-Report-September-1996.pdf,145,DATE,05/07/63
DOW-UAP-D48-Report-September-1996.pdf,145,DATE,06/19/63
DOW-UAP-D48-Report-September-1996.pdf,145,DATE,07/26/63
DOW-UAP-D48-Report-September-1996.pdf,145,DATE,11/26/63
DOW-UAP-D48-Report-September-1996.pdf,145,DATE,12/21/63
DOW-UAP-D48-Report-September-1996.pdf,145,DATE,01/21/64
DOW-UAP-D48-Report-September-1996.pdf,145,DATE,03/19/64
DOW-UAP-D48-Report-September-1996.pdf,145,DATE,08/19/64
DOW-UAP-D48-Report-September-1996.pdf,145,DATE,10/03/64
DOW-UAP-D48-Report-September-1996.pdf,145,DATE,12/21/64
DOW-UAP-D48-Report-September-1996.pdf,145,DATE,01/22/65
DOW-UAP-D48-Report-September-1996.pdf,145,DATE,02/03/65
DOW-UAP-D48-Report-September-1996.pdf,145,DATE,04/06/65
DOW-UAP-D48-Report-September-1996.pdf,145,DATE,9/10/96
DOW-UAP-D48-Report-September-1996.pdf,146,DATE,05/29/65
DOW-UAP-D48-Report-September-1996.pdf,146,DATE,07/01/65
DOW-UAP-D48-Report-September-1996.pdf,146,DATE,08/25/65
DOW-UAP-D48-Report-September-1996.pdf,146,DATE,11/06/65
DOW-UAP-D48-Report-September-1996.pdf,146,DATE,12/16/65
DOW-UAP-D48-Report-September-1996.pdf,146,DATE,02/03/66
DOW-UAP-D48-Report-September-1996.pdf,146,DATE,02/28/66
DOW-UAP-D48-Report-September-1996.pdf,146,DATE,05/25/66
DOW-UAP-D48-Report-September-1996.pdf,146,DATE,07/01/66
DOW-UAP-D48-Report-September-1996.pdf,146,DATE,08/17/66
DOW-UAP-D48-Report-September-1996.pdf,146,DATE,10/02/66
DOW-UAP-D48-Report-September-1996.pdf,146,DATE,10/26/66
DOW-UAP-D48-Report-September-1996.pdf,146,DATE,12/14/66
DOW-UAP-D48-Report-September-1996.pdf,146,DATE,01/11/67
DOW-UAP-D48-Report-September-1996.pdf,146,DATE,01/26/67
DOW-UAP-D48-Report-September-1996.pdf,146,DATE,03/08/67
DOW-UAP-D48-Report-September-1996.pdf,146,DATE,03/22/67
DOW-UAP-D48-Report-September-1996.pdf,146,DATE,04/20/67
DOW-UAP-D48-Report-September-1996.pdf,146,DATE,05/24/67
DOW-UAP-D48-Report-September-1996.pdf,146,DATE,07/19/67
DOW-UAP-D48-Report-September-1996.pdf,146,DATE,09/07/67
DOW-UAP-D48-Report-September-1996.pdf,146,DATE,09/27/67
DOW-UAP-D48-Report-September-1996.pdf,146,DATE,10/18/67
DOW-UAP-D48-Report-September-1996.pdf,146,DATE,11/10/67
DOW-UAP-D48-Report-September-1996.pdf,146,DATE,12/13/67
DOW-UAP-D48-Report-September-1996.pdf,146,DATE,01/11/68
DOW-UAP-D48-Report-September-1996.pdf,146,DATE,07/04/68
DOW-UAP-D48-Report-September-1996.pdf,146,DATE,08/16/68
DOW-UAP-D48-Report-September-1996.pdf,146,DATE,09/18/68
DOW-UAP-D48-Report-September-1996.pdf,146,DATE,11/08/68
DOW-UAP-D48-Report-September-1996.pdf,146,DATE,12/05/68
DOW-UAP-D48-Report-September-1996.pdf,146,DATE,12/15/68
DOW-UAP-D48-Report-September-1996.pdf,146,DATE,12/18/68
DOW-UAP-D48-Report-September-1996.pdf,146,DATE,01/22/69
DOW-UAP-D48-Report-September-1996.pdf,146,DATE,01/30/69
DOW-UAP-D48-Report-September-1996.pdf,146,DATE,02/05/69
DOW-UAP-D48-Report-September-1996.pdf,146,DATE,02/26/69
DOW-UAP-D48-Report-September-1996.pdf,146,DATE,05/21/69
DOW-UAP-D48-Report-September-1996.pdf,146,DATE,06/21/69
DOW-UAP-D48-Report-September-1996.pdf,146,DATE,06/29/69
DOW-UAP-D48-Report-September-1996.pdf,146,DATE,07/26/69
DOW-UAP-D48-Report-September-1996.pdf,146,DATE,08/09/69
DOW-UAP-D48-Report-September-1996.pdf,146,DATE,08/27/69
DOW-UAP-D48-Report-September-1996.pdf,146,DATE,11/22/69
DOW-UAP-D48-Report-September-1996.pdf,146,DATE,01/14/70
DOW-UAP-D48-Report-September-1996.pdf,146,DATE,01/23/70
DOW-UAP-D48-Report-September-1996.pdf,146,DATE,9/10/96
DOW-UAP-D48-Report-September-1996.pdf,147,DATE,03/20/70
DOW-UAP-D48-Report-September-1996.pdf,147,DATE,04/22/70
DOW-UAP-D48-Report-September-1996.pdf,147,DATE,07/23/70
DOW-UAP-D48-Report-September-1996.pdf,147,DATE,08/19/70
DOW-UAP-D48-Report-September-1996.pdf,147,DATE,12/11/70
DOW-UAP-D48-Report-September-1996.pdf,147,DATE,02/03/71
DOW-UAP-D48-Report-September-1996.pdf,147,DATE,03/13/71
DOW-UAP-D48-Report-September-1996.pdf,147,DATE,04/01/71
DOW-UAP-D48-Report-September-1996.pdf,147,DATE,09/29/71
DOW-UAP-D48-Report-September-1996.pdf,147,DATE,10/21/71
DOW-UAP-D48-Report-September-1996.pdf,147,DATE,01/31/72
DOW-UAP-D48-Report-September-1996.pdf,147,DATE,03/11/72
DOW-UAP-D48-Report-September-1996.pdf,147,DATE,07/23/72
DOW-UAP-D48-Report-September-1996.pdf,147,DATE,09/22/72
DOW-UAP-D48-Report-September-1996.pdf,147,DATE,10/15/72
DOW-UAP-D48-Report-September-1996.pdf,147,DATE,11/10/72
DOW-UAP-D48-Report-September-1996.pdf,147,DATE,12/10/72
DOW-UAP-D48-Report-September-1996.pdf,147,DATE,04/20/73
DOW-UAP-D48-Report-September-1996.pdf,147,DATE,06/10/73
DOW-UAP-D48-Report-September-1996.pdf,147,DATE,07/16/73
DOW-UAP-D48-Report-September-1996.pdf,147,DATE,10/26/73
DOW-UAP-D48-Report-September-1996.pdf,147,DATE,11/06/73
DOW-UAP-D48-Report-September-1996.pdf,147,DATE,12/16/73
DOW-UAP-D48-Report-September-1996.pdf,147,DATE,01/19/74
DOW-UAP-D48-Report-September-1996.pdf,147,DATE,04/13/74
DOW-UAP-D48-Report-September-1996.pdf,147,DATE,05/17/74
DOW-UAP-D48-Report-September-1996.pdf,147,DATE,10/10/74
DOW-UAP-D48-Report-September-1996.pdf,147,DATE,11/15/74
DOW-UAP-D48-Report-September-1996.pdf,147,DATE,11/22/74
DOW-UAP-D48-Report-September-1996.pdf,147,DATE,12/18/74
DOW-UAP-D48-Report-September-1996.pdf,147,DATE,01/22/75
DOW-UAP-D48-Report-September-1996.pdf,147,DATE,02/06/75
DOW-UAP-D48-Report-September-1996.pdf,147,DATE,04/09/75
DOW-UAP-D48-Report-September-1996.pdf,147,DATE,05/07/75
DOW-UAP-D48-Report-September-1996.pdf,147,DATE,06/12/75
DOW-UAP-D48-Report-September-1996.pdf,147,DATE,06/21/75
DOW-UAP-D48-Report-September-1996.pdf,147,DATE,08/08/75
DOW-UAP-D48-Report-September-1996.pdf,147,DATE,08/26/75
DOW-UAP-D48-Report-September-1996.pdf,147,DATE,10/16/75
DOW-UAP-D48-Report-September-1996.pdf,147,DATE,11/19/75
DOW-UAP-D48-Report-September-1996.pdf,147,DATE,12/12/75
DOW-UAP-D48-Report-September-1996.pdf,147,DATE,01/17/76
DOW-UAP-D48-Report-September-1996.pdf,147,DATE,02/19/76
DOW-UAP-D48-Report-September-1996.pdf,147,DATE,03/26/76
DOW-UAP-D48-Report-September-1996.pdf,147,DATE,04/22/76
DOW-UAP-D48-Report-September-1996.pdf,147,DATE,9/10/96
DOW-UAP-D48-Report-September-1996.pdf,148,DATE,05/04/76
DOW-UAP-D48-Report-September-1996.pdf,148,DATE,01/26/78
DOW-UAP-D48-Report-September-1996.pdf,148,DATE,03/05/78
DOW-UAP-D48-Report-September-1996.pdf,148,DATE,01/30/79
DOW-UAP-D48-Report-September-1996.pdf,148,DATE,02/14/80
DOW-UAP-D48-Report-September-1996.pdf,148,DATE,09/09/80
DOW-UAP-D48-Report-September-1996.pdf,148,DATE,11/15/80
DOW-UAP-D48-Report-September-1996.pdf,148,DATE,05/22/81
DOW-UAP-D48-Report-September-1996.pdf,148,DATE,08/03/81
DOW-UAP-D48-Report-September-1996.pdf,148,DATE,09/24/81
DOW-UAP-D48-Report-September-1996.pdf,148,DATE,10/06/81
DOW-UAP-D48-Report-September-1996.pdf,148,DATE,11/20/81
DOW-UAP-D48-Report-September-1996.pdf,148,DATE,01/15/82
DOW-UAP-D48-Report-September-1996.pdf,148,DATE,02/26/82
DOW-UAP-D48-Report-September-1996.pdf,148,DATE,04/10/82
DOW-UAP-D48-Report-September-1996.pdf,148,DATE,06/09/82
DOW-UAP-D48-Report-September-1996.pdf,148,DATE,07/16/82
DOW-UAP-D48-Report-September-1996.pdf,148,DATE,08/26/82
DOW-UAP-D48-Report-September-1996.pdf,148,DATE,10/27/82
DOW-UAP-D48-Report-September-1996.pdf,148,DATE,01/26/83
DOW-UAP-D48-Report-September-1996.pdf,148,DATE,04/11/83
DOW-UAP-D48-Report-September-1996.pdf,148,DATE,04/28/83
DOW-UAP-D48-Report-September-1996.pdf,148,DATE,9/10/96
DOW-UAP-D48-Report-September-1996.pdf,149,DATE,05/26/83
DOW-UAP-D48-Report-September-1996.pdf,149,DATE,06/28/83
DOW-UAP-D48-Report-September-1996.pdf,149,DATE,07/28/83
DOW-UAP-D48-Report-September-1996.pdf,149,DATE,09/08/83
DOW-UAP-D48-Report-September-1996.pdf,149,DATE,09/22/83
DOW-UAP-D48-Report-September-1996.pdf,149,DATE,03/01/84
DOW-UAP-D48-Report-September-1996.pdf,149,DATE,08/16/84
DOW-UAP-D48-Report-September-1996.pdf,149,DATE,09/21/84
DOW-UAP-D48-Report-September-1996.pdf,149,DATE,11/14/84
DOW-UAP-D48-Report-September-1996.pdf,149,DATE,05/03/86
DOW-UAP-D48-Report-September-1996.pdf,149,DATE,09/05/86
DOW-UAP-D48-Report-September-1996.pdf,149,DATE,02/26/87
DOW-UAP-D48-Report-September-1996.pdf,149,DATE,03/20/87
DOW-UAP-D48-Report-September-1996.pdf,149,DATE,02/08/88
DOW-UAP-D48-Report-September-1996.pdf,149,DATE,02/14/89
DOW-UAP-D48-Report-September-1996.pdf,149,DATE,03/24/89
DOW-UAP-D48-Report-September-1996.pdf,149,DATE,06/10/89
DOW-UAP-D48-Report-September-1996.pdf,149,DATE,08/18/89
DOW-UAP-D48-Report-September-1996.pdf,149,DATE,08/27/89
DOW-UAP-D48-Report-September-1996.pdf,149,DATE,10/21/89
DOW-UAP-D48-Report-September-1996.pdf,149,DATE,11/18/89
DOW-UAP-D48-Report-September-1996.pdf,149,DATE,12/11/89
DOW-UAP-D48-Report-September-1996.pdf,149,DATE,01/24/90
DOW-UAP-D48-Report-September-1996.pdf,149,DATE,02/14/90
DOW-UAP-D48-Report-September-1996.pdf,149,DATE,03/26/90
DOW-UAP-D48-Report-September-1996.pdf,149,DATE,04/13/90
DOW-UAP-D48-Report-September-1996.pdf,149,DATE,06/01/90
DOW-UAP-D48-Report-September-1996.pdf,149,DATE,06/11/90
DOW-UAP-D48-Report-September-1996.pdf,149,DATE,08/02/90
DOW-UAP-D48-Report-September-1996.pdf,149,DATE,08/18/90
DOW-UAP-D48-Report-September-1996.pdf,149,DATE,10/01/90
DOW-UAP-D48-Report-September-1996.pdf,149,DATE,10/30/90
DOW-UAP-D48-Report-September-1996.pdf,149,DATE,11/26/90
DOW-UAP-D48-Report-September-1996.pdf,149,DATE,01/07/91
DOW-UAP-D48-Report-September-1996.pdf,149,DATE,03/08/91
DOW-UAP-D48-Report-September-1996.pdf,149,DATE,04/12/91
DOW-UAP-D48-Report-September-1996.pdf,149,DATE,05/29/91
DOW-UAP-D48-Report-September-1996.pdf,149,DATE,07/03/91
DOW-UAP-D48-Report-September-1996.pdf,149,DATE,02/23/92
DOW-UAP-D48-Report-September-1996.pdf,149,DATE,04/09/92
DOW-UAP-D48-Report-September-1996.pdf,149,DATE,05/13/92
DOW-UAP-D48-Report-September-1996.pdf,149,DATE,06/07/92
DOW-UAP-D48-Report-September-1996.pdf,149,DATE,07/07/92
DOW-UAP-D48-Report-September-1996.pdf,149,DATE,07/24/92
DOW-UAP-D48-Report-September-1996.pdf,149,DATE,08/31/92
DOW-UAP-D48-Report-September-1996.pdf,149,DATE,09/09/92
DOW-UAP-D48-Report-September-1996.pdf,149,DATE,9/10/96
DOW-UAP-D48-Report-September-1996.pdf,150,DATE,10/12/92
DOW-UAP-D48-Report-September-1996.pdf,150,DATE,11/22/92
DOW-UAP-D48-Report-September-1996.pdf,150,DATE,12/18/92
DOW-UAP-D48-Report-September-1996.pdf,150,DATE,02/03/93
DOW-UAP-D48-Report-September-1996.pdf,150,DATE,03/30/93
DOW-UAP-D48-Report-September-1996.pdf,150,DATE,05/13/93
DOW-UAP-D48-Report-September-1996.pdf,150,DATE,06/26/93
DOW-UAP-D48-Report-September-1996.pdf,150,DATE,08/30/93
DOW-UAP-D48-Report-September-1996.pdf,150,DATE,10/26/93
DOW-UAP-D48-Report-September-1996.pdf,150,DATE,12/08/93
DOW-UAP-D48-Report-September-1996.pdf,150,DATE,02/19/94
DOW-UAP-D48-Report-September-1996.pdf,150,DATE,03/10/94
DOW-UAP-D48-Report-September-1996.pdf,150,DATE,11/01/94
DOW-UAP-D48-Report-September-1996.pdf,150,DATE,08/05/95
DOW-UAP-D48-Report-September-1996.pdf,150,DATE,11/04/95
DOW-UAP-D48-Report-September-1996.pdf,150,DATE,12/30/95
DOW-UAP-D48-Report-September-1996.pdf,150,DATE,01/14/96
DOW-UAP-D48-Report-September-1996.pdf,150,DATE,02/17/96
DOW-UAP-D48-Report-September-1996.pdf,150,DATE,02/24/96
DOW-UAP-D48-Report-September-1996.pdf,150,DATE,03/27/96
DOW-UAP-D48-Report-September-1996.pdf,150,DATE,04/24/96
DOW-UAP-D48-Report-September-1996.pdf,150,DATE,05/24/96
DOW-UAP-D48-Report-September-1996.pdf,150,DATE,07/16/96
DOW-UAP-D48-Report-September-1996.pdf,151,DATE,13 May 60
DOW-UAP-D48-Report-September-1996.pdf,151,DATE,19 June 62
DOW-UAP-D48-Report-September-1996.pdf,151,DATE,19 Mar 64
DOW-UAP-D48-Report-September-1996.pdf,151,DATE,3 Oct 64
DOW-UAP-D48-Report-September-1996.pdf,151,DATE,22 Jan 65
DOW-UAP-D48-Report-September-1996.pdf,151,DATE,25 Aug 65
DOW-UAP-D48-Report-September-1996.pdf,151,DATE,6 Nov 65
DOW-UAP-D48-Report-September-1996.pdf,151,DATE,25 May 66
DOW-UAP-D48-Report-September-1996.pdf,151,DATE,1 July 66
DOW-UAP-D48-Report-September-1996.pdf,151,DATE,9/10/96
DOW-UAP-D48-Report-September-1996.pdf,152,DATE,18 Sep 68
DOW-UAP-D48-Report-September-1996.pdf,152,DATE,26 July 69
DOW-UAP-D48-Report-September-1996.pdf,152,DATE,22 Apr 70
DOW-UAP-D48-Report-September-1996.pdf,152,DATE,29 Sep 71
DOW-UAP-D48-Report-September-1996.pdf,152,DATE,21 Oct 71
DOW-UAP-D48-Report-September-1996.pdf,152,DATE,9/10/96
DOW-UAP-D48-Report-September-1996.pdf,153,DATE,16 July 73
DOW-UAP-D48-Report-September-1996.pdf,153,DATE,19 Jan 74
DOW-UAP-D48-Report-September-1996.pdf,153,DATE,24 Jan 74
DOW-UAP-D48-Report-September-1996.pdf,153,DATE,13 Apr 74
DOW-UAP-D48-Report-September-1996.pdf,153,DATE,17 May 74
DOW-UAP-D48-Report-September-1996.pdf,153,DATE,20 Apr 77
DOW-UAP-D48-Report-September-1996.pdf,153,DATE,13 Sep 77
DOW-UAP-D48-Report-September-1996.pdf,153,DATE,3 Aug 81
DOW-UAP-D48-Report-September-1996.pdf,153,DATE,9 June 82
DOW-UAP-D48-Report-September-1996.pdf,153,DATE,3 May 86
DOW-UAP-D48-Report-September-1996.pdf,153,DATE,9/10/96
DOW-UAP-D48-Report-September-1996.pdf,154,DATE,5 Aug 95
DOW-UAP-D48-Report-September-1996.pdf,154,DATE,9/10/96
DOW-UAP-D48-Report-September-1996.pdf,155,ORG,NASA
DOW-UAP-D48-Report-September-1996.pdf,155,DATE,9/10/96
DOW-UAP-D48-Report-September-1996.pdf,156,DATE,9/10/96
DOW-UAP-D48-Report-September-1996.pdf,157,DATE,9/10/96
DOW-UAP-D48-Report-September-1996.pdf,158,DATE,12/20/58
DOW-UAP-D48-Report-September-1996.pdf,158,DATE,02/03/59
DOW-UAP-D48-Report-September-1996.pdf,158,DATE,02/06/59
DOW-UAP-D48-Report-September-1996.pdf,158,DATE,02/25/59
DOW-UAP-D48-Report-September-1996.pdf,158,DATE,04/03/59
DOW-UAP-D48-Report-September-1996.pdf,158,DATE,05/04/59
DOW-UAP-D48-Report-September-1996.pdf,158,DATE,08/14/59
DOW-UAP-D48-Report-September-1996.pdf,158,DATE,12/12/59
DOW-UAP-D48-Report-September-1996.pdf,158,DATE,02/02/60
DOW-UAP-D48-Report-September-1996.pdf,158,DATE,02/05/60
DOW-UAP-D48-Report-September-1996.pdf,158,DATE,02/24/60
DOW-UAP-D48-Report-September-1996.pdf,158,DATE,03/08/60
DOW-UAP-D48-Report-September-1996.pdf,158,DATE,03/22/60
DOW-UAP-D48-Report-September-1996.pdf,158,DATE,04/08/60
DOW-UAP-D48-Report-September-1996.pdf,158,DATE,04/21/60
DOW-UAP-D48-Report-September-1996.pdf,158,DATE,04/28/60
DOW-UAP-D48-Report-September-1996.pdf,158,DATE,05/13/60
DOW-UAP-D48-Report-September-1996.pdf,158,DATE,05/27/60
DOW-UAP-D48-Report-September-1996.pdf,158,DATE,06/24/60
DOW-UAP-D48-Report-September-1996.pdf,158,DATE,07/01/60
DOW-UAP-D48-Report-September-1996.pdf,158,DATE,07/28/60
DOW-UAP-D48-Report-September-1996.pdf,158,DATE,08/10/60
DOW-UAP-D48-Report-September-1996.pdf,158,DATE,08/30/60
DOW-UAP-D48-Report-September-1996.pdf,158,DATE,09/28/60
DOW-UAP-D48-Report-September-1996.pdf,158,DATE,09/29/60
DOW-UAP-D48-Report-September-1996.pdf,158,DATE,10/07/60
DOW-UAP-D48-Report-September-1996.pdf,158,DATE,10/24/60
DOW-UAP-D48-Report-September-1996.pdf,158,DATE,12/20/60
DOW-UAP-D48-Report-September-1996.pdf,158,DATE,01/20/61
DOW-UAP-D48-Report-September-1996.pdf,158,DATE,02/10/61
DOW-UAP-D48-Report-September-1996.pdf,158,DATE,9/10/96
DOW-UAP-D48-Report-September-1996.pdf,159,DATE,02/20/61
DOW-UAP-D48-Report-September-1996.pdf,159,DATE,03/03/61
DOW-UAP-D48-Report-September-1996.pdf,159,DATE,03/28/61
DOW-UAP-D48-Report-September-1996.pdf,159,DATE,03/31/61
DOW-UAP-D48-Report-September-1996.pdf,159,DATE,05/03/61
DOW-UAP-D48-Report-September-1996.pdf,159,DATE,05/23/61
DOW-UAP-D48-Report-September-1996.pdf,159,DATE,06/24/61
DOW-UAP-D48-Report-September-1996.pdf,159,DATE,07/20/61
DOW-UAP-D48-Report-September-1996.pdf,159,DATE,07/25/61
DOW-UAP-D48-Report-September-1996.pdf,159,DATE,08/03/61
DOW-UAP-D48-Report-September-1996.pdf,159,DATE,09/06/61
DOW-UAP-D48-Report-September-1996.pdf,159,DATE,09/07/61
DOW-UAP-D48-Report-September-1996.pdf,159,DATE,09/23/61
DOW-UAP-D48-Report-September-1996.pdf,159,DATE,09/28/61
DOW-UAP-D48-Report-September-1996.pdf,159,DATE,10/06/61
DOW-UAP-D48-Report-September-1996.pdf,159,DATE,10/24/61
DOW-UAP-D48-Report-September-1996.pdf,159,DATE,11/21/61
DOW-UAP-D48-Report-September-1996.pdf,159,DATE,11/29/61
DOW-UAP-D48-Report-September-1996.pdf,159,DATE,12/13/61
DOW-UAP-D48-Report-September-1996.pdf,159,DATE,12/15/61
DOW-UAP-D48-Report-September-1996.pdf,159,DATE,01/20/62
DOW-UAP-D48-Report-September-1996.pdf,159,DATE,01/29/62
DOW-UAP-D48-Report-September-1996.pdf,159,DATE,02/23/62
DOW-UAP-D48-Report-September-1996.pdf,159,DATE,03/16/62
DOW-UAP-D48-Report-September-1996.pdf,159,DATE,05/04/62
DOW-UAP-D48-Report-September-1996.pdf,159,DATE,06/07/62
DOW-UAP-D48-Report-September-1996.pdf,159,DATE,07/11/62
DOW-UAP-D48-Report-September-1996.pdf,159,DATE,07/25/62
DOW-UAP-D48-Report-September-1996.pdf,159,DATE,09/12/62
DOW-UAP-D48-Report-September-1996.pdf,159,DATE,10/06/62
DOW-UAP-D48-Report-September-1996.pdf,159,DATE,10/12/62
DOW-UAP-D48-Report-September-1996.pdf,159,DATE,10/26/62
DOW-UAP-D48-Report-September-1996.pdf,159,DATE,12/05/62
DOW-UAP-D48-Report-September-1996.pdf,159,DATE,12/06/62
DOW-UAP-D48-Report-September-1996.pdf,159,DATE,12/19/62
DOW-UAP-D48-Report-September-1996.pdf,159,DATE,01/10/63
DOW-UAP-D48-Report-September-1996.pdf,159,DATE,01/29/63
DOW-UAP-D48-Report-September-1996.pdf,159,DATE,02/06/63
DOW-UAP-D48-Report-September-1996.pdf,159,DATE,02/16/63
DOW-UAP-D48-Report-September-1996.pdf,159,DATE,03/21/63
DOW-UAP-D48-Report-September-1996.pdf,159,DATE,03/30/63
DOW-UAP-D48-Report-September-1996.pdf,159,DATE,04/04/63
DOW-UAP-D48-Report-September-1996.pdf,159,DATE,04/13/63
DOW-UAP-D48-Report-September-1996.pdf,159,DATE,04/19/63
DOW-UAP-D48-Report-September-1996.pdf,159,DATE,04/27/63
DOW-UAP-D48-Report-September-1996.pdf,159,DATE,05/01/63
DOW-UAP-D48-Report-September-1996.pdf,159,DATE,9/10/96
DOW-UAP-D48-Report-September-1996.pdf,160,DATE,05/09/63
DOW-UAP-D48-Report-September-1996.pdf,160,DATE,05/13/63
DOW-UAP-D48-Report-September-1996.pdf,160,DATE,05/24/63
DOW-UAP-D48-Report-September-1996.pdf,160,DATE,05/29/63
DOW-UAP-D48-Report-September-1996.pdf,160,DATE,06/20/63
DOW-UAP-D48-Report-September-1996.pdf,160,DATE,07/16/63
DOW-UAP-D48-Report-September-1996.pdf,160,DATE,08/21/63
DOW-UAP-D48-Report-September-1996.pdf,160,DATE,08/30/63
DOW-UAP-D48-Report-September-1996.pdf,160,DATE,09/17/63
DOW-UAP-D48-Report-September-1996.pdf,160,DATE,09/23/63
DOW-UAP-D48-Report-September-1996.pdf,160,DATE,11/01/63
DOW-UAP-D48-Report-September-1996.pdf,160,DATE,11/09/63
DOW-UAP-D48-Report-September-1996.pdf,160,DATE,11/14/63
DOW-UAP-D48-Report-September-1996.pdf,160,DATE,12/12/63
DOW-UAP-D48-Report-September-1996.pdf,160,DATE,12/16/63
DOW-UAP-D48-Report-September-1996.pdf,160,DATE,01/15/64
DOW-UAP-D48-Report-September-1996.pdf,160,DATE,01/23/64
DOW-UAP-D48-Report-September-1996.pdf,160,DATE,02/17/64
DOW-UAP-D48-Report-September-1996.pdf,160,DATE,02/26/64
DOW-UAP-D48-Report-September-1996.pdf,160,DATE,03/13/64
DOW-UAP-D48-Report-September-1996.pdf,160,DATE,03/23/64
DOW-UAP-D48-Report-September-1996.pdf,160,DATE,07/30/64
DOW-UAP-D48-Report-September-1996.pdf,160,DATE,08/11/64
DOW-UAP-D48-Report-September-1996.pdf,160,DATE,08/13/64
DOW-UAP-D48-Report-September-1996.pdf,160,DATE,09/01/64
DOW-UAP-D48-Report-September-1996.pdf,160,DATE,10/02/64
DOW-UAP-D48-Report-September-1996.pdf,160,DATE,11/04/64
DOW-UAP-D48-Report-September-1996.pdf,160,DATE,12/08/64
DOW-UAP-D48-Report-September-1996.pdf,160,DATE,12/10/64
DOW-UAP-D48-Report-September-1996.pdf,160,DATE,01/19/65
DOW-UAP-D48-Report-September-1996.pdf,160,DATE,02/11/65
DOW-UAP-D48-Report-September-1996.pdf,160,DATE,03/05/65
DOW-UAP-D48-Report-September-1996.pdf,160,DATE,03/23/65
DOW-UAP-D48-Report-September-1996.pdf,160,DATE,04/30/65
DOW-UAP-D48-Report-September-1996.pdf,160,DATE,05/06/65
DOW-UAP-D48-Report-September-1996.pdf,160,DATE,05/21/65
DOW-UAP-D48-Report-September-1996.pdf,160,DATE,06/03/65
DOW-UAP-D48-Report-September-1996.pdf,160,DATE,06/14/65
DOW-UAP-D48-Report-September-1996.pdf,160,DATE,06/18/65
DOW-UAP-D48-Report-September-1996.pdf,160,DATE,06/30/65
DOW-UAP-D48-Report-September-1996.pdf,160,DATE,9/10/96
DOW-UAP-D48-Report-September-1996.pdf,161,ORG,OAR
DOW-UAP-D48-Report-September-1996.pdf,161,ORG,AFSC
DOW-UAP-D48-Report-September-1996.pdf,161,DATE,07/21/65
DOW-UAP-D48-Report-September-1996.pdf,161,DATE,08/16/65
DOW-UAP-D48-Report-September-1996.pdf,161,DATE,08/21/65
DOW-UAP-D48-Report-September-1996.pdf,161,DATE,08/25/65
DOW-UAP-D48-Report-September-1996.pdf,161,DATE,09/21/65
DOW-UAP-D48-Report-September-1996.pdf,161,DATE,10/15/65
DOW-UAP-D48-Report-September-1996.pdf,161,DATE,10/20/65
DOW-UAP-D48-Report-September-1996.pdf,161,DATE,11/27/65
DOW-UAP-D48-Report-September-1996.pdf,161,DATE,11/30/65
DOW-UAP-D48-Report-September-1996.pdf,161,DATE,12/04/65
DOW-UAP-D48-Report-September-1996.pdf,161,DATE,12/15/65
DOW-UAP-D48-Report-September-1996.pdf,161,DATE,12/21/65
DOW-UAP-D48-Report-September-1996.pdf,161,DATE,12/22/65
DOW-UAP-D48-Report-September-1996.pdf,161,DATE,02/03/66
DOW-UAP-D48-Report-September-1996.pdf,161,DATE,02/17/66
DOW-UAP-D48-Report-September-1996.pdf,161,DATE,03/16/66
DOW-UAP-D48-Report-September-1996.pdf,161,DATE,03/25/66
DOW-UAP-D48-Report-September-1996.pdf,161,DATE,04/05/66
DOW-UAP-D48-Report-September-1996.pdf,161,DATE,04/20/66
DOW-UAP-D48-Report-September-1996.pdf,161,DATE,05/24/66
DOW-UAP-D48-Report-September-1996.pdf,161,DATE,06/03/66
DOW-UAP-D48-Report-September-1996.pdf,161,DATE,06/16/66
DOW-UAP-D48-Report-September-1996.pdf,161,DATE,07/18/66
DOW-UAP-D48-Report-September-1996.pdf,161,DATE,07/22/66
DOW-UAP-D48-Report-September-1996.pdf,161,DATE,07/29/66
DOW-UAP-D48-Report-September-1996.pdf,161,DATE,08/26/66
DOW-UAP-D48-Report-September-1996.pdf,161,DATE,09/12/66
DOW-UAP-D48-Report-September-1996.pdf,161,DATE,09/16/66
DOW-UAP-D48-Report-September-1996.pdf,161,DATE,09/28/66
DOW-UAP-D48-Report-September-1996.pdf,161,DATE,11/03/66
DOW-UAP-D48-Report-September-1996.pdf,161,DATE,11/11/66
DOW-UAP-D48-Report-September-1996.pdf,161,DATE,11/24/66
DOW-UAP-D48-Report-September-1996.pdf,161,DATE,12/14/66
DOW-UAP-D48-Report-September-1996.pdf,161,DATE,01/18/67
DOW-UAP-D48-Report-September-1996.pdf,161,DATE,02/24/67
DOW-UAP-D48-Report-September-1996.pdf,161,DATE,03/17/67
DOW-UAP-D48-Report-September-1996.pdf,161,DATE,04/12/67
DOW-UAP-D48-Report-September-1996.pdf,161,DATE,04/26/67
DOW-UAP-D48-Report-September-1996.pdf,161,DATE,04/28/67
DOW-UAP-D48-Report-September-1996.pdf,161,DATE,06/20/67
DOW-UAP-D48-Report-September-1996.pdf,161,DATE,06/23/67
DOW-UAP-D48-Report-September-1996.pdf,161,DATE,07/01/67
DOW-UAP-D48-Report-September-1996.pdf,161,DATE,08/16/67
DOW-UAP-D48-Report-September-1996.pdf,161,DATE,09/11/67
DOW-UAP-D48-Report-September-1996.pdf,161,DATE,09/19/67
DOW-UAP-D48-Report-September-1996.pdf,161,DATE,10/25/67
DOW-UAP-D48-Report-September-1996.pdf,161,DATE,9/10/96
DOW-UAP-D48-Report-September-1996.pdf,162,ORG,AFSC
DOW-UAP-D48-Report-September-1996.pdf,162,DATE,12/05/67
DOW-UAP-D48-Report-September-1996.pdf,162,DATE,01/18/68
DOW-UAP-D48-Report-September-1996.pdf,162,DATE,02/28/68
DOW-UAP-D48-Report-September-1996.pdf,162,DATE,03/13/68
DOW-UAP-D48-Report-September-1996.pdf,162,DATE,04/02/68
DOW-UAP-D48-Report-September-1996.pdf,162,DATE,04/17/68
DOW-UAP-D48-Report-September-1996.pdf,162,DATE,06/05/68
DOW-UAP-D48-Report-September-1996.pdf,162,DATE,06/12/68
DOW-UAP-D48-Report-September-1996.pdf,162,DATE,06/13/68
DOW-UAP-D48-Report-September-1996.pdf,162,DATE,08/06/68
DOW-UAP-D48-Report-September-1996.pdf,162,DATE,08/21/68
DOW-UAP-D48-Report-September-1996.pdf,162,DATE,09/10/68
DOW-UAP-D48-Report-September-1996.pdf,162,DATE,09/26/68
DOW-UAP-D48-Report-September-1996.pdf,162,DATE,11/06/68
DOW-UAP-D48-Report-September-1996.pdf,162,DATE,11/19/68
DOW-UAP-D48-Report-September-1996.pdf,162,DATE,12/04/68
DOW-UAP-D48-Report-September-1996.pdf,162,DATE,01/22/69
DOW-UAP-D48-Report-September-1996.pdf,162,DATE,02/09/69
DOW-UAP-D48-Report-September-1996.pdf,162,DATE,03/04/69
DOW-UAP-D48-Report-September-1996.pdf,162,DATE,04/15/69
DOW-UAP-D48-Report-September-1996.pdf,162,DATE,05/20/69
DOW-UAP-D48-Report-September-1996.pdf,162,DATE,05/23/69
DOW-UAP-D48-Report-September-1996.pdf,162,DATE,06/03/69
DOW-UAP-D48-Report-September-1996.pdf,162,DATE,08/23/69
DOW-UAP-D48-Report-September-1996.pdf,162,DATE,10/24/69
DOW-UAP-D48-Report-September-1996.pdf,162,DATE,01/14/70
DOW-UAP-D48-Report-September-1996.pdf,162,DATE,04/08/70
DOW-UAP-D48-Report-September-1996.pdf,162,DATE,04/15/70
DOW-UAP-D48-Report-September-1996.pdf,162,DATE,06/25/70
DOW-UAP-D48-Report-September-1996.pdf,162,DATE,08/18/70
DOW-UAP-D48-Report-September-1996.pdf,162,DATE,10/23/70
DOW-UAP-D48-Report-September-1996.pdf,162,DATE,11/06/70
DOW-UAP-D48-Report-September-1996.pdf,162,DATE,01/21/71
DOW-UAP-D48-Report-September-1996.pdf,162,DATE,03/20/71
DOW-UAP-D48-Report-September-1996.pdf,162,DATE,04/22/71
DOW-UAP-D48-Report-September-1996.pdf,162,DATE,05/05/71
DOW-UAP-D48-Report-September-1996.pdf,162,DATE,06/20/71
DOW-UAP-D48-Report-September-1996.pdf,162,DATE,08/12/71
DOW-UAP-D48-Report-September-1996.pdf,162,DATE,08/27/71
DOW-UAP-D48-Report-September-1996.pdf,162,DATE,10/23/71
DOW-UAP-D48-Report-September-1996.pdf,162,DATE,11/02/71
DOW-UAP-D48-Report-September-1996.pdf,162,DATE,01/20/72
DOW-UAP-D48-Report-September-1996.pdf,162,DATE,02/16/72
DOW-UAP-D48-Report-September-1996.pdf,162,DATE,03/01/72
DOW-UAP-D48-Report-September-1996.pdf,162,DATE,03/17/72
DOW-UAP-D48-Report-September-1996.pdf,162,DATE,9/10/96
DOW-UAP-D48-Report-September-1996.pdf,163,ORG,AFSC
DOW-UAP-D48-Report-September-1996.pdf,163,DATE,05/20/72
DOW-UAP-D48-Report-September-1996.pdf,163,DATE,05/24/72
DOW-UAP-D48-Report-September-1996.pdf,163,DATE,07/07/72
DOW-UAP-D48-Report-September-1996.pdf,163,DATE,09/01/72
DOW-UAP-D48-Report-September-1996.pdf,163,DATE,10/10/72
DOW-UAP-D48-Report-September-1996.pdf,163,DATE,10/11/72
DOW-UAP-D48-Report-September-1996.pdf,163,DATE,12/21/72
DOW-UAP-D48-Report-September-1996.pdf,163,DATE,03/09/73
DOW-UAP-D48-Report-September-1996.pdf,163,DATE,05/16/73
DOW-UAP-D48-Report-September-1996.pdf,163,DATE,06/12/73
DOW-UAP-D48-Report-September-1996.pdf,163,DATE,06/26/73
DOW-UAP-D48-Report-September-1996.pdf,163,DATE,07/13/73
DOW-UAP-D48-Report-September-1996.pdf,163,DATE,08/21/73
DOW-UAP-D48-Report-September-1996.pdf,163,DATE,09/27/73
DOW-UAP-D48-Report-September-1996.pdf,163,DATE,10/05/73
DOW-UAP-D48-Report-September-1996.pdf,163,DATE,11/10/73
DOW-UAP-D48-Report-September-1996.pdf,163,DATE,12/13/73
DOW-UAP-D48-Report-September-1996.pdf,163,DATE,02/11/74
DOW-UAP-D48-Report-September-1996.pdf,163,DATE,02/13/74
DOW-UAP-D48-Report-September-1996.pdf,163,DATE,03/01/74
DOW-UAP-D48-Report-September-1996.pdf,163,DATE,04/10/74
DOW-UAP-D48-Report-September-1996.pdf,163,DATE,05/30/74
DOW-UAP-D48-Report-September-1996.pdf,163,DATE,06/06/74
DOW-UAP-D48-Report-September-1996.pdf,163,DATE,08/14/74
DOW-UAP-D48-Report-September-1996.pdf,163,DATE,10/29/74
DOW-UAP-D48-Report-September-1996.pdf,163,DATE,12/10/74
DOW-UAP-D48-Report-September-1996.pdf,163,DATE,01/09/75
DOW-UAP-D48-Report-September-1996.pdf,163,DATE,03/09/75
DOW-UAP-D48-Report-September-1996.pdf,163,DATE,04/18/75
DOW-UAP-D48-Report-September-1996.pdf,163,DATE,05/20/75
DOW-UAP-D48-Report-September-1996.pdf,163,DATE,06/08/75
DOW-UAP-D48-Report-September-1996.pdf,163,DATE,08/07/75
DOW-UAP-D48-Report-September-1996.pdf,163,DATE,08/20/75
DOW-UAP-D48-Report-September-1996.pdf,163,DATE,09/09/75
DOW-UAP-D48-Report-September-1996.pdf,163,DATE,10/09/75
DOW-UAP-D48-Report-September-1996.pdf,163,DATE,12/04/75
DOW-UAP-D48-Report-September-1996.pdf,163,DATE,12/14/75
DOW-UAP-D48-Report-September-1996.pdf,163,DATE,01/15/76
DOW-UAP-D48-Report-September-1996.pdf,163,DATE,03/14/76
DOW-UAP-D48-Report-September-1996.pdf,163,DATE,03/22/76
DOW-UAP-D48-Report-September-1996.pdf,163,DATE,06/02/76
DOW-UAP-D48-Report-September-1996.pdf,163,DATE,06/25/76
DOW-UAP-D48-Report-September-1996.pdf,163,DATE,07/08/76
DOW-UAP-D48-Report-September-1996.pdf,163,DATE,08/06/76
DOW-UAP-D48-Report-September-1996.pdf,163,DATE,9/10/96
DOW-UAP-D48-Report-September-1996.pdf,164,ORG,AFSC
DOW-UAP-D48-Report-September-1996.pdf,164,DATE,12/19/76
DOW-UAP-D48-Report-September-1996.pdf,164,DATE,05/12/77
DOW-UAP-D48-Report-September-1996.pdf,164,DATE,09/05/77
DOW-UAP-D48-Report-September-1996.pdf,164,DATE,02/24/78
DOW-UAP-D48-Report-September-1996.pdf,164,DATE,03/16/78
DOW-UAP-D48-Report-September-1996.pdf,164,DATE,06/10/78
DOW-UAP-D48-Report-September-1996.pdf,164,DATE,06/14/78
DOW-UAP-D48-Report-September-1996.pdf,164,DATE,08/04/78
DOW-UAP-D48-Report-September-1996.pdf,164,DATE,12/13/78
DOW-UAP-D48-Report-September-1996.pdf,164,DATE,05/28/79
DOW-UAP-D48-Report-September-1996.pdf,164,DATE,06/10/79
DOW-UAP-D48-Report-September-1996.pdf,164,DATE,10/01/79
DOW-UAP-D48-Report-September-1996.pdf,164,DATE,11/21/79
DOW-UAP-D48-Report-September-1996.pdf,164,DATE,02/06/80
DOW-UAP-D48-Report-September-1996.pdf,164,DATE,06/18/80
DOW-UAP-D48-Report-September-1996.pdf,164,DATE,12/13/80
DOW-UAP-D48-Report-September-1996.pdf,164,DATE,02/28/81
DOW-UAP-D48-Report-September-1996.pdf,164,DATE,03/16/81
DOW-UAP-D48-Report-September-1996.pdf,164,DATE,04/24/81
DOW-UAP-D48-Report-September-1996.pdf,164,DATE,09/03/81
DOW-UAP-D48-Report-September-1996.pdf,164,DATE,10/31/81
DOW-UAP-D48-Report-September-1996.pdf,164,DATE,01/21/82
DOW-UAP-D48-Report-September-1996.pdf,164,DATE,03/06/82
DOW-UAP-D48-Report-September-1996.pdf,164,DATE,05/11/82
DOW-UAP-D48-Report-September-1996.pdf,164,DATE,10/30/82
DOW-UAP-D48-Report-September-1996.pdf,164,DATE,11/17/82
DOW-UAP-D48-Report-September-1996.pdf,164,DATE,04/15/83
DOW-UAP-D48-Report-September-1996.pdf,164,DATE,06/20/83
DOW-UAP-D48-Report-September-1996.pdf,164,DATE,07/31/83
DOW-UAP-D48-Report-September-1996.pdf,164,DATE,01/31/84
DOW-UAP-D48-Report-September-1996.pdf,164,DATE,04/14/84
DOW-UAP-D48-Report-September-1996.pdf,164,DATE,04/17/84
DOW-UAP-D48-Report-September-1996.pdf,164,DATE,06/25/84
DOW-UAP-D48-Report-September-1996.pdf,164,DATE,08/28/84
DOW-UAP-D48-Report-September-1996.pdf,164,DATE,12/04/84
DOW-UAP-D48-Report-September-1996.pdf,164,DATE,12/22/84
DOW-UAP-D48-Report-September-1996.pdf,164,DATE,02/07/85
DOW-UAP-D48-Report-September-1996.pdf,164,DATE,08/28/85
DOW-UAP-D48-Report-September-1996.pdf,164,DATE,9/10/96
DOW-UAP-D48-Report-September-1996.pdf,165,ORG,AFSC
DOW-UAP-D48-Report-September-1996.pdf,165,DATE,04/18/86
DOW-UAP-D48-Report-September-1996.pdf,165,DATE,02/11/87
DOW-UAP-D48-Report-September-1996.pdf,165,DATE,10/26/87
DOW-UAP-D48-Report-September-1996.pdf,165,DATE,11/29/87
DOW-UAP-D48-Report-September-1996.pdf,165,DATE,09/02/88
DOW-UAP-D48-Report-September-1996.pdf,165,DATE,09/05/88
DOW-UAP-D48-Report-September-1996.pdf,165,DATE,11/06/88
DOW-UAP-D48-Report-September-1996.pdf,165,DATE,05/10/89
DOW-UAP-D48-Report-September-1996.pdf,165,DATE,09/04/89
DOW-UAP-D48-Report-September-1996.pdf,165,DATE,09/05/89
DOW-UAP-D48-Report-September-1996.pdf,165,DATE,01/01/90
DOW-UAP-D48-Report-September-1996.pdf,165,DATE,03/14/90
DOW-UAP-D48-Report-September-1996.pdf,165,DATE,06/08/90
DOW-UAP-D48-Report-September-1996.pdf,165,DATE,06/23/90
DOW-UAP-D48-Report-September-1996.pdf,165,DATE,11/13/90
DOW-UAP-D48-Report-September-1996.pdf,165,DATE,03/08/91
DOW-UAP-D48-Report-September-1996.pdf,165,DATE,11/17/91
DOW-UAP-D48-Report-September-1996.pdf,165,DATE,04/25/92
DOW-UAP-D48-Report-September-1996.pdf,165,DATE,09/25/92
DOW-UAP-D48-Report-September-1996.pdf,165,DATE,11/28/92
DOW-UAP-D48-Report-September-1996.pdf,165,DATE,08/02/93
DOW-UAP-D48-Report-September-1996.pdf,165,DATE,10/05/93
DOW-UAP-D48-Report-September-1996.pdf,165,DATE,01/25/94
DOW-UAP-D48-Report-September-1996.pdf,165,DATE,02/07/94
DOW-UAP-D48-Report-September-1996.pdf,165,DATE,05/03/94
DOW-UAP-D48-Report-September-1996.pdf,165,DATE,08/27/94
DOW-UAP-D48-Report-September-1996.pdf,165,DATE,05/14/95
DOW-UAP-D48-Report-September-1996.pdf,165,DATE,07/10/95
DOW-UAP-D48-Report-September-1996.pdf,165,DATE,11/06/95
DOW-UAP-D48-Report-September-1996.pdf,165,DATE,04/24/96
DOW-UAP-D48-Report-September-1996.pdf,165,DATE,07/02/96
DOW-UAP-D48-Report-September-1996.pdf,166,DATE,14 Aug 59
DOW-UAP-D48-Report-September-1996.pdf,166,DATE,12 Dec 59
DOW-UAP-D48-Report-September-1996.pdf,166,DATE,5 Feb 60
DOW-UAP-D48-Report-September-1996.pdf,166,DATE,8 Mar 60
DOW-UAP-D48-Report-September-1996.pdf,166,DATE,8 Apr 60
DOW-UAP-D48-Report-September-1996.pdf,166,DATE,1 Jul 60
DOW-UAP-D48-Report-September-1996.pdf,166,DATE,28 July 60
DOW-UAP-D48-Report-September-1996.pdf,166,DATE,10 Aug 60
DOW-UAP-D48-Report-September-1996.pdf,166,DATE,29 Sep 60
DOW-UAP-D48-Report-September-1996.pdf,166,DATE,9/10/96
DOW-UAP-D48-Report-September-1996.pdf,167,DATE,20 Dec 60
DOW-UAP-D48-Report-September-1996.pdf,167,DATE,20 Jan 61
DOW-UAP-D48-Report-September-1996.pdf,167,DATE,3 Mar 61
DOW-UAP-D48-Report-September-1996.pdf,167,DATE,31 Mar 61
DOW-UAP-D48-Report-September-1996.pdf,167,DATE,24 Jun 61
DOW-UAP-D48-Report-September-1996.pdf,167,DATE,7 Sep 61
DOW-UAP-D48-Report-September-1996.pdf,167,DATE,6 Oct 61
DOW-UAP-D48-Report-September-1996.pdf,167,DATE,15 Dec 61
DOW-UAP-D48-Report-September-1996.pdf,167,DATE,20 Jan 62
DOW-UAP-D48-Report-September-1996.pdf,167,DATE,23 Feb 62
DOW-UAP-D48-Report-September-1996.pdf,167,DATE,7 Jun 62
DOW-UAP-D48-Report-September-1996.pdf,167,DATE,25 July 62
DOW-UAP-D48-Report-September-1996.pdf,167,DATE,9/10/96
DOW-UAP-D48-Report-September-1996.pdf,168,DATE,5 Dec 62
DOW-UAP-D48-Report-September-1996.pdf,168,DATE,6 Dec 62
DOW-UAP-D48-Report-September-1996.pdf,168,DATE,10 Jan 63
DOW-UAP-D48-Report-September-1996.pdf,168,DATE,6 Feb 63
DOW-UAP-D48-Report-September-1996.pdf,168,DATE,16 Feb 63
DOW-UAP-D48-Report-September-1996.pdf,168,DATE,21 Mar 63
DOW-UAP-D48-Report-September-1996.pdf,168,DATE,19 Apr 63
DOW-UAP-D48-Report-September-1996.pdf,168,DATE,1 May 63
DOW-UAP-D48-Report-September-1996.pdf,168,DATE,9 May 63
DOW-UAP-D48-Report-September-1996.pdf,168,DATE,29 May 63
DOW-UAP-D48-Report-September-1996.pdf,168,DATE,9/10/96
DOW-UAP-D48-Report-September-1996.pdf,169,DATE,20 June 63
DOW-UAP-D48-Report-September-1996.pdf,169,DATE,16 July 63
DOW-UAP-D48-Report-September-1996.pdf,169,DATE,30 Aug 63
DOW-UAP-D48-Report-September-1996.pdf,169,DATE,9 Nov 63
DOW-UAP-D48-Report-September-1996.pdf,169,DATE,1 Sep 64
DOW-UAP-D48-Report-September-1996.pdf,169,DATE,8 Dec 64
DOW-UAP-D48-Report-September-1996.pdf,169,DATE,14 Jan 65
DOW-UAP-D48-Report-September-1996.pdf,169,DATE,5 Mar 65
DOW-UAP-D48-Report-September-1996.pdf,169,DATE,30 Apr 65
DOW-UAP-D48-Report-September-1996.pdf,169,DATE,14 Jun 65
DOW-UAP-D48-Report-September-1996.pdf,169,DATE,9/10/96
DOW-UAP-D48-Report-September-1996.pdf,170,DATE,21 Sep 65
DOW-UAP-D48-Report-September-1996.pdf,170,DATE,15 Oct 65
DOW-UAP-D48-Report-September-1996.pdf,170,DATE,30 Nov 65
DOW-UAP-D48-Report-September-1996.pdf,170,DATE,21 Dec 65
DOW-UAP-D48-Report-September-1996.pdf,170,DATE,22 Dec 65
DOW-UAP-D48-Report-September-1996.pdf,170,DATE,24 May 66
DOW-UAP-D48-Report-September-1996.pdf,170,DATE,26 Aug 66
DOW-UAP-D48-Report-September-1996.pdf,170,DATE,12 Apr 67
DOW-UAP-D48-Report-September-1996.pdf,170,DATE,26 Apr 67
DOW-UAP-D48-Report-September-1996.pdf,170,DATE,9/10/96
DOW-UAP-D48-Report-September-1996.pdf,171,ORG,AFSC
DOW-UAP-D48-Report-September-1996.pdf,171,DATE,6 Nov 70
DOW-UAP-D48-Report-September-1996.pdf,171,DATE,16 Feb 72
DOW-UAP-D48-Report-September-1996.pdf,171,DATE,11 Feb 74
DOW-UAP-D48-Report-September-1996.pdf,171,DATE,20 May 75
DOW-UAP-D48-Report-September-1996.pdf,171,DATE,14 Dec 75
DOW-UAP-D48-Report-September-1996.pdf,171,DATE,15 Sep 76
DOW-UAP-D48-Report-September-1996.pdf,171,DATE,5 Sep 77
DOW-UAP-D48-Report-September-1996.pdf,171,DATE,25 Mar 78
DOW-UAP-D48-Report-September-1996.pdf,171,DATE,28 Aug 85
DOW-UAP-D48-Report-September-1996.pdf,171,DATE,9/10/96
DOW-UAP-D48-Report-September-1996.pdf,172,ORG,AFSC
DOW-UAP-D48-Report-September-1996.pdf,172,DATE,18 Apr 86
DOW-UAP-D48-Report-September-1996.pdf,172,DATE,2 Sep 88
DOW-UAP-D48-Report-September-1996.pdf,172,DATE,14 June 89
DOW-UAP-D48-Report-September-1996.pdf,172,DATE,14 Mar 90
DOW-UAP-D48-Report-September-1996.pdf,172,DATE,2 Aug 93
DOW-UAP-D48-Report-September-1996.pdf,172,DATE,5 Oct 93
DOW-UAP-D48-Report-September-1996.pdf,172,DATE,9/10/96
DOW-UAP-D48-Report-September-1996.pdf,173,DATE,9/10/96
DOW-UAP-D48-Report-September-1996.pdf,174,DATE,01/25/57
DOW-UAP-D48-Report-September-1996.pdf,174,DATE,04/19/57
DOW-UAP-D48-Report-September-1996.pdf,174,DATE,05/21/57
DOW-UAP-D48-Report-September-1996.pdf,174,DATE,08/30/57
DOW-UAP-D48-Report-September-1996.pdf,174,DATE,09/20/57
DOW-UAP-D48-Report-September-1996.pdf,174,DATE,10/03/57
DOW-UAP-D48-Report-September-1996.pdf,174,DATE,10/11/57
DOW-UAP-D48-Report-September-1996.pdf,174,DATE,10/24/57
DOW-UAP-D48-Report-September-1996.pdf,174,DATE,12/07/57
DOW-UAP-D48-Report-September-1996.pdf,174,DATE,12/19/57
DOW-UAP-D48-Report-September-1996.pdf,174,DATE,01/28/58
DOW-UAP-D48-Report-September-1996.pdf,174,DATE,02/28/58
DOW-UAP-D48-Report-September-1996.pdf,174,DATE,04/19/58
DOW-UAP-D48-Report-September-1996.pdf,174,DATE,04/23/58
DOW-UAP-D48-Report-September-1996.pdf,174,DATE,06/04/58
DOW-UAP-D48-Report-September-1996.pdf,174,DATE,06/13/58
DOW-UAP-D48-Report-September-1996.pdf,174,DATE,07/11/58
DOW-UAP-D48-Report-September-1996.pdf,174,DATE,07/12/58
DOW-UAP-D48-Report-September-1996.pdf,174,DATE,07/23/58
DOW-UAP-D48-Report-September-1996.pdf,174,DATE,07/26/58
DOW-UAP-D48-Report-September-1996.pdf,174,DATE,08/06/58
DOW-UAP-D48-Report-September-1996.pdf,174,DATE,08/17/58
DOW-UAP-D48-Report-September-1996.pdf,174,DATE,10/11/58
DOW-UAP-D48-Report-September-1996.pdf,174,DATE,11/05/58
DOW-UAP-D48-Report-September-1996.pdf,174,DATE,11/08/58
DOW-UAP-D48-Report-September-1996.pdf,174,DATE,11/26/58
DOW-UAP-D48-Report-September-1996.pdf,174,DATE,12/05/58
DOW-UAP-D48-Report-September-1996.pdf,174,DATE,12/16/58
DOW-UAP-D48-Report-September-1996.pdf,174,DATE,12/30/58
DOW-UAP-D48-Report-September-1996.pdf,174,DATE,01/23/59
DOW-UAP-D48-Report-September-1996.pdf,174,DATE,01/30/59
DOW-UAP-D48-Report-September-1996.pdf,174,DATE,02/28/59
DOW-UAP-D48-Report-September-1996.pdf,174,DATE,03/21/59
DOW-UAP-D48-Report-September-1996.pdf,174,DATE,03/26/59
DOW-UAP-D48-Report-September-1996.pdf,174,DATE,04/07/59
DOW-UAP-D48-Report-September-1996.pdf,174,DATE,04/22/59
DOW-UAP-D48-Report-September-1996.pdf,174,DATE,04/24/59
DOW-UAP-D48-Report-September-1996.pdf,174,DATE,05/12/59
DOW-UAP-D48-Report-September-1996.pdf,174,DATE,05/21/59
DOW-UAP-D48-Report-September-1996.pdf,174,DATE,05/22/59
DOW-UAP-D48-Report-September-1996.pdf,174,DATE,9/10/96
DOW-UAP-D48-Report-September-1996.pdf,175,DATE,06/11/59
DOW-UAP-D48-Report-September-1996.pdf,175,DATE,06/25/59
DOW-UAP-D48-Report-September-1996.pdf,175,DATE,06/29/59
DOW-UAP-D48-Report-September-1996.pdf,175,DATE,07/21/59
DOW-UAP-D48-Report-September-1996.pdf,175,DATE,07/24/59
DOW-UAP-D48-Report-September-1996.pdf,175,DATE,08/05/59
DOW-UAP-D48-Report-September-1996.pdf,175,DATE,08/07/59
DOW-UAP-D48-Report-September-1996.pdf,175,DATE,08/14/59
DOW-UAP-D48-Report-September-1996.pdf,175,DATE,08/27/59
DOW-UAP-D48-Report-September-1996.pdf,175,DATE,09/12/59
DOW-UAP-D48-Report-September-1996.pdf,175,DATE,09/17/59
DOW-UAP-D48-Report-September-1996.pdf,175,DATE,09/22/59
DOW-UAP-D48-Report-September-1996.pdf,175,DATE,10/06/59
DOW-UAP-D48-Report-September-1996.pdf,175,DATE,10/13/59
DOW-UAP-D48-Report-September-1996.pdf,175,DATE,10/28/59
DOW-UAP-D48-Report-September-1996.pdf,175,DATE,11/03/59
DOW-UAP-D48-Report-September-1996.pdf,175,DATE,11/19/59
DOW-UAP-D48-Report-September-1996.pdf,175,DATE,12/01/59
DOW-UAP-D48-Report-September-1996.pdf,175,DATE,12/17/59
DOW-UAP-D48-Report-September-1996.pdf,175,DATE,01/14/60
DOW-UAP-D48-Report-September-1996.pdf,175,DATE,02/09/60
DOW-UAP-D48-Report-September-1996.pdf,175,DATE,02/29/60
DOW-UAP-D48-Report-September-1996.pdf,175,DATE,03/11/60
DOW-UAP-D48-Report-September-1996.pdf,175,DATE,04/01/60
DOW-UAP-D48-Report-September-1996.pdf,175,DATE,04/13/60
DOW-UAP-D48-Report-September-1996.pdf,175,DATE,06/22/60
DOW-UAP-D48-Report-September-1996.pdf,175,DATE,08/18/60
DOW-UAP-D48-Report-September-1996.pdf,175,DATE,10/04/60
DOW-UAP-D48-Report-September-1996.pdf,175,DATE,11/30/60
DOW-UAP-D48-Report-September-1996.pdf,175,DATE,02/21/61
DOW-UAP-D48-Report-September-1996.pdf,175,DATE,06/28/61
DOW-UAP-D48-Report-September-1996.pdf,175,DATE,11/15/61
DOW-UAP-D48-Report-September-1996.pdf,175,DATE,01/15/62
DOW-UAP-D48-Report-September-1996.pdf,175,DATE,01/24/62
DOW-UAP-D48-Report-September-1996.pdf,175,DATE,05/02/62
DOW-UAP-D48-Report-September-1996.pdf,175,DATE,05/10/62
DOW-UAP-D48-Report-September-1996.pdf,175,DATE,07/18/62
DOW-UAP-D48-Report-September-1996.pdf,175,DATE,10/31/62
DOW-UAP-D48-Report-September-1996.pdf,175,DATE,09/18/63
DOW-UAP-D48-Report-September-1996.pdf,175,DATE,03/24/64
DOW-UAP-D48-Report-September-1996.pdf,175,DATE,07/22/64
DOW-UAP-D48-Report-September-1996.pdf,175,DATE,10/27/64
DOW-UAP-D48-Report-September-1996.pdf,175,DATE,12/08/64
DOW-UAP-D48-Report-September-1996.pdf,175,DATE,02/23/65
DOW-UAP-D48-Report-September-1996.pdf,175,DATE,9/10/96
DOW-UAP-D48-Report-September-1996.pdf,176,DATE,25 Jan 57
DOW-UAP-D48-Report-September-1996.pdf,176,DATE,19 Apr 57
DOW-UAP-D48-Report-September-1996.pdf,176,DATE,21 May 57
DOW-UAP-D48-Report-September-1996.pdf,176,DATE,30 Aug 57
DOW-UAP-D48-Report-September-1996.pdf,176,DATE,20 Sep 57
DOW-UAP-D48-Report-September-1996.pdf,176,DATE,3 Oct 57
DOW-UAP-D48-Report-September-1996.pdf,176,DATE,11 Oct 57
DOW-UAP-D48-Report-September-1996.pdf,176,DATE,7 Dec 57
DOW-UAP-D48-Report-September-1996.pdf,176,DATE,19 Dec 57
DOW-UAP-D48-Report-September-1996.pdf,176,DATE,28 Jan 58
DOW-UAP-D48-Report-September-1996.pdf,176,DATE,9/10/96
DOW-UAP-D48-Report-September-1996.pdf,177,DATE,28 Feb 58
DOW-UAP-D48-Report-September-1996.pdf,177,DATE,19 Apr 58
DOW-UAP-D48-Report-September-1996.pdf,177,DATE,23 Apr 58
DOW-UAP-D48-Report-September-1996.pdf,177,DATE,11 July 58
DOW-UAP-D48-Report-September-1996.pdf,177,DATE,26 July 58
DOW-UAP-D48-Report-September-1996.pdf,177,DATE,17 Aug 58
DOW-UAP-D48-Report-September-1996.pdf,177,DATE,11 Oct 58
DOW-UAP-D48-Report-September-1996.pdf,177,DATE,5 Nov 58
DOW-UAP-D48-Report-September-1996.pdf,177,DATE,8 Nov 58
DOW-UAP-D48-Report-September-1996.pdf,177,DATE,26 Nov 58
DOW-UAP-D48-Report-September-1996.pdf,177,DATE,5 Dec 58
DOW-UAP-D48-Report-September-1996.pdf,177,DATE,9/10/96
DOW-UAP-D48-Report-September-1996.pdf,178,DATE,16 Dec 58
DOW-UAP-D48-Report-September-1996.pdf,178,DATE,30 Dec 58
DOW-UAP-D48-Report-September-1996.pdf,178,DATE,22 Jan 59
DOW-UAP-D48-Report-September-1996.pdf,178,DATE,30 Jan 59
DOW-UAP-D48-Report-September-1996.pdf,178,DATE,28 Feb 59
DOW-UAP-D48-Report-September-1996.pdf,178,DATE,29 June 59
DOW-UAP-D48-Report-September-1996.pdf,178,DATE,21 July 59
DOW-UAP-D48-Report-September-1996.pdf,178,DATE,17 Sep 59
DOW-UAP-D48-Report-September-1996.pdf,178,DATE,1 Dec 59
DOW-UAP-D48-Report-September-1996.pdf,178,DATE,13 Apr 60
DOW-UAP-D48-Report-September-1996.pdf,178,DATE,9/10/96
DOW-UAP-D48-Report-September-1996.pdf,179,DATE,22 June 60
DOW-UAP-D48-Report-September-1996.pdf,179,DATE,18 Aug 60
DOW-UAP-D48-Report-September-1996.pdf,179,DATE,30 Nov 60
DOW-UAP-D48-Report-September-1996.pdf,179,DATE,21 Feb 61
DOW-UAP-D48-Report-September-1996.pdf,179,DATE,24 Jan 62
DOW-UAP-D48-Report-September-1996.pdf,179,DATE,10 May 62
DOW-UAP-D48-Report-September-1996.pdf,179,DATE,24 Mar 64
DOW-UAP-D48-Report-September-1996.pdf,179,DATE,9/10/96
DOW-UAP-D48-Report-September-1996.pdf,180,PERSON,Mr. James Baeker
DOW-UAP-D48-Report-September-1996.pdf,180,DATE,"September 19, 1990"
DOW-UAP-D48-Report-September-1996.pdf,180,DATE,18 June 1991
DOW-UAP-D48-Report-September-1996.pdf,180,DATE,"September 30, 1995"
DOW-UAP-D48-Report-September-1996.pdf,180,DATE,19 February 1992
DOW-UAP-D48-Report-September-1996.pdf,180,DATE,30 December 1995
DOW-UAP-D48-Report-September-1996.pdf,180,DATE,"July 23, 1991"
DOW-UAP-D48-Report-September-1996.pdf,180,DATE,4 Nov 95
DOW-UAP-D48-Report-September-1996.pdf,180,DATE,9/10/96
DOW-UAP-D48-Report-September-1996.pdf,181,ORG,USAF
DOW-UAP-D48-Report-September-1996.pdf,181,DATE,13 Nov 95
DOW-UAP-D48-Report-September-1996.pdf,181,DATE,26 April 1965
DOW-UAP-D48-Report-September-1996.pdf,181,DATE,"March 13, 1996"
DOW-UAP-D48-Report-September-1996.pdf,181,DATE,"April 4, 1996"
DOW-UAP-D48-Report-September-1996.pdf,181,DATE,9/10/96
DOW-UAP-D49-Launch-Summary-February-2000.pdf,2,ORG,USAF
DOW-UAP-D49-Launch-Summary-February-2000.pdf,2,ORG,NASA
DOW-UAP-D49-Launch-Summary-February-2000.pdf,2,DATE,3 February 2000
DOW-UAP-D49-Launch-Summary-February-2000.pdf,3,DATE,16 December 1958
DOW-UAP-D49-Launch-Summary-February-2000.pdf,4,ORG,SAC
DOW-UAP-D49-Launch-Summary-February-2000.pdf,4,ORG,ADC
DOW-UAP-D49-Launch-Summary-February-2000.pdf,4,ORG,AFSC
DOW-UAP-D49-Launch-Summary-February-2000.pdf,4,ORG,USAF
DOW-UAP-D49-Launch-Summary-February-2000.pdf,4,DATE,1 June 1992
DOW-UAP-D49-Launch-Summary-February-2000.pdf,4,DATE,1 July 1992
DOW-UAP-D49-Launch-Summary-February-2000.pdf,4,DATE,1 Apr 1961
DOW-UAP-D49-Launch-Summary-February-2000.pdf,4,DATE,1 April 1971
DOW-UAP-D49-Launch-Summary-February-2000.pdf,4,DATE,1 July 1963
DOW-UAP-D49-Launch-Summary-February-2000.pdf,5,ORG,SAC
DOW-UAP-D49-Launch-Summary-February-2000.pdf,5,DATE,1 July 1963
DOW-UAP-D49-Launch-Summary-February-2000.pdf,6,ORG,NASA
DOW-UAP-D49-Launch-Summary-February-2000.pdf,6,DATE,1 July 1963
DOW-UAP-D49-Launch-Summary-February-2000.pdf,7,ORG,SAC
DOW-UAP-D49-Launch-Summary-February-2000.pdf,7,ORG,SAFEGUARD
DOW-UAP-D49-Launch-Summary-February-2000.pdf,7,DATE,1 July 1963
DOW-UAP-D49-Launch-Summary-February-2000.pdf,10,ORG,AFSC
DOW-UAP-D49-Launch-Summary-February-2000.pdf,10,ORG,SAC
DOW-UAP-D49-Launch-Summary-February-2000.pdf,10,ORG,NASA
DOW-UAP-D49-Launch-Summary-February-2000.pdf,10,ORG,ADC
DOW-UAP-D49-Launch-Summary-February-2000.pdf,11,ORG,AFSC
DOW-UAP-D49-Launch-Summary-February-2000.pdf,11,ORG,SAC
DOW-UAP-D49-Launch-Summary-February-2000.pdf,11,ORG,NASA
DOW-UAP-D49-Launch-Summary-February-2000.pdf,11,ORG,ADC
DOW-UAP-D49-Launch-Summary-February-2000.pdf,11,DATE,3 Feb 2000
DOW-UAP-D49-Launch-Summary-February-2000.pdf,11,DATE,9 Nov 89
DOW-UAP-D49-Launch-Summary-February-2000.pdf,11,DATE,15 Dec 89
DOW-UAP-D49-Launch-Summary-February-2000.pdf,11,DATE,30 Jan 90
DOW-UAP-D49-Launch-Summary-February-2000.pdf,11,DATE,5 April 90
DOW-UAP-D49-Launch-Summary-February-2000.pdf,11,DATE,4 August 1997
DOW-UAP-D49-Launch-Summary-February-2000.pdf,15,ORG,AFSC
DOW-UAP-D49-Launch-Summary-February-2000.pdf,15,DATE,28 Feb 59
DOW-UAP-D49-Launch-Summary-February-2000.pdf,15,DATE,13 Apr 59
DOW-UAP-D49-Launch-Summary-February-2000.pdf,15,DATE,16 Apr 59
DOW-UAP-D49-Launch-Summary-February-2000.pdf,15,DATE,3 Jun 59
DOW-UAP-D49-Launch-Summary-February-2000.pdf,15,DATE,16 Jun 59
DOW-UAP-D49-Launch-Summary-February-2000.pdf,15,DATE,25 Jun 59
DOW-UAP-D49-Launch-Summary-February-2000.pdf,15,DATE,14 Jul 59
DOW-UAP-D49-Launch-Summary-February-2000.pdf,15,DATE,24 Jul 59
DOW-UAP-D49-Launch-Summary-February-2000.pdf,16,ORG,AFSC
DOW-UAP-D49-Launch-Summary-February-2000.pdf,16,ORG,SAC
DOW-UAP-D49-Launch-Summary-February-2000.pdf,16,DATE,3 Aug 59
DOW-UAP-D49-Launch-Summary-February-2000.pdf,16,DATE,13 Aug 59
DOW-UAP-D49-Launch-Summary-February-2000.pdf,16,DATE,14 Aug 59
DOW-UAP-D49-Launch-Summary-February-2000.pdf,16,DATE,19 Aug 59
DOW-UAP-D49-Launch-Summary-February-2000.pdf,16,DATE,9 Sep 59
DOW-UAP-D49-Launch-Summary-February-2000.pdf,16,DATE,17 Sep 59
DOW-UAP-D49-Launch-Summary-February-2000.pdf,16,DATE,6 Oct 59
DOW-UAP-D49-Launch-Summary-February-2000.pdf,16,DATE,21 Oct 59
DOW-UAP-D49-Launch-Summary-February-2000.pdf,16,DATE,7 Nov 59
DOW-UAP-D49-Launch-Summary-February-2000.pdf,16,DATE,12 Nov 59
DOW-UAP-D49-Launch-Summary-February-2000.pdf,16,DATE,20 Nov 59
DOW-UAP-D49-Launch-Summary-February-2000.pdf,16,DATE,1 Dec 59
DOW-UAP-D49-Launch-Summary-February-2000.pdf,16,DATE,14 Dec 59
DOW-UAP-D49-Launch-Summary-February-2000.pdf,16,DATE,21 Jan 60
DOW-UAP-D49-Launch-Summary-February-2000.pdf,16,DATE,26 Jan 60
DOW-UAP-D49-Launch-Summary-February-2000.pdf,16,DATE,4 Feb 60
DOW-UAP-D49-Launch-Summary-February-2000.pdf,16,DATE,19 Feb 60
DOW-UAP-D49-Launch-Summary-February-2000.pdf,16,DATE,2 Mar 60
DOW-UAP-D49-Launch-Summary-February-2000.pdf,17,ORG,AFSC
DOW-UAP-D49-Launch-Summary-February-2000.pdf,17,ORG,SAC
DOW-UAP-D49-Launch-Summary-February-2000.pdf,17,ORG,NASA
DOW-UAP-D49-Launch-Summary-February-2000.pdf,17,DATE,15 Apr 60
DOW-UAP-D49-Launch-Summary-February-2000.pdf,17,DATE,22 Apr 60
DOW-UAP-D49-Launch-Summary-February-2000.pdf,17,DATE,29 Apr 60
DOW-UAP-D49-Launch-Summary-February-2000.pdf,17,DATE,6 May 60
DOW-UAP-D49-Launch-Summary-February-2000.pdf,17,DATE,22 Jun 60
DOW-UAP-D49-Launch-Summary-February-2000.pdf,17,DATE,27 Jun 60
DOW-UAP-D49-Launch-Summary-February-2000.pdf,17,DATE,29 Jun 60
DOW-UAP-D49-Launch-Summary-February-2000.pdf,17,DATE,1 Jul 60
DOW-UAP-D49-Launch-Summary-February-2000.pdf,17,DATE,8 Jul 60
DOW-UAP-D49-Launch-Summary-February-2000.pdf,17,DATE,14 Jul 60
DOW-UAP-D49-Launch-Summary-February-2000.pdf,17,DATE,20 Jul 60
DOW-UAP-D49-Launch-Summary-February-2000.pdf,17,DATE,22 Jul 60
DOW-UAP-D49-Launch-Summary-February-2000.pdf,17,DATE,10 Aug 60
DOW-UAP-D49-Launch-Summary-February-2000.pdf,17,DATE,12 Aug 60
DOW-UAP-D49-Launch-Summary-February-2000.pdf,17,DATE,18 Aug 60
DOW-UAP-D49-Launch-Summary-February-2000.pdf,17,DATE,12 Sep 60
DOW-UAP-D49-Launch-Summary-February-2000.pdf,17,DATE,13 Sep 60
DOW-UAP-D49-Launch-Summary-February-2000.pdf,17,DATE,19 Sep 60
DOW-UAP-D49-Launch-Summary-February-2000.pdf,17,DATE,29 Sep 60
DOW-UAP-D49-Launch-Summary-February-2000.pdf,18,ORG,AFSC
DOW-UAP-D49-Launch-Summary-February-2000.pdf,18,ORG,SAC
DOW-UAP-D49-Launch-Summary-February-2000.pdf,18,DATE,30 Sep 60
DOW-UAP-D49-Launch-Summary-February-2000.pdf,18,DATE,11 Oct 60
DOW-UAP-D49-Launch-Summary-February-2000.pdf,18,DATE,12 Oct 60
DOW-UAP-D49-Launch-Summary-February-2000.pdf,18,DATE,26 Oct 60
DOW-UAP-D49-Launch-Summary-February-2000.pdf,18,DATE,27 Oct 60
DOW-UAP-D49-Launch-Summary-February-2000.pdf,18,DATE,12 Nov 60
DOW-UAP-D49-Launch-Summary-February-2000.pdf,18,DATE,21 Nov 60
DOW-UAP-D49-Launch-Summary-February-2000.pdf,18,DATE,22 Nov 60
DOW-UAP-D49-Launch-Summary-February-2000.pdf,18,DATE,7 Dec 60
DOW-UAP-D49-Launch-Summary-February-2000.pdf,18,DATE,13 Dec 60
DOW-UAP-D49-Launch-Summary-February-2000.pdf,18,DATE,14 Dec 60
DOW-UAP-D49-Launch-Summary-February-2000.pdf,18,DATE,16 Dec 60
DOW-UAP-D49-Launch-Summary-February-2000.pdf,18,DATE,20 Dec 60
DOW-UAP-D49-Launch-Summary-February-2000.pdf,18,DATE,31 Jan 61
DOW-UAP-D49-Launch-Summary-February-2000.pdf,19,ORG,AFSC
DOW-UAP-D49-Launch-Summary-February-2000.pdf,19,DATE,17 Feb 61
DOW-UAP-D49-Launch-Summary-February-2000.pdf,19,DATE,18 Feb 61
DOW-UAP-D49-Launch-Summary-February-2000.pdf,19,DATE,27 Mar 61
DOW-UAP-D49-Launch-Summary-February-2000.pdf,19,DATE,29 Mar 61
DOW-UAP-D49-Launch-Summary-February-2000.pdf,19,DATE,30 Mar 61
DOW-UAP-D49-Launch-Summary-February-2000.pdf,19,DATE,8 Apr 61
DOW-UAP-D49-Launch-Summary-February-2000.pdf,19,DATE,3 May 61
DOW-UAP-D49-Launch-Summary-February-2000.pdf,19,DATE,24 May 61
DOW-UAP-D49-Launch-Summary-February-2000.pdf,19,DATE,7 Jun 61
DOW-UAP-D49-Launch-Summary-February-2000.pdf,19,DATE,16 Jun 61
DOW-UAP-D49-Launch-Summary-February-2000.pdf,19,DATE,20 Jun 61
DOW-UAP-D49-Launch-Summary-February-2000.pdf,19,DATE,7 Jul 61
DOW-UAP-D49-Launch-Summary-February-2000.pdf,19,DATE,12 Jul 61
DOW-UAP-D49-Launch-Summary-February-2000.pdf,19,DATE,21 Jul 61
DOW-UAP-D49-Launch-Summary-February-2000.pdf,19,DATE,1 Aug 61
DOW-UAP-D49-Launch-Summary-February-2000.pdf,19,DATE,3 Aug 61
DOW-UAP-D49-Launch-Summary-February-2000.pdf,19,DATE,22 Aug 61
DOW-UAP-D49-Launch-Summary-February-2000.pdf,19,DATE,30 Aug 61
DOW-UAP-D49-Launch-Summary-February-2000.pdf,20,ORG,AFSC
DOW-UAP-D49-Launch-Summary-February-2000.pdf,20,ORG,NASA
DOW-UAP-D49-Launch-Summary-February-2000.pdf,20,ORG,SAC
DOW-UAP-D49-Launch-Summary-February-2000.pdf,20,DATE,6 Sep 61
DOW-UAP-D49-Launch-Summary-February-2000.pdf,20,DATE,12 Sep 61
DOW-UAP-D49-Launch-Summary-February-2000.pdf,20,DATE,17 Sep 61
DOW-UAP-D49-Launch-Summary-February-2000.pdf,20,DATE,23 Sep 61
DOW-UAP-D49-Launch-Summary-February-2000.pdf,20,DATE,21 Oct 61
DOW-UAP-D49-Launch-Summary-February-2000.pdf,20,DATE,23 Oct 61
DOW-UAP-D49-Launch-Summary-February-2000.pdf,20,DATE,5 Nov 61
DOW-UAP-D49-Launch-Summary-February-2000.pdf,20,DATE,15 Nov 61
DOW-UAP-D49-Launch-Summary-February-2000.pdf,20,DATE,18 Nov 61
DOW-UAP-D49-Launch-Summary-February-2000.pdf,20,DATE,22 Nov 61
DOW-UAP-D49-Launch-Summary-February-2000.pdf,20,DATE,29 Nov 61
DOW-UAP-D49-Launch-Summary-February-2000.pdf,20,DATE,4 Dec 61
DOW-UAP-D49-Launch-Summary-February-2000.pdf,20,DATE,7 Dec 61
DOW-UAP-D49-Launch-Summary-February-2000.pdf,20,DATE,8 Dec 61
DOW-UAP-D49-Launch-Summary-February-2000.pdf,20,DATE,12 Dec 61
DOW-UAP-D49-Launch-Summary-February-2000.pdf,21,ORG,AFSC
DOW-UAP-D49-Launch-Summary-February-2000.pdf,21,ORG,SAC
DOW-UAP-D49-Launch-Summary-February-2000.pdf,21,DATE,22 Dec 61
DOW-UAP-D49-Launch-Summary-February-2000.pdf,21,DATE,13 Jan 62
DOW-UAP-D49-Launch-Summary-February-2000.pdf,21,DATE,17 Jan 62
DOW-UAP-D49-Launch-Summary-February-2000.pdf,21,DATE,20 Jan 62
DOW-UAP-D49-Launch-Summary-February-2000.pdf,21,DATE,23 Jan 62
DOW-UAP-D49-Launch-Summary-February-2000.pdf,21,DATE,16 Feb 62
DOW-UAP-D49-Launch-Summary-February-2000.pdf,21,DATE,21 Feb 62
DOW-UAP-D49-Launch-Summary-February-2000.pdf,21,DATE,23 Feb 62
DOW-UAP-D49-Launch-Summary-February-2000.pdf,21,DATE,27 Feb 62
DOW-UAP-D49-Launch-Summary-February-2000.pdf,21,DATE,28 Feb 62
DOW-UAP-D49-Launch-Summary-February-2000.pdf,21,DATE,7 Mar 62
DOW-UAP-D49-Launch-Summary-February-2000.pdf,21,DATE,14 Mar 62
DOW-UAP-D49-Launch-Summary-February-2000.pdf,21,DATE,19 Mar 62
DOW-UAP-D49-Launch-Summary-February-2000.pdf,21,DATE,23 Mar 62
DOW-UAP-D49-Launch-Summary-February-2000.pdf,21,DATE,9 Apr 62
DOW-UAP-D49-Launch-Summary-February-2000.pdf,21,DATE,11 Apr 62
DOW-UAP-D49-Launch-Summary-February-2000.pdf,21,DATE,17 Apr 62
DOW-UAP-D49-Launch-Summary-February-2000.pdf,21,DATE,26 Apr 62
DOW-UAP-D49-Launch-Summary-February-2000.pdf,22,ORG,AFSC
DOW-UAP-D49-Launch-Summary-February-2000.pdf,22,ORG,SAC
DOW-UAP-D49-Launch-Summary-February-2000.pdf,22,DATE,26 Apr 62
DOW-UAP-D49-Launch-Summary-February-2000.pdf,22,DATE,27 Apr 62
DOW-UAP-D49-Launch-Summary-February-2000.pdf,22,DATE,28 Apr 62
DOW-UAP-D49-Launch-Summary-February-2000.pdf,22,DATE,4 May 62
DOW-UAP-D49-Launch-Summary-February-2000.pdf,22,DATE,11 May 62
DOW-UAP-D49-Launch-Summary-February-2000.pdf,22,DATE,15 May 62
DOW-UAP-D49-Launch-Summary-February-2000.pdf,22,DATE,23 May 62
DOW-UAP-D49-Launch-Summary-February-2000.pdf,22,DATE,29 May 62
DOW-UAP-D49-Launch-Summary-February-2000.pdf,22,DATE,31 May 62
DOW-UAP-D49-Launch-Summary-February-2000.pdf,22,DATE,1 Jun 62
DOW-UAP-D49-Launch-Summary-February-2000.pdf,22,DATE,17 Jun 62
DOW-UAP-D49-Launch-Summary-February-2000.pdf,22,DATE,18 Jun 62
DOW-UAP-D49-Launch-Summary-February-2000.pdf,22,DATE,22 Jun 62
DOW-UAP-D49-Launch-Summary-February-2000.pdf,22,DATE,26 Jun 62
DOW-UAP-D49-Launch-Summary-February-2000.pdf,22,DATE,27 Jun 62
DOW-UAP-D49-Launch-Summary-February-2000.pdf,22,DATE,9 Jul 62
DOW-UAP-D49-Launch-Summary-February-2000.pdf,22,DATE,12 Jul 62
DOW-UAP-D49-Launch-Summary-February-2000.pdf,23,ORG,AFSC
DOW-UAP-D49-Launch-Summary-February-2000.pdf,23,ORG,SAC
DOW-UAP-D49-Launch-Summary-February-2000.pdf,23,DATE,13 Jul 62
DOW-UAP-D49-Launch-Summary-February-2000.pdf,23,DATE,18 Jul 62
DOW-UAP-D49-Launch-Summary-February-2000.pdf,23,DATE,19 Jul 62
DOW-UAP-D49-Launch-Summary-February-2000.pdf,23,DATE,20 Jul 62
DOW-UAP-D49-Launch-Summary-February-2000.pdf,23,DATE,24 Jul 62
DOW-UAP-D49-Launch-Summary-February-2000.pdf,23,DATE,27 Jul 62
DOW-UAP-D49-Launch-Summary-February-2000.pdf,23,DATE,1 Aug 62
DOW-UAP-D49-Launch-Summary-February-2000.pdf,23,DATE,5 Aug 62
DOW-UAP-D49-Launch-Summary-February-2000.pdf,23,DATE,9 Aug 62
DOW-UAP-D49-Launch-Summary-February-2000.pdf,23,DATE,10 Aug 62
DOW-UAP-D49-Launch-Summary-February-2000.pdf,23,DATE,23 Aug 62
DOW-UAP-D49-Launch-Summary-February-2000.pdf,23,DATE,28 Aug 62
DOW-UAP-D49-Launch-Summary-February-2000.pdf,23,DATE,1 Sep 62
DOW-UAP-D49-Launch-Summary-February-2000.pdf,23,DATE,17 Sep 62
DOW-UAP-D49-Launch-Summary-February-2000.pdf,23,DATE,28 Sep 62
DOW-UAP-D49-Launch-Summary-February-2000.pdf,24,ORG,SAC
DOW-UAP-D49-Launch-Summary-February-2000.pdf,24,ORG,AFSC
DOW-UAP-D49-Launch-Summary-February-2000.pdf,24,DATE,29 Sep 62
DOW-UAP-D49-Launch-Summary-February-2000.pdf,24,DATE,2 Oct 62
DOW-UAP-D49-Launch-Summary-February-2000.pdf,24,DATE,6 Oct 62
DOW-UAP-D49-Launch-Summary-February-2000.pdf,24,DATE,9 Oct 62
DOW-UAP-D49-Launch-Summary-February-2000.pdf,24,DATE,26 Oct 62
DOW-UAP-D49-Launch-Summary-February-2000.pdf,24,DATE,5 Nov 62
DOW-UAP-D49-Launch-Summary-February-2000.pdf,24,DATE,11 Nov 62
DOW-UAP-D49-Launch-Summary-February-2000.pdf,24,DATE,14 Nov 62
DOW-UAP-D49-Launch-Summary-February-2000.pdf,24,DATE,21 Nov 62
DOW-UAP-D49-Launch-Summary-February-2000.pdf,24,DATE,24 Nov 62
DOW-UAP-D49-Launch-Summary-February-2000.pdf,24,DATE,4 Dec 62
DOW-UAP-D49-Launch-Summary-February-2000.pdf,24,DATE,5 Dec 62
DOW-UAP-D49-Launch-Summary-February-2000.pdf,24,DATE,10 Dec 62
DOW-UAP-D49-Launch-Summary-February-2000.pdf,24,DATE,12 Dec 62
DOW-UAP-D49-Launch-Summary-February-2000.pdf,24,DATE,13 Dec 62
DOW-UAP-D49-Launch-Summary-February-2000.pdf,24,DATE,14 Dec 62
DOW-UAP-D49-Launch-Summary-February-2000.pdf,24,DATE,17 Dec 62
DOW-UAP-D49-Launch-Summary-February-2000.pdf,25,ORG,AFSC
DOW-UAP-D49-Launch-Summary-February-2000.pdf,25,ORG,SAC
DOW-UAP-D49-Launch-Summary-February-2000.pdf,25,ORG,NASA
DOW-UAP-D49-Launch-Summary-February-2000.pdf,25,DATE,18 Dec 62
DOW-UAP-D49-Launch-Summary-February-2000.pdf,25,DATE,22 Dec 62
DOW-UAP-D49-Launch-Summary-February-2000.pdf,25,DATE,7 Jan 63
DOW-UAP-D49-Launch-Summary-February-2000.pdf,25,DATE,25 Jan 63
DOW-UAP-D49-Launch-Summary-February-2000.pdf,25,DATE,29 Jan 63
DOW-UAP-D49-Launch-Summary-February-2000.pdf,25,DATE,31 Jan 63
DOW-UAP-D49-Launch-Summary-February-2000.pdf,25,DATE,1 Feb 63
DOW-UAP-D49-Launch-Summary-February-2000.pdf,25,DATE,11 Feb 63
DOW-UAP-D49-Launch-Summary-February-2000.pdf,25,DATE,13 Feb 63
DOW-UAP-D49-Launch-Summary-February-2000.pdf,25,DATE,16 Feb 63
DOW-UAP-D49-Launch-Summary-February-2000.pdf,25,DATE,19 Feb 63
DOW-UAP-D49-Launch-Summary-February-2000.pdf,25,DATE,28 Feb 63
DOW-UAP-D49-Launch-Summary-February-2000.pdf,25,DATE,9 Mar 63
DOW-UAP-D49-Launch-Summary-February-2000.pdf,25,DATE,11 Mar 63
DOW-UAP-D49-Launch-Summary-February-2000.pdf,25,DATE,13 Mar 63
DOW-UAP-D49-Launch-Summary-February-2000.pdf,26,ORG,SAC
DOW-UAP-D49-Launch-Summary-February-2000.pdf,26,ORG,AFSC
DOW-UAP-D49-Launch-Summary-February-2000.pdf,26,DATE,15 Mar 63
DOW-UAP-D49-Launch-Summary-February-2000.pdf,26,DATE,16 Mar 63
DOW-UAP-D49-Launch-Summary-February-2000.pdf,26,DATE,18 Mar 63
DOW-UAP-D49-Launch-Summary-February-2000.pdf,26,DATE,21 Mar 63
DOW-UAP-D49-Launch-Summary-February-2000.pdf,26,DATE,23 Mar 63
DOW-UAP-D49-Launch-Summary-February-2000.pdf,26,DATE,30 Mar 63
DOW-UAP-D49-Launch-Summary-February-2000.pdf,26,DATE,1 Apr 63
DOW-UAP-D49-Launch-Summary-February-2000.pdf,26,DATE,4 Apr 63
DOW-UAP-D49-Launch-Summary-February-2000.pdf,26,DATE,5 Apr 63
DOW-UAP-D49-Launch-Summary-February-2000.pdf,26,DATE,11 Apr 63
DOW-UAP-D49-Launch-Summary-February-2000.pdf,26,DATE,12 Apr 63
DOW-UAP-D49-Launch-Summary-February-2000.pdf,26,DATE,13 Apr 63
DOW-UAP-D49-Launch-Summary-February-2000.pdf,26,DATE,23 Apr 63
DOW-UAP-D49-Launch-Summary-February-2000.pdf,26,DATE,24 Apr 63
DOW-UAP-D49-Launch-Summary-February-2000.pdf,26,DATE,26 Apr 63
DOW-UAP-D49-Launch-Summary-February-2000.pdf,26,DATE,27 Apr 63
DOW-UAP-D49-Launch-Summary-February-2000.pdf,26,DATE,30 Apr 63
DOW-UAP-D49-Launch-Summary-February-2000.pdf,26,DATE,1 May 63
DOW-UAP-D49-Launch-Summary-February-2000.pdf,27,ORG,AFSC
DOW-UAP-D49-Launch-Summary-February-2000.pdf,27,ORG,SAC
DOW-UAP-D49-Launch-Summary-February-2000.pdf,27,DATE,8 May 63
DOW-UAP-D49-Launch-Summary-February-2000.pdf,27,DATE,9 May 63
DOW-UAP-D49-Launch-Summary-February-2000.pdf,27,DATE,11 May 63
DOW-UAP-D49-Launch-Summary-February-2000.pdf,27,DATE,13 May 63
DOW-UAP-D49-Launch-Summary-February-2000.pdf,27,DATE,17 May 63
DOW-UAP-D49-Launch-Summary-February-2000.pdf,27,DATE,18 May 63
DOW-UAP-D49-Launch-Summary-February-2000.pdf,27,DATE,24 May 63
DOW-UAP-D49-Launch-Summary-February-2000.pdf,27,DATE,4 Jun 63
DOW-UAP-D49-Launch-Summary-February-2000.pdf,27,DATE,12 Jun 63
DOW-UAP-D49-Launch-Summary-February-2000.pdf,27,DATE,15 Jun 63
DOW-UAP-D49-Launch-Summary-February-2000.pdf,27,DATE,18 Jun 63
DOW-UAP-D49-Launch-Summary-February-2000.pdf,27,DATE,20 Jun 63
DOW-UAP-D49-Launch-Summary-February-2000.pdf,27,DATE,26 Jun 63
DOW-UAP-D49-Launch-Summary-February-2000.pdf,27,DATE,28 Jun 63
DOW-UAP-D49-Launch-Summary-February-2000.pdf,27,DATE,29 Jun 63
DOW-UAP-D49-Launch-Summary-February-2000.pdf,27,DATE,1 Jul 63
DOW-UAP-D49-Launch-Summary-February-2000.pdf,27,DATE,3 Jul 63
DOW-UAP-D49-Launch-Summary-February-2000.pdf,28,PERSON,Lt P'.i
DOW-UAP-D49-Launch-Summary-February-2000.pdf,28,ORG,AFSC
DOW-UAP-D49-Launch-Summary-February-2000.pdf,28,ORG,SAC
DOW-UAP-D49-Launch-Summary-February-2000.pdf,28,DATE,5 Jul 63
DOW-UAP-D49-Launch-Summary-February-2000.pdf,28,DATE,11 Jul 63
DOW-UAP-D49-Launch-Summary-February-2000.pdf,28,DATE,12 Jul 63
DOW-UAP-D49-Launch-Summary-February-2000.pdf,28,DATE,16 Jul 63
DOW-UAP-D49-Launch-Summary-February-2000.pdf,28,DATE,18 Jul 63
DOW-UAP-D49-Launch-Summary-February-2000.pdf,28,DATE,26 Jul 63
DOW-UAP-D49-Launch-Summary-February-2000.pdf,28,DATE,27 Jul 63
DOW-UAP-D49-Launch-Summary-February-2000.pdf,28,DATE,30 Jul 63
DOW-UAP-D49-Launch-Summary-February-2000.pdf,28,DATE,31 Jul 63
DOW-UAP-D49-Launch-Summary-February-2000.pdf,28,DATE,8 Aug 63
DOW-UAP-D49-Launch-Summary-February-2000.pdf,28,DATE,15 Aug 63
DOW-UAP-D49-Launch-Summary-February-2000.pdf,28,DATE,24 Aug 63
DOW-UAP-D49-Launch-Summary-February-2000.pdf,28,DATE,28 Aug 63
DOW-UAP-D49-Launch-Summary-February-2000.pdf,28,DATE,29 Aug 63
DOW-UAP-D49-Launch-Summary-February-2000.pdf,28,DATE,30 Aug 63
DOW-UAP-D49-Launch-Summary-February-2000.pdf,28,DATE,6 Sep 63
DOW-UAP-D49-Launch-Summary-February-2000.pdf,29,ORG,AFSC
DOW-UAP-D49-Launch-Summary-February-2000.pdf,29,ORG,SAC
DOW-UAP-D49-Launch-Summary-February-2000.pdf,29,DATE,6 Sep 63
DOW-UAP-D49-Launch-Summary-February-2000.pdf,29,DATE,11 Sep 63
DOW-UAP-D49-Launch-Summary-February-2000.pdf,29,DATE,17 Sep 63
DOW-UAP-D49-Launch-Summary-February-2000.pdf,29,DATE,23 Sep 63
DOW-UAP-D49-Launch-Summary-February-2000.pdf,29,DATE,25 Sep 63
DOW-UAP-D49-Launch-Summary-February-2000.pdf,29,DATE,26 Sep 63
DOW-UAP-D49-Launch-Summary-February-2000.pdf,29,DATE,27 Sep 63
DOW-UAP-D49-Launch-Summary-February-2000.pdf,29,DATE,28 Sep 63
DOW-UAP-D49-Launch-Summary-February-2000.pdf,29,DATE,3 Oct 63
DOW-UAP-D49-Launch-Summary-February-2000.pdf,29,DATE,4 Oct 63
DOW-UAP-D49-Launch-Summary-February-2000.pdf,29,DATE,7 Oct 63
DOW-UAP-D49-Launch-Summary-February-2000.pdf,29,DATE,17 Oct 63
DOW-UAP-D49-Launch-Summary-February-2000.pdf,29,DATE,24 Oct 63
DOW-UAP-D49-Launch-Summary-February-2000.pdf,29,DATE,25 Oct 63
DOW-UAP-D49-Launch-Summary-February-2000.pdf,29,DATE,29 Oct 63
DOW-UAP-D49-Launch-Summary-February-2000.pdf,29,DATE,31 Oct 63
DOW-UAP-D49-Launch-Summary-February-2000.pdf,29,DATE,2 Nov 63
DOW-UAP-D49-Launch-Summary-February-2000.pdf,29,DATE,4 Nov 63
DOW-UAP-D49-Launch-Summary-February-2000.pdf,29,DATE,7 Nov 63
DOW-UAP-D49-Launch-Summary-February-2000.pdf,30,ORG,AFSC
DOW-UAP-D49-Launch-Summary-February-2000.pdf,30,ORG,SAC
DOW-UAP-D49-Launch-Summary-February-2000.pdf,30,DATE,9 Nov 63
DOW-UAP-D49-Launch-Summary-February-2000.pdf,30,DATE,13 Nov 63
DOW-UAP-D49-Launch-Summary-February-2000.pdf,30,DATE,14 Nov 63
DOW-UAP-D49-Launch-Summary-February-2000.pdf,30,DATE,18 Nov 63
DOW-UAP-D49-Launch-Summary-February-2000.pdf,30,DATE,27 Nov 63
DOW-UAP-D49-Launch-Summary-February-2000.pdf,30,DATE,29 Nov 63
DOW-UAP-D49-Launch-Summary-February-2000.pdf,30,DATE,5 Dec 63
DOW-UAP-D49-Launch-Summary-February-2000.pdf,30,DATE,10 Dec 63
DOW-UAP-D49-Launch-Summary-February-2000.pdf,30,DATE,13 Dec 63
DOW-UAP-D49-Launch-Summary-February-2000.pdf,30,DATE,16 Dec 63
DOW-UAP-D49-Launch-Summary-February-2000.pdf,30,DATE,17 Dec 63
DOW-UAP-D49-Launch-Summary-February-2000.pdf,30,DATE,18 Dec 63
DOW-UAP-D49-Launch-Summary-February-2000.pdf,30,DATE,19 Dec 63
DOW-UAP-D49-Launch-Summary-February-2000.pdf,30,DATE,20 Dec 63
DOW-UAP-D49-Launch-Summary-February-2000.pdf,31,ORG,AFSC
DOW-UAP-D49-Launch-Summary-February-2000.pdf,31,ORG,SAC
DOW-UAP-D49-Launch-Summary-February-2000.pdf,31,DATE,21 Dec 63
DOW-UAP-D49-Launch-Summary-February-2000.pdf,31,DATE,10 Jan 64
DOW-UAP-D49-Launch-Summary-February-2000.pdf,31,DATE,11 Jan 64
DOW-UAP-D49-Launch-Summary-February-2000.pdf,31,DATE,16 Jan 64
DOW-UAP-D49-Launch-Summary-February-2000.pdf,31,DATE,19 Jan 64
DOW-UAP-D49-Launch-Summary-February-2000.pdf,31,DATE,23 Jan 64
DOW-UAP-D49-Launch-Summary-February-2000.pdf,31,DATE,25 Jan 64
DOW-UAP-D49-Launch-Summary-February-2000.pdf,31,DATE,29 Jan 64
DOW-UAP-D49-Launch-Summary-February-2000.pdf,31,DATE,6 Feb 64
DOW-UAP-D49-Launch-Summary-February-2000.pdf,31,DATE,11 Feb 64
DOW-UAP-D49-Launch-Summary-February-2000.pdf,31,DATE,12 Feb 64
DOW-UAP-D49-Launch-Summary-February-2000.pdf,31,DATE,15 Feb 64
DOW-UAP-D49-Launch-Summary-February-2000.pdf,31,DATE,17 Feb 64
DOW-UAP-D49-Launch-Summary-February-2000.pdf,31,DATE,24 Feb 64
DOW-UAP-D49-Launch-Summary-February-2000.pdf,31,DATE,25 Feb 64
DOW-UAP-D49-Launch-Summary-February-2000.pdf,31,DATE,27 Feb 64
DOW-UAP-D49-Launch-Summary-February-2000.pdf,31,DATE,29 Feb 64
DOW-UAP-D49-Launch-Summary-February-2000.pdf,32,ORG,SAC
DOW-UAP-D49-Launch-Summary-February-2000.pdf,32,ORG,AFSC
DOW-UAP-D49-Launch-Summary-February-2000.pdf,32,DATE,3 Mar 64
DOW-UAP-D49-Launch-Summary-February-2000.pdf,32,DATE,6 Mar 64
DOW-UAP-D49-Launch-Summary-February-2000.pdf,32,DATE,11 Mar 64
DOW-UAP-D49-Launch-Summary-February-2000.pdf,32,DATE,13 Mar 64
DOW-UAP-D49-Launch-Summary-February-2000.pdf,32,DATE,23 Mar 64
DOW-UAP-D49-Launch-Summary-February-2000.pdf,32,DATE,24 Mar 64
DOW-UAP-D49-Launch-Summary-February-2000.pdf,32,DATE,25 Mar 64
DOW-UAP-D49-Launch-Summary-February-2000.pdf,32,DATE,26 Mar 64
DOW-UAP-D49-Launch-Summary-February-2000.pdf,32,DATE,31 Mar 64
DOW-UAP-D49-Launch-Summary-February-2000.pdf,32,DATE,3 Apr 64
DOW-UAP-D49-Launch-Summary-February-2000.pdf,32,DATE,13 Apr 64
DOW-UAP-D49-Launch-Summary-February-2000.pdf,32,DATE,21 Apr 64
DOW-UAP-D49-Launch-Summary-February-2000.pdf,32,DATE,23 Apr 64
DOW-UAP-D49-Launch-Summary-February-2000.pdf,32,DATE,27 Apr 64
DOW-UAP-D49-Launch-Summary-February-2000.pdf,32,DATE,7 May 64
DOW-UAP-D49-Launch-Summary-February-2000.pdf,32,DATE,11 May 64
DOW-UAP-D49-Launch-Summary-February-2000.pdf,32,DATE,18 May 64
DOW-UAP-D49-Launch-Summary-February-2000.pdf,32,DATE,19 May 64
DOW-UAP-D49-Launch-Summary-February-2000.pdf,33,ORG,SAC
DOW-UAP-D49-Launch-Summary-February-2000.pdf,33,ORG,AFSC
DOW-UAP-D49-Launch-Summary-February-2000.pdf,33,DATE,25 May 64
DOW-UAP-D49-Launch-Summary-February-2000.pdf,33,DATE,3 Jun 64
DOW-UAP-D49-Launch-Summary-February-2000.pdf,33,DATE,4 Jun 64
DOW-UAP-D49-Launch-Summary-February-2000.pdf,33,DATE,9 Jun 64
DOW-UAP-D49-Launch-Summary-February-2000.pdf,33,DATE,11 Jun 64
DOW-UAP-D49-Launch-Summary-February-2000.pdf,33,DATE,13 Jun 64
DOW-UAP-D49-Launch-Summary-February-2000.pdf,33,DATE,15 Jun 64
DOW-UAP-D49-Launch-Summary-February-2000.pdf,33,DATE,17 Jun 64
DOW-UAP-D49-Launch-Summary-February-2000.pdf,33,DATE,18 Jun 64
DOW-UAP-D49-Launch-Summary-February-2000.pdf,33,DATE,19 Jun 64
DOW-UAP-D49-Launch-Summary-February-2000.pdf,33,DATE,25 Jun 64
DOW-UAP-D49-Launch-Summary-February-2000.pdf,33,DATE,29 Jun 64
DOW-UAP-D49-Launch-Summary-February-2000.pdf,33,DATE,2 Jul 64
DOW-UAP-D49-Launch-Summary-February-2000.pdf,33,DATE,6 Jul 64
DOW-UAP-D49-Launch-Summary-February-2000.pdf,33,DATE,7 Jul 64
DOW-UAP-D49-Launch-Summary-February-2000.pdf,33,DATE,9 Jul 64
DOW-UAP-D49-Launch-Summary-February-2000.pdf,33,DATE,10 Jul 64
DOW-UAP-D49-Launch-Summary-February-2000.pdf,33,DATE,13 Jul 64
DOW-UAP-D49-Launch-Summary-February-2000.pdf,34,ORG,SAC
DOW-UAP-D49-Launch-Summary-February-2000.pdf,34,ORG,AFSC
DOW-UAP-D49-Launch-Summary-February-2000.pdf,34,DATE,27 Jul 64
DOW-UAP-D49-Launch-Summary-February-2000.pdf,34,DATE,29 Jul 64
DOW-UAP-D49-Launch-Summary-February-2000.pdf,34,DATE,30 Jul 64
DOW-UAP-D49-Launch-Summary-February-2000.pdf,34,DATE,5 Aug 64
DOW-UAP-D49-Launch-Summary-February-2000.pdf,34,DATE,7 Aug 64
DOW-UAP-D49-Launch-Summary-February-2000.pdf,34,DATE,11 Aug 64
DOW-UAP-D49-Launch-Summary-February-2000.pdf,34,DATE,13 Aug 64
DOW-UAP-D49-Launch-Summary-February-2000.pdf,34,DATE,14 Aug 64
DOW-UAP-D49-Launch-Summary-February-2000.pdf,34,DATE,17 Aug 64
DOW-UAP-D49-Launch-Summary-February-2000.pdf,34,DATE,21 Aug 64
DOW-UAP-D49-Launch-Summary-February-2000.pdf,34,DATE,25 Aug 64
DOW-UAP-D49-Launch-Summary-February-2000.pdf,34,DATE,27 Aug 64
DOW-UAP-D49-Launch-Summary-February-2000.pdf,34,DATE,28 Aug 64
DOW-UAP-D49-Launch-Summary-February-2000.pdf,34,DATE,29 Aug 64
DOW-UAP-D49-Launch-Summary-February-2000.pdf,34,DATE,31 Aug 64
DOW-UAP-D49-Launch-Summary-February-2000.pdf,34,DATE,1 Sep 64
DOW-UAP-D49-Launch-Summary-February-2000.pdf,34,DATE,8 Sep 64
DOW-UAP-D49-Launch-Summary-February-2000.pdf,35,ORG,SAC
DOW-UAP-D49-Launch-Summary-February-2000.pdf,35,ORG,AFSC
DOW-UAP-D49-Launch-Summary-February-2000.pdf,35,DATE,10 Sep 64
DOW-UAP-D49-Launch-Summary-February-2000.pdf,35,DATE,14 Sep 64
DOW-UAP-D49-Launch-Summary-February-2000.pdf,35,DATE,15 Sep 64
DOW-UAP-D49-Launch-Summary-February-2000.pdf,35,DATE,21 Sep 64
DOW-UAP-D49-Launch-Summary-February-2000.pdf,35,DATE,22 Sep 64
DOW-UAP-D49-Launch-Summary-February-2000.pdf,35,DATE,23 Sep 64
DOW-UAP-D49-Launch-Summary-February-2000.pdf,35,DATE,29 Sep 64
DOW-UAP-D49-Launch-Summary-February-2000.pdf,35,DATE,2 Oct 64
DOW-UAP-D49-Launch-Summary-February-2000.pdf,35,DATE,5 Oct 64
DOW-UAP-D49-Launch-Summary-February-2000.pdf,35,DATE,6 Oct 64
DOW-UAP-D49-Launch-Summary-February-2000.pdf,35,DATE,8 Oct 64
DOW-UAP-D49-Launch-Summary-February-2000.pdf,35,DATE,9 Oct 64
DOW-UAP-D49-Launch-Summary-February-2000.pdf,35,DATE,17 Oct 64
DOW-UAP-D49-Launch-Summary-February-2000.pdf,35,DATE,23 Oct 64
DOW-UAP-D49-Launch-Summary-February-2000.pdf,35,DATE,2 Nov 64
DOW-UAP-D49-Launch-Summary-February-2000.pdf,35,DATE,3 Nov 64
DOW-UAP-D49-Launch-Summary-February-2000.pdf,36,ORG,SAC
DOW-UAP-D49-Launch-Summary-February-2000.pdf,36,ORG,AFSC
DOW-UAP-D49-Launch-Summary-February-2000.pdf,36,DATE,4 Nov 64
DOW-UAP-D49-Launch-Summary-February-2000.pdf,36,DATE,5 Nov 64
DOW-UAP-D49-Launch-Summary-February-2000.pdf,36,DATE,6 Nov 64
DOW-UAP-D49-Launch-Summary-February-2000.pdf,36,DATE,9 Nov 64
DOW-UAP-D49-Launch-Summary-February-2000.pdf,36,DATE,18 Nov 64
DOW-UAP-D49-Launch-Summary-February-2000.pdf,36,DATE,21 Nov 64
DOW-UAP-D49-Launch-Summary-February-2000.pdf,36,DATE,1 Dec 64
DOW-UAP-D49-Launch-Summary-February-2000.pdf,36,DATE,4 Dec 64
DOW-UAP-D49-Launch-Summary-February-2000.pdf,36,DATE,8 Dec 64
DOW-UAP-D49-Launch-Summary-February-2000.pdf,36,DATE,9 Dec 64
DOW-UAP-D49-Launch-Summary-February-2000.pdf,36,DATE,12 Dec 64
DOW-UAP-D49-Launch-Summary-February-2000.pdf,36,DATE,18 Dec 64
DOW-UAP-D49-Launch-Summary-February-2000.pdf,36,DATE,19 Dec 64
DOW-UAP-D49-Launch-Summary-February-2000.pdf,36,DATE,21 Dec 64
DOW-UAP-D49-Launch-Summary-February-2000.pdf,36,DATE,22 Dec 64
DOW-UAP-D49-Launch-Summary-February-2000.pdf,37,ORG,SAC
DOW-UAP-D49-Launch-Summary-February-2000.pdf,37,ORG,AFSC
DOW-UAP-D49-Launch-Summary-February-2000.pdf,37,DATE,8 Jan 65
DOW-UAP-D49-Launch-Summary-February-2000.pdf,37,DATE,12 Jan 65
DOW-UAP-D49-Launch-Summary-February-2000.pdf,37,DATE,14 Jan 65
DOW-UAP-D49-Launch-Summary-February-2000.pdf,37,DATE,15 Jan 65
DOW-UAP-D49-Launch-Summary-February-2000.pdf,37,DATE,18 Jan 65
DOW-UAP-D49-Launch-Summary-February-2000.pdf,37,DATE,20 Jan 65
DOW-UAP-D49-Launch-Summary-February-2000.pdf,37,DATE,21 Jan 65
DOW-UAP-D49-Launch-Summary-February-2000.pdf,37,DATE,23 Jan 65
DOW-UAP-D49-Launch-Summary-February-2000.pdf,37,DATE,2 Feb 65
DOW-UAP-D49-Launch-Summary-February-2000.pdf,37,DATE,8 Feb 65
DOW-UAP-D49-Launch-Summary-February-2000.pdf,37,DATE,25 Feb 65
DOW-UAP-D49-Launch-Summary-February-2000.pdf,37,DATE,27 Feb 65
DOW-UAP-D49-Launch-Summary-February-2000.pdf,37,DATE,1 Mar 65
DOW-UAP-D49-Launch-Summary-February-2000.pdf,37,DATE,2 Mar 55
DOW-UAP-D49-Launch-Summary-February-2000.pdf,37,DATE,5 Mar 65
DOW-UAP-D49-Launch-Summary-February-2000.pdf,37,DATE,8 Mar 65
DOW-UAP-D49-Launch-Summary-February-2000.pdf,37,DATE,9 Mar 65
DOW-UAP-D49-Launch-Summary-February-2000.pdf,37,DATE,11 Mar 65
DOW-UAP-D49-Launch-Summary-February-2000.pdf,37,DATE,12 Mar 65
DOW-UAP-D49-Launch-Summary-February-2000.pdf,38,ORG,SAC
DOW-UAP-D49-Launch-Summary-February-2000.pdf,38,ORG,AFSC
DOW-UAP-D49-Launch-Summary-February-2000.pdf,38,DATE,12 Mar 65
DOW-UAP-D49-Launch-Summary-February-2000.pdf,38,DATE,16 Mar 65
DOW-UAP-D49-Launch-Summary-February-2000.pdf,38,DATE,17 Mar 65
DOW-UAP-D49-Launch-Summary-February-2000.pdf,38,DATE,24 Mar 65
DOW-UAP-D49-Launch-Summary-February-2000.pdf,38,DATE,25 Mar 65
DOW-UAP-D49-Launch-Summary-February-2000.pdf,38,DATE,26 Mar 65
DOW-UAP-D49-Launch-Summary-February-2000.pdf,38,DATE,3 Apr 65
DOW-UAP-D49-Launch-Summary-February-2000.pdf,38,DATE,6 Apr 65
DOW-UAP-D49-Launch-Summary-February-2000.pdf,38,DATE,10 Apr 65
DOW-UAP-D49-Launch-Summary-February-2000.pdf,38,DATE,13 Apr 65
DOW-UAP-D49-Launch-Summary-February-2000.pdf,38,DATE,16 Apr 65
DOW-UAP-D49-Launch-Summary-February-2000.pdf,38,DATE,28 Apr 65
DOW-UAP-D49-Launch-Summary-February-2000.pdf,38,DATE,29 Apr 65
DOW-UAP-D49-Launch-Summary-February-2000.pdf,38,DATE,30 Apr 65
DOW-UAP-D49-Launch-Summary-February-2000.pdf,38,DATE,10 May 65
DOW-UAP-D49-Launch-Summary-February-2000.pdf,38,DATE,18 May 65
DOW-UAP-D49-Launch-Summary-February-2000.pdf,39,ORG,SAC
DOW-UAP-D49-Launch-Summary-February-2000.pdf,39,ORG,AFSC
DOW-UAP-D49-Launch-Summary-February-2000.pdf,39,DATE,20 May 65
DOW-UAP-D49-Launch-Summary-February-2000.pdf,39,DATE,21 May 65
DOW-UAP-D49-Launch-Summary-February-2000.pdf,39,DATE,27 May 65
DOW-UAP-D49-Launch-Summary-February-2000.pdf,39,DATE,2 Jun 65
DOW-UAP-D49-Launch-Summary-February-2000.pdf,39,DATE,3 Jun 65
DOW-UAP-D49-Launch-Summary-February-2000.pdf,39,DATE,7 Jun 65
DOW-UAP-D49-Launch-Summary-February-2000.pdf,39,DATE,8 Jun 65
DOW-UAP-D49-Launch-Summary-February-2000.pdf,39,DATE,9 Jun 65
DOW-UAP-D49-Launch-Summary-February-2000.pdf,39,DATE,10 Jun 65
DOW-UAP-D49-Launch-Summary-February-2000.pdf,39,DATE,14 Jun 65
DOW-UAP-D49-Launch-Summary-February-2000.pdf,39,DATE,23 Jun 65
DOW-UAP-D49-Launch-Summary-February-2000.pdf,39,DATE,24 Jun 65
DOW-UAP-D49-Launch-Summary-February-2000.pdf,39,DATE,25 Jun 65
DOW-UAP-D49-Launch-Summary-February-2000.pdf,39,DATE,29 Jun 65
DOW-UAP-D49-Launch-Summary-February-2000.pdf,39,DATE,30 Jun 65
DOW-UAP-D49-Launch-Summary-February-2000.pdf,39,DATE,2 Jul 65
DOW-UAP-D49-Launch-Summary-February-2000.pdf,39,DATE,6 Jul 65
DOW-UAP-D49-Launch-Summary-February-2000.pdf,40,ORG,AFSC
DOW-UAP-D49-Launch-Summary-February-2000.pdf,40,ORG,SAC
DOW-UAP-D49-Launch-Summary-February-2000.pdf,40,DATE,12 Jul 65
DOW-UAP-D49-Launch-Summary-February-2000.pdf,40,DATE,16 Jul 65
DOW-UAP-D49-Launch-Summary-February-2000.pdf,40,DATE,19 Jul 65
DOW-UAP-D49-Launch-Summary-February-2000.pdf,40,DATE,21 Jul 65
DOW-UAP-D49-Launch-Summary-February-2000.pdf,40,DATE,3 Aug 65
DOW-UAP-D49-Launch-Summary-February-2000.pdf,40,DATE,4 Aug 65
DOW-UAP-D49-Launch-Summary-February-2000.pdf,40,DATE,5 Aug 65
DOW-UAP-D49-Launch-Summary-February-2000.pdf,40,DATE,13 Aug 65
DOW-UAP-D49-Launch-Summary-February-2000.pdf,40,DATE,16 Aug 65
DOW-UAP-D49-Launch-Summary-February-2000.pdf,40,DATE,17 Aug 65
DOW-UAP-D49-Launch-Summary-February-2000.pdf,40,DATE,18 Aug 65
DOW-UAP-D49-Launch-Summary-February-2000.pdf,40,DATE,24 Aug 65
DOW-UAP-D49-Launch-Summary-February-2000.pdf,40,DATE,25 Aug 65
DOW-UAP-D49-Launch-Summary-February-2000.pdf,40,DATE,26 Aug 65
DOW-UAP-D49-Launch-Summary-February-2000.pdf,40,DATE,2 Sep 65
DOW-UAP-D49-Launch-Summary-February-2000.pdf,40,DATE,9 Sep 65
DOW-UAP-D49-Launch-Summary-February-2000.pdf,40,DATE,21 Sep 65
DOW-UAP-D49-Launch-Summary-February-2000.pdf,40,DATE,22 Sep 65
DOW-UAP-D49-Launch-Summary-February-2000.pdf,40,DATE,29 Sep 65
DOW-UAP-D49-Launch-Summary-February-2000.pdf,41,ORG,AFSC
DOW-UAP-D49-Launch-Summary-February-2000.pdf,41,ORG,SAC
DOW-UAP-D49-Launch-Summary-February-2000.pdf,41,DATE,30 Sep 65
DOW-UAP-D49-Launch-Summary-February-2000.pdf,41,DATE,5 Oct 65
DOW-UAP-D49-Launch-Summary-February-2000.pdf,41,DATE,6 Oct 65
DOW-UAP-D49-Launch-Summary-February-2000.pdf,41,DATE,14 Oct 65
DOW-UAP-D49-Launch-Summary-February-2000.pdf,41,DATE,20 Oct 65
DOW-UAP-D49-Launch-Summary-February-2000.pdf,41,DATE,28 Oct 65
DOW-UAP-D49-Launch-Summary-February-2000.pdf,41,DATE,8 Nov 65
DOW-UAP-D49-Launch-Summary-February-2000.pdf,41,DATE,9 Nov 65
DOW-UAP-D49-Launch-Summary-February-2000.pdf,41,DATE,27 Nov 65
DOW-UAP-D49-Launch-Summary-February-2000.pdf,41,DATE,28 Nov 65
DOW-UAP-D49-Launch-Summary-February-2000.pdf,41,DATE,29 Nov 65
DOW-UAP-D49-Launch-Summary-February-2000.pdf,41,DATE,30 Nov 65
DOW-UAP-D49-Launch-Summary-February-2000.pdf,41,DATE,6 Dec 65
DOW-UAP-D49-Launch-Summary-February-2000.pdf,41,DATE,9 Dec 65
DOW-UAP-D49-Launch-Summary-February-2000.pdf,41,DATE,14 Dec 65
DOW-UAP-D49-Launch-Summary-February-2000.pdf,41,DATE,15 Dec 65
DOW-UAP-D49-Launch-Summary-February-2000.pdf,41,DATE,21 Dec 65
DOW-UAP-D49-Launch-Summary-February-2000.pdf,41,DATE,22 Dec 65
DOW-UAP-D49-Launch-Summary-February-2000.pdf,42,ORG,AFSC
DOW-UAP-D49-Launch-Summary-February-2000.pdf,42,ORG,SAC
DOW-UAP-D49-Launch-Summary-February-2000.pdf,42,DATE,24 Dec 65
DOW-UAP-D49-Launch-Summary-February-2000.pdf,42,DATE,6 Jan 66
DOW-UAP-D49-Launch-Summary-February-2000.pdf,42,DATE,18 Jan 66
DOW-UAP-D49-Launch-Summary-February-2000.pdf,42,DATE,19 Jan 66
DOW-UAP-D49-Launch-Summary-February-2000.pdf,42,DATE,22 Jan 66
DOW-UAP-D49-Launch-Summary-February-2000.pdf,42,DATE,27 Jan 66
DOW-UAP-D49-Launch-Summary-February-2000.pdf,42,DATE,28 Jan 66
DOW-UAP-D49-Launch-Summary-February-2000.pdf,42,DATE,2 Feb 66
DOW-UAP-D49-Launch-Summary-February-2000.pdf,42,DATE,3 Feb 66
DOW-UAP-D49-Launch-Summary-February-2000.pdf,42,DATE,9 Feb 66
DOW-UAP-D49-Launch-Summary-February-2000.pdf,42,DATE,10 Feb 66
DOW-UAP-D49-Launch-Summary-February-2000.pdf,42,DATE,11 Feb 66
DOW-UAP-D49-Launch-Summary-February-2000.pdf,42,DATE,15 Feb 66
DOW-UAP-D49-Launch-Summary-February-2000.pdf,42,DATE,16 Feb 66
DOW-UAP-D49-Launch-Summary-February-2000.pdf,42,DATE,17 Feb 66
DOW-UAP-D49-Launch-Summary-February-2000.pdf,42,DATE,19 Feb 66
DOW-UAP-D49-Launch-Summary-February-2000.pdf,42,DATE,24 Feb 66
DOW-UAP-D49-Launch-Summary-February-2000.pdf,42,DATE,4 Mar 66
DOW-UAP-D49-Launch-Summary-February-2000.pdf,43,ORG,SAC
DOW-UAP-D49-Launch-Summary-February-2000.pdf,43,ORG,AFSC
DOW-UAP-D49-Launch-Summary-February-2000.pdf,43,DATE,8 Mar 66
DOW-UAP-D49-Launch-Summary-February-2000.pdf,43,DATE,9 Mar 66
DOW-UAP-D49-Launch-Summary-February-2000.pdf,43,DATE,11 Mar 66
DOW-UAP-D49-Launch-Summary-February-2000.pdf,43,DATE,17 Mar 66
DOW-UAP-D49-Launch-Summary-February-2000.pdf,43,DATE,18 Mar 66
DOW-UAP-D49-Launch-Summary-February-2000.pdf,43,DATE,19 Mar 66
DOW-UAP-D49-Launch-Summary-February-2000.pdf,43,DATE,21 Mar 66
DOW-UAP-D49-Launch-Summary-February-2000.pdf,43,DATE,25 Mar 66
DOW-UAP-D49-Launch-Summary-February-2000.pdf,43,DATE,30 Mar 66
DOW-UAP-D49-Launch-Summary-February-2000.pdf,43,DATE,4 Apr 66
DOW-UAP-D49-Launch-Summary-February-2000.pdf,43,DATE,5 Apr 66
DOW-UAP-D49-Launch-Summary-February-2000.pdf,43,DATE,7 Apr 66
DOW-UAP-D49-Launch-Summary-February-2000.pdf,43,DATE,15 Apr 66
DOW-UAP-D49-Launch-Summary-February-2000.pdf,43,DATE,19 Apr 66
DOW-UAP-D49-Launch-Summary-February-2000.pdf,44,ORG,SAC
DOW-UAP-D49-Launch-Summary-February-2000.pdf,44,ORG,AFSC
DOW-UAP-D49-Launch-Summary-February-2000.pdf,44,DATE,20 Apr 66
DOW-UAP-D49-Launch-Summary-February-2000.pdf,44,DATE,22 Apr 66
DOW-UAP-D49-Launch-Summary-February-2000.pdf,44,DATE,2 May 66
DOW-UAP-D49-Launch-Summary-February-2000.pdf,44,DATE,3 May 66
DOW-UAP-D49-Launch-Summary-February-2000.pdf,44,DATE,13 May 66
DOW-UAP-D49-Launch-Summary-February-2000.pdf,44,DATE,14 May 66
DOW-UAP-D49-Launch-Summary-February-2000.pdf,44,DATE,15 May 66
DOW-UAP-D49-Launch-Summary-February-2000.pdf,44,DATE,16 May 66
DOW-UAP-D49-Launch-Summary-February-2000.pdf,44,DATE,17 May 66
DOW-UAP-D49-Launch-Summary-February-2000.pdf,44,DATE,18 May 66
DOW-UAP-D49-Launch-Summary-February-2000.pdf,44,DATE,23 May 66
DOW-UAP-D49-Launch-Summary-February-2000.pdf,44,DATE,24 May 66
DOW-UAP-D49-Launch-Summary-February-2000.pdf,44,DATE,26 May 66
DOW-UAP-D49-Launch-Summary-February-2000.pdf,44,DATE,31 May 66
DOW-UAP-D49-Launch-Summary-February-2000.pdf,44,DATE,2 Jun 66
DOW-UAP-D49-Launch-Summary-February-2000.pdf,44,DATE,3 Jun 66
DOW-UAP-D49-Launch-Summary-February-2000.pdf,45,ORG,AFSC
DOW-UAP-D49-Launch-Summary-February-2000.pdf,45,ORG,SAC
DOW-UAP-D49-Launch-Summary-February-2000.pdf,45,DATE,9 Jun 66
DOW-UAP-D49-Launch-Summary-February-2000.pdf,45,DATE,10 Jun 66
DOW-UAP-D49-Launch-Summary-February-2000.pdf,45,DATE,21 Jun 66
DOW-UAP-D49-Launch-Summary-February-2000.pdf,45,DATE,23 Jun 66
DOW-UAP-D49-Launch-Summary-February-2000.pdf,45,DATE,26 Jun 66
DOW-UAP-D49-Launch-Summary-February-2000.pdf,45,DATE,30 Jun 66
DOW-UAP-D49-Launch-Summary-February-2000.pdf,45,DATE,11 Jul 66
DOW-UAP-D49-Launch-Summary-February-2000.pdf,45,DATE,12 Jul 66
DOW-UAP-D49-Launch-Summary-February-2000.pdf,45,DATE,13 Jul 66
DOW-UAP-D49-Launch-Summary-February-2000.pdf,45,DATE,22 Jul 66
DOW-UAP-D49-Launch-Summary-February-2000.pdf,45,DATE,26 Jul 66
DOW-UAP-D49-Launch-Summary-February-2000.pdf,45,DATE,29 Jul 66
DOW-UAP-D49-Launch-Summary-February-2000.pdf,45,DATE,1 Aug 66
DOW-UAP-D49-Launch-Summary-February-2000.pdf,45,DATE,4 Aug 66
DOW-UAP-D49-Launch-Summary-February-2000.pdf,45,DATE,5 Aug 66
DOW-UAP-D49-Launch-Summary-February-2000.pdf,46,ORG,AFSC
DOW-UAP-D49-Launch-Summary-February-2000.pdf,46,ORG,SAC
DOW-UAP-D49-Launch-Summary-February-2000.pdf,46,ORG,NASA
DOW-UAP-D49-Launch-Summary-February-2000.pdf,46,DATE,9 Aug 66
DOW-UAP-D49-Launch-Summary-February-2000.pdf,46,DATE,16 Aug 66
DOW-UAP-D49-Launch-Summary-February-2000.pdf,46,DATE,17 Aug 66
DOW-UAP-D49-Launch-Summary-February-2000.pdf,46,DATE,19 Aug 66
DOW-UAP-D49-Launch-Summary-February-2000.pdf,46,DATE,22 Aug 66
DOW-UAP-D49-Launch-Summary-February-2000.pdf,46,DATE,25 Aug 66
DOW-UAP-D49-Launch-Summary-February-2000.pdf,46,DATE,26 Aug 66
DOW-UAP-D49-Launch-Summary-February-2000.pdf,46,DATE,29 Aug 66
DOW-UAP-D49-Launch-Summary-February-2000.pdf,46,DATE,15 Sep 66
DOW-UAP-D49-Launch-Summary-February-2000.pdf,46,DATE,16 Sep 66
DOW-UAP-D49-Launch-Summary-February-2000.pdf,46,DATE,20 Sep 66
DOW-UAP-D49-Launch-Summary-February-2000.pdf,46,DATE,22 Sep 66
DOW-UAP-D49-Launch-Summary-February-2000.pdf,46,DATE,28 Sep 66
DOW-UAP-D49-Launch-Summary-February-2000.pdf,46,DATE,2 Oct 66
DOW-UAP-D49-Launch-Summary-February-2000.pdf,47,ORG,SAC
DOW-UAP-D49-Launch-Summary-February-2000.pdf,47,ORG,AFSC
DOW-UAP-D49-Launch-Summary-February-2000.pdf,47,DATE,3 Oct 66
DOW-UAP-D49-Launch-Summary-February-2000.pdf,47,DATE,11 Oct 66
DOW-UAP-D49-Launch-Summary-February-2000.pdf,47,DATE,12 Oct 66
DOW-UAP-D49-Launch-Summary-February-2000.pdf,47,DATE,13 Oct 66
DOW-UAP-D49-Launch-Summary-February-2000.pdf,47,DATE,14 Oct 66
DOW-UAP-D49-Launch-Summary-February-2000.pdf,47,DATE,21 Oct 66
DOW-UAP-D49-Launch-Summary-February-2000.pdf,47,DATE,28 Oct 66
DOW-UAP-D49-Launch-Summary-February-2000.pdf,47,DATE,1 Nov 66
DOW-UAP-D49-Launch-Summary-February-2000.pdf,47,DATE,2 Nov 66
DOW-UAP-D49-Launch-Summary-February-2000.pdf,47,DATE,8 Nov 66
DOW-UAP-D49-Launch-Summary-February-2000.pdf,47,DATE,16 Nov 66
DOW-UAP-D49-Launch-Summary-February-2000.pdf,47,DATE,22 Nov 66
DOW-UAP-D49-Launch-Summary-February-2000.pdf,47,DATE,24 Nov 66
DOW-UAP-D49-Launch-Summary-February-2000.pdf,47,DATE,5 Dec 66
DOW-UAP-D49-Launch-Summary-February-2000.pdf,47,DATE,11 Dec 66
DOW-UAP-D49-Launch-Summary-February-2000.pdf,47,DATE,13 Dec 66
DOW-UAP-D49-Launch-Summary-February-2000.pdf,47,DATE,14 Dec 66
DOW-UAP-D49-Launch-Summary-February-2000.pdf,48,ORG,SAC
DOW-UAP-D49-Launch-Summary-February-2000.pdf,48,ORG,AFSC
DOW-UAP-D49-Launch-Summary-February-2000.pdf,48,ORG,NASA
DOW-UAP-D49-Launch-Summary-February-2000.pdf,48,DATE,20 Dec 66
DOW-UAP-D49-Launch-Summary-February-2000.pdf,48,DATE,21 Dec 66
DOW-UAP-D49-Launch-Summary-February-2000.pdf,48,DATE,22 Dec 66
DOW-UAP-D49-Launch-Summary-February-2000.pdf,48,DATE,29 Dec 66
DOW-UAP-D49-Launch-Summary-February-2000.pdf,48,DATE,11 Jan 67
DOW-UAP-D49-Launch-Summary-February-2000.pdf,48,DATE,14 Jan 67
DOW-UAP-D49-Launch-Summary-February-2000.pdf,48,DATE,17 Jan 67
DOW-UAP-D49-Launch-Summary-February-2000.pdf,48,DATE,22 Jan 67
DOW-UAP-D49-Launch-Summary-February-2000.pdf,48,DATE,24 Jan 67
DOW-UAP-D49-Launch-Summary-February-2000.pdf,48,DATE,26 Jan 67
DOW-UAP-D49-Launch-Summary-February-2000.pdf,48,DATE,30 Jan 67
DOW-UAP-D49-Launch-Summary-February-2000.pdf,48,DATE,31 Jan 67
DOW-UAP-D49-Launch-Summary-February-2000.pdf,48,DATE,2 Feb 67
DOW-UAP-D49-Launch-Summary-February-2000.pdf,48,DATE,7 Feb 67
DOW-UAP-D49-Launch-Summary-February-2000.pdf,48,DATE,8 Feb 67
DOW-UAP-D49-Launch-Summary-February-2000.pdf,48,DATE,13 Feb 67
DOW-UAP-D49-Launch-Summary-February-2000.pdf,49,ORG,SAC
DOW-UAP-D49-Launch-Summary-February-2000.pdf,49,ORG,AFSC
DOW-UAP-D49-Launch-Summary-February-2000.pdf,49,ORG,NASA
DOW-UAP-D49-Launch-Summary-February-2000.pdf,49,DATE,21 Feb 67
DOW-UAP-D49-Launch-Summary-February-2000.pdf,49,DATE,22 Feb 67
DOW-UAP-D49-Launch-Summary-February-2000.pdf,49,DATE,24 Feb 67
DOW-UAP-D49-Launch-Summary-February-2000.pdf,49,DATE,5 Mar 67
DOW-UAP-D49-Launch-Summary-February-2000.pdf,49,DATE,7 Mar 67
DOW-UAP-D49-Launch-Summary-February-2000.pdf,49,DATE,16 Mar 67
DOW-UAP-D49-Launch-Summary-February-2000.pdf,49,DATE,17 Mar 67
DOW-UAP-D49-Launch-Summary-February-2000.pdf,49,DATE,22 Mar 67
DOW-UAP-D49-Launch-Summary-February-2000.pdf,49,DATE,30 Mar 67
DOW-UAP-D49-Launch-Summary-February-2000.pdf,49,DATE,7 Apr 67
DOW-UAP-D49-Launch-Summary-February-2000.pdf,49,DATE,12 Apr 67
DOW-UAP-D49-Launch-Summary-February-2000.pdf,49,DATE,13 Apr 67
DOW-UAP-D49-Launch-Summary-February-2000.pdf,49,DATE,17 Apr 67
DOW-UAP-D49-Launch-Summary-February-2000.pdf,49,DATE,19 Apr 67
DOW-UAP-D49-Launch-Summary-February-2000.pdf,49,DATE,20 Apr 67
DOW-UAP-D49-Launch-Summary-February-2000.pdf,49,DATE,21 Apr 67
DOW-UAP-D49-Launch-Summary-February-2000.pdf,49,DATE,26 Apr 67
DOW-UAP-D49-Launch-Summary-February-2000.pdf,50,ORG,SAC
DOW-UAP-D49-Launch-Summary-February-2000.pdf,50,ORG,AFSC
DOW-UAP-D49-Launch-Summary-February-2000.pdf,50,ORG,NASA
DOW-UAP-D49-Launch-Summary-February-2000.pdf,50,DATE,27 Apr 67
DOW-UAP-D49-Launch-Summary-February-2000.pdf,50,DATE,28 Apr 67
DOW-UAP-D49-Launch-Summary-February-2000.pdf,50,DATE,5 May 67
DOW-UAP-D49-Launch-Summary-February-2000.pdf,50,DATE,9 May 67
DOW-UAP-D49-Launch-Summary-February-2000.pdf,50,DATE,11 May 67
DOW-UAP-D49-Launch-Summary-February-2000.pdf,50,DATE,18 May 67
DOW-UAP-D49-Launch-Summary-February-2000.pdf,50,DATE,19 May 67
DOW-UAP-D49-Launch-Summary-February-2000.pdf,50,DATE,22 May 67
DOW-UAP-D49-Launch-Summary-February-2000.pdf,50,DATE,24 May 67
DOW-UAP-D49-Launch-Summary-February-2000.pdf,50,DATE,25 May 67
DOW-UAP-D49-Launch-Summary-February-2000.pdf,50,DATE,29 May 67
DOW-UAP-D49-Launch-Summary-February-2000.pdf,50,DATE,31 May 67
DOW-UAP-D49-Launch-Summary-February-2000.pdf,50,DATE,1 Jun 67
DOW-UAP-D49-Launch-Summary-February-2000.pdf,50,DATE,4 Jun 67
DOW-UAP-D49-Launch-Summary-February-2000.pdf,51,ORG,AFSC
DOW-UAP-D49-Launch-Summary-February-2000.pdf,51,ORG,SAC
DOW-UAP-D49-Launch-Summary-February-2000.pdf,51,ORG,ADC
DOW-UAP-D49-Launch-Summary-February-2000.pdf,51,DATE,9 Jun 67
DOW-UAP-D49-Launch-Summary-February-2000.pdf,51,DATE,16 Jun 67
DOW-UAP-D49-Launch-Summary-February-2000.pdf,51,DATE,20 Jun 67
DOW-UAP-D49-Launch-Summary-February-2000.pdf,51,DATE,21 Jun 67
DOW-UAP-D49-Launch-Summary-February-2000.pdf,51,DATE,23 Jun 67
DOW-UAP-D49-Launch-Summary-February-2000.pdf,51,DATE,28 Jun 67
DOW-UAP-D49-Launch-Summary-February-2000.pdf,51,DATE,29 Jun 67
DOW-UAP-D49-Launch-Summary-February-2000.pdf,51,DATE,5 Jul 67
DOW-UAP-D49-Launch-Summary-February-2000.pdf,51,DATE,6 Jul 67
DOW-UAP-D49-Launch-Summary-February-2000.pdf,51,DATE,12 Jul 67
DOW-UAP-D49-Launch-Summary-February-2000.pdf,51,DATE,13 Jul 67
DOW-UAP-D49-Launch-Summary-February-2000.pdf,51,DATE,15 Jul 67
DOW-UAP-D49-Launch-Summary-February-2000.pdf,51,DATE,15 Jul. 67
DOW-UAP-D49-Launch-Summary-February-2000.pdf,51,DATE,20 Jul 67
DOW-UAP-D49-Launch-Summary-February-2000.pdf,51,DATE,22 Jul 67
DOW-UAP-D49-Launch-Summary-February-2000.pdf,51,DATE,24 Jul 67
DOW-UAP-D49-Launch-Summary-February-2000.pdf,51,DATE,27 Jul 67
DOW-UAP-D49-Launch-Summary-February-2000.pdf,51,DATE,29 Jul 67
DOW-UAP-D49-Launch-Summary-February-2000.pdf,52,ORG,AFSC
DOW-UAP-D49-Launch-Summary-February-2000.pdf,52,ORG,SAC
DOW-UAP-D49-Launch-Summary-February-2000.pdf,52,ORG,ADC
DOW-UAP-D49-Launch-Summary-February-2000.pdf,52,DATE,7 Aug 67
DOW-UAP-D49-Launch-Summary-February-2000.pdf,52,DATE,8 Aug 67
DOW-UAP-D49-Launch-Summary-February-2000.pdf,52,DATE,16 Aug 67
DOW-UAP-D49-Launch-Summary-February-2000.pdf,52,DATE,22 Aug 67
DOW-UAP-D49-Launch-Summary-February-2000.pdf,52,DATE,6 Sep 67
DOW-UAP-D49-Launch-Summary-February-2000.pdf,52,DATE,11 Sep 67
DOW-UAP-D49-Launch-Summary-February-2000.pdf,52,DATE,15 Sep 67
DOW-UAP-D49-Launch-Summary-February-2000.pdf,52,DATE,19 Sep 67
DOW-UAP-D49-Launch-Summary-February-2000.pdf,52,DATE,21 Sep 67
DOW-UAP-D49-Launch-Summary-February-2000.pdf,52,DATE,25 Sep 67
DOW-UAP-D49-Launch-Summary-February-2000.pdf,52,DATE,26 Sep 67
DOW-UAP-D49-Launch-Summary-February-2000.pdf,52,DATE,11 Oct 67
DOW-UAP-D49-Launch-Summary-February-2000.pdf,52,DATE,14 Oct 67
DOW-UAP-D49-Launch-Summary-February-2000.pdf,52,DATE,21 Oct 67
DOW-UAP-D49-Launch-Summary-February-2000.pdf,52,DATE,25 Oct 67
DOW-UAP-D49-Launch-Summary-February-2000.pdf,52,DATE,27 Oct 67
DOW-UAP-D49-Launch-Summary-February-2000.pdf,52,DATE,2 Nov 67
DOW-UAP-D49-Launch-Summary-February-2000.pdf,52,DATE,3 Nov 67
DOW-UAP-D49-Launch-Summary-February-2000.pdf,52,DATE,7 Nov 67
DOW-UAP-D49-Launch-Summary-February-2000.pdf,53,ORG,AFSC
DOW-UAP-D49-Launch-Summary-February-2000.pdf,53,ORG,NASA
DOW-UAP-D49-Launch-Summary-February-2000.pdf,53,ORG,SAC
DOW-UAP-D49-Launch-Summary-February-2000.pdf,53,DATE,10 Nov 67
DOW-UAP-D49-Launch-Summary-February-2000.pdf,53,DATE,14 Nov 67
DOW-UAP-D49-Launch-Summary-February-2000.pdf,53,DATE,17 Nov 67
DOW-UAP-D49-Launch-Summary-February-2000.pdf,53,DATE,21 Nov 67
DOW-UAP-D49-Launch-Summary-February-2000.pdf,53,DATE,1 Dec 67
DOW-UAP-D49-Launch-Summary-February-2000.pdf,53,DATE,4 Dec 67
DOW-UAP-D49-Launch-Summary-February-2000.pdf,53,DATE,5 Dec 67
DOW-UAP-D49-Launch-Summary-February-2000.pdf,53,DATE,8 Dec 67
DOW-UAP-D49-Launch-Summary-February-2000.pdf,53,DATE,9 Dec 67
DOW-UAP-D49-Launch-Summary-February-2000.pdf,53,DATE,18 Dec 67
DOW-UAP-D49-Launch-Summary-February-2000.pdf,53,DATE,21 Dec 67
DOW-UAP-D49-Launch-Summary-February-2000.pdf,53,DATE,23 Dec 67
DOW-UAP-D49-Launch-Summary-February-2000.pdf,53,DATE,28 Dec 67
DOW-UAP-D49-Launch-Summary-February-2000.pdf,53,DATE,10 Jan 68
DOW-UAP-D49-Launch-Summary-February-2000.pdf,53,DATE,11 Jan 68
DOW-UAP-D49-Launch-Summary-February-2000.pdf,54,ORG,SAC
DOW-UAP-D49-Launch-Summary-February-2000.pdf,54,ORG,AFSC
DOW-UAP-D49-Launch-Summary-February-2000.pdf,54,DATE,16 Jan 68
DOW-UAP-D49-Launch-Summary-February-2000.pdf,54,DATE,17 Jan 68
DOW-UAP-D49-Launch-Summary-February-2000.pdf,54,DATE,18 Jan 68
DOW-UAP-D49-Launch-Summary-February-2000.pdf,54,DATE,24 Jan 68
DOW-UAP-D49-Launch-Summary-February-2000.pdf,54,DATE,25 Jan 68
DOW-UAP-D49-Launch-Summary-February-2000.pdf,54,DATE,31 Jan 68
DOW-UAP-D49-Launch-Summary-February-2000.pdf,54,DATE,2 Feb 68
DOW-UAP-D49-Launch-Summary-February-2000.pdf,54,DATE,10 Feb 68
DOW-UAP-D49-Launch-Summary-February-2000.pdf,54,DATE,26 Feb 68
DOW-UAP-D49-Launch-Summary-February-2000.pdf,54,DATE,28 Feb 68
DOW-UAP-D49-Launch-Summary-February-2000.pdf,54,DATE,1 Mar 68
DOW-UAP-D49-Launch-Summary-February-2000.pdf,54,DATE,6 Mar 68
DOW-UAP-D49-Launch-Summary-February-2000.pdf,54,DATE,13 Mar 68
DOW-UAP-D49-Launch-Summary-February-2000.pdf,54,DATE,14 Mar 68
DOW-UAP-D49-Launch-Summary-February-2000.pdf,54,DATE,29 Mar 68
DOW-UAP-D49-Launch-Summary-February-2000.pdf,54,DATE,2 Apr 68
DOW-UAP-D49-Launch-Summary-February-2000.pdf,54,DATE,4 Apr 68
DOW-UAP-D49-Launch-Summary-February-2000.pdf,54,DATE,6 Apr 68
DOW-UAP-D49-Launch-Summary-February-2000.pdf,54,DATE,10 Apr 68
DOW-UAP-D49-Launch-Summary-February-2000.pdf,55,ORG,AFSC
DOW-UAP-D49-Launch-Summary-February-2000.pdf,55,ORG,SAC
DOW-UAP-D49-Launch-Summary-February-2000.pdf,55,ORG,ADC
DOW-UAP-D49-Launch-Summary-February-2000.pdf,55,DATE,17 Apr 68
DOW-UAP-D49-Launch-Summary-February-2000.pdf,55,DATE,18 Apr 68
DOW-UAP-D49-Launch-Summary-February-2000.pdf,55,DATE,23 Apr 68
DOW-UAP-D49-Launch-Summary-February-2000.pdf,55,DATE,27 Apr 68
DOW-UAP-D49-Launch-Summary-February-2000.pdf,55,DATE,30 Apr 68
DOW-UAP-D49-Launch-Summary-February-2000.pdf,55,DATE,1 May 68
DOW-UAP-D49-Launch-Summary-February-2000.pdf,55,DATE,3 May 68
DOW-UAP-D49-Launch-Summary-February-2000.pdf,55,DATE,16 May 68
DOW-UAP-D49-Launch-Summary-February-2000.pdf,55,DATE,18 May 68
DOW-UAP-D49-Launch-Summary-February-2000.pdf,55,DATE,22 May 68
DOW-UAP-D49-Launch-Summary-February-2000.pdf,55,DATE,23 May 68
DOW-UAP-D49-Launch-Summary-February-2000.pdf,55,DATE,1 Jun 68
DOW-UAP-D49-Launch-Summary-February-2000.pdf,55,DATE,5 Jun 68
DOW-UAP-D49-Launch-Summary-February-2000.pdf,55,DATE,12 Jun 68
DOW-UAP-D49-Launch-Summary-February-2000.pdf,55,DATE,20 Jun 68
DOW-UAP-D49-Launch-Summary-February-2000.pdf,55,DATE,22 Jun 68
DOW-UAP-D49-Launch-Summary-February-2000.pdf,55,DATE,27 Jun 68
DOW-UAP-D49-Launch-Summary-February-2000.pdf,55,DATE,29 Jun 68
DOW-UAP-D49-Launch-Summary-February-2000.pdf,56,ORG,NASA
DOW-UAP-D49-Launch-Summary-February-2000.pdf,56,ORG,SAC
DOW-UAP-D49-Launch-Summary-February-2000.pdf,56,ORG,AFSC
DOW-UAP-D49-Launch-Summary-February-2000.pdf,56,ORG,ADC
DOW-UAP-D49-Launch-Summary-February-2000.pdf,56,DATE,4 Jul 68
DOW-UAP-D49-Launch-Summary-February-2000.pdf,56,DATE,8 Jul 68
DOW-UAP-D49-Launch-Summary-February-2000.pdf,56,DATE,11 Jul 68
DOW-UAP-D49-Launch-Summary-February-2000.pdf,56,DATE,12 Jul 68
DOW-UAP-D49-Launch-Summary-February-2000.pdf,56,DATE,6 Aug 68
DOW-UAP-D49-Launch-Summary-February-2000.pdf,56,DATE,7 Aug 68
DOW-UAP-D49-Launch-Summary-February-2000.pdf,56,DATE,8 Aug 68
DOW-UAP-D49-Launch-Summary-February-2000.pdf,56,DATE,16 Aug 68
DOW-UAP-D49-Launch-Summary-February-2000.pdf,56,DATE,19 Aug 68
DOW-UAP-D49-Launch-Summary-February-2000.pdf,56,DATE,21 Aug 68
DOW-UAP-D49-Launch-Summary-February-2000.pdf,56,DATE,1 Sep 68
DOW-UAP-D49-Launch-Summary-February-2000.pdf,56,DATE,10 Sep 68
DOW-UAP-D49-Launch-Summary-February-2000.pdf,56,DATE,18 Sep 68
DOW-UAP-D49-Launch-Summary-February-2000.pdf,56,DATE,25 Sep 68
DOW-UAP-D49-Launch-Summary-February-2000.pdf,56,DATE,27 Sep 68
DOW-UAP-D49-Launch-Summary-February-2000.pdf,56,DATE,3 Oct 68
DOW-UAP-D49-Launch-Summary-February-2000.pdf,56,DATE,5 Oct 68
DOW-UAP-D49-Launch-Summary-February-2000.pdf,56,DATE,7 Oct 68
DOW-UAP-D49-Launch-Summary-February-2000.pdf,56,DATE,22 Oct 68
DOW-UAP-D49-Launch-Summary-February-2000.pdf,57,ORG,SAC
DOW-UAP-D49-Launch-Summary-February-2000.pdf,57,ORG,AFSC
DOW-UAP-D49-Launch-Summary-February-2000.pdf,57,ORG,NASA
DOW-UAP-D49-Launch-Summary-February-2000.pdf,57,DATE,24 Oct 68
DOW-UAP-D49-Launch-Summary-February-2000.pdf,57,DATE,30 Oct 68
DOW-UAP-D49-Launch-Summary-February-2000.pdf,57,DATE,3 Nov 68
DOW-UAP-D49-Launch-Summary-February-2000.pdf,57,DATE,6 Nov 68
DOW-UAP-D49-Launch-Summary-February-2000.pdf,57,DATE,13 Nov 68
DOW-UAP-D49-Launch-Summary-February-2000.pdf,57,DATE,16 Nov 68
DOW-UAP-D49-Launch-Summary-February-2000.pdf,57,DATE,19 Nov 68
DOW-UAP-D49-Launch-Summary-February-2000.pdf,57,DATE,21 Nov 68
DOW-UAP-D49-Launch-Summary-February-2000.pdf,57,DATE,24 Nov 68
DOW-UAP-D49-Launch-Summary-February-2000.pdf,57,DATE,4 Dec 68
DOW-UAP-D49-Launch-Summary-February-2000.pdf,57,DATE,7 Dec 68
DOW-UAP-D49-Launch-Summary-February-2000.pdf,57,DATE,10 Dec 68
DOW-UAP-D49-Launch-Summary-February-2000.pdf,57,DATE,12 Dec 68
DOW-UAP-D49-Launch-Summary-February-2000.pdf,57,DATE,15 Dec 68
DOW-UAP-D49-Launch-Summary-February-2000.pdf,57,DATE,20 Dec 68
DOW-UAP-D49-Launch-Summary-February-2000.pdf,57,DATE,8 Jan 69
DOW-UAP-D49-Launch-Summary-February-2000.pdf,57,DATE,16 Jan 69
DOW-UAP-D49-Launch-Summary-February-2000.pdf,57,DATE,21 Jan 69
DOW-UAP-D49-Launch-Summary-February-2000.pdf,57,DATE,22 Jan 69
DOW-UAP-D49-Launch-Summary-February-2000.pdf,58,ORG,AFSC
DOW-UAP-D49-Launch-Summary-February-2000.pdf,58,ORG,NASA
DOW-UAP-D49-Launch-Summary-February-2000.pdf,58,ORG,SAC
DOW-UAP-D49-Launch-Summary-February-2000.pdf,58,DATE,29 Jan 69
DOW-UAP-D49-Launch-Summary-February-2000.pdf,58,DATE,9 Jan 69
DOW-UAP-D49-Launch-Summary-February-2000.pdf,58,DATE,30 Jan 69
DOW-UAP-D49-Launch-Summary-February-2000.pdf,58,DATE,2 Feb 69
DOW-UAP-D49-Launch-Summary-February-2000.pdf,58,DATE,5 Feb 69
DOW-UAP-D49-Launch-Summary-February-2000.pdf,58,DATE,20 Feb 69
DOW-UAP-D49-Launch-Summary-February-2000.pdf,58,DATE,21 Feb 69
DOW-UAP-D49-Launch-Summary-February-2000.pdf,58,DATE,4 Mar 69
DOW-UAP-D49-Launch-Summary-February-2000.pdf,58,DATE,7 Mar 69
DOW-UAP-D49-Launch-Summary-February-2000.pdf,58,DATE,12 Mar 69
DOW-UAP-D49-Launch-Summary-February-2000.pdf,58,DATE,15 Mar 69
DOW-UAP-D49-Launch-Summary-February-2000.pdf,58,DATE,17 Mar 69
DOW-UAP-D49-Launch-Summary-February-2000.pdf,58,DATE,19 Mar 69
DOW-UAP-D49-Launch-Summary-February-2000.pdf,58,DATE,22 Mar 69
DOW-UAP-D49-Launch-Summary-February-2000.pdf,58,DATE,24 Mar 69
DOW-UAP-D49-Launch-Summary-February-2000.pdf,58,DATE,25 Mar 69
DOW-UAP-D49-Launch-Summary-February-2000.pdf,58,DATE,11 Apr 69
DOW-UAP-D49-Launch-Summary-February-2000.pdf,59,ORG,AFSC
DOW-UAP-D49-Launch-Summary-February-2000.pdf,59,ORG,SAC
DOW-UAP-D49-Launch-Summary-February-2000.pdf,59,DATE,15 Apr 69
DOW-UAP-D49-Launch-Summary-February-2000.pdf,59,DATE,16 Apr 69
DOW-UAP-D49-Launch-Summary-February-2000.pdf,59,DATE,17 Apr 69
DOW-UAP-D49-Launch-Summary-February-2000.pdf,59,DATE,18 Apr 69
DOW-UAP-D49-Launch-Summary-February-2000.pdf,59,DATE,23 Apr 69
DOW-UAP-D49-Launch-Summary-February-2000.pdf,59,DATE,25 Apr 69
DOW-UAP-D49-Launch-Summary-February-2000.pdf,59,DATE,30 Apr 69
DOW-UAP-D49-Launch-Summary-February-2000.pdf,59,DATE,1 May 69
DOW-UAP-D49-Launch-Summary-February-2000.pdf,59,DATE,2 May 69
DOW-UAP-D49-Launch-Summary-February-2000.pdf,59,DATE,20 May 69
DOW-UAP-D49-Launch-Summary-February-2000.pdf,59,DATE,21 May 69
DOW-UAP-D49-Launch-Summary-February-2000.pdf,59,DATE,28 May 69
DOW-UAP-D49-Launch-Summary-February-2000.pdf,59,DATE,29 May 69
DOW-UAP-D49-Launch-Summary-February-2000.pdf,59,DATE,3 Jun 69
DOW-UAP-D49-Launch-Summary-February-2000.pdf,59,DATE,5 Jun 69
DOW-UAP-D49-Launch-Summary-February-2000.pdf,59,DATE,19 Jun 69
DOW-UAP-D49-Launch-Summary-February-2000.pdf,59,DATE,20 Jun 69
DOW-UAP-D49-Launch-Summary-February-2000.pdf,60,ORG,NASA
DOW-UAP-D49-Launch-Summary-February-2000.pdf,60,ORG,SAC
DOW-UAP-D49-Launch-Summary-February-2000.pdf,60,ORG,ADC
DOW-UAP-D49-Launch-Summary-February-2000.pdf,60,ORG,AFSC
DOW-UAP-D49-Launch-Summary-February-2000.pdf,60,DATE,21 Jun 69
DOW-UAP-D49-Launch-Summary-February-2000.pdf,60,DATE,30 Jun 69
DOW-UAP-D49-Launch-Summary-February-2000.pdf,60,DATE,2 Jul 69
DOW-UAP-D49-Launch-Summary-February-2000.pdf,60,DATE,3 Jul 69
DOW-UAP-D49-Launch-Summary-February-2000.pdf,60,DATE,8 Jul 69
DOW-UAP-D49-Launch-Summary-February-2000.pdf,60,DATE,12 Jul 69
DOW-UAP-D49-Launch-Summary-February-2000.pdf,60,DATE,15 Jul 69
DOW-UAP-D49-Launch-Summary-February-2000.pdf,60,DATE,22 Jul 69
DOW-UAP-D49-Launch-Summary-February-2000.pdf,60,DATE,23 Jul 69
DOW-UAP-D49-Launch-Summary-February-2000.pdf,60,DATE,25 Jul 69
DOW-UAP-D49-Launch-Summary-February-2000.pdf,60,DATE,31 Jul 69
DOW-UAP-D49-Launch-Summary-February-2000.pdf,60,DATE,20 Aug 69
DOW-UAP-D49-Launch-Summary-February-2000.pdf,60,DATE,21 Aug 69
DOW-UAP-D49-Launch-Summary-February-2000.pdf,60,DATE,23 Aug 69
DOW-UAP-D49-Launch-Summary-February-2000.pdf,60,DATE,24 Aug 69
DOW-UAP-D49-Launch-Summary-February-2000.pdf,60,DATE,26 Aug 69
DOW-UAP-D49-Launch-Summary-February-2000.pdf,60,DATE,28 Aug 69
DOW-UAP-D49-Launch-Summary-February-2000.pdf,60,DATE,2 Sep 69
DOW-UAP-D49-Launch-Summary-February-2000.pdf,61,ORG,SAC
DOW-UAP-D49-Launch-Summary-February-2000.pdf,61,ORG,AFSC
DOW-UAP-D49-Launch-Summary-February-2000.pdf,61,ORG,SAFEGUARD
DOW-UAP-D49-Launch-Summary-February-2000.pdf,61,DATE,3 Sep 69
DOW-UAP-D49-Launch-Summary-February-2000.pdf,61,DATE,10 Sep 69
DOW-UAP-D49-Launch-Summary-February-2000.pdf,61,DATE,13 Sep 69
DOW-UAP-D49-Launch-Summary-February-2000.pdf,61,DATE,16 Sep 69
DOW-UAP-D49-Launch-Summary-February-2000.pdf,61,DATE,20 Sep 69
DOW-UAP-D49-Launch-Summary-February-2000.pdf,61,DATE,22 Sep 69
DOW-UAP-D49-Launch-Summary-February-2000.pdf,61,DATE,23 Sep 69
DOW-UAP-D49-Launch-Summary-February-2000.pdf,61,DATE,24 Sep 69
DOW-UAP-D49-Launch-Summary-February-2000.pdf,61,DATE,30 Sep 69
DOW-UAP-D49-Launch-Summary-February-2000.pdf,61,DATE,1 Oct 69
DOW-UAP-D49-Launch-Summary-February-2000.pdf,61,DATE,2 Oct 69
DOW-UAP-D49-Launch-Summary-February-2000.pdf,61,DATE,10 Oct 69
DOW-UAP-D49-Launch-Summary-February-2000.pdf,61,DATE,13 Oct 69
DOW-UAP-D49-Launch-Summary-February-2000.pdf,61,DATE,15 Oct 69
DOW-UAP-D49-Launch-Summary-February-2000.pdf,61,DATE,21 Oct 69
DOW-UAP-D49-Launch-Summary-February-2000.pdf,61,DATE,24 Oct 69
DOW-UAP-D49-Launch-Summary-February-2000.pdf,61,DATE,31 Oct 69
DOW-UAP-D49-Launch-Summary-February-2000.pdf,61,DATE,6 Nov 69
DOW-UAP-D49-Launch-Summary-February-2000.pdf,62,ORG,AFSC
DOW-UAP-D49-Launch-Summary-February-2000.pdf,62,ORG,SAC
DOW-UAP-D49-Launch-Summary-February-2000.pdf,62,ORG,NASA
DOW-UAP-D49-Launch-Summary-February-2000.pdf,62,ORG,ADC
DOW-UAP-D49-Launch-Summary-February-2000.pdf,62,DATE,7 Nov 69
DOW-UAP-D49-Launch-Summary-February-2000.pdf,62,DATE,13 Nov 69
DOW-UAP-D49-Launch-Summary-February-2000.pdf,62,DATE,18 Nov 69
DOW-UAP-D49-Launch-Summary-February-2000.pdf,62,DATE,19 Nov 69
DOW-UAP-D49-Launch-Summary-February-2000.pdf,62,DATE,25 Nov 69
DOW-UAP-D49-Launch-Summary-February-2000.pdf,62,DATE,3 Dec 69
DOW-UAP-D49-Launch-Summary-February-2000.pdf,62,DATE,4 Dec 69
DOW-UAP-D49-Launch-Summary-February-2000.pdf,62,DATE,5 Dec 69
DOW-UAP-D49-Launch-Summary-February-2000.pdf,62,DATE,12 Dec 69
DOW-UAP-D49-Launch-Summary-February-2000.pdf,62,DATE,16 Dec 69
DOW-UAP-D49-Launch-Summary-February-2000.pdf,62,DATE,14 Jan 70
DOW-UAP-D49-Launch-Summary-February-2000.pdf,62,DATE,15 Jan 70
DOW-UAP-D49-Launch-Summary-February-2000.pdf,62,DATE,23 Jan 70
DOW-UAP-D49-Launch-Summary-February-2000.pdf,62,DATE,3 Feb 70
DOW-UAP-D49-Launch-Summary-February-2000.pdf,62,DATE,8 Feb 10
DOW-UAP-D49-Launch-Summary-February-2000.pdf,62,DATE,11 Feb 70
DOW-UAP-D49-Launch-Summary-February-2000.pdf,62,DATE,25 Feb 70
DOW-UAP-D49-Launch-Summary-February-2000.pdf,62,DATE,4 Mar 70
DOW-UAP-D49-Launch-Summary-February-2000.pdf,63,ORG,SAC
DOW-UAP-D49-Launch-Summary-February-2000.pdf,63,ORG,AFSC
DOW-UAP-D49-Launch-Summary-February-2000.pdf,63,DATE,7 Mar 70
DOW-UAP-D49-Launch-Summary-February-2000.pdf,63,DATE,10 Mar 70
DOW-UAP-D49-Launch-Summary-February-2000.pdf,63,DATE,11 Mar 70
DOW-UAP-D49-Launch-Summary-February-2000.pdf,63,DATE,13 Mar 70
DOW-UAP-D49-Launch-Summary-February-2000.pdf,63,DATE,23 Mar 70
DOW-UAP-D49-Launch-Summary-February-2000.pdf,63,DATE,26 Mar 70
DOW-UAP-D49-Launch-Summary-February-2000.pdf,63,DATE,31 Mar 70
DOW-UAP-D49-Launch-Summary-February-2000.pdf,63,DATE,2 Apr 70
DOW-UAP-D49-Launch-Summary-February-2000.pdf,63,DATE,8 Apr 70
DOW-UAP-D49-Launch-Summary-February-2000.pdf,63,DATE,15 Apr 70
DOW-UAP-D49-Launch-Summary-February-2000.pdf,63,DATE,18 Apr 70
DOW-UAP-D49-Launch-Summary-February-2000.pdf,63,DATE,21 Apr 70
DOW-UAP-D49-Launch-Summary-February-2000.pdf,63,DATE,22 Apr 70
DOW-UAP-D49-Launch-Summary-February-2000.pdf,63,DATE,25 Apr 70
DOW-UAP-D49-Launch-Summary-February-2000.pdf,63,DATE,4 May 70
DOW-UAP-D49-Launch-Summary-February-2000.pdf,63,DATE,8 May 70
DOW-UAP-D49-Launch-Summary-February-2000.pdf,63,DATE,20 May 70
DOW-UAP-D49-Launch-Summary-February-2000.pdf,63,DATE,21 May 70
DOW-UAP-D49-Launch-Summary-February-2000.pdf,64,ORG,SAC
DOW-UAP-D49-Launch-Summary-February-2000.pdf,64,ORG,AFSC
DOW-UAP-D49-Launch-Summary-February-2000.pdf,64,ORG,SAFEGUARD
DOW-UAP-D49-Launch-Summary-February-2000.pdf,64,DATE,27 May 70
DOW-UAP-D49-Launch-Summary-February-2000.pdf,64,DATE,30 May 70
DOW-UAP-D49-Launch-Summary-February-2000.pdf,64,DATE,0 Jun 70
DOW-UAP-D49-Launch-Summary-February-2000.pdf,64,DATE,9 Jun 70
DOW-UAP-D49-Launch-Summary-February-2000.pdf,64,DATE,17 Jun 70
DOW-UAP-D49-Launch-Summary-February-2000.pdf,64,DATE,19 Jun 70
DOW-UAP-D49-Launch-Summary-February-2000.pdf,64,DATE,20 Jun 70
DOW-UAP-D49-Launch-Summary-February-2000.pdf,64,DATE,23 Jun 70
DOW-UAP-D49-Launch-Summary-February-2000.pdf,64,DATE,25 Jun 70
DOW-UAP-D49-Launch-Summary-February-2000.pdf,64,DATE,26 Jun 70
DOW-UAP-D49-Launch-Summary-February-2000.pdf,64,DATE,2 Jul 70
DOW-UAP-D49-Launch-Summary-February-2000.pdf,64,DATE,9 Jul 70
DOW-UAP-D49-Launch-Summary-February-2000.pdf,64,DATE,14 Jul 70
DOW-UAP-D49-Launch-Summary-February-2000.pdf,64,DATE,18 Jul 70
DOW-UAP-D49-Launch-Summary-February-2000.pdf,64,DATE,22 Jul 70
DOW-UAP-D49-Launch-Summary-February-2000.pdf,64,DATE,23 Jul 70
DOW-UAP-D49-Launch-Summary-February-2000.pdf,64,DATE,28 Jul 70
DOW-UAP-D49-Launch-Summary-February-2000.pdf,64,DATE,29 Jul 70
DOW-UAP-D49-Launch-Summary-February-2000.pdf,64,DATE,3 Aug 70
DOW-UAP-D49-Launch-Summary-February-2000.pdf,65,ORG,SAC
DOW-UAP-D49-Launch-Summary-February-2000.pdf,65,ORG,AFSC
DOW-UAP-D49-Launch-Summary-February-2000.pdf,65,ORG,SAFEGUARD
DOW-UAP-D49-Launch-Summary-February-2000.pdf,65,ORG,ADC
DOW-UAP-D49-Launch-Summary-February-2000.pdf,65,DATE,4 Aug 70
DOW-UAP-D49-Launch-Summary-February-2000.pdf,65,DATE,11 Aug 70
DOW-UAP-D49-Launch-Summary-February-2000.pdf,65,DATE,14 Aug 70
DOW-UAP-D49-Launch-Summary-February-2000.pdf,65,DATE,18 Aug 70
DOW-UAP-D49-Launch-Summary-February-2000.pdf,65,DATE,20 Aug 70
DOW-UAP-D49-Launch-Summary-February-2000.pdf,65,DATE,26 Aug 70
DOW-UAP-D49-Launch-Summary-February-2000.pdf,65,DATE,27 Aug 70
DOW-UAP-D49-Launch-Summary-February-2000.pdf,65,DATE,28 Aug 70
DOW-UAP-D49-Launch-Summary-February-2000.pdf,65,DATE,2 Sep 70
DOW-UAP-D49-Launch-Summary-February-2000.pdf,65,DATE,3 Sep 70
DOW-UAP-D49-Launch-Summary-February-2000.pdf,65,DATE,14 Sep 70
DOW-UAP-D49-Launch-Summary-February-2000.pdf,65,DATE,17 Sep 70
DOW-UAP-D49-Launch-Summary-February-2000.pdf,65,DATE,25 Sep 70
DOW-UAP-D49-Launch-Summary-February-2000.pdf,65,DATE,26 Sep 70
DOW-UAP-D49-Launch-Summary-February-2000.pdf,65,DATE,3 Oct 70
DOW-UAP-D49-Launch-Summary-February-2000.pdf,66,ORG,SAC
DOW-UAP-D49-Launch-Summary-February-2000.pdf,66,ORG,AFSC
DOW-UAP-D49-Launch-Summary-February-2000.pdf,66,ORG,NASA
DOW-UAP-D49-Launch-Summary-February-2000.pdf,66,ORG,SAFEGUARD
DOW-UAP-D49-Launch-Summary-February-2000.pdf,66,DATE,7 Oct 70
DOW-UAP-D49-Launch-Summary-February-2000.pdf,66,DATE,22 Oct 70
DOW-UAP-D49-Launch-Summary-February-2000.pdf,66,DATE,23 Oct 70
DOW-UAP-D49-Launch-Summary-February-2000.pdf,66,DATE,26 Oct 70
DOW-UAP-D49-Launch-Summary-February-2000.pdf,66,DATE,2 Nov 70
DOW-UAP-D49-Launch-Summary-February-2000.pdf,66,DATE,4 Nov 70
DOW-UAP-D49-Launch-Summary-February-2000.pdf,66,DATE,5 Nov 70
DOW-UAP-D49-Launch-Summary-February-2000.pdf,66,DATE,8 Nov 70
DOW-UAP-D49-Launch-Summary-February-2000.pdf,66,DATE,13 Nov 70
DOW-UAP-D49-Launch-Summary-February-2000.pdf,66,DATE,18 Nov 70
DOW-UAP-D49-Launch-Summary-February-2000.pdf,66,DATE,7 Dec 70
DOW-UAP-D49-Launch-Summary-February-2000.pdf,66,DATE,11 Dec 70
DOW-UAP-D49-Launch-Summary-February-2000.pdf,66,DATE,17 Dec 70
DOW-UAP-D49-Launch-Summary-February-2000.pdf,66,DATE,22 Dec 70
DOW-UAP-D49-Launch-Summary-February-2000.pdf,66,DATE,23 Dec 70
DOW-UAP-D49-Launch-Summary-February-2000.pdf,66,DATE,11 Jan 71
DOW-UAP-D49-Launch-Summary-February-2000.pdf,66,DATE,21 Jan 71
DOW-UAP-D49-Launch-Summary-February-2000.pdf,66,DATE,27 Jan 71
DOW-UAP-D49-Launch-Summary-February-2000.pdf,67,ORG,SAC
DOW-UAP-D49-Launch-Summary-February-2000.pdf,67,ORG,ADC
DOW-UAP-D49-Launch-Summary-February-2000.pdf,67,ORG,AFSC
DOW-UAP-D49-Launch-Summary-February-2000.pdf,67,ORG,SAFEGUARD
DOW-UAP-D49-Launch-Summary-February-2000.pdf,67,ORG,NASA
DOW-UAP-D49-Launch-Summary-February-2000.pdf,67,DATE,28 Jan 71
DOW-UAP-D49-Launch-Summary-February-2000.pdf,67,DATE,3 Feb 71
DOW-UAP-D49-Launch-Summary-February-2000.pdf,67,DATE,4 Feb 71
DOW-UAP-D49-Launch-Summary-February-2000.pdf,67,DATE,16 Feb 71
DOW-UAP-D49-Launch-Summary-February-2000.pdf,67,DATE,17 Feb 71
DOW-UAP-D49-Launch-Summary-February-2000.pdf,67,DATE,22 Feb 71
DOW-UAP-D49-Launch-Summary-February-2000.pdf,67,DATE,24 Feb 71
DOW-UAP-D49-Launch-Summary-February-2000.pdf,67,DATE,27 Feb 71
DOW-UAP-D49-Launch-Summary-February-2000.pdf,67,DATE,2 Mar 71
DOW-UAP-D49-Launch-Summary-February-2000.pdf,67,DATE,16 Mar 71
DOW-UAP-D49-Launch-Summary-February-2000.pdf,67,DATE,20 Mar 71
DOW-UAP-D49-Launch-Summary-February-2000.pdf,67,DATE,23 Mar 71
DOW-UAP-D49-Launch-Summary-February-2000.pdf,67,DATE,24 Mar 71
DOW-UAP-D49-Launch-Summary-February-2000.pdf,67,DATE,31 Mar 71
DOW-UAP-D49-Launch-Summary-February-2000.pdf,67,DATE,5 Apr 71
DOW-UAP-D49-Launch-Summary-February-2000.pdf,68,ORG,AFSC
DOW-UAP-D49-Launch-Summary-February-2000.pdf,68,ORG,SAC
DOW-UAP-D49-Launch-Summary-February-2000.pdf,68,ORG,ADC
DOW-UAP-D49-Launch-Summary-February-2000.pdf,68,ORG,SAFEGUARD
DOW-UAP-D49-Launch-Summary-February-2000.pdf,68,DATE,8 Apr 71
DOW-UAP-D49-Launch-Summary-February-2000.pdf,68,DATE,14 Apr 71
DOW-UAP-D49-Launch-Summary-February-2000.pdf,68,DATE,22 Apr 71
DOW-UAP-D49-Launch-Summary-February-2000.pdf,68,DATE,23 Apr 71
DOW-UAP-D49-Launch-Summary-February-2000.pdf,68,DATE,26 Apr 71
DOW-UAP-D49-Launch-Summary-February-2000.pdf,68,DATE,18 May 71
DOW-UAP-D49-Launch-Summary-February-2000.pdf,68,DATE,21 May 71
DOW-UAP-D49-Launch-Summary-February-2000.pdf,68,DATE,24 May 71
DOW-UAP-D49-Launch-Summary-February-2000.pdf,68,DATE,26 May 71
DOW-UAP-D49-Launch-Summary-February-2000.pdf,68,DATE,27 May 71
DOW-UAP-D49-Launch-Summary-February-2000.pdf,68,DATE,4 Jun 71
DOW-UAP-D49-Launch-Summary-February-2000.pdf,68,DATE,8 Jun 71
DOW-UAP-D49-Launch-Summary-February-2000.pdf,68,DATE,11 Jun 71
DOW-UAP-D49-Launch-Summary-February-2000.pdf,68,DATE,15 Jun 71
DOW-UAP-D49-Launch-Summary-February-2000.pdf,68,DATE,18 Jun 71
DOW-UAP-D49-Launch-Summary-February-2000.pdf,68,DATE,20 Jun 71
DOW-UAP-D49-Launch-Summary-February-2000.pdf,68,DATE,23 Jun 71
DOW-UAP-D49-Launch-Summary-February-2000.pdf,68,DATE,26 Jun 71
DOW-UAP-D49-Launch-Summary-February-2000.pdf,68,DATE,29 Jun 71
DOW-UAP-D49-Launch-Summary-February-2000.pdf,69,ORG,AFSC
DOW-UAP-D49-Launch-Summary-February-2000.pdf,69,ORG,SAC
DOW-UAP-D49-Launch-Summary-February-2000.pdf,69,ORG,SAFEGUARD
DOW-UAP-D49-Launch-Summary-February-2000.pdf,69,DATE,29 Jun 71
DOW-UAP-D49-Launch-Summary-February-2000.pdf,69,DATE,8 Jul 71
DOW-UAP-D49-Launch-Summary-February-2000.pdf,69,DATE,12 Jul 71
DOW-UAP-D49-Launch-Summary-February-2000.pdf,69,DATE,6 Jul 71
DOW-UAP-D49-Launch-Summary-February-2000.pdf,69,DATE,3 Aug 71
DOW-UAP-D49-Launch-Summary-February-2000.pdf,69,DATE,4 Aug 71
DOW-UAP-D49-Launch-Summary-February-2000.pdf,69,DATE,6 Aug 71
DOW-UAP-D49-Launch-Summary-February-2000.pdf,69,DATE,12 Aug 71
DOW-UAP-D49-Launch-Summary-February-2000.pdf,69,DATE,13 Aug 71
DOW-UAP-D49-Launch-Summary-February-2000.pdf,69,DATE,27 Aug 71
DOW-UAP-D49-Launch-Summary-February-2000.pdf,69,DATE,1 Sep 71
DOW-UAP-D49-Launch-Summary-February-2000.pdf,69,DATE,2 Sep 71
DOW-UAP-D49-Launch-Summary-February-2000.pdf,69,DATE,3 Sep 71
DOW-UAP-D49-Launch-Summary-February-2000.pdf,69,DATE,8 Sep 71
DOW-UAP-D49-Launch-Summary-February-2000.pdf,69,DATE,10 Sep 71
DOW-UAP-D49-Launch-Summary-February-2000.pdf,69,DATE,16 Sep 71
DOW-UAP-D49-Launch-Summary-February-2000.pdf,70,ORG,SAC
DOW-UAP-D49-Launch-Summary-February-2000.pdf,70,ORG,SAFEGUARD
DOW-UAP-D49-Launch-Summary-February-2000.pdf,70,ORG,AFSC
DOW-UAP-D49-Launch-Summary-February-2000.pdf,70,ORG,ADC
DOW-UAP-D49-Launch-Summary-February-2000.pdf,70,ORG,NASA
DOW-UAP-D49-Launch-Summary-February-2000.pdf,70,DATE,16 Sep 71
DOW-UAP-D49-Launch-Summary-February-2000.pdf,70,DATE,6 Oct 71
DOW-UAP-D49-Launch-Summary-February-2000.pdf,70,DATE,7 Oct 71
DOW-UAP-D49-Launch-Summary-February-2000.pdf,70,DATE,14 Oct 71
DOW-UAP-D49-Launch-Summary-February-2000.pdf,70,DATE,15 Oct 71
DOW-UAP-D49-Launch-Summary-February-2000.pdf,70,DATE,17 Oct 71
DOW-UAP-D49-Launch-Summary-February-2000.pdf,70,DATE,18 Oct 71
DOW-UAP-D49-Launch-Summary-February-2000.pdf,70,DATE,20 Oct 71
DOW-UAP-D49-Launch-Summary-February-2000.pdf,70,DATE,21 Oct 71
DOW-UAP-D49-Launch-Summary-February-2000.pdf,70,DATE,23 Oct 71
DOW-UAP-D49-Launch-Summary-February-2000.pdf,70,DATE,17 Nov 71
DOW-UAP-D49-Launch-Summary-February-2000.pdf,70,DATE,22 Nov 71
DOW-UAP-D49-Launch-Summary-February-2000.pdf,70,DATE,23 Nov 71
DOW-UAP-D49-Launch-Summary-February-2000.pdf,70,DATE,2 Dec 71
DOW-UAP-D49-Launch-Summary-February-2000.pdf,70,DATE,9 Dec 71
DOW-UAP-D49-Launch-Summary-February-2000.pdf,70,DATE,11 Dec 71
DOW-UAP-D49-Launch-Summary-February-2000.pdf,70,DATE,4 Dec 71
DOW-UAP-D49-Launch-Summary-February-2000.pdf,70,DATE,15 Dec 71
DOW-UAP-D49-Launch-Summary-February-2000.pdf,71,ORG,SAC
DOW-UAP-D49-Launch-Summary-February-2000.pdf,71,ORG,AFSC
DOW-UAP-D49-Launch-Summary-February-2000.pdf,71,ORG,NASA
DOW-UAP-D49-Launch-Summary-February-2000.pdf,71,ORG,SAFEGUARD
DOW-UAP-D49-Launch-Summary-February-2000.pdf,71,ORG,ADC
DOW-UAP-D49-Launch-Summary-February-2000.pdf,71,DATE,17 Dec 71
DOW-UAP-D49-Launch-Summary-February-2000.pdf,71,DATE,19 Jan 72
DOW-UAP-D49-Launch-Summary-February-2000.pdf,71,DATE,20 Jan 72
DOW-UAP-D49-Launch-Summary-February-2000.pdf,71,DATE,26 Jan 72
DOW-UAP-D49-Launch-Summary-February-2000.pdf,71,DATE,31 Jan 72
DOW-UAP-D49-Launch-Summary-February-2000.pdf,71,DATE,4 Feb 72
DOW-UAP-D49-Launch-Summary-February-2000.pdf,71,DATE,9 Feb 72
DOW-UAP-D49-Launch-Summary-February-2000.pdf,71,DATE,16 Feb 72
DOW-UAP-D49-Launch-Summary-February-2000.pdf,71,DATE,11 Mar 72
DOW-UAP-D49-Launch-Summary-February-2000.pdf,71,DATE,16 Mar 72
DOW-UAP-D49-Launch-Summary-February-2000.pdf,71,DATE,17 Mar 72
DOW-UAP-D49-Launch-Summary-February-2000.pdf,71,DATE,21 Mar 72
DOW-UAP-D49-Launch-Summary-February-2000.pdf,71,DATE,24 Mar 72
DOW-UAP-D49-Launch-Summary-February-2000.pdf,71,DATE,13 Apr 72
DOW-UAP-D49-Launch-Summary-February-2000.pdf,71,DATE,14 Apr 72
DOW-UAP-D49-Launch-Summary-February-2000.pdf,71,DATE,19 Apr 72
DOW-UAP-D49-Launch-Summary-February-2000.pdf,71,DATE,21 Apr 72
DOW-UAP-D49-Launch-Summary-February-2000.pdf,71,DATE,5 May 72
DOW-UAP-D49-Launch-Summary-February-2000.pdf,71,DATE,12 May 72
DOW-UAP-D49-Launch-Summary-February-2000.pdf,71,DATE,20 May 72
DOW-UAP-D49-Launch-Summary-February-2000.pdf,72,ORG,SAFEGUARD
DOW-UAP-D49-Launch-Summary-February-2000.pdf,72,ORG,SAC
DOW-UAP-D49-Launch-Summary-February-2000.pdf,72,ORG,AFSC
DOW-UAP-D49-Launch-Summary-February-2000.pdf,72,ORG,NASA
DOW-UAP-D49-Launch-Summary-February-2000.pdf,72,DATE,24 May 72
DOW-UAP-D49-Launch-Summary-February-2000.pdf,72,DATE,25 May 72
DOW-UAP-D49-Launch-Summary-February-2000.pdf,72,DATE,31 May 72
DOW-UAP-D49-Launch-Summary-February-2000.pdf,72,DATE,6 Jun 72
DOW-UAP-D49-Launch-Summary-February-2000.pdf,72,DATE,11 Jun 72
DOW-UAP-D49-Launch-Summary-February-2000.pdf,72,DATE,13 Jun 72
DOW-UAP-D49-Launch-Summary-February-2000.pdf,72,DATE,17 Jun 72
DOW-UAP-D49-Launch-Summary-February-2000.pdf,72,DATE,20 Jun 72
DOW-UAP-D49-Launch-Summary-February-2000.pdf,72,DATE,7 Jul 72
DOW-UAP-D49-Launch-Summary-February-2000.pdf,72,DATE,15 Jul 72
DOW-UAP-D49-Launch-Summary-February-2000.pdf,72,DATE,23 Jul 72
DOW-UAP-D49-Launch-Summary-February-2000.pdf,72,DATE,25 Jul 72
DOW-UAP-D49-Launch-Summary-February-2000.pdf,72,DATE,27 Jul 72
DOW-UAP-D49-Launch-Summary-February-2000.pdf,72,DATE,2 Aug 72
DOW-UAP-D49-Launch-Summary-February-2000.pdf,72,DATE,1 Sep 72
DOW-UAP-D49-Launch-Summary-February-2000.pdf,72,DATE,2 Sep 72
DOW-UAP-D49-Launch-Summary-February-2000.pdf,72,DATE,19 Sep 72
DOW-UAP-D49-Launch-Summary-February-2000.pdf,72,DATE,25 Sep 72
DOW-UAP-D49-Launch-Summary-February-2000.pdf,73,ORG,AFSC
DOW-UAP-D49-Launch-Summary-February-2000.pdf,73,ORG,SAC
DOW-UAP-D49-Launch-Summary-February-2000.pdf,73,ORG,SAFEGUARD
DOW-UAP-D49-Launch-Summary-February-2000.pdf,73,ORG,NASA
DOW-UAP-D49-Launch-Summary-February-2000.pdf,73,ORG,ADC
DOW-UAP-D49-Launch-Summary-February-2000.pdf,73,DATE,2 Oct 72
DOW-UAP-D49-Launch-Summary-February-2000.pdf,73,DATE,3 Oct 72
DOW-UAP-D49-Launch-Summary-February-2000.pdf,73,DATE,10 Oct 72
DOW-UAP-D49-Launch-Summary-February-2000.pdf,73,DATE,11 Oct 72
DOW-UAP-D49-Launch-Summary-February-2000.pdf,73,DATE,16 Oct 72
DOW-UAP-D49-Launch-Summary-February-2000.pdf,73,DATE,20 Oct 72
DOW-UAP-D49-Launch-Summary-February-2000.pdf,73,DATE,27 Oct 72
DOW-UAP-D49-Launch-Summary-February-2000.pdf,73,DATE,8 Nov 72
DOW-UAP-D49-Launch-Summary-February-2000.pdf,73,DATE,21 Nov 72
DOW-UAP-D49-Launch-Summary-February-2000.pdf,73,DATE,24 Nov 72
DOW-UAP-D49-Launch-Summary-February-2000.pdf,73,DATE,29 Nov 72
DOW-UAP-D49-Launch-Summary-February-2000.pdf,73,DATE,1 Dec 72
DOW-UAP-D49-Launch-Summary-February-2000.pdf,73,DATE,4 Dec 72
DOW-UAP-D49-Launch-Summary-February-2000.pdf,73,DATE,8 Dec 72
DOW-UAP-D49-Launch-Summary-February-2000.pdf,73,DATE,10 Dec 72
DOW-UAP-D49-Launch-Summary-February-2000.pdf,73,DATE,12 Dec 72
DOW-UAP-D49-Launch-Summary-February-2000.pdf,73,DATE,16 Dec 72
DOW-UAP-D49-Launch-Summary-February-2000.pdf,74,ORG,AFSC
DOW-UAP-D49-Launch-Summary-February-2000.pdf,74,ORG,SAC
DOW-UAP-D49-Launch-Summary-February-2000.pdf,74,ORG,SAFEGUARD
DOW-UAP-D49-Launch-Summary-February-2000.pdf,74,DATE,18 Dec 72
DOW-UAP-D49-Launch-Summary-February-2000.pdf,74,DATE,19 Dec 72
DOW-UAP-D49-Launch-Summary-February-2000.pdf,74,DATE,21 Dec 72
DOW-UAP-D49-Launch-Summary-February-2000.pdf,74,DATE,27 Dec 72
DOW-UAP-D49-Launch-Summary-February-2000.pdf,74,DATE,29 Dec 72
DOW-UAP-D49-Launch-Summary-February-2000.pdf,74,DATE,30 Jan 73
DOW-UAP-D49-Launch-Summary-February-2000.pdf,74,DATE,9 Mar 73
DOW-UAP-D49-Launch-Summary-February-2000.pdf,74,DATE,17 Apr 73
DOW-UAP-D49-Launch-Summary-February-2000.pdf,74,DATE,25 Apr 73
DOW-UAP-D49-Launch-Summary-February-2000.pdf,74,DATE,26 Apr 73
DOW-UAP-D49-Launch-Summary-February-2000.pdf,74,DATE,3 May 73
DOW-UAP-D49-Launch-Summary-February-2000.pdf,74,DATE,4 May 73
DOW-UAP-D49-Launch-Summary-February-2000.pdf,74,DATE,16 May 73
DOW-UAP-D49-Launch-Summary-February-2000.pdf,74,DATE,31 May 73
DOW-UAP-D49-Launch-Summary-February-2000.pdf,74,DATE,7 Jun 73
DOW-UAP-D49-Launch-Summary-February-2000.pdf,74,DATE,26 Jun 73
DOW-UAP-D49-Launch-Summary-February-2000.pdf,74,DATE,27 Jun 73
DOW-UAP-D49-Launch-Summary-February-2000.pdf,74,DATE,6 Jul 73
DOW-UAP-D49-Launch-Summary-February-2000.pdf,75,ORG,AFSC
DOW-UAP-D49-Launch-Summary-February-2000.pdf,75,ORG,NASA
DOW-UAP-D49-Launch-Summary-February-2000.pdf,75,ORG,SAFEGUARD
DOW-UAP-D49-Launch-Summary-February-2000.pdf,75,ORG,SAC
DOW-UAP-D49-Launch-Summary-February-2000.pdf,75,ORG,ADC
DOW-UAP-D49-Launch-Summary-February-2000.pdf,75,DATE,13 Jul 73
DOW-UAP-D49-Launch-Summary-February-2000.pdf,75,DATE,16 Jul 73
DOW-UAP-D49-Launch-Summary-February-2000.pdf,75,DATE,20 Jul 73
DOW-UAP-D49-Launch-Summary-February-2000.pdf,75,DATE,26 Jul 73
DOW-UAP-D49-Launch-Summary-February-2000.pdf,75,DATE,2 Aug 73
DOW-UAP-D49-Launch-Summary-February-2000.pdf,75,DATE,9 Aug 73
DOW-UAP-D49-Launch-Summary-February-2000.pdf,75,DATE,16 Aug 73
DOW-UAP-D49-Launch-Summary-February-2000.pdf,75,DATE,21 Aug 73
DOW-UAP-D49-Launch-Summary-February-2000.pdf,75,DATE,23 Aug 73
DOW-UAP-D49-Launch-Summary-February-2000.pdf,75,DATE,29 Aug 73
DOW-UAP-D49-Launch-Summary-February-2000.pdf,75,DATE,5 Sep 73
DOW-UAP-D49-Launch-Summary-February-2000.pdf,75,DATE,7 Sep 73
DOW-UAP-D49-Launch-Summary-February-2000.pdf,75,DATE,11 Sep 73
DOW-UAP-D49-Launch-Summary-February-2000.pdf,75,DATE,14 Sep 73
DOW-UAP-D49-Launch-Summary-February-2000.pdf,75,DATE,25 Sep 73
DOW-UAP-D49-Launch-Summary-February-2000.pdf,75,DATE,27 Sep 73
DOW-UAP-D49-Launch-Summary-February-2000.pdf,75,DATE,30 Sep 73
DOW-UAP-D49-Launch-Summary-February-2000.pdf,75,DATE,2 Oct 73
DOW-UAP-D49-Launch-Summary-February-2000.pdf,75,DATE,5 Oct 73
DOW-UAP-D49-Launch-Summary-February-2000.pdf,75,DATE,29 Oct 73
DOW-UAP-D49-Launch-Summary-February-2000.pdf,76,ORG,SAFEGUARD
DOW-UAP-D49-Launch-Summary-February-2000.pdf,76,ORG,AFSC
DOW-UAP-D49-Launch-Summary-February-2000.pdf,76,ORG,NASA
DOW-UAP-D49-Launch-Summary-February-2000.pdf,76,ORG,SAC
DOW-UAP-D49-Launch-Summary-February-2000.pdf,76,ORG,ADC
DOW-UAP-D49-Launch-Summary-February-2000.pdf,76,DATE,2 Nov 73
DOW-UAP-D49-Launch-Summary-February-2000.pdf,76,DATE,6 Nov 73
DOW-UAP-D49-Launch-Summary-February-2000.pdf,76,DATE,10 Nov 73
DOW-UAP-D49-Launch-Summary-February-2000.pdf,76,DATE,22 Nov 73
DOW-UAP-D49-Launch-Summary-February-2000.pdf,76,DATE,29 Nov 73
DOW-UAP-D49-Launch-Summary-February-2000.pdf,76,DATE,14 Dec 73
DOW-UAP-D49-Launch-Summary-February-2000.pdf,76,DATE,15 Dec 73
DOW-UAP-D49-Launch-Summary-February-2000.pdf,76,DATE,17 Dec 73
DOW-UAP-D49-Launch-Summary-February-2000.pdf,76,DATE,22 Dec 73
DOW-UAP-D49-Launch-Summary-February-2000.pdf,76,DATE,22 Jan 74
DOW-UAP-D49-Launch-Summary-February-2000.pdf,76,DATE,6 Jan 74
DOW-UAP-D49-Launch-Summary-February-2000.pdf,76,DATE,13 Feb 74
DOW-UAP-D49-Launch-Summary-February-2000.pdf,76,DATE,1 Mar 74
DOW-UAP-D49-Launch-Summary-February-2000.pdf,76,DATE,6 Mar 74
DOW-UAP-D49-Launch-Summary-February-2000.pdf,76,DATE,8 Mar 74
DOW-UAP-D49-Launch-Summary-February-2000.pdf,76,DATE,12 Mar 74
DOW-UAP-D49-Launch-Summary-February-2000.pdf,76,DATE,16 Mar 74
DOW-UAP-D49-Launch-Summary-February-2000.pdf,76,DATE,20 Mar 74
DOW-UAP-D49-Launch-Summary-February-2000.pdf,76,DATE,23 Mar 74
DOW-UAP-D49-Launch-Summary-February-2000.pdf,77,ORG,SAC
DOW-UAP-D49-Launch-Summary-February-2000.pdf,77,ORG,AFSC
DOW-UAP-D49-Launch-Summary-February-2000.pdf,77,ORG,SAFEGUARD
DOW-UAP-D49-Launch-Summary-February-2000.pdf,77,ORG,NASA
DOW-UAP-D49-Launch-Summary-February-2000.pdf,77,ORG,ADC
DOW-UAP-D49-Launch-Summary-February-2000.pdf,77,DATE,27 Mar 74
DOW-UAP-D49-Launch-Summary-February-2000.pdf,77,DATE,2 Apr 74
DOW-UAP-D49-Launch-Summary-February-2000.pdf,77,DATE,4 Apr 74
DOW-UAP-D49-Launch-Summary-February-2000.pdf,77,DATE,10 Apr 74
DOW-UAP-D49-Launch-Summary-February-2000.pdf,77,DATE,16 Apr 74
DOW-UAP-D49-Launch-Summary-February-2000.pdf,77,DATE,26 Apr 74
DOW-UAP-D49-Launch-Summary-February-2000.pdf,77,DATE,1 May 74
DOW-UAP-D49-Launch-Summary-February-2000.pdf,77,DATE,2 May 74
DOW-UAP-D49-Launch-Summary-February-2000.pdf,77,DATE,30 May 74
DOW-UAP-D49-Launch-Summary-February-2000.pdf,77,DATE,3 Jun 74
DOW-UAP-D49-Launch-Summary-February-2000.pdf,77,DATE,6 Jun 74
DOW-UAP-D49-Launch-Summary-February-2000.pdf,77,DATE,28 Jun 74
DOW-UAP-D49-Launch-Summary-February-2000.pdf,77,DATE,9 Jul 74
DOW-UAP-D49-Launch-Summary-February-2000.pdf,77,DATE,11 Jul 74
DOW-UAP-D49-Launch-Summary-February-2000.pdf,77,DATE,13 Jul 74
DOW-UAP-D49-Launch-Summary-February-2000.pdf,77,DATE,16 Jul 74
DOW-UAP-D49-Launch-Summary-February-2000.pdf,77,DATE,18 Jul 74
DOW-UAP-D49-Launch-Summary-February-2000.pdf,77,DATE,1 Aug 74
DOW-UAP-D49-Launch-Summary-February-2000.pdf,77,DATE,8 Aug 74
DOW-UAP-D49-Launch-Summary-February-2000.pdf,78,ORG,AFSC
DOW-UAP-D49-Launch-Summary-February-2000.pdf,78,ORG,SAC
DOW-UAP-D49-Launch-Summary-February-2000.pdf,78,ORG,NASA
DOW-UAP-D49-Launch-Summary-February-2000.pdf,78,DATE,14 Aug 74
DOW-UAP-D49-Launch-Summary-February-2000.pdf,78,DATE,17 Aug 74
DOW-UAP-D49-Launch-Summary-February-2000.pdf,78,DATE,30 Aug 74
DOW-UAP-D49-Launch-Summary-February-2000.pdf,78,DATE,8 Sep 74
DOW-UAP-D49-Launch-Summary-February-2000.pdf,78,DATE,28 Sep 74
DOW-UAP-D49-Launch-Summary-February-2000.pdf,78,DATE,1 Oct 74
DOW-UAP-D49-Launch-Summary-February-2000.pdf,78,DATE,4 Oct 74
DOW-UAP-D49-Launch-Summary-February-2000.pdf,78,DATE,7 Oct 74
DOW-UAP-D49-Launch-Summary-February-2000.pdf,78,DATE,11 Oct 74
DOW-UAP-D49-Launch-Summary-February-2000.pdf,78,DATE,12 Oct 74
DOW-UAP-D49-Launch-Summary-February-2000.pdf,78,DATE,16 Oct 74
DOW-UAP-D49-Launch-Summary-February-2000.pdf,78,DATE,22 Oct 74
DOW-UAP-D49-Launch-Summary-February-2000.pdf,78,DATE,25 Oct 74
DOW-UAP-D49-Launch-Summary-February-2000.pdf,78,DATE,29 Oct 74
DOW-UAP-D49-Launch-Summary-February-2000.pdf,78,DATE,15 Nov 74
DOW-UAP-D49-Launch-Summary-February-2000.pdf,78,DATE,26 Nov 74
DOW-UAP-D49-Launch-Summary-February-2000.pdf,78,DATE,3 Dec 74
DOW-UAP-D49-Launch-Summary-February-2000.pdf,78,DATE,17 Dec 74
DOW-UAP-D49-Launch-Summary-February-2000.pdf,78,DATE,9 Jan 75
DOW-UAP-D49-Launch-Summary-February-2000.pdf,79,ORG,AFSC
DOW-UAP-D49-Launch-Summary-February-2000.pdf,79,ORG,NASA
DOW-UAP-D49-Launch-Summary-February-2000.pdf,79,ORG,SAC
DOW-UAP-D49-Launch-Summary-February-2000.pdf,79,ORG,ADC
DOW-UAP-D49-Launch-Summary-February-2000.pdf,79,DATE,19 Jan 75
DOW-UAP-D49-Launch-Summary-February-2000.pdf,79,DATE,22 Jan 75
DOW-UAP-D49-Launch-Summary-February-2000.pdf,79,DATE,29 Jan 75
DOW-UAP-D49-Launch-Summary-February-2000.pdf,79,DATE,5 Feb 75
DOW-UAP-D49-Launch-Summary-February-2000.pdf,79,DATE,6 Mar 75
DOW-UAP-D49-Launch-Summary-February-2000.pdf,79,DATE,9 Mar 75
DOW-UAP-D49-Launch-Summary-February-2000.pdf,79,DATE,20 Mar 75
DOW-UAP-D49-Launch-Summary-February-2000.pdf,79,DATE,9 Apr 75
DOW-UAP-D49-Launch-Summary-February-2000.pdf,79,DATE,10 Apr 75
DOW-UAP-D49-Launch-Summary-February-2000.pdf,79,DATE,12 Apr 75
DOW-UAP-D49-Launch-Summary-February-2000.pdf,79,DATE,18 Apr 75
DOW-UAP-D49-Launch-Summary-February-2000.pdf,79,DATE,6 May 75
DOW-UAP-D49-Launch-Summary-February-2000.pdf,79,DATE,9 May 75
DOW-UAP-D49-Launch-Summary-February-2000.pdf,79,DATE,16 May 75
DOW-UAP-D49-Launch-Summary-February-2000.pdf,79,DATE,22 May 75
DOW-UAP-D49-Launch-Summary-February-2000.pdf,79,DATE,23 May 75
DOW-UAP-D49-Launch-Summary-February-2000.pdf,79,DATE,8 Jun 75
DOW-UAP-D49-Launch-Summary-February-2000.pdf,79,DATE,11 Jun 75
DOW-UAP-D49-Launch-Summary-February-2000.pdf,79,DATE,12 Jun 75
DOW-UAP-D49-Launch-Summary-February-2000.pdf,80,ORG,SAC
DOW-UAP-D49-Launch-Summary-February-2000.pdf,80,ORG,AFSC
DOW-UAP-D49-Launch-Summary-February-2000.pdf,80,ORG,NASA
DOW-UAP-D49-Launch-Summary-February-2000.pdf,80,DATE,20 Jun 75
DOW-UAP-D49-Launch-Summary-February-2000.pdf,80,DATE,1 Jul 75
DOW-UAP-D49-Launch-Summary-February-2000.pdf,80,DATE,23 Jul 75
DOW-UAP-D49-Launch-Summary-February-2000.pdf,80,DATE,26 Jul 75
DOW-UAP-D49-Launch-Summary-February-2000.pdf,80,DATE,7 Aug 75
DOW-UAP-D49-Launch-Summary-February-2000.pdf,80,DATE,8 Aug 75
DOW-UAP-D49-Launch-Summary-February-2000.pdf,80,DATE,14 Aug 75
DOW-UAP-D49-Launch-Summary-February-2000.pdf,80,DATE,22 Aug 75
DOW-UAP-D49-Launch-Summary-February-2000.pdf,80,DATE,29 Aug 75
DOW-UAP-D49-Launch-Summary-February-2000.pdf,80,DATE,5 Sep 75
DOW-UAP-D49-Launch-Summary-February-2000.pdf,80,DATE,10 Sep 75
DOW-UAP-D49-Launch-Summary-February-2000.pdf,80,DATE,16 Sep 75
DOW-UAP-D49-Launch-Summary-February-2000.pdf,80,DATE,23 Sep 75
DOW-UAP-D49-Launch-Summary-February-2000.pdf,80,DATE,30 Sep 75
DOW-UAP-D49-Launch-Summary-February-2000.pdf,80,DATE,6 Oct 75
DOW-UAP-D49-Launch-Summary-February-2000.pdf,80,DATE,9 Oct 75
DOW-UAP-D49-Launch-Summary-February-2000.pdf,80,DATE,11 Oct 75
DOW-UAP-D49-Launch-Summary-February-2000.pdf,80,DATE,13 Nov 75
DOW-UAP-D49-Launch-Summary-February-2000.pdf,80,DATE,14 Nov 75
DOW-UAP-D49-Launch-Summary-February-2000.pdf,81,ORG,AFSC
DOW-UAP-D49-Launch-Summary-February-2000.pdf,81,ORG,SAC
DOW-UAP-D49-Launch-Summary-February-2000.pdf,81,ORG,ADC
DOW-UAP-D49-Launch-Summary-February-2000.pdf,81,ORG,NASA
DOW-UAP-D49-Launch-Summary-February-2000.pdf,81,DATE,4 Dec 75
DOW-UAP-D49-Launch-Summary-February-2000.pdf,81,DATE,5 Dec 75
DOW-UAP-D49-Launch-Summary-February-2000.pdf,81,DATE,10 Dec 75
DOW-UAP-D49-Launch-Summary-February-2000.pdf,81,DATE,16 Dec 75
DOW-UAP-D49-Launch-Summary-February-2000.pdf,81,DATE,17 Dec 75
DOW-UAP-D49-Launch-Summary-February-2000.pdf,81,DATE,8 Jan 76
DOW-UAP-D49-Launch-Summary-February-2000.pdf,81,DATE,23 Jan 76
DOW-UAP-D49-Launch-Summary-February-2000.pdf,81,DATE,29 Jan 76
DOW-UAP-D49-Launch-Summary-February-2000.pdf,81,DATE,6 Feb 76
DOW-UAP-D49-Launch-Summary-February-2000.pdf,81,DATE,8 Feb 76
DOW-UAP-D49-Launch-Summary-February-2000.pdf,81,DATE,19 Feb 76
DOW-UAP-D49-Launch-Summary-February-2000.pdf,81,DATE,24 Feb 76
DOW-UAP-D49-Launch-Summary-February-2000.pdf,81,DATE,27 Feb 76
DOW-UAP-D49-Launch-Summary-February-2000.pdf,81,DATE,4 Mar 76
DOW-UAP-D49-Launch-Summary-February-2000.pdf,81,DATE,14 Mar 76
DOW-UAP-D49-Launch-Summary-February-2000.pdf,81,DATE,22 Mar 76
DOW-UAP-D49-Launch-Summary-February-2000.pdf,81,DATE,30 Apr 76
DOW-UAP-D49-Launch-Summary-February-2000.pdf,81,DATE,3 May 76
DOW-UAP-D49-Launch-Summary-February-2000.pdf,81,DATE,5 May 76
DOW-UAP-D49-Launch-Summary-February-2000.pdf,82,ORG,AFSC
DOW-UAP-D49-Launch-Summary-February-2000.pdf,82,ORG,SAC
DOW-UAP-D49-Launch-Summary-February-2000.pdf,82,ORG,NASA
DOW-UAP-D49-Launch-Summary-February-2000.pdf,82,ORG,ADC
DOW-UAP-D49-Launch-Summary-February-2000.pdf,82,DATE,22 May 76
DOW-UAP-D49-Launch-Summary-February-2000.pdf,82,DATE,2 Jun 76
DOW-UAP-D49-Launch-Summary-February-2000.pdf,82,DATE,3 Jun 76
DOW-UAP-D49-Launch-Summary-February-2000.pdf,82,DATE,9 Jun 76
DOW-UAP-D49-Launch-Summary-February-2000.pdf,82,DATE,22 Jun 76
DOW-UAP-D49-Launch-Summary-February-2000.pdf,82,DATE,27 Jun 76
DOW-UAP-D49-Launch-Summary-February-2000.pdf,82,DATE,30 Jun 76
DOW-UAP-D49-Launch-Summary-February-2000.pdf,82,DATE,8 Jul 76
DOW-UAP-D49-Launch-Summary-February-2000.pdf,82,DATE,13 Jul 76
DOW-UAP-D49-Launch-Summary-February-2000.pdf,82,DATE,15 Jul 76
DOW-UAP-D49-Launch-Summary-February-2000.pdf,82,DATE,29 Jul 76
DOW-UAP-D49-Launch-Summary-February-2000.pdf,82,DATE,6 Aug 76
DOW-UAP-D49-Launch-Summary-February-2000.pdf,82,DATE,19 Aug 76
DOW-UAP-D49-Launch-Summary-February-2000.pdf,82,DATE,26 Aug 76
DOW-UAP-D49-Launch-Summary-February-2000.pdf,82,DATE,1 Sep 76
DOW-UAP-D49-Launch-Summary-February-2000.pdf,82,DATE,11 Sep 76
DOW-UAP-D49-Launch-Summary-February-2000.pdf,82,DATE,15 Sep 76
DOW-UAP-D49-Launch-Summary-February-2000.pdf,82,DATE,23 Sep 76
DOW-UAP-D49-Launch-Summary-February-2000.pdf,82,DATE,26 Oct 76
DOW-UAP-D49-Launch-Summary-February-2000.pdf,83,ORG,SAC
DOW-UAP-D49-Launch-Summary-February-2000.pdf,83,ORG,AFSC
DOW-UAP-D49-Launch-Summary-February-2000.pdf,83,ORG,ADC
DOW-UAP-D49-Launch-Summary-February-2000.pdf,83,DATE,28 Oct 76
DOW-UAP-D49-Launch-Summary-February-2000.pdf,83,DATE,5 Nov 76
DOW-UAP-D49-Launch-Summary-February-2000.pdf,83,DATE,8 Nov 76
DOW-UAP-D49-Launch-Summary-February-2000.pdf,83,DATE,12 Nov 76
DOW-UAP-D49-Launch-Summary-February-2000.pdf,83,DATE,30 Nov 76
DOW-UAP-D49-Launch-Summary-February-2000.pdf,83,DATE,19 Dec 76
DOW-UAP-D49-Launch-Summary-February-2000.pdf,83,DATE,21 Jan 77
DOW-UAP-D49-Launch-Summary-February-2000.pdf,83,DATE,30 Jan 77
DOW-UAP-D49-Launch-Summary-February-2000.pdf,83,DATE,1 Feb 77
DOW-UAP-D49-Launch-Summary-February-2000.pdf,83,DATE,4 Feb 77
DOW-UAP-D49-Launch-Summary-February-2000.pdf,83,DATE,16 Feb 77
DOW-UAP-D49-Launch-Summary-February-2000.pdf,83,DATE,13 Mar 77
DOW-UAP-D49-Launch-Summary-February-2000.pdf,83,DATE,31 Mar 77
DOW-UAP-D49-Launch-Summary-February-2000.pdf,83,DATE,11 May 77
DOW-UAP-D49-Launch-Summary-February-2000.pdf,83,DATE,18 May 77
DOW-UAP-D49-Launch-Summary-February-2000.pdf,83,DATE,28 May 77
DOW-UAP-D49-Launch-Summary-February-2000.pdf,83,DATE,1 Jun 77
DOW-UAP-D49-Launch-Summary-February-2000.pdf,83,DATE,4 Jun 77
DOW-UAP-D49-Launch-Summary-February-2000.pdf,84,ORG,AFSC
DOW-UAP-D49-Launch-Summary-February-2000.pdf,84,ORG,SAC
DOW-UAP-D49-Launch-Summary-February-2000.pdf,84,ORG,NASA
DOW-UAP-D49-Launch-Summary-February-2000.pdf,84,DATE,16 Jun 77
DOW-UAP-D49-Launch-Summary-February-2000.pdf,84,DATE,23 Jun 77
DOW-UAP-D49-Launch-Summary-February-2000.pdf,84,DATE,27 Jun 77
DOW-UAP-D49-Launch-Summary-February-2000.pdf,84,DATE,28 Jun 77
DOW-UAP-D49-Launch-Summary-February-2000.pdf,84,DATE,13 Jul 77
DOW-UAP-D49-Launch-Summary-February-2000.pdf,84,DATE,14 Jul 77
DOW-UAP-D49-Launch-Summary-February-2000.pdf,84,DATE,3 Aug 77
DOW-UAP-D49-Launch-Summary-February-2000.pdf,84,DATE,19 Aug 77
DOW-UAP-D49-Launch-Summary-February-2000.pdf,84,DATE,3 Sep 77
DOW-UAP-D49-Launch-Summary-February-2000.pdf,84,DATE,14 Sep 77
DOW-UAP-D49-Launch-Summary-February-2000.pdf,84,DATE,23 Sep 77
DOW-UAP-D49-Launch-Summary-February-2000.pdf,84,DATE,27 Oct 77
DOW-UAP-D49-Launch-Summary-February-2000.pdf,84,DATE,30 Nov 77
DOW-UAP-D49-Launch-Summary-February-2000.pdf,84,DATE,6 Dec 77
DOW-UAP-D49-Launch-Summary-February-2000.pdf,84,DATE,8 Dec 77
DOW-UAP-D49-Launch-Summary-February-2000.pdf,84,DATE,9 Dec 77
DOW-UAP-D49-Launch-Summary-February-2000.pdf,84,DATE,6 Jan 78
DOW-UAP-D49-Launch-Summary-February-2000.pdf,85,ORG,SAC
DOW-UAP-D49-Launch-Summary-February-2000.pdf,85,ORG,AFSC
DOW-UAP-D49-Launch-Summary-February-2000.pdf,85,ORG,NASA
DOW-UAP-D49-Launch-Summary-February-2000.pdf,85,ORG,ADC
DOW-UAP-D49-Launch-Summary-February-2000.pdf,85,DATE,8 Feb 78
DOW-UAP-D49-Launch-Summary-February-2000.pdf,85,DATE,15 Feb 78
DOW-UAP-D49-Launch-Summary-February-2000.pdf,85,DATE,22 Feb 78
DOW-UAP-D49-Launch-Summary-February-2000.pdf,85,DATE,24 Feb 78
DOW-UAP-D49-Launch-Summary-February-2000.pdf,85,DATE,2 Mar 78
DOW-UAP-D49-Launch-Summary-February-2000.pdf,85,DATE,5 Mar 78
DOW-UAP-D49-Launch-Summary-February-2000.pdf,85,DATE,16 Mar 78
DOW-UAP-D49-Launch-Summary-February-2000.pdf,85,DATE,24 Mar 78
DOW-UAP-D49-Launch-Summary-February-2000.pdf,85,DATE,5 Apr 78
DOW-UAP-D49-Launch-Summary-February-2000.pdf,85,DATE,26 Apr 78
DOW-UAP-D49-Launch-Summary-February-2000.pdf,85,DATE,30 Apr 78
DOW-UAP-D49-Launch-Summary-February-2000.pdf,85,DATE,13 May 78
DOW-UAP-D49-Launch-Summary-February-2000.pdf,85,DATE,2 Jun 78
DOW-UAP-D49-Launch-Summary-February-2000.pdf,85,DATE,8 Jun 78
DOW-UAP-D49-Launch-Summary-February-2000.pdf,85,DATE,14 Jun 78
DOW-UAP-D49-Launch-Summary-February-2000.pdf,85,DATE,16 Jun 78
DOW-UAP-D49-Launch-Summary-February-2000.pdf,85,DATE,22 Jun 78
DOW-UAP-D49-Launch-Summary-February-2000.pdf,85,DATE,26 Jun 78
DOW-UAP-D49-Launch-Summary-February-2000.pdf,85,DATE,27 Jun 78
DOW-UAP-D49-Launch-Summary-February-2000.pdf,85,DATE,4 Jul 78
DOW-UAP-D49-Launch-Summary-February-2000.pdf,86,ORG,SAC
DOW-UAP-D49-Launch-Summary-February-2000.pdf,86,ORG,AFSC
DOW-UAP-D49-Launch-Summary-February-2000.pdf,86,ORG,NASA
DOW-UAP-D49-Launch-Summary-February-2000.pdf,86,DATE,25 Jul 78
DOW-UAP-D49-Launch-Summary-February-2000.pdf,86,DATE,4 Aug 78
DOW-UAP-D49-Launch-Summary-February-2000.pdf,86,DATE,6 Sep 78
DOW-UAP-D49-Launch-Summary-February-2000.pdf,86,DATE,6 Oct 78
DOW-UAP-D49-Launch-Summary-February-2000.pdf,86,DATE,13 Oct 78
DOW-UAP-D49-Launch-Summary-February-2000.pdf,86,DATE,24 Oct 78
DOW-UAP-D49-Launch-Summary-February-2000.pdf,86,DATE,16 Nov 78
DOW-UAP-D49-Launch-Summary-February-2000.pdf,86,DATE,27 Nov 78
DOW-UAP-D49-Launch-Summary-February-2000.pdf,86,DATE,5 Dec 78
DOW-UAP-D49-Launch-Summary-February-2000.pdf,86,DATE,8 Dec 78
DOW-UAP-D49-Launch-Summary-February-2000.pdf,86,DATE,10 Dec 78
DOW-UAP-D49-Launch-Summary-February-2000.pdf,86,DATE,19 Jan 79
DOW-UAP-D49-Launch-Summary-February-2000.pdf,86,DATE,24 Jan 79
DOW-UAP-D49-Launch-Summary-February-2000.pdf,86,DATE,30 Jan 79
DOW-UAP-D49-Launch-Summary-February-2000.pdf,86,DATE,6 Feb 79
DOW-UAP-D49-Launch-Summary-February-2000.pdf,86,DATE,15 Feb 79
DOW-UAP-D49-Launch-Summary-February-2000.pdf,86,DATE,24 Feb 79
DOW-UAP-D49-Launch-Summary-February-2000.pdf,86,DATE,27 Feb 79
DOW-UAP-D49-Launch-Summary-February-2000.pdf,86,DATE,23 Mar 79
DOW-UAP-D49-Launch-Summary-February-2000.pdf,87,ORG,SAC
DOW-UAP-D49-Launch-Summary-February-2000.pdf,87,ORG,AFSC
DOW-UAP-D49-Launch-Summary-February-2000.pdf,87,ORG,ADC
DOW-UAP-D49-Launch-Summary-February-2000.pdf,87,ORG,NASA
DOW-UAP-D49-Launch-Summary-February-2000.pdf,87,DATE,28 May 79
DOW-UAP-D49-Launch-Summary-February-2000.pdf,87,DATE,6 Jun 79
DOW-UAP-D49-Launch-Summary-February-2000.pdf,87,DATE,27 Jun 79
DOW-UAP-D49-Launch-Summary-February-2000.pdf,87,DATE,6 Jul 79
DOW-UAP-D49-Launch-Summary-February-2000.pdf,87,DATE,10 Jul 79
DOW-UAP-D49-Launch-Summary-February-2000.pdf,87,DATE,16 Jul 79
DOW-UAP-D49-Launch-Summary-February-2000.pdf,87,DATE,26 Jul 79
DOW-UAP-D49-Launch-Summary-February-2000.pdf,87,DATE,3 Aug 79
DOW-UAP-D49-Launch-Summary-February-2000.pdf,87,DATE,30 Aug 79
DOW-UAP-D49-Launch-Summary-February-2000.pdf,87,DATE,22 Sep 79
DOW-UAP-D49-Launch-Summary-February-2000.pdf,87,DATE,25 Sep 79
DOW-UAP-D49-Launch-Summary-February-2000.pdf,87,DATE,28 Sep 79
DOW-UAP-D49-Launch-Summary-February-2000.pdf,87,DATE,30 Oct 79
DOW-UAP-D49-Launch-Summary-February-2000.pdf,87,DATE,13 Dec 79
DOW-UAP-D49-Launch-Summary-February-2000.pdf,87,DATE,20 Dec 79
DOW-UAP-D49-Launch-Summary-February-2000.pdf,87,DATE,31 Jan 80
DOW-UAP-D49-Launch-Summary-February-2000.pdf,87,DATE,5 Feb 80
DOW-UAP-D49-Launch-Summary-February-2000.pdf,88,ORG,AFSC
DOW-UAP-D49-Launch-Summary-February-2000.pdf,88,ORG,SAC
DOW-UAP-D49-Launch-Summary-February-2000.pdf,88,DATE,6 Feb 80
DOW-UAP-D49-Launch-Summary-February-2000.pdf,88,DATE,9 Feb 80
DOW-UAP-D49-Launch-Summary-February-2000.pdf,88,DATE,21 Feb 80
DOW-UAP-D49-Launch-Summary-February-2000.pdf,88,DATE,23 Feb 80
DOW-UAP-D49-Launch-Summary-February-2000.pdf,88,DATE,27 Feb 80
DOW-UAP-D49-Launch-Summary-February-2000.pdf,88,DATE,3 Mar 80
DOW-UAP-D49-Launch-Summary-February-2000.pdf,88,DATE,15 Mar 80
DOW-UAP-D49-Launch-Summary-February-2000.pdf,88,DATE,27 Mar 80
DOW-UAP-D49-Launch-Summary-February-2000.pdf,88,DATE,10 Apr 80
DOW-UAP-D49-Launch-Summary-February-2000.pdf,88,DATE,26 Apr 80
DOW-UAP-D49-Launch-Summary-February-2000.pdf,88,DATE,29 May 80
DOW-UAP-D49-Launch-Summary-February-2000.pdf,88,DATE,18 Jun 80
DOW-UAP-D49-Launch-Summary-February-2000.pdf,88,DATE,22 Jun 80
DOW-UAP-D49-Launch-Summary-February-2000.pdf,88,DATE,14 Jul 80
DOW-UAP-D49-Launch-Summary-February-2000.pdf,88,DATE,1 Aug 80
DOW-UAP-D49-Launch-Summary-February-2000.pdf,88,DATE,20 Aug 80
DOW-UAP-D49-Launch-Summary-February-2000.pdf,88,DATE,15 Sep 80
DOW-UAP-D49-Launch-Summary-February-2000.pdf,88,DATE,17 Sep 80
DOW-UAP-D49-Launch-Summary-February-2000.pdf,88,DATE,8 Oct 80
DOW-UAP-D49-Launch-Summary-February-2000.pdf,89,ORG,AFSC
DOW-UAP-D49-Launch-Summary-February-2000.pdf,89,ORG,SAC
DOW-UAP-D49-Launch-Summary-February-2000.pdf,89,ORG,NASA
DOW-UAP-D49-Launch-Summary-February-2000.pdf,89,DATE,17 Nov 80
DOW-UAP-D49-Launch-Summary-February-2000.pdf,89,DATE,8 Dec 80
DOW-UAP-D49-Launch-Summary-February-2000.pdf,89,DATE,13 Dec 80
DOW-UAP-D49-Launch-Summary-February-2000.pdf,89,DATE,16 Dec 80
DOW-UAP-D49-Launch-Summary-February-2000.pdf,89,DATE,9 Feb 81
DOW-UAP-D49-Launch-Summary-February-2000.pdf,89,DATE,18 Feb 81
DOW-UAP-D49-Launch-Summary-February-2000.pdf,89,DATE,21 Feb 81
DOW-UAP-D49-Launch-Summary-February-2000.pdf,89,DATE,28 Feb 81
DOW-UAP-D49-Launch-Summary-February-2000.pdf,89,DATE,15 Mar 81
DOW-UAP-D49-Launch-Summary-February-2000.pdf,89,DATE,4 Apr 81
DOW-UAP-D49-Launch-Summary-February-2000.pdf,89,DATE,24 Apr 81
DOW-UAP-D49-Launch-Summary-February-2000.pdf,89,DATE,12 Jun 81
DOW-UAP-D49-Launch-Summary-February-2000.pdf,89,DATE,23 Jun 81
DOW-UAP-D49-Launch-Summary-February-2000.pdf,89,DATE,26 Jun 81
DOW-UAP-D49-Launch-Summary-February-2000.pdf,89,DATE,3 Aug 81
DOW-UAP-D49-Launch-Summary-February-2000.pdf,90,ORG,AFSC
DOW-UAP-D49-Launch-Summary-February-2000.pdf,90,ORG,NASA
DOW-UAP-D49-Launch-Summary-February-2000.pdf,90,ORG,SAC
DOW-UAP-D49-Launch-Summary-February-2000.pdf,90,DATE,3 Sep 81
DOW-UAP-D49-Launch-Summary-February-2000.pdf,90,DATE,12 Sep 81
DOW-UAP-D49-Launch-Summary-February-2000.pdf,90,DATE,4 Oct 81
DOW-UAP-D49-Launch-Summary-February-2000.pdf,90,DATE,6 Oct 81
DOW-UAP-D49-Launch-Summary-February-2000.pdf,90,DATE,24 Nov 81
DOW-UAP-D49-Launch-Summary-February-2000.pdf,90,DATE,9 Dec 81
DOW-UAP-D49-Launch-Summary-February-2000.pdf,90,DATE,18 Dec 81
DOW-UAP-D49-Launch-Summary-February-2000.pdf,90,DATE,21 Jan 82
DOW-UAP-D49-Launch-Summary-February-2000.pdf,90,DATE,29 Jan 82
DOW-UAP-D49-Launch-Summary-February-2000.pdf,90,DATE,18 Mar 82
DOW-UAP-D49-Launch-Summary-February-2000.pdf,90,DATE,31 Mar 82
DOW-UAP-D49-Launch-Summary-February-2000.pdf,90,DATE,11 May 82
DOW-UAP-D49-Launch-Summary-February-2000.pdf,90,DATE,22 Jun 82
DOW-UAP-D49-Launch-Summary-February-2000.pdf,90,DATE,14 Jul 82
DOW-UAP-D49-Launch-Summary-February-2000.pdf,90,DATE,16 Jul 82
DOW-UAP-D49-Launch-Summary-February-2000.pdf,90,DATE,19 Jul 82
DOW-UAP-D49-Launch-Summary-February-2000.pdf,90,DATE,4 Aug 82
DOW-UAP-D49-Launch-Summary-February-2000.pdf,90,DATE,24 Sep 82
DOW-UAP-D49-Launch-Summary-February-2000.pdf,90,DATE,8 Oct 82
DOW-UAP-D49-Launch-Summary-February-2000.pdf,91,ORG,SAC
DOW-UAP-D49-Launch-Summary-February-2000.pdf,91,ORG,AFSC
DOW-UAP-D49-Launch-Summary-February-2000.pdf,91,ORG,NASA
DOW-UAP-D49-Launch-Summary-February-2000.pdf,91,DATE,14 Oct 82
DOW-UAP-D49-Launch-Summary-February-2000.pdf,91,DATE,17 Nov 82
DOW-UAP-D49-Launch-Summary-February-2000.pdf,91,DATE,2 Dec 82
DOW-UAP-D49-Launch-Summary-February-2000.pdf,91,DATE,20 Dec 82
DOW-UAP-D49-Launch-Summary-February-2000.pdf,91,DATE,7 Jan 83
DOW-UAP-D49-Launch-Summary-February-2000.pdf,91,DATE,25 Jan 83
DOW-UAP-D49-Launch-Summary-February-2000.pdf,91,DATE,7 Feb 83
DOW-UAP-D49-Launch-Summary-February-2000.pdf,91,DATE,9 Feb 83
DOW-UAP-D49-Launch-Summary-February-2000.pdf,91,DATE,24 Feb 83
DOW-UAP-D49-Launch-Summary-February-2000.pdf,91,DATE,11 Mar 83
DOW-UAP-D49-Launch-Summary-February-2000.pdf,91,DATE,16 Mar 83
DOW-UAP-D49-Launch-Summary-February-2000.pdf,91,DATE,28 Mar 83
DOW-UAP-D49-Launch-Summary-February-2000.pdf,91,DATE,15 Apr 83
DOW-UAP-D49-Launch-Summary-February-2000.pdf,91,DATE,5 May 83
DOW-UAP-D49-Launch-Summary-February-2000.pdf,91,DATE,26 May 83
DOW-UAP-D49-Launch-Summary-February-2000.pdf,91,DATE,17 Jun 83
DOW-UAP-D49-Launch-Summary-February-2000.pdf,91,DATE,20 Jun 83
DOW-UAP-D49-Launch-Summary-February-2000.pdf,91,DATE,25 Jun 83
DOW-UAP-D49-Launch-Summary-February-2000.pdf,92,ORG,SAC
DOW-UAP-D49-Launch-Summary-February-2000.pdf,92,ORG,NASA
DOW-UAP-D49-Launch-Summary-February-2000.pdf,92,ORG,AFSC
DOW-UAP-D49-Launch-Summary-February-2000.pdf,92,DATE,27 Jun 83
DOW-UAP-D49-Launch-Summary-February-2000.pdf,92,DATE,14 Jul 83
DOW-UAP-D49-Launch-Summary-February-2000.pdf,92,DATE,31 Jul 83
DOW-UAP-D49-Launch-Summary-February-2000.pdf,92,DATE,21 Sep 83
DOW-UAP-D49-Launch-Summary-February-2000.pdf,92,DATE,28 Sep 83
DOW-UAP-D49-Launch-Summary-February-2000.pdf,92,DATE,14 Oct 83
DOW-UAP-D49-Launch-Summary-February-2000.pdf,92,DATE,17 Nov 83
DOW-UAP-D49-Launch-Summary-February-2000.pdf,92,DATE,22 Nov 83
DOW-UAP-D49-Launch-Summary-February-2000.pdf,92,DATE,16 Dec 83
DOW-UAP-D49-Launch-Summary-February-2000.pdf,92,DATE,20 Dec 83
DOW-UAP-D49-Launch-Summary-February-2000.pdf,92,DATE,25 Jan 84
DOW-UAP-D49-Launch-Summary-February-2000.pdf,92,DATE,5 Feb 84
DOW-UAP-D49-Launch-Summary-February-2000.pdf,92,DATE,29 Feb 84
DOW-UAP-D49-Launch-Summary-February-2000.pdf,92,DATE,30 Mar 84
DOW-UAP-D49-Launch-Summary-February-2000.pdf,92,DATE,8 Apr 84
DOW-UAP-D49-Launch-Summary-February-2000.pdf,93,ORG,AFSC
DOW-UAP-D49-Launch-Summary-February-2000.pdf,93,ORG,SAC
DOW-UAP-D49-Launch-Summary-February-2000.pdf,93,ORG,NASA
DOW-UAP-D49-Launch-Summary-February-2000.pdf,93,DATE,17 Apr 84
DOW-UAP-D49-Launch-Summary-February-2000.pdf,93,DATE,10 Jun 84
DOW-UAP-D49-Launch-Summary-February-2000.pdf,93,DATE,13 Jun 84
DOW-UAP-D49-Launch-Summary-February-2000.pdf,93,DATE,15 Jun 84
DOW-UAP-D49-Launch-Summary-February-2000.pdf,93,DATE,28 Aug 84
DOW-UAP-D49-Launch-Summary-February-2000.pdf,93,DATE,8 Sep 84
DOW-UAP-D49-Launch-Summary-February-2000.pdf,93,DATE,13 Sep 84
DOW-UAP-D49-Launch-Summary-February-2000.pdf,93,DATE,19 Sep 84
DOW-UAP-D49-Launch-Summary-February-2000.pdf,93,DATE,1 Oct 84
DOW-UAP-D49-Launch-Summary-February-2000.pdf,93,DATE,4 Oct 84
DOW-UAP-D49-Launch-Summary-February-2000.pdf,93,DATE,11 Oct 84
DOW-UAP-D49-Launch-Summary-February-2000.pdf,93,DATE,18 Oct 84
DOW-UAP-D49-Launch-Summary-February-2000.pdf,93,DATE,4 Dec 84
DOW-UAP-D49-Launch-Summary-February-2000.pdf,93,DATE,12 Dec 84
DOW-UAP-D49-Launch-Summary-February-2000.pdf,93,DATE,1 Feb 85
DOW-UAP-D49-Launch-Summary-February-2000.pdf,93,DATE,6 Feb 85
DOW-UAP-D49-Launch-Summary-February-2000.pdf,93,DATE,12 Mar 85
DOW-UAP-D49-Launch-Summary-February-2000.pdf,94,ORG,AFSC
DOW-UAP-D49-Launch-Summary-February-2000.pdf,94,ORG,SAC
DOW-UAP-D49-Launch-Summary-February-2000.pdf,94,ORG,NASA
DOW-UAP-D49-Launch-Summary-February-2000.pdf,94,DATE,22 May 85
DOW-UAP-D49-Launch-Summary-February-2000.pdf,94,DATE,3 Jun 85
DOW-UAP-D49-Launch-Summary-February-2000.pdf,94,DATE,16 Jun 85
DOW-UAP-D49-Launch-Summary-February-2000.pdf,94,DATE,15 Jul 85
DOW-UAP-D49-Launch-Summary-February-2000.pdf,94,DATE,2 Aug 85
DOW-UAP-D49-Launch-Summary-February-2000.pdf,94,DATE,23 Aug 85
DOW-UAP-D49-Launch-Summary-February-2000.pdf,94,DATE,28 Aug 85
DOW-UAP-D49-Launch-Summary-February-2000.pdf,94,DATE,8 Oct 85
DOW-UAP-D49-Launch-Summary-February-2000.pdf,94,DATE,22 Oct 85
DOW-UAP-D49-Launch-Summary-February-2000.pdf,94,DATE,13 Nov 85
DOW-UAP-D49-Launch-Summary-February-2000.pdf,94,DATE,14 Feb 86
DOW-UAP-D49-Launch-Summary-February-2000.pdf,94,DATE,7 Mar 86
DOW-UAP-D49-Launch-Summary-February-2000.pdf,94,DATE,15 Mar 86
DOW-UAP-D49-Launch-Summary-February-2000.pdf,94,DATE,17 Mar 86
DOW-UAP-D49-Launch-Summary-February-2000.pdf,94,DATE,18 Apr 86
DOW-UAP-D49-Launch-Summary-February-2000.pdf,94,DATE,21 May 86
DOW-UAP-D49-Launch-Summary-February-2000.pdf,95,ORG,SAC
DOW-UAP-D49-Launch-Summary-February-2000.pdf,95,ORG,AFSC
DOW-UAP-D49-Launch-Summary-February-2000.pdf,95,ORG,NASA
DOW-UAP-D49-Launch-Summary-February-2000.pdf,95,DATE,15 Jun 86
DOW-UAP-D49-Launch-Summary-February-2000.pdf,95,DATE,1 Jul 86
DOW-UAP-D49-Launch-Summary-February-2000.pdf,95,DATE,23 Aug 86
DOW-UAP-D49-Launch-Summary-February-2000.pdf,95,DATE,28 Aug 86
DOW-UAP-D49-Launch-Summary-February-2000.pdf,95,DATE,17 Sep 86
DOW-UAP-D49-Launch-Summary-February-2000.pdf,95,DATE,18 Sep 86
DOW-UAP-D49-Launch-Summary-February-2000.pdf,95,DATE,25 Sep 86
DOW-UAP-D49-Launch-Summary-February-2000.pdf,95,DATE,13 Nov 86
DOW-UAP-D49-Launch-Summary-February-2000.pdf,95,DATE,5 Dec 86
DOW-UAP-D49-Launch-Summary-February-2000.pdf,95,DATE,20 Jan 87
DOW-UAP-D49-Launch-Summary-February-2000.pdf,95,DATE,28 Jan 87
DOW-UAP-D49-Launch-Summary-February-2000.pdf,95,DATE,4 Feb 87
DOW-UAP-D49-Launch-Summary-February-2000.pdf,95,DATE,11 Feb 87
DOW-UAP-D49-Launch-Summary-February-2000.pdf,95,DATE,13 Feb 87
DOW-UAP-D49-Launch-Summary-February-2000.pdf,95,DATE,16 Mar 87
DOW-UAP-D49-Launch-Summary-February-2000.pdf,95,DATE,21 Mar 87
DOW-UAP-D49-Launch-Summary-February-2000.pdf,95,DATE,2 Apr 87
DOW-UAP-D49-Launch-Summary-February-2000.pdf,95,DATE,15 May 87
DOW-UAP-D49-Launch-Summary-February-2000.pdf,95,DATE,19 Jun 87
DOW-UAP-D49-Launch-Summary-February-2000.pdf,95,DATE,25 Jun 87
DOW-UAP-D49-Launch-Summary-February-2000.pdf,96,ORG,SAC
DOW-UAP-D49-Launch-Summary-February-2000.pdf,96,ORG,AFSC
DOW-UAP-D49-Launch-Summary-February-2000.pdf,96,ORG,NASA
DOW-UAP-D49-Launch-Summary-February-2000.pdf,96,DATE,7 Jul 87
DOW-UAP-D49-Launch-Summary-February-2000.pdf,96,DATE,12 Jul 87
DOW-UAP-D49-Launch-Summary-February-2000.pdf,96,DATE,1 Sep 87
DOW-UAP-D49-Launch-Summary-February-2000.pdf,96,DATE,16 Sep 87
DOW-UAP-D49-Launch-Summary-February-2000.pdf,96,DATE,21 Sep 87
DOW-UAP-D49-Launch-Summary-February-2000.pdf,96,DATE,26 Oct 87
DOW-UAP-D49-Launch-Summary-February-2000.pdf,96,DATE,28 Oct 87
DOW-UAP-D49-Launch-Summary-February-2000.pdf,96,DATE,3 Nov 87
DOW-UAP-D49-Launch-Summary-February-2000.pdf,96,DATE,9 Nov 87
DOW-UAP-D49-Launch-Summary-February-2000.pdf,96,DATE,18 Jan 88
DOW-UAP-D49-Launch-Summary-February-2000.pdf,96,DATE,29 Jan 88
DOW-UAP-D49-Launch-Summary-February-2000.pdf,96,DATE,2 Feb 88
DOW-UAP-D49-Launch-Summary-February-2000.pdf,96,DATE,25 Apr 88
DOW-UAP-D49-Launch-Summary-February-2000.pdf,96,DATE,3 Jun 88
DOW-UAP-D49-Launch-Summary-February-2000.pdf,96,DATE,15 Jun 88
DOW-UAP-D49-Launch-Summary-February-2000.pdf,96,DATE,12 Jul 88
DOW-UAP-D49-Launch-Summary-February-2000.pdf,96,DATE,25 Aug 88
DOW-UAP-D49-Launch-Summary-February-2000.pdf,96,DATE,5 Sep 88
DOW-UAP-D49-Launch-Summary-February-2000.pdf,96,DATE,24 Sep 88
DOW-UAP-D49-Launch-Summary-February-2000.pdf,97,ORG,SAC
DOW-UAP-D49-Launch-Summary-February-2000.pdf,97,ORG,AFSC
DOW-UAP-D49-Launch-Summary-February-2000.pdf,97,ORG,NASA
DOW-UAP-D49-Launch-Summary-February-2000.pdf,97,DATE,27 Oct 88
DOW-UAP-D49-Launch-Summary-February-2000.pdf,97,DATE,6 Nov 88
DOW-UAP-D49-Launch-Summary-February-2000.pdf,97,DATE,25 Jan 89
DOW-UAP-D49-Launch-Summary-February-2000.pdf,97,DATE,22 Feb 89
DOW-UAP-D49-Launch-Summary-February-2000.pdf,97,DATE,7 Mar 89
DOW-UAP-D49-Launch-Summary-February-2000.pdf,97,DATE,19 Mar 89
DOW-UAP-D49-Launch-Summary-February-2000.pdf,97,DATE,11 May 89
DOW-UAP-D49-Launch-Summary-February-2000.pdf,97,DATE,6 Jul 89
DOW-UAP-D49-Launch-Summary-February-2000.pdf,97,DATE,11 Jul 89
DOW-UAP-D49-Launch-Summary-February-2000.pdf,97,DATE,5 Sep 89
DOW-UAP-D49-Launch-Summary-February-2000.pdf,97,DATE,14 Sep 89
DOW-UAP-D49-Launch-Summary-February-2000.pdf,97,DATE,26 Sep 89
DOW-UAP-D49-Launch-Summary-February-2000.pdf,97,DATE,5 Oct 89
DOW-UAP-D49-Launch-Summary-February-2000.pdf,97,DATE,6 Nov 89
DOW-UAP-D49-Launch-Summary-February-2000.pdf,97,DATE,18 Nov 89
DOW-UAP-D49-Launch-Summary-February-2000.pdf,97,DATE,6 Feb 90
DOW-UAP-D49-Launch-Summary-February-2000.pdf,97,DATE,14 Feb 90
DOW-UAP-D49-Launch-Summary-February-2000.pdf,97,DATE,8 Mar 90
DOW-UAP-D49-Launch-Summary-February-2000.pdf,97,DATE,21 Mar 90
DOW-UAP-D49-Launch-Summary-February-2000.pdf,97,DATE,24 Mar 90
DOW-UAP-D49-Launch-Summary-February-2000.pdf,98,ORG,AFSC
DOW-UAP-D49-Launch-Summary-February-2000.pdf,98,ORG,NASA
DOW-UAP-D49-Launch-Summary-February-2000.pdf,98,ORG,SAC
DOW-UAP-D49-Launch-Summary-February-2000.pdf,98,DATE,11 Apr 90
DOW-UAP-D49-Launch-Summary-February-2000.pdf,98,DATE,9 May 90
DOW-UAP-D49-Launch-Summary-February-2000.pdf,98,DATE,16 May 90
DOW-UAP-D49-Launch-Summary-February-2000.pdf,98,DATE,26 Jun 90
DOW-UAP-D49-Launch-Summary-February-2000.pdf,98,DATE,13 Sep 90
DOW-UAP-D49-Launch-Summary-February-2000.pdf,98,DATE,19 Sep 90
DOW-UAP-D49-Launch-Summary-February-2000.pdf,98,DATE,6 Nov 90
DOW-UAP-D49-Launch-Summary-February-2000.pdf,98,DATE,1 Dec 90
DOW-UAP-D49-Launch-Summary-February-2000.pdf,98,DATE,28 Jan 91
DOW-UAP-D49-Launch-Summary-February-2000.pdf,98,DATE,8 Mar 91
DOW-UAP-D49-Launch-Summary-February-2000.pdf,98,DATE,12 Mar 91
DOW-UAP-D49-Launch-Summary-February-2000.pdf,98,DATE,18 Apr 91
DOW-UAP-D49-Launch-Summary-February-2000.pdf,98,DATE,11 May 91
DOW-UAP-D49-Launch-Summary-February-2000.pdf,98,DATE,14 May 91
DOW-UAP-D49-Launch-Summary-February-2000.pdf,98,DATE,11 Jun 91
DOW-UAP-D49-Launch-Summary-February-2000.pdf,98,DATE,20 Jun 91
DOW-UAP-D49-Launch-Summary-February-2000.pdf,98,DATE,25 Jun 91
DOW-UAP-D49-Launch-Summary-February-2000.pdf,98,DATE,29 Jun 91
DOW-UAP-D49-Launch-Summary-February-2000.pdf,98,DATE,2 Jul 91
DOW-UAP-D49-Launch-Summary-February-2000.pdf,98,DATE,3 Sep 91
DOW-UAP-D49-Launch-Summary-February-2000.pdf,99,ORG,SAC
DOW-UAP-D49-Launch-Summary-February-2000.pdf,99,ORG,AFSC
DOW-UAP-D49-Launch-Summary-February-2000.pdf,99,ORG,NASA
DOW-UAP-D49-Launch-Summary-February-2000.pdf,99,DATE,17 Sep 91
DOW-UAP-D49-Launch-Summary-February-2000.pdf,99,DATE,7 Nov 91
DOW-UAP-D49-Launch-Summary-February-2000.pdf,99,DATE,11 Nov 91
DOW-UAP-D49-Launch-Summary-February-2000.pdf,99,DATE,4 Mar 92
DOW-UAP-D49-Launch-Summary-February-2000.pdf,99,DATE,13 Mar 92
DOW-UAP-D49-Launch-Summary-February-2000.pdf,99,DATE,25 Apr 92
DOW-UAP-D49-Launch-Summary-February-2000.pdf,99,DATE,5 May 92
DOW-UAP-D49-Launch-Summary-February-2000.pdf,99,DATE,2 Jun 92
DOW-UAP-D49-Launch-Summary-February-2000.pdf,99,DATE,30 Jun 92
DOW-UAP-D49-Launch-Summary-February-2000.pdf,99,DATE,3 Jul 92
DOW-UAP-D49-Launch-Summary-February-2000.pdf,99,DATE,15 Sep 92
DOW-UAP-D49-Launch-Summary-February-2000.pdf,99,DATE,28 Sep 92
DOW-UAP-D49-Launch-Summary-February-2000.pdf,99,DATE,24 Oct 92
DOW-UAP-D49-Launch-Summary-February-2000.pdf,99,DATE,3 Nov 92
DOW-UAP-D49-Launch-Summary-February-2000.pdf,99,DATE,21 Nov 92
DOW-UAP-D49-Launch-Summary-February-2000.pdf,99,DATE,28 Nov 92
DOW-UAP-D49-Launch-Summary-February-2000.pdf,99,DATE,4 Mar 93
DOW-UAP-D49-Launch-Summary-February-2000.pdf,99,DATE,9 Mar 93
DOW-UAP-D49-Launch-Summary-February-2000.pdf,99,DATE,15 Jun 93
DOW-UAP-D49-Launch-Summary-February-2000.pdf,100,ORG,NASA
DOW-UAP-D49-Launch-Summary-February-2000.pdf,100,DATE,25 Jun 93
DOW-UAP-D49-Launch-Summary-February-2000.pdf,100,DATE,2 Jul 93
DOW-UAP-D49-Launch-Summary-February-2000.pdf,100,DATE,13 Jul 93
DOW-UAP-D49-Launch-Summary-February-2000.pdf,100,DATE,2 Aug 93
DOW-UAP-D49-Launch-Summary-February-2000.pdf,100,DATE,9 Aug 93
DOW-UAP-D49-Launch-Summary-February-2000.pdf,100,DATE,31 Aug 93
DOW-UAP-D49-Launch-Summary-February-2000.pdf,100,DATE,15 Sep 93
DOW-UAP-D49-Launch-Summary-February-2000.pdf,100,DATE,5 Oct 93
DOW-UAP-D49-Launch-Summary-February-2000.pdf,100,DATE,25 Jan 94
DOW-UAP-D49-Launch-Summary-February-2000.pdf,100,DATE,2 Feb 94
DOW-UAP-D49-Launch-Summary-February-2000.pdf,100,DATE,4 Feb 94
DOW-UAP-D49-Launch-Summary-February-2000.pdf,100,DATE,7 Mar 94
DOW-UAP-D49-Launch-Summary-February-2000.pdf,100,DATE,13 Mar 94
DOW-UAP-D49-Launch-Summary-February-2000.pdf,100,DATE,8 May 94
DOW-UAP-D49-Launch-Summary-February-2000.pdf,100,DATE,17 May 94
DOW-UAP-D49-Launch-Summary-February-2000.pdf,100,DATE,8 Jun 94
DOW-UAP-D49-Launch-Summary-February-2000.pdf,100,DATE,6 Jul 94
DOW-UAP-D49-Launch-Summary-February-2000.pdf,100,DATE,29 Aug 94
DOW-UAP-D49-Launch-Summary-February-2000.pdf,101,ORG,NASA
DOW-UAP-D49-Launch-Summary-February-2000.pdf,101,DATE,7 Sep 94
DOW-UAP-D49-Launch-Summary-February-2000.pdf,101,DATE,5 Oct 94
DOW-UAP-D49-Launch-Summary-February-2000.pdf,101,DATE,30 Dec 94
DOW-UAP-D49-Launch-Summary-February-2000.pdf,101,DATE,19 Jan 95
DOW-UAP-D49-Launch-Summary-February-2000.pdf,101,DATE,1 Feb 95
DOW-UAP-D49-Launch-Summary-February-2000.pdf,101,DATE,17 Mar 95
DOW-UAP-D49-Launch-Summary-February-2000.pdf,101,DATE,24 Mar 95
DOW-UAP-D49-Launch-Summary-February-2000.pdf,101,DATE,3 Apr 95
DOW-UAP-D49-Launch-Summary-February-2000.pdf,101,DATE,14 Jun 95
DOW-UAP-D49-Launch-Summary-February-2000.pdf,101,DATE,22 Jun 95
DOW-UAP-D49-Launch-Summary-February-2000.pdf,101,DATE,15 Aug 95
DOW-UAP-D49-Launch-Summary-February-2000.pdf,101,DATE,30 Aug 95
DOW-UAP-D49-Launch-Summary-February-2000.pdf,101,DATE,4 Nov 95
DOW-UAP-D49-Launch-Summary-February-2000.pdf,101,DATE,5 Dec 95
DOW-UAP-D49-Launch-Summary-February-2000.pdf,101,DATE,24 Feb 96
DOW-UAP-D49-Launch-Summary-February-2000.pdf,101,DATE,6 Mar 96
DOW-UAP-D49-Launch-Summary-February-2000.pdf,101,DATE,8 Mar 96
DOW-UAP-D49-Launch-Summary-February-2000.pdf,101,DATE,24 Apr 96
DOW-UAP-D49-Launch-Summary-February-2000.pdf,101,DATE,13 March 1994
DOW-UAP-D49-Launch-Summary-February-2000.pdf,102,DATE,8 May 96
DOW-UAP-D49-Launch-Summary-February-2000.pdf,102,DATE,12 May 96
DOW-UAP-D49-Launch-Summary-February-2000.pdf,102,DATE,16 May 96
DOW-UAP-D49-Launch-Summary-February-2000.pdf,102,DATE,30 May 96
DOW-UAP-D49-Launch-Summary-February-2000.pdf,102,DATE,26 Jun 96
DOW-UAP-D49-Launch-Summary-February-2000.pdf,102,DATE,2 Jul 96
DOW-UAP-D49-Launch-Summary-February-2000.pdf,102,DATE,21 Aug 96
DOW-UAP-D49-Launch-Summary-February-2000.pdf,102,DATE,11 Sep 96
DOW-UAP-D49-Launch-Summary-February-2000.pdf,102,DATE,27 Sep 96
DOW-UAP-D49-Launch-Summary-February-2000.pdf,102,DATE,6 Nov 96
DOW-UAP-D49-Launch-Summary-February-2000.pdf,102,DATE,20 Dec 96
DOW-UAP-D49-Launch-Summary-February-2000.pdf,102,DATE,16 Jan 97
DOW-UAP-D49-Launch-Summary-February-2000.pdf,102,DATE,30 Jan 97
DOW-UAP-D49-Launch-Summary-February-2000.pdf,102,DATE,3 Apr 97
DOW-UAP-D49-Launch-Summary-February-2000.pdf,102,DATE,5 May 97
DOW-UAP-D49-Launch-Summary-February-2000.pdf,102,DATE,8 May 97
DOW-UAP-D49-Launch-Summary-February-2000.pdf,102,DATE,21 May 97
DOW-UAP-D49-Launch-Summary-February-2000.pdf,102,DATE,18 Jun 97
DOW-UAP-D49-Launch-Summary-February-2000.pdf,103,DATE,23 Jun 97
DOW-UAP-D49-Launch-Summary-February-2000.pdf,103,DATE,9 Jul 97
DOW-UAP-D49-Launch-Summary-February-2000.pdf,103,DATE,1 Aug 97
DOW-UAP-D49-Launch-Summary-February-2000.pdf,103,DATE,20 Aug 97
DOW-UAP-D49-Launch-Summary-February-2000.pdf,103,DATE,22 Aug 97
DOW-UAP-D49-Launch-Summary-February-2000.pdf,103,DATE,29 Aug 97
DOW-UAP-D49-Launch-Summary-February-2000.pdf,103,DATE,17 Sep 97
DOW-UAP-D49-Launch-Summary-February-2000.pdf,103,DATE,26 Sep 97
DOW-UAP-D49-Launch-Summary-February-2000.pdf,103,DATE,23 Oct 97
DOW-UAP-D49-Launch-Summary-February-2000.pdf,103,DATE,5 Nov 97
DOW-UAP-D49-Launch-Summary-February-2000.pdf,103,DATE,8 Nov 97
DOW-UAP-D49-Launch-Summary-February-2000.pdf,103,DATE,20 Dec 97
DOW-UAP-D49-Launch-Summary-February-2000.pdf,103,DATE,15 Jan 98
DOW-UAP-D49-Launch-Summary-February-2000.pdf,103,DATE,10 Feb 98
DOW-UAP-D49-Launch-Summary-February-2000.pdf,103,DATE,18 Feb 98
DOW-UAP-D49-Launch-Summary-February-2000.pdf,103,DATE,20 Feb 98
DOW-UAP-D49-Launch-Summary-February-2000.pdf,103,DATE,25 Feb 98
DOW-UAP-D49-Launch-Summary-February-2000.pdf,103,DATE,4 August 1997
DOW-UAP-D49-Launch-Summary-February-2000.pdf,104,DATE,1 Apr 98
DOW-UAP-D49-Launch-Summary-February-2000.pdf,104,DATE,13 May 98
DOW-UAP-D49-Launch-Summary-February-2000.pdf,104,DATE,17 May 98
DOW-UAP-D49-Launch-Summary-February-2000.pdf,104,DATE,3 Jun 98
DOW-UAP-D49-Launch-Summary-February-2000.pdf,104,DATE,24 Jun 98
DOW-UAP-D49-Launch-Summary-February-2000.pdf,104,DATE,8 Sep 98
DOW-UAP-D49-Launch-Summary-February-2000.pdf,104,DATE,3 Oct 98
DOW-UAP-D49-Launch-Summary-February-2000.pdf,104,DATE,6 Nov 98
DOW-UAP-D49-Launch-Summary-February-2000.pdf,104,DATE,5 Dec 98
DOW-UAP-D49-Launch-Summary-February-2000.pdf,104,DATE,10 Feb 99
DOW-UAP-D49-Launch-Summary-February-2000.pdf,104,DATE,23 Feb 99
DOW-UAP-D49-Launch-Summary-February-2000.pdf,104,DATE,4 Mar 99
DOW-UAP-D49-Launch-Summary-February-2000.pdf,104,DATE,10 Mar 99
DOW-UAP-D49-Launch-Summary-February-2000.pdf,104,DATE,15 Apr 99
DOW-UAP-D49-Launch-Summary-February-2000.pdf,105,ORG,NASA
DOW-UAP-D49-Launch-Summary-February-2000.pdf,105,DATE,27 Apr 99
DOW-UAP-D49-Launch-Summary-February-2000.pdf,105,DATE,17 May 99
DOW-UAP-D49-Launch-Summary-February-2000.pdf,105,DATE,22 May 99
DOW-UAP-D49-Launch-Summary-February-2000.pdf,105,DATE,19 Jun 99
DOW-UAP-D49-Launch-Summary-February-2000.pdf,105,DATE,29 Aug 99
DOW-UAP-D49-Launch-Summary-February-2000.pdf,105,DATE,24 Sep 99
DOW-UAP-D49-Launch-Summary-February-2000.pdf,105,DATE,2 Oct 99
DOW-UAP-D49-Launch-Summary-February-2000.pdf,105,DATE,13 Nov 99
DOW-UAP-D49-Launch-Summary-February-2000.pdf,105,DATE,12 Dec 99
DOW-UAP-D49-Launch-Summary-February-2000.pdf,105,DATE,18 Dec 99
DOW-UAP-D49-Launch-Summary-February-2000.pdf,105,DATE,20 Dec 99
DOW-UAP-D49-Launch-Summary-February-2000.pdf,105,DATE,18 Jan 00
DOW-UAP-D49-Launch-Summary-February-2000.pdf,105,DATE,26 Jan 00
DOW-UAP-D49-Launch-Summary-February-2000.pdf,106,ORG,NASA
DOW-UAP-D49-Launch-Summary-February-2000.pdf,106,DATE,25 Jul 58
DOW-UAP-D49-Launch-Summary-February-2000.pdf,106,DATE,16 Dec 58
DOW-UAP-D49-Launch-Summary-February-2000.pdf,106,DATE,16 Jun 61
DOW-UAP-D49-Launch-Summary-February-2000.pdf,106,DATE,11 Mar 72
DOW-UAP-D49-Launch-Summary-February-2000.pdf,106,DATE,17 Sep 59
DOW-UAP-D49-Launch-Summary-February-2000.pdf,106,DATE,28 Aug 62
DOW-UAP-D49-Launch-Summary-February-2000.pdf,106,DATE,1 Oct 58
DOW-UAP-D49-Launch-Summary-February-2000.pdf,106,DATE,25 Jun 59
DOW-UAP-D49-Launch-Summary-February-2000.pdf,106,DATE,18 Sep 68
DOW-UAP-D49-Launch-Summary-February-2000.pdf,106,DATE,28 Feb 59
DOW-UAP-D49-Launch-Summary-February-2000.pdf,106,DATE,14 Dec 71
DOW-UAP-D49-Launch-Summary-February-2000.pdf,106,DATE,29 Oct 58
DOW-UAP-D49-Launch-Summary-February-2000.pdf,106,DATE,19 Mar 62
DOW-UAP-D49-Launch-Summary-February-2000.pdf,106,DATE,14 Aug 59
DOW-UAP-D49-Launch-Summary-February-2000.pdf,106,DATE,11 Sep 76
DOW-UAP-D49-Launch-Summary-February-2000.pdf,106,DATE,14 Jul 80
DOW-UAP-D49-Launch-Summary-February-2000.pdf,106,DATE,18 Jun 62
DOW-UAP-D49-Launch-Summary-February-2000.pdf,106,DATE,14 May 58
DOW-UAP-D49-Launch-Summary-February-2000.pdf,106,DATE,26 Oct 62
DOW-UAP-D49-Launch-Summary-February-2000.pdf,106,DATE,4 Nov 63
DOW-UAP-D49-Launch-Summary-February-2000.pdf,106,DATE,27 May 65
DOW-UAP-D49-Launch-Summary-February-2000.pdf,106,DATE,8 Sep 74
DOW-UAP-D49-Launch-Summary-February-2000.pdf,107,ORG,USAF
DOW-UAP-D49-Launch-Summary-February-2000.pdf,107,DATE,4 Nov 58
DOW-UAP-D49-Launch-Summary-February-2000.pdf,107,DATE,5 Aug 65
DOW-UAP-D49-Launch-Summary-February-2000.pdf,107,DATE,6 Apr 68
DOW-UAP-D49-Launch-Summary-February-2000.pdf,107,DATE,6 Aug 71
DOW-UAP-D49-Launch-Summary-February-2000.pdf,107,DATE,8 Apr 59
DOW-UAP-D49-Launch-Summary-February-2000.pdf,107,DATE,26 Jan 60
DOW-UAP-D49-Launch-Summary-February-2000.pdf,107,DATE,22 Jul 60
DOW-UAP-D49-Launch-Summary-February-2000.pdf,107,DATE,6 Apr 65
DOW-UAP-D49-Launch-Summary-February-2000.pdf,107,DATE,10 Jul 59
DOW-UAP-D49-Launch-Summary-February-2000.pdf,107,DATE,10 Jun 66
DOW-UAP-D49-Launch-Summary-February-2000.pdf,107,DATE,3 Juli 65
DOW-UAP-D49-Launch-Summary-February-2000.pdf,107,DATE,19 Jun 59
DOW-UAP-D49-Launch-Summary-February-2000.pdf,107,DATE,22 Apr 60
DOW-UAP-D49-Launch-Summary-February-2000.pdf,107,DATE,7 Nov 67
DOW-UAP-D49-Launch-Summary-February-2000.pdf,107,DATE,20 Aug 59
DOW-UAP-D49-Launch-Summary-February-2000.pdf,107,DATE,12 Sep 60
DOW-UAP-D49-Launch-Summary-February-2000.pdf,107,DATE,21 Jan 65
DOW-UAP-D49-Launch-Summary-February-2000.pdf,107,DATE,27 May 65
DOW-UAP-D49-Launch-Summary-February-2000.pdf,107,DATE,11 Oct 67
DOW-UAP-D49-Launch-Summary-February-2000.pdf,107,DATE,10 Sep 59
DOW-UAP-D49-Launch-Summary-February-2000.pdf,107,DATE,11 Oct 60
DOW-UAP-D49-Launch-Summary-February-2000.pdf,107,DATE,12 Jul 61
DOW-UAP-D49-Launch-Summary-February-2000.pdf,107,DATE,15 Dec 59
DOW-UAP-D49-Launch-Summary-February-2000.pdf,107,DATE,3 Dec 60
DOW-UAP-D49-Launch-Summary-February-2000.pdf,108,ORG,USAF
DOW-UAP-D49-Launch-Summary-February-2000.pdf,108,DATE,8 Dec 59
DOW-UAP-D49-Launch-Summary-February-2000.pdf,108,DATE,14 Jul 59
DOW-UAP-D49-Launch-Summary-February-2000.pdf,108,DATE,9 Feb 73
DOW-UAP-D49-Launch-Summary-February-2000.pdf,108,DATE,4 Feb 60
DOW-UAP-D49-Launch-Summary-February-2000.pdf,108,DATE,11 May 63
DOW-UAP-D49-Launch-Summary-February-2000.pdf,108,DATE,18 Mar 60
DOW-UAP-D49-Launch-Summary-February-2000.pdf,108,DATE,10 Aug 62
DOW-UAP-D49-Launch-Summary-February-2000.pdf,108,DATE,8 Jan 65
DOW-UAP-D49-Launch-Summary-February-2000.pdf,108,DATE,20 May 60
DOW-UAP-D49-Launch-Summary-February-2000.pdf,108,DATE,7 Jun 61
DOW-UAP-D49-Launch-Summary-February-2000.pdf,108,DATE,27 Aug 64
DOW-UAP-D49-Launch-Summary-February-2000.pdf,108,DATE,19 Jul 60
DOW-UAP-D49-Launch-Summary-February-2000.pdf,108,DATE,3 Jul 63
DOW-UAP-D49-Launch-Summary-February-2000.pdf,108,DATE,25 Sep 63
DOW-UAP-D49-Launch-Summary-February-2000.pdf,108,DATE,10 Aug 60
DOW-UAP-D49-Launch-Summary-February-2000.pdf,108,DATE,30 Aug 60
DOW-UAP-D49-Launch-Summary-February-2000.pdf,108,DATE,23 Sep 61
DOW-UAP-D49-Launch-Summary-February-2000.pdf,108,DATE,8 Dec 64
DOW-UAP-D49-Launch-Summary-February-2000.pdf,108,DATE,30 Mar 63
DOW-UAP-D49-Launch-Summary-February-2000.pdf,108,DATE,3 Mar 65
DOW-UAP-D49-Launch-Summary-February-2000.pdf,109,ORG,NASA
DOW-UAP-D49-Launch-Summary-February-2000.pdf,109,ORG,USAF
DOW-UAP-D49-Launch-Summary-February-2000.pdf,109,DATE,14 Jan 65
DOW-UAP-D49-Launch-Summary-February-2000.pdf,109,DATE,27 Sep 60
DOW-UAP-D49-Launch-Summary-February-2000.pdf,109,DATE,20 Jan 62
DOW-UAP-D49-Launch-Summary-February-2000.pdf,109,DATE,20 May 69
DOW-UAP-D49-Launch-Summary-February-2000.pdf,109,DATE,15 Jun 61
DOW-UAP-D49-Launch-Summary-February-2000.pdf,109,DATE,17 Feb 64
DOW-UAP-D49-Launch-Summary-February-2000.pdf,109,DATE,4 May 61
DOW-UAP-D49-Launch-Summary-February-2000.pdf,109,DATE,16 Feb 63
DOW-UAP-D49-Launch-Summary-February-2000.pdf,109,DATE,27 Jun 76
DOW-UAP-D49-Launch-Summary-February-2000.pdf,109,DATE,25 May 61
DOW-UAP-D49-Launch-Summary-February-2000.pdf,109,DATE,13 May 63
DOW-UAP-D49-Launch-Summary-February-2000.pdf,109,DATE,5 Apr 66
DOW-UAP-D49-Launch-Summary-February-2000.pdf,109,DATE,30 Jun 61
DOW-UAP-D49-Launch-Summary-February-2000.pdf,109,DATE,15 Mar 63
DOW-UAP-D49-Launch-Summary-February-2000.pdf,109,DATE,31 Aug 64
DOW-UAP-D49-Launch-Summary-February-2000.pdf,109,DATE,7 Jul 61
DOW-UAP-D49-Launch-Summary-February-2000.pdf,109,DATE,1 Aug 62
DOW-UAP-D49-Launch-Summary-February-2000.pdf,109,DATE,22 Dec 64
DOW-UAP-D49-Launch-Summary-February-2000.pdf,109,DATE,7 Nov 61
DOW-UAP-D49-Launch-Summary-February-2000.pdf,109,DATE,26 Apr 62
DOW-UAP-D49-Launch-Summary-February-2000.pdf,109,DATE,21 Nov 61
DOW-UAP-D49-Launch-Summary-February-2000.pdf,109,DATE,12 Apr 63
DOW-UAP-D49-Launch-Summary-February-2000.pdf,109,DATE,26 Jul 75
DOW-UAP-D49-Launch-Summary-February-2000.pdf,109,DATE,30 Apr 63
DOW-UAP-D49-Launch-Summary-February-2000.pdf,109,DATE,1 July 1967
DOW-UAP-D49-Launch-Summary-February-2000.pdf,110,ORG,SAC
DOW-UAP-D49-Launch-Summary-February-2000.pdf,110,ORG,NASA
DOW-UAP-D49-Launch-Summary-February-2000.pdf,110,ORG,USAF
DOW-UAP-D49-Launch-Summary-February-2000.pdf,110,DATE,1 Nov 61
DOW-UAP-D49-Launch-Summary-February-2000.pdf,110,DATE,10 Dec 62
DOW-UAP-D49-Launch-Summary-February-2000.pdf,110,DATE,26 Oct 76
DOW-UAP-D49-Launch-Summary-February-2000.pdf,110,DATE,28 Dec 61
DOW-UAP-D49-Launch-Summary-February-2000.pdf,110,DATE,11 Apr 63
DOW-UAP-D49-Launch-Summary-February-2000.pdf,110,DATE,30 Mar 62
DOW-UAP-D49-Launch-Summary-February-2000.pdf,110,DATE,29 Jun 71
DOW-UAP-D49-Launch-Summary-February-2000.pdf,110,DATE,3 Apr 62
DOW-UAP-D49-Launch-Summary-February-2000.pdf,110,DATE,24 May 63
DOW-UAP-D49-Launch-Summary-February-2000.pdf,110,DATE,6 Nov 62
DOW-UAP-D49-Launch-Summary-February-2000.pdf,110,DATE,14 Aug 64
DOW-UAP-D49-Launch-Summary-February-2000.pdf,110,DATE,1 Mar 81
DOW-UAP-D49-Launch-Summary-February-2000.pdf,110,DATE,13 Jul 63
DOW-UAP-D49-Launch-Summary-February-2000.pdf,110,DATE,29 Jul 66
DOW-UAP-D49-Launch-Summary-February-2000.pdf,110,DATE,24 Apr 63
DOW-UAP-D49-Launch-Summary-February-2000.pdf,110,DATE,17 Dec 63
DOW-UAP-D49-Launch-Summary-February-2000.pdf,110,DATE,11 Jan 67
DOW-UAP-D49-Launch-Summary-February-2000.pdf,110,DATE,18 Mar 63
DOW-UAP-D49-Launch-Summary-February-2000.pdf,110,DATE,26 Sep 63
DOW-UAP-D49-Launch-Summary-February-2000.pdf,110,DATE,29 Jun 64
DOW-UAP-D49-Launch-Summary-February-2000.pdf,110,DATE,3 Aug 64
DOW-UAP-D49-Launch-Summary-February-2000.pdf,110,DATE,18 Aug 65
DOW-UAP-D49-Launch-Summary-February-2000.pdf,110,DATE,27 Mar 80
DOW-UAP-D49-Launch-Summary-February-2000.pdf,110,DATE,16 August 1965
DOW-UAP-D49-Launch-Summary-February-2000.pdf,111,DATE,2 Nov 64
DOW-UAP-D49-Launch-Summary-February-2000.pdf,111,DATE,6 Oct 65
DOW-UAP-D49-Launch-Summary-February-2000.pdf,111,DATE,17 Dec 75
DOW-UAP-D49-Launch-Summary-February-2000.pdf,111,DATE,2 Oct 64
DOW-UAP-D49-Launch-Summary-February-2000.pdf,111,DATE,5 Jan 65
DOW-UAP-D49-Launch-Summary-February-2000.pdf,111,DATE,15 Dec 65
DOW-UAP-D49-Launch-Summary-February-2000.pdf,111,DATE,18 May 71
DOW-UAP-D49-Launch-Summary-February-2000.pdf,111,DATE,16 Feb 66
DOW-UAP-D49-Launch-Summary-February-2000.pdf,111,DATE,4 Mar 76
DOW-UAP-D49-Launch-Summary-February-2000.pdf,111,DATE,2 Feb 65
DOW-UAP-D49-Launch-Summary-February-2000.pdf,111,DATE,18 Jan 66
DOW-UAP-D49-Launch-Summary-February-2000.pdf,111,DATE,18 Feb 66
DOW-UAP-D49-Launch-Summary-February-2000.pdf,111,DATE,14 Oct 66
DOW-UAP-D49-Launch-Summary-February-2000.pdf,111,DATE,14 Jul 82
DOW-UAP-D49-Launch-Summary-February-2000.pdf,111,DATE,25 Aug 66
DOW-UAP-D49-Launch-Summary-February-2000.pdf,111,DATE,26 Feb 70
DOW-UAP-D49-Launch-Summary-February-2000.pdf,111,DATE,26 Mar 82
DOW-UAP-D49-Launch-Summary-February-2000.pdf,112,ORG,USAF
DOW-UAP-D49-Launch-Summary-February-2000.pdf,113,ORG,SAC
DOW-UAP-D50-Email-Correspondence-INDOPACOM-April-2025.pdf,1,MARKING,UNCLASSIFIED
DOW-UAP-D50-Email-Correspondence-INDOPACOM-April-2025.pdf,1,MARKING,SECRET
DOW-UAP-D50-Email-Correspondence-INDOPACOM-April-2025.pdf,1,MARKING,NOFORN
DOW-UAP-D50-Email-Correspondence-INDOPACOM-April-2025.pdf,2,MARKING,SECRET
DOW-UAP-D50-Email-Correspondence-INDOPACOM-April-2025.pdf,2,MARKING,NOFORN
DOW-UAP-D50-Email-Correspondence-INDOPACOM-April-2025.pdf,2,MARKING,UNCLASSIFIED
DOW-UAP-D51-Email-Correspondence-Pacific-Time-Zone-March-2023.pdf,1,ORG,OSI
DOW-UAP-D51-Email-Correspondence-Pacific-Time-Zone-March-2023.pdf,1,MARKING,UNCLASSIFIED
DOW-UAP-D51-Email-Correspondence-Pacific-Time-Zone-March-2023.pdf,2,ORG,OSI
DOW-UAP-D51-Email-Correspondence-Pacific-Time-Zone-March-2023.pdf,4,MARKING,UNCLASSIFIED
DOW-UAP-D51-Email-Correspondence-Pacific-Time-Zone-March-2023.pdf,5,MARKING,SECRET
DOW-UAP-D51-Email-Correspondence-Pacific-Time-Zone-March-2023.pdf,5,MARKING,NOFORN
DOW-UAP-D52-Email-Correspondance-NA-August-2024.pdf,1,MARKING,SECRET
DOW-UAP-D52-Email-Correspondance-NA-August-2024.pdf,1,MARKING,NOFORN
DOW-UAP-D52-Email-Correspondance-NA-August-2024.pdf,1,MARKING,UNCLASSIFIED
DOW-UAP-D52-Email-Correspondance-NA-August-2024.pdf,2,MARKING,UNCLASSIFIED
DOW-UAP-D52-Email-Correspondance-NA-August-2024.pdf,2,MARKING,SECRET
DOW-UAP-D52-Email-Correspondance-NA-August-2024.pdf,2,MARKING,NOFORN
DOW-UAP-D54-Mission-Report-Mediterranean-Sea-NA.pdf,7,MARKING,SECRET
DOW-UAP-D54-Mission-Report-Mediterranean-Sea-NA.pdf,7,MARKING,NOFORN
DOW-UAP-D55-Mission-Report-Syria-November-2016.pdf,1,DATE,03/27/26
DOW-UAP-D55-Mission-Report-Syria-November-2016.pdf,1,MARKING,Declassified
DOW-UAP-D7-Mission-Report-Arabian-Gulf-2020.pdf,6,MARKING,SECRET
DOW-UAP-D8-Mission-Report-Djibouti-2025.pdf,7,MARKING,SECRET
CIA-UAP-002-Scientific-Advisory-Panel-on-Unidentified-Flying-Objects-Report-1952-1953.pdf,1,ORG,CIA
CIA-UAP-002-Scientific-Advisory-Panel-on-Unidentified-Flying-Objects-Report-1952-1953.pdf,4,PERSON,Mr. Secretary
CIA-UAP-002-Scientific-Advisory-Panel-on-Unidentified-Flying-Objects-Report-1952-1953.pdf,4,DATE,13 March 1953
CIA-UAP-002-Scientific-Advisory-Panel-on-Unidentified-Flying-Objects-Report-1952-1953.pdf,5,DATE,13 March 1953
CIA-UAP-002-Scientific-Advisory-Panel-on-Unidentified-Flying-Objects-Report-1952-1953.pdf,6,PERSON,Mr. C. D. Jackeoo Special
CIA-UAP-002-Scientific-Advisory-Panel-on-Unidentified-Flying-Objects-Report-1952-1953.pdf,6,PERSON,Mr. Jackson
CIA-UAP-002-Scientific-Advisory-Panel-on-Unidentified-Flying-Objects-Report-1952-1953.pdf,6,PERSON,Mr. Robert Amory
CIA-UAP-002-Scientific-Advisory-Panel-on-Unidentified-Flying-Objects-Report-1952-1953.pdf,6,DATE,"January 17, 1953"
CIA-UAP-002-Scientific-Advisory-Panel-on-Unidentified-Flying-Objects-Report-1952-1953.pdf,6,DATE,12 March 1953
CIA-UAP-002-Scientific-Advisory-Panel-on-Unidentified-Flying-Objects-Report-1952-1953.pdf,7,PERSON,Mr. Robert CUtler
CIA-UAP-002-Scientific-Advisory-Panel-on-Unidentified-Flying-Objects-Report-1952-1953.pdf,7,PERSON,Mr. Jamee
CIA-UAP-002-Scientific-Advisory-Panel-on-Unidentified-Flying-Objects-Report-1952-1953.pdf,7,PERSON,Mr. George Morgan Psychological Strategy
CIA-UAP-002-Scientific-Advisory-Panel-on-Unidentified-Flying-Objects-Report-1952-1953.pdf,10,ORG,ATIC
CIA-UAP-002-Scientific-Advisory-Panel-on-Unidentified-Flying-Objects-Report-1952-1953.pdf,10,ORG,USAF
CIA-UAP-002-Scientific-Advisory-Panel-on-Unidentified-Flying-Objects-Report-1952-1953.pdf,10,DATE,17 January 1953
CIA-UAP-002-Scientific-Advisory-Panel-on-Unidentified-Flying-Objects-Report-1952-1953.pdf,10,DATE,2 July 1952
CIA-UAP-002-Scientific-Advisory-Panel-on-Unidentified-Flying-Objects-Report-1952-1953.pdf,12,PERSON,Dr. I
CIA-UAP-002-Scientific-Advisory-Panel-on-Unidentified-Flying-Objects-Report-1952-1953.pdf,12,PERSON,Dr. B. Mu
CIA-UAP-002-Scientific-Advisory-Panel-on-Unidentified-Flying-Objects-Report-1952-1953.pdf,12,ORG,ATIC
CIA-UAP-002-Scientific-Advisory-Panel-on-Unidentified-Flying-Objects-Report-1952-1953.pdf,12,ORG,CIA
CIA-UAP-002-Scientific-Advisory-Panel-on-Unidentified-Flying-Objects-Report-1952-1953.pdf,13,ORG,USAF
CIA-UAP-002-Scientific-Advisory-Panel-on-Unidentified-Flying-Objects-Report-1952-1953.pdf,14,ORG,CIA
CIA-UAP-002-Scientific-Advisory-Panel-on-Unidentified-Flying-Objects-Report-1952-1953.pdf,14,DATE,18 February 1953
CIA-UAP-002-Scientific-Advisory-Panel-on-Unidentified-Flying-Objects-Report-1952-1953.pdf,14,DATE,25 February 1953
CIA-UAP-002-Scientific-Advisory-Panel-on-Unidentified-Flying-Objects-Report-1952-1953.pdf,14,MARKING,Secret
CIA-UAP-002-Scientific-Advisory-Panel-on-Unidentified-Flying-Objects-Report-1952-1953.pdf,15,ORG,CIA
CIA-UAP-002-Scientific-Advisory-Panel-on-Unidentified-Flying-Objects-Report-1952-1953.pdf,17,DATE,15 August 1950
CIA-UAP-002-Scientific-Advisory-Panel-on-Unidentified-Flying-Objects-Report-1952-1953.pdf,17,DATE,19 July 1952
CIA-UAP-002-Scientific-Advisory-Panel-on-Unidentified-Flying-Objects-Report-1952-1953.pdf,17,DATE,5 August 1952
CIA-UAP-002-Scientific-Advisory-Panel-on-Unidentified-Flying-Objects-Report-1952-1953.pdf,20,PERSON,Dr. Robertson
CIA-UAP-002-Scientific-Advisory-Panel-on-Unidentified-Flying-Objects-Report-1952-1953.pdf,20,PERSON,Mr. Fournet
CIA-UAP-002-Scientific-Advisory-Panel-on-Unidentified-Flying-Objects-Report-1952-1953.pdf,20,ORG,ATIC
CIA-UAP-002-Scientific-Advisory-Panel-on-Unidentified-Flying-Objects-Report-1952-1953.pdf,21,PERSON,Dr. Goudamit
CIA-UAP-002-Scientific-Advisory-Panel-on-Unidentified-Flying-Objects-Report-1952-1953.pdf,21,PERSON,Dr. Robertson
CIA-UAP-002-Scientific-Advisory-Panel-on-Unidentified-Flying-Objects-Report-1952-1953.pdf,21,PERSON,Dr. Page
CIA-UAP-002-Scientific-Advisory-Panel-on-Unidentified-Flying-Objects-Report-1952-1953.pdf,21,ORG,ATIC
CIA-UAP-002-Scientific-Advisory-Panel-on-Unidentified-Flying-Objects-Report-1952-1953.pdf,25,ORG,CIA
CIA-UAP-002-Scientific-Advisory-Panel-on-Unidentified-Flying-Objects-Report-1952-1953.pdf,25,ORG,ADC
CIA-UAP-002-Scientific-Advisory-Panel-on-Unidentified-Flying-Objects-Report-1952-1953.pdf,26,PERSON,Dr. Page
CIA-UAP-002-Scientific-Advisory-Panel-on-Unidentified-Flying-Objects-Report-1952-1953.pdf,26,PERSON,Dr. Robertson
CIA-UAP-002-Scientific-Advisory-Panel-on-Unidentified-Flying-Objects-Report-1952-1953.pdf,27,PERSON,Dr. Page
CIA-UAP-002-Scientific-Advisory-Panel-on-Unidentified-Flying-Objects-Report-1952-1953.pdf,27,PERSON,Dr. Hynek
CIA-UAP-002-Scientific-Advisory-Panel-on-Unidentified-Flying-Objects-Report-1952-1953.pdf,28,PERSON,Dr. Ba-
CIA-UAP-002-Scientific-Advisory-Panel-on-Unidentified-Flying-Objects-Report-1952-1953.pdf,29,PERSON,Dr. Al
CIA-UAP-002-Scientific-Advisory-Panel-on-Unidentified-Flying-Objects-Report-1952-1953.pdf,29,PERSON,Dr. Alvarez
CIA-UAP-002-Scientific-Advisory-Panel-on-Unidentified-Flying-Objects-Report-1952-1953.pdf,31,PERSON,Dr. Bm-
CIA-UAP-002-Scientific-Advisory-Panel-on-Unidentified-Flying-Objects-Report-1952-1953.pdf,31,PERSON,Dr. Hynek
CIA-UAP-002-Scientific-Advisory-Panel-on-Unidentified-Flying-Objects-Report-1952-1953.pdf,31,ORG,ATIC
CIA-UAP-002-Scientific-Advisory-Panel-on-Unidentified-Flying-Objects-Report-1952-1953.pdf,32,ORG,ATIC
CIA-UAP-002-Scientific-Advisory-Panel-on-Unidentified-Flying-Objects-Report-1952-1953.pdf,33,PERSON,Dr. Robertson
CIA-UAP-002-Scientific-Advisory-Panel-on-Unidentified-Flying-Objects-Report-1952-1953.pdf,33,ORG,ATIC
CIA-UAP-002-Scientific-Advisory-Panel-on-Unidentified-Flying-Objects-Report-1952-1953.pdf,35,ORG,CIA
CIA-UAP-002-Scientific-Advisory-Panel-on-Unidentified-Flying-Objects-Report-1952-1953.pdf,35,MARKING,RESTRICTED
CIA-UAP-002-Scientific-Advisory-Panel-on-Unidentified-Flying-Objects-Report-1952-1953.pdf,36,MARKING,declassified
CIA-UAP-002-Scientific-Advisory-Panel-on-Unidentified-Flying-Objects-Report-1952-1953.pdf,36,MARKING,Confidential
CIA-UAP-002-Scientific-Advisory-Panel-on-Unidentified-Flying-Objects-Report-1952-1953.pdf,37,PERSON,Mr Defense
CIA-UAP-002-Scientific-Advisory-Panel-on-Unidentified-Flying-Objects-Report-1952-1953.pdf,37,ORG,USAF
CIA-UAP-002-Scientific-Advisory-Panel-on-Unidentified-Flying-Objects-Report-1952-1953.pdf,38,ORG,ATIC
CIA-UAP-002-Scientific-Advisory-Panel-on-Unidentified-Flying-Objects-Report-1952-1953.pdf,38,ORG,OSI
CIA-UAP-002-Scientific-Advisory-Panel-on-Unidentified-Flying-Objects-Report-1952-1953.pdf,38,DATE,13 October 1952
CIA-UAP-002-Scientific-Advisory-Panel-on-Unidentified-Flying-Objects-Report-1952-1953.pdf,42,ORG,CIA
CIA-UAP-002-Scientific-Advisory-Panel-on-Unidentified-Flying-Objects-Report-1952-1953.pdf,42,MARKING,RESTRICTED
CIA-UAP-003-THE-CENTRAL-INTELLIGENCE-AGENCY-AND-OVERHEAD-RECONNAISSANCE-THE-U-2-AND-OXCART-PROGRAMS-1954-1974.pdf,2,MARKING,Secret
CIA-UAP-003-THE-CENTRAL-INTELLIGENCE-AGENCY-AND-OVERHEAD-RECONNAISSANCE-THE-U-2-AND-OXCART-PROGRAMS-1954-1974.pdf,4,ORG,CIA
CIA-UAP-003-THE-CENTRAL-INTELLIGENCE-AGENCY-AND-OVERHEAD-RECONNAISSANCE-THE-U-2-AND-OXCART-PROGRAMS-1954-1974.pdf,5,MARKING,NOFORN
CIA-UAP-003-THE-CENTRAL-INTELLIGENCE-AGENCY-AND-OVERHEAD-RECONNAISSANCE-THE-U-2-AND-OXCART-PROGRAMS-1954-1974.pdf,7,ORG,CIA
CIA-UAP-003-THE-CENTRAL-INTELLIGENCE-AGENCY-AND-OVERHEAD-RECONNAISSANCE-THE-U-2-AND-OXCART-PROGRAMS-1954-1974.pdf,7,DATE,4 July 1954
CIA-UAP-003-THE-CENTRAL-INTELLIGENCE-AGENCY-AND-OVERHEAD-RECONNAISSANCE-THE-U-2-AND-OXCART-PROGRAMS-1954-1974.pdf,7,DATE,1 May 1960
CIA-UAP-003-THE-CENTRAL-INTELLIGENCE-AGENCY-AND-OVERHEAD-RECONNAISSANCE-THE-U-2-AND-OXCART-PROGRAMS-1954-1974.pdf,8,MARKING,NOFORN
CIA-UAP-003-THE-CENTRAL-INTELLIGENCE-AGENCY-AND-OVERHEAD-RECONNAISSANCE-THE-U-2-AND-OXCART-PROGRAMS-1954-1974.pdf,8,MARKING,Unclassified
CIA-UAP-003-THE-CENTRAL-INTELLIGENCE-AGENCY-AND-OVERHEAD-RECONNAISSANCE-THE-U-2-AND-OXCART-PROGRAMS-1954-1974.pdf,9,ORG,CIA
CIA-UAP-003-THE-CENTRAL-INTELLIGENCE-AGENCY-AND-OVERHEAD-RECONNAISSANCE-THE-U-2-AND-OXCART-PROGRAMS-1954-1974.pdf,10,PERSON,Mr. Welzenbach
CIA-UAP-003-THE-CENTRAL-INTELLIGENCE-AGENCY-AND-OVERHEAD-RECONNAISSANCE-THE-U-2-AND-OXCART-PROGRAMS-1954-1974.pdf,10,PERSON,Dr. Pedlow
CIA-UAP-003-THE-CENTRAL-INTELLIGENCE-AGENCY-AND-OVERHEAD-RECONNAISSANCE-THE-U-2-AND-OXCART-PROGRAMS-1954-1974.pdf,10,ORG,CIA
CIA-UAP-003-THE-CENTRAL-INTELLIGENCE-AGENCY-AND-OVERHEAD-RECONNAISSANCE-THE-U-2-AND-OXCART-PROGRAMS-1954-1974.pdf,11,ORG,CIA
CIA-UAP-003-THE-CENTRAL-INTELLIGENCE-AGENCY-AND-OVERHEAD-RECONNAISSANCE-THE-U-2-AND-OXCART-PROGRAMS-1954-1974.pdf,11,MARKING,Secret
CIA-UAP-003-THE-CENTRAL-INTELLIGENCE-AGENCY-AND-OVERHEAD-RECONNAISSANCE-THE-U-2-AND-OXCART-PROGRAMS-1954-1974.pdf,12,ORG,CIA
CIA-UAP-003-THE-CENTRAL-INTELLIGENCE-AGENCY-AND-OVERHEAD-RECONNAISSANCE-THE-U-2-AND-OXCART-PROGRAMS-1954-1974.pdf,12,MARKING,declassified
CIA-UAP-003-THE-CENTRAL-INTELLIGENCE-AGENCY-AND-OVERHEAD-RECONNAISSANCE-THE-U-2-AND-OXCART-PROGRAMS-1954-1974.pdf,12,MARKING,unclassified
CIA-UAP-003-THE-CENTRAL-INTELLIGENCE-AGENCY-AND-OVERHEAD-RECONNAISSANCE-THE-U-2-AND-OXCART-PROGRAMS-1954-1974.pdf,13,ORG,CIA
CIA-UAP-003-THE-CENTRAL-INTELLIGENCE-AGENCY-AND-OVERHEAD-RECONNAISSANCE-THE-U-2-AND-OXCART-PROGRAMS-1954-1974.pdf,13,MARKING,Top Secret
CIA-UAP-003-THE-CENTRAL-INTELLIGENCE-AGENCY-AND-OVERHEAD-RECONNAISSANCE-THE-U-2-AND-OXCART-PROGRAMS-1954-1974.pdf,13,MARKING,Secret
CIA-UAP-003-THE-CENTRAL-INTELLIGENCE-AGENCY-AND-OVERHEAD-RECONNAISSANCE-THE-U-2-AND-OXCART-PROGRAMS-1954-1974.pdf,14,PERSON,Gen. Werner
CIA-UAP-003-THE-CENTRAL-INTELLIGENCE-AGENCY-AND-OVERHEAD-RECONNAISSANCE-THE-U-2-AND-OXCART-PROGRAMS-1954-1974.pdf,14,MARKING,NOFORN
CIA-UAP-003-THE-CENTRAL-INTELLIGENCE-AGENCY-AND-OVERHEAD-RECONNAISSANCE-THE-U-2-AND-OXCART-PROGRAMS-1954-1974.pdf,15,ORG,CIA
CIA-UAP-003-THE-CENTRAL-INTELLIGENCE-AGENCY-AND-OVERHEAD-RECONNAISSANCE-THE-U-2-AND-OXCART-PROGRAMS-1954-1974.pdf,15,MARKING,secret
CIA-UAP-003-THE-CENTRAL-INTELLIGENCE-AGENCY-AND-OVERHEAD-RECONNAISSANCE-THE-U-2-AND-OXCART-PROGRAMS-1954-1974.pdf,16,DATE,8 April 1950
CIA-UAP-003-THE-CENTRAL-INTELLIGENCE-AGENCY-AND-OVERHEAD-RECONNAISSANCE-THE-U-2-AND-OXCART-PROGRAMS-1954-1974.pdf,16,DATE,13 June 1952
CIA-UAP-003-THE-CENTRAL-INTELLIGENCE-AGENCY-AND-OVERHEAD-RECONNAISSANCE-THE-U-2-AND-OXCART-PROGRAMS-1954-1974.pdf,16,DATE,14 December 1983
CIA-UAP-003-THE-CENTRAL-INTELLIGENCE-AGENCY-AND-OVERHEAD-RECONNAISSANCE-THE-U-2-AND-OXCART-PROGRAMS-1954-1974.pdf,17,DATE,7 October 1952
CIA-UAP-003-THE-CENTRAL-INTELLIGENCE-AGENCY-AND-OVERHEAD-RECONNAISSANCE-THE-U-2-AND-OXCART-PROGRAMS-1954-1974.pdf,17,DATE,19 August 1985
CIA-UAP-003-THE-CENTRAL-INTELLIGENCE-AGENCY-AND-OVERHEAD-RECONNAISSANCE-THE-U-2-AND-OXCART-PROGRAMS-1954-1974.pdf,17,MARKING,NOFORN
CIA-UAP-003-THE-CENTRAL-INTELLIGENCE-AGENCY-AND-OVERHEAD-RECONNAISSANCE-THE-U-2-AND-OXCART-PROGRAMS-1954-1974.pdf,18,MARKING,Secret
CIA-UAP-003-THE-CENTRAL-INTELLIGENCE-AGENCY-AND-OVERHEAD-RECONNAISSANCE-THE-U-2-AND-OXCART-PROGRAMS-1954-1974.pdf,19,PERSON,Lt. Col. Joseph J. Pellegrini
CIA-UAP-003-THE-CENTRAL-INTELLIGENCE-AGENCY-AND-OVERHEAD-RECONNAISSANCE-THE-U-2-AND-OXCART-PROGRAMS-1954-1974.pdf,19,MARKING,Secret
CIA-UAP-003-THE-CENTRAL-INTELLIGENCE-AGENCY-AND-OVERHEAD-RECONNAISSANCE-THE-U-2-AND-OXCART-PROGRAMS-1954-1974.pdf,20,PERSON,Col. Bernard A. Schriever
CIA-UAP-003-THE-CENTRAL-INTELLIGENCE-AGENCY-AND-OVERHEAD-RECONNAISSANCE-THE-U-2-AND-OXCART-PROGRAMS-1954-1974.pdf,20,DATE,28 August 1988
CIA-UAP-003-THE-CENTRAL-INTELLIGENCE-AGENCY-AND-OVERHEAD-RECONNAISSANCE-THE-U-2-AND-OXCART-PROGRAMS-1954-1974.pdf,20,MARKING,NOFORN
CIA-UAP-003-THE-CENTRAL-INTELLIGENCE-AGENCY-AND-OVERHEAD-RECONNAISSANCE-THE-U-2-AND-OXCART-PROGRAMS-1954-1974.pdf,21,PERSON,Maj. John Seaberg
CIA-UAP-003-THE-CENTRAL-INTELLIGENCE-AGENCY-AND-OVERHEAD-RECONNAISSANCE-THE-U-2-AND-OXCART-PROGRAMS-1954-1974.pdf,21,ORG,OSI
CIA-UAP-003-THE-CENTRAL-INTELLIGENCE-AGENCY-AND-OVERHEAD-RECONNAISSANCE-THE-U-2-AND-OXCART-PROGRAMS-1954-1974.pdf,21,MARKING,NOFORN
CIA-UAP-003-THE-CENTRAL-INTELLIGENCE-AGENCY-AND-OVERHEAD-RECONNAISSANCE-THE-U-2-AND-OXCART-PROGRAMS-1954-1974.pdf,23,MARKING,Secret
CIA-UAP-003-THE-CENTRAL-INTELLIGENCE-AGENCY-AND-OVERHEAD-RECONNAISSANCE-THE-U-2-AND-OXCART-PROGRAMS-1954-1974.pdf,24,PERSON,Brig. Gen. Bernard A. Schriever's Office
CIA-UAP-003-THE-CENTRAL-INTELLIGENCE-AGENCY-AND-OVERHEAD-RECONNAISSANCE-THE-U-2-AND-OXCART-PROGRAMS-1954-1974.pdf,24,PERSON,Lt. Gen. Donald L. Putt
CIA-UAP-003-THE-CENTRAL-INTELLIGENCE-AGENCY-AND-OVERHEAD-RECONNAISSANCE-THE-U-2-AND-OXCART-PROGRAMS-1954-1974.pdf,24,PERSON,Gen. Curtis E. LeMay
CIA-UAP-003-THE-CENTRAL-INTELLIGENCE-AGENCY-AND-OVERHEAD-RECONNAISSANCE-THE-U-2-AND-OXCART-PROGRAMS-1954-1974.pdf,24,ORG,SAC
CIA-UAP-003-THE-CENTRAL-INTELLIGENCE-AGENCY-AND-OVERHEAD-RECONNAISSANCE-THE-U-2-AND-OXCART-PROGRAMS-1954-1974.pdf,24,ORG,CIA
CIA-UAP-003-THE-CENTRAL-INTELLIGENCE-AGENCY-AND-OVERHEAD-RECONNAISSANCE-THE-U-2-AND-OXCART-PROGRAMS-1954-1974.pdf,24,DATE,30 November 1953
CIA-UAP-003-THE-CENTRAL-INTELLIGENCE-AGENCY-AND-OVERHEAD-RECONNAISSANCE-THE-U-2-AND-OXCART-PROGRAMS-1954-1974.pdf,24,DATE,5 March 1954
CIA-UAP-003-THE-CENTRAL-INTELLIGENCE-AGENCY-AND-OVERHEAD-RECONNAISSANCE-THE-U-2-AND-OXCART-PROGRAMS-1954-1974.pdf,25,DATE,23 July 1988
CIA-UAP-003-THE-CENTRAL-INTELLIGENCE-AGENCY-AND-OVERHEAD-RECONNAISSANCE-THE-U-2-AND-OXCART-PROGRAMS-1954-1974.pdf,25,MARKING,NOFORN
CIA-UAP-003-THE-CENTRAL-INTELLIGENCE-AGENCY-AND-OVERHEAD-RECONNAISSANCE-THE-U-2-AND-OXCART-PROGRAMS-1954-1974.pdf,26,ORG,CIA
CIA-UAP-003-THE-CENTRAL-INTELLIGENCE-AGENCY-AND-OVERHEAD-RECONNAISSANCE-THE-U-2-AND-OXCART-PROGRAMS-1954-1974.pdf,26,DATE,7 June 1954
CIA-UAP-003-THE-CENTRAL-INTELLIGENCE-AGENCY-AND-OVERHEAD-RECONNAISSANCE-THE-U-2-AND-OXCART-PROGRAMS-1954-1974.pdf,26,DATE,20 May 1985
CIA-UAP-003-THE-CENTRAL-INTELLIGENCE-AGENCY-AND-OVERHEAD-RECONNAISSANCE-THE-U-2-AND-OXCART-PROGRAMS-1954-1974.pdf,26,MARKING,NOFORN
CIA-UAP-003-THE-CENTRAL-INTELLIGENCE-AGENCY-AND-OVERHEAD-RECONNAISSANCE-THE-U-2-AND-OXCART-PROGRAMS-1954-1974.pdf,27,ORG,SAC
CIA-UAP-003-THE-CENTRAL-INTELLIGENCE-AGENCY-AND-OVERHEAD-RECONNAISSANCE-THE-U-2-AND-OXCART-PROGRAMS-1954-1974.pdf,27,ORG,CIA
CIA-UAP-003-THE-CENTRAL-INTELLIGENCE-AGENCY-AND-OVERHEAD-RECONNAISSANCE-THE-U-2-AND-OXCART-PROGRAMS-1954-1974.pdf,27,DATE,12 May 1954
CIA-UAP-003-THE-CENTRAL-INTELLIGENCE-AGENCY-AND-OVERHEAD-RECONNAISSANCE-THE-U-2-AND-OXCART-PROGRAMS-1954-1974.pdf,27,DATE,23 May 1983
CIA-UAP-003-THE-CENTRAL-INTELLIGENCE-AGENCY-AND-OVERHEAD-RECONNAISSANCE-THE-U-2-AND-OXCART-PROGRAMS-1954-1974.pdf,28,ORG,CIA
CIA-UAP-003-THE-CENTRAL-INTELLIGENCE-AGENCY-AND-OVERHEAD-RECONNAISSANCE-THE-U-2-AND-OXCART-PROGRAMS-1954-1974.pdf,28,ORG,OSI
CIA-UAP-003-THE-CENTRAL-INTELLIGENCE-AGENCY-AND-OVERHEAD-RECONNAISSANCE-THE-U-2-AND-OXCART-PROGRAMS-1954-1974.pdf,28,DATE,12 May 1954
CIA-UAP-003-THE-CENTRAL-INTELLIGENCE-AGENCY-AND-OVERHEAD-RECONNAISSANCE-THE-U-2-AND-OXCART-PROGRAMS-1954-1974.pdf,29,ORG,CIA
CIA-UAP-003-THE-CENTRAL-INTELLIGENCE-AGENCY-AND-OVERHEAD-RECONNAISSANCE-THE-U-2-AND-OXCART-PROGRAMS-1954-1974.pdf,29,ORG,OSI
CIA-UAP-003-THE-CENTRAL-INTELLIGENCE-AGENCY-AND-OVERHEAD-RECONNAISSANCE-THE-U-2-AND-OXCART-PROGRAMS-1954-1974.pdf,29,ORG,OSI (OSWR)
CIA-UAP-003-THE-CENTRAL-INTELLIGENCE-AGENCY-AND-OVERHEAD-RECONNAISSANCE-THE-U-2-AND-OXCART-PROGRAMS-1954-1974.pdf,29,DATE,13 May 1955
CIA-UAP-003-THE-CENTRAL-INTELLIGENCE-AGENCY-AND-OVERHEAD-RECONNAISSANCE-THE-U-2-AND-OXCART-PROGRAMS-1954-1974.pdf,29,DATE,8 November 1984
CIA-UAP-003-THE-CENTRAL-INTELLIGENCE-AGENCY-AND-OVERHEAD-RECONNAISSANCE-THE-U-2-AND-OXCART-PROGRAMS-1954-1974.pdf,29,DATE,15 October 1954
CIA-UAP-003-THE-CENTRAL-INTELLIGENCE-AGENCY-AND-OVERHEAD-RECONNAISSANCE-THE-U-2-AND-OXCART-PROGRAMS-1954-1974.pdf,29,MARKING,Secret
CIA-UAP-003-THE-CENTRAL-INTELLIGENCE-AGENCY-AND-OVERHEAD-RECONNAISSANCE-THE-U-2-AND-OXCART-PROGRAMS-1954-1974.pdf,30,PERSON,Maj. Gen. Gordon P. Saville
CIA-UAP-003-THE-CENTRAL-INTELLIGENCE-AGENCY-AND-OVERHEAD-RECONNAISSANCE-THE-U-2-AND-OXCART-PROGRAMS-1954-1974.pdf,30,ORG,CIA
CIA-UAP-003-THE-CENTRAL-INTELLIGENCE-AGENCY-AND-OVERHEAD-RECONNAISSANCE-THE-U-2-AND-OXCART-PROGRAMS-1954-1974.pdf,30,ORG,USAF
CIA-UAP-003-THE-CENTRAL-INTELLIGENCE-AGENCY-AND-OVERHEAD-RECONNAISSANCE-THE-U-2-AND-OXCART-PROGRAMS-1954-1974.pdf,30,DATE,22 April 1987
CIA-UAP-003-THE-CENTRAL-INTELLIGENCE-AGENCY-AND-OVERHEAD-RECONNAISSANCE-THE-U-2-AND-OXCART-PROGRAMS-1954-1974.pdf,31,PERSON,Lt. Col. Richard Leghorn
CIA-UAP-003-THE-CENTRAL-INTELLIGENCE-AGENCY-AND-OVERHEAD-RECONNAISSANCE-THE-U-2-AND-OXCART-PROGRAMS-1954-1974.pdf,31,ORG,USAF
CIA-UAP-003-THE-CENTRAL-INTELLIGENCE-AGENCY-AND-OVERHEAD-RECONNAISSANCE-THE-U-2-AND-OXCART-PROGRAMS-1954-1974.pdf,31,DATE,15 June 1952
CIA-UAP-003-THE-CENTRAL-INTELLIGENCE-AGENCY-AND-OVERHEAD-RECONNAISSANCE-THE-U-2-AND-OXCART-PROGRAMS-1954-1974.pdf,31,DATE,21 June 1985
CIA-UAP-003-THE-CENTRAL-INTELLIGENCE-AGENCY-AND-OVERHEAD-RECONNAISSANCE-THE-U-2-AND-OXCART-PROGRAMS-1954-1974.pdf,31,DATE,24 April 1985
CIA-UAP-003-THE-CENTRAL-INTELLIGENCE-AGENCY-AND-OVERHEAD-RECONNAISSANCE-THE-U-2-AND-OXCART-PROGRAMS-1954-1974.pdf,31,MARKING,Secret
CIA-UAP-003-THE-CENTRAL-INTELLIGENCE-AGENCY-AND-OVERHEAD-RECONNAISSANCE-THE-U-2-AND-OXCART-PROGRAMS-1954-1974.pdf,32,DATE,15 June 1952
CIA-UAP-003-THE-CENTRAL-INTELLIGENCE-AGENCY-AND-OVERHEAD-RECONNAISSANCE-THE-U-2-AND-OXCART-PROGRAMS-1954-1974.pdf,33,ORG,SAC
CIA-UAP-003-THE-CENTRAL-INTELLIGENCE-AGENCY-AND-OVERHEAD-RECONNAISSANCE-THE-U-2-AND-OXCART-PROGRAMS-1954-1974.pdf,33,DATE,"April 15, 1953"
CIA-UAP-003-THE-CENTRAL-INTELLIGENCE-AGENCY-AND-OVERHEAD-RECONNAISSANCE-THE-U-2-AND-OXCART-PROGRAMS-1954-1974.pdf,33,MARKING,top secret
CIA-UAP-003-THE-CENTRAL-INTELLIGENCE-AGENCY-AND-OVERHEAD-RECONNAISSANCE-THE-U-2-AND-OXCART-PROGRAMS-1954-1974.pdf,34,PERSON,Dr. James G. Baker
CIA-UAP-003-THE-CENTRAL-INTELLIGENCE-AGENCY-AND-OVERHEAD-RECONNAISSANCE-THE-U-2-AND-OXCART-PROGRAMS-1954-1974.pdf,34,ORG,CIA
CIA-UAP-003-THE-CENTRAL-INTELLIGENCE-AGENCY-AND-OVERHEAD-RECONNAISSANCE-THE-U-2-AND-OXCART-PROGRAMS-1954-1974.pdf,34,ORG,OSI
CIA-UAP-003-THE-CENTRAL-INTELLIGENCE-AGENCY-AND-OVERHEAD-RECONNAISSANCE-THE-U-2-AND-OXCART-PROGRAMS-1954-1974.pdf,34,ORG,USAF
CIA-UAP-003-THE-CENTRAL-INTELLIGENCE-AGENCY-AND-OVERHEAD-RECONNAISSANCE-THE-U-2-AND-OXCART-PROGRAMS-1954-1974.pdf,34,ORG,OSI (OSWR)
CIA-UAP-003-THE-CENTRAL-INTELLIGENCE-AGENCY-AND-OVERHEAD-RECONNAISSANCE-THE-U-2-AND-OXCART-PROGRAMS-1954-1974.pdf,34,DATE,26 Augusl 1953
CIA-UAP-003-THE-CENTRAL-INTELLIGENCE-AGENCY-AND-OVERHEAD-RECONNAISSANCE-THE-U-2-AND-OXCART-PROGRAMS-1954-1974.pdf,35,PERSON,Dr. Duncan E. Macdonald
CIA-UAP-003-THE-CENTRAL-INTELLIGENCE-AGENCY-AND-OVERHEAD-RECONNAISSANCE-THE-U-2-AND-OXCART-PROGRAMS-1954-1974.pdf,35,ORG,OSI
CIA-UAP-003-THE-CENTRAL-INTELLIGENCE-AGENCY-AND-OVERHEAD-RECONNAISSANCE-THE-U-2-AND-OXCART-PROGRAMS-1954-1974.pdf,35,ORG,USAF
CIA-UAP-003-THE-CENTRAL-INTELLIGENCE-AGENCY-AND-OVERHEAD-RECONNAISSANCE-THE-U-2-AND-OXCART-PROGRAMS-1954-1974.pdf,35,ORG,OSI (OSWR)
CIA-UAP-003-THE-CENTRAL-INTELLIGENCE-AGENCY-AND-OVERHEAD-RECONNAISSANCE-THE-U-2-AND-OXCART-PROGRAMS-1954-1974.pdf,35,DATE,3 August 1953
CIA-UAP-003-THE-CENTRAL-INTELLIGENCE-AGENCY-AND-OVERHEAD-RECONNAISSANCE-THE-U-2-AND-OXCART-PROGRAMS-1954-1974.pdf,35,DATE,22 May 1985
CIA-UAP-003-THE-CENTRAL-INTELLIGENCE-AGENCY-AND-OVERHEAD-RECONNAISSANCE-THE-U-2-AND-OXCART-PROGRAMS-1954-1974.pdf,35,MARKING,Secret
CIA-UAP-003-THE-CENTRAL-INTELLIGENCE-AGENCY-AND-OVERHEAD-RECONNAISSANCE-THE-U-2-AND-OXCART-PROGRAMS-1954-1974.pdf,36,ORG,OSI
CIA-UAP-003-THE-CENTRAL-INTELLIGENCE-AGENCY-AND-OVERHEAD-RECONNAISSANCE-THE-U-2-AND-OXCART-PROGRAMS-1954-1974.pdf,36,ORG,CIA
CIA-UAP-003-THE-CENTRAL-INTELLIGENCE-AGENCY-AND-OVERHEAD-RECONNAISSANCE-THE-U-2-AND-OXCART-PROGRAMS-1954-1974.pdf,36,DATE,29 August 1955
CIA-UAP-003-THE-CENTRAL-INTELLIGENCE-AGENCY-AND-OVERHEAD-RECONNAISSANCE-THE-U-2-AND-OXCART-PROGRAMS-1954-1974.pdf,36,DATE,23 March 1954
CIA-UAP-003-THE-CENTRAL-INTELLIGENCE-AGENCY-AND-OVERHEAD-RECONNAISSANCE-THE-U-2-AND-OXCART-PROGRAMS-1954-1974.pdf,36,DATE,21 October 1953
CIA-UAP-003-THE-CENTRAL-INTELLIGENCE-AGENCY-AND-OVERHEAD-RECONNAISSANCE-THE-U-2-AND-OXCART-PROGRAMS-1954-1974.pdf,36,DATE,26 October 1953
CIA-UAP-003-THE-CENTRAL-INTELLIGENCE-AGENCY-AND-OVERHEAD-RECONNAISSANCE-THE-U-2-AND-OXCART-PROGRAMS-1954-1974.pdf,37,ORG,CIA
CIA-UAP-003-THE-CENTRAL-INTELLIGENCE-AGENCY-AND-OVERHEAD-RECONNAISSANCE-THE-U-2-AND-OXCART-PROGRAMS-1954-1974.pdf,37,DATE,2 August 1954
CIA-UAP-003-THE-CENTRAL-INTELLIGENCE-AGENCY-AND-OVERHEAD-RECONNAISSANCE-THE-U-2-AND-OXCART-PROGRAMS-1954-1974.pdf,38,DATE,24 September 1954
CIA-UAP-003-THE-CENTRAL-INTELLIGENCE-AGENCY-AND-OVERHEAD-RECONNAISSANCE-THE-U-2-AND-OXCART-PROGRAMS-1954-1974.pdf,38,MARKING,NOFORN
CIA-UAP-003-THE-CENTRAL-INTELLIGENCE-AGENCY-AND-OVERHEAD-RECONNAISSANCE-THE-U-2-AND-OXCART-PROGRAMS-1954-1974.pdf,39,PERSON,Dr. Lee DuBridge
CIA-UAP-003-THE-CENTRAL-INTELLIGENCE-AGENCY-AND-OVERHEAD-RECONNAISSANCE-THE-U-2-AND-OXCART-PROGRAMS-1954-1974.pdf,39,ORG,SAC
CIA-UAP-003-THE-CENTRAL-INTELLIGENCE-AGENCY-AND-OVERHEAD-RECONNAISSANCE-THE-U-2-AND-OXCART-PROGRAMS-1954-1974.pdf,40,DATE,15 April 1954
CIA-UAP-003-THE-CENTRAL-INTELLIGENCE-AGENCY-AND-OVERHEAD-RECONNAISSANCE-THE-U-2-AND-OXCART-PROGRAMS-1954-1974.pdf,40,DATE,26 July 1954
CIA-UAP-003-THE-CENTRAL-INTELLIGENCE-AGENCY-AND-OVERHEAD-RECONNAISSANCE-THE-U-2-AND-OXCART-PROGRAMS-1954-1974.pdf,40,DATE,13 September 1954
CIA-UAP-003-THE-CENTRAL-INTELLIGENCE-AGENCY-AND-OVERHEAD-RECONNAISSANCE-THE-U-2-AND-OXCART-PROGRAMS-1954-1974.pdf,40,MARKING,Secret
CIA-UAP-003-THE-CENTRAL-INTELLIGENCE-AGENCY-AND-OVERHEAD-RECONNAISSANCE-THE-U-2-AND-OXCART-PROGRAMS-1954-1974.pdf,41,PERSON,Lt. Col. V. T. Ford
CIA-UAP-003-THE-CENTRAL-INTELLIGENCE-AGENCY-AND-OVERHEAD-RECONNAISSANCE-THE-U-2-AND-OXCART-PROGRAMS-1954-1974.pdf,41,PERSON,Lt. Gen. L
CIA-UAP-003-THE-CENTRAL-INTELLIGENCE-AGENCY-AND-OVERHEAD-RECONNAISSANCE-THE-U-2-AND-OXCART-PROGRAMS-1954-1974.pdf,41,PERSON,Maj. Gen. H. McK. Roper
CIA-UAP-003-THE-CENTRAL-INTELLIGENCE-AGENCY-AND-OVERHEAD-RECONNAISSANCE-THE-U-2-AND-OXCART-PROGRAMS-1954-1974.pdf,41,ORG,USAF
CIA-UAP-003-THE-CENTRAL-INTELLIGENCE-AGENCY-AND-OVERHEAD-RECONNAISSANCE-THE-U-2-AND-OXCART-PROGRAMS-1954-1974.pdf,42,DATE,2 November 198
CIA-UAP-003-THE-CENTRAL-INTELLIGENCE-AGENCY-AND-OVERHEAD-RECONNAISSANCE-THE-U-2-AND-OXCART-PROGRAMS-1954-1974.pdf,43,PERSON,Lt. Gen. Charles Pearre Cabell
CIA-UAP-003-THE-CENTRAL-INTELLIGENCE-AGENCY-AND-OVERHEAD-RECONNAISSANCE-THE-U-2-AND-OXCART-PROGRAMS-1954-1974.pdf,43,ORG,CIA
CIA-UAP-003-THE-CENTRAL-INTELLIGENCE-AGENCY-AND-OVERHEAD-RECONNAISSANCE-THE-U-2-AND-OXCART-PROGRAMS-1954-1974.pdf,43,ORG,USAF
CIA-UAP-003-THE-CENTRAL-INTELLIGENCE-AGENCY-AND-OVERHEAD-RECONNAISSANCE-THE-U-2-AND-OXCART-PROGRAMS-1954-1974.pdf,44,PERSON,Dr. Henry Yutzy
CIA-UAP-003-THE-CENTRAL-INTELLIGENCE-AGENCY-AND-OVERHEAD-RECONNAISSANCE-THE-U-2-AND-OXCART-PROGRAMS-1954-1974.pdf,44,MARKING,Secret
CIA-UAP-003-THE-CENTRAL-INTELLIGENCE-AGENCY-AND-OVERHEAD-RECONNAISSANCE-THE-U-2-AND-OXCART-PROGRAMS-1954-1974.pdf,45,ORG,CIA
CIA-UAP-003-THE-CENTRAL-INTELLIGENCE-AGENCY-AND-OVERHEAD-RECONNAISSANCE-THE-U-2-AND-OXCART-PROGRAMS-1954-1974.pdf,45,MARKING,Secret
CIA-UAP-003-THE-CENTRAL-INTELLIGENCE-AGENCY-AND-OVERHEAD-RECONNAISSANCE-THE-U-2-AND-OXCART-PROGRAMS-1954-1974.pdf,46,ORG,CIA
CIA-UAP-003-THE-CENTRAL-INTELLIGENCE-AGENCY-AND-OVERHEAD-RECONNAISSANCE-THE-U-2-AND-OXCART-PROGRAMS-1954-1974.pdf,46,DATE,5 November 1954
CIA-UAP-003-THE-CENTRAL-INTELLIGENCE-AGENCY-AND-OVERHEAD-RECONNAISSANCE-THE-U-2-AND-OXCART-PROGRAMS-1954-1974.pdf,46,MARKING,Secret
CIA-UAP-003-THE-CENTRAL-INTELLIGENCE-AGENCY-AND-OVERHEAD-RECONNAISSANCE-THE-U-2-AND-OXCART-PROGRAMS-1954-1974.pdf,47,ORG,CIA
CIA-UAP-003-THE-CENTRAL-INTELLIGENCE-AGENCY-AND-OVERHEAD-RECONNAISSANCE-THE-U-2-AND-OXCART-PROGRAMS-1954-1974.pdf,47,DATE,5 November 1954
CIA-UAP-003-THE-CENTRAL-INTELLIGENCE-AGENCY-AND-OVERHEAD-RECONNAISSANCE-THE-U-2-AND-OXCART-PROGRAMS-1954-1974.pdf,47,MARKING,NOFORN
CIA-UAP-003-THE-CENTRAL-INTELLIGENCE-AGENCY-AND-OVERHEAD-RECONNAISSANCE-THE-U-2-AND-OXCART-PROGRAMS-1954-1974.pdf,48,PERSON,Lt. Gen. Donald L. Putt
CIA-UAP-003-THE-CENTRAL-INTELLIGENCE-AGENCY-AND-OVERHEAD-RECONNAISSANCE-THE-U-2-AND-OXCART-PROGRAMS-1954-1974.pdf,48,PERSON,Maj. John Seaberg
CIA-UAP-003-THE-CENTRAL-INTELLIGENCE-AGENCY-AND-OVERHEAD-RECONNAISSANCE-THE-U-2-AND-OXCART-PROGRAMS-1954-1974.pdf,48,DATE,18 November 1954
CIA-UAP-003-THE-CENTRAL-INTELLIGENCE-AGENCY-AND-OVERHEAD-RECONNAISSANCE-THE-U-2-AND-OXCART-PROGRAMS-1954-1974.pdf,48,MARKING,Secret
CIA-UAP-003-THE-CENTRAL-INTELLIGENCE-AGENCY-AND-OVERHEAD-RECONNAISSANCE-THE-U-2-AND-OXCART-PROGRAMS-1954-1974.pdf,49,ORG,CIA
CIA-UAP-003-THE-CENTRAL-INTELLIGENCE-AGENCY-AND-OVERHEAD-RECONNAISSANCE-THE-U-2-AND-OXCART-PROGRAMS-1954-1974.pdf,49,DATE,19 November 1954
CIA-UAP-003-THE-CENTRAL-INTELLIGENCE-AGENCY-AND-OVERHEAD-RECONNAISSANCE-THE-U-2-AND-OXCART-PROGRAMS-1954-1974.pdf,50,ORG,CIA
CIA-UAP-003-THE-CENTRAL-INTELLIGENCE-AGENCY-AND-OVERHEAD-RECONNAISSANCE-THE-U-2-AND-OXCART-PROGRAMS-1954-1974.pdf,50,DATE,24 November 1954
CIA-UAP-003-THE-CENTRAL-INTELLIGENCE-AGENCY-AND-OVERHEAD-RECONNAISSANCE-THE-U-2-AND-OXCART-PROGRAMS-1954-1974.pdf,50,MARKING,declassified
CIA-UAP-003-THE-CENTRAL-INTELLIGENCE-AGENCY-AND-OVERHEAD-RECONNAISSANCE-THE-U-2-AND-OXCART-PROGRAMS-1954-1974.pdf,52,DATE,26 November 1954
CIA-UAP-003-THE-CENTRAL-INTELLIGENCE-AGENCY-AND-OVERHEAD-RECONNAISSANCE-THE-U-2-AND-OXCART-PROGRAMS-1954-1974.pdf,52,DATE,2 December 1954
CIA-UAP-003-THE-CENTRAL-INTELLIGENCE-AGENCY-AND-OVERHEAD-RECONNAISSANCE-THE-U-2-AND-OXCART-PROGRAMS-1954-1974.pdf,52,MARKING,secret
CIA-UAP-003-THE-CENTRAL-INTELLIGENCE-AGENCY-AND-OVERHEAD-RECONNAISSANCE-THE-U-2-AND-OXCART-PROGRAMS-1954-1974.pdf,53,PERSON,Lt. Gen. Donald L. Putt
CIA-UAP-003-THE-CENTRAL-INTELLIGENCE-AGENCY-AND-OVERHEAD-RECONNAISSANCE-THE-U-2-AND-OXCART-PROGRAMS-1954-1974.pdf,53,ORG,CIA
CIA-UAP-003-THE-CENTRAL-INTELLIGENCE-AGENCY-AND-OVERHEAD-RECONNAISSANCE-THE-U-2-AND-OXCART-PROGRAMS-1954-1974.pdf,53,DATE,8 November 1984
CIA-UAP-003-THE-CENTRAL-INTELLIGENCE-AGENCY-AND-OVERHEAD-RECONNAISSANCE-THE-U-2-AND-OXCART-PROGRAMS-1954-1974.pdf,53,MARKING,Secret
CIA-UAP-003-THE-CENTRAL-INTELLIGENCE-AGENCY-AND-OVERHEAD-RECONNAISSANCE-THE-U-2-AND-OXCART-PROGRAMS-1954-1974.pdf,54,ORG,CIA
CIA-UAP-003-THE-CENTRAL-INTELLIGENCE-AGENCY-AND-OVERHEAD-RECONNAISSANCE-THE-U-2-AND-OXCART-PROGRAMS-1954-1974.pdf,54,ORG,USAF
CIA-UAP-003-THE-CENTRAL-INTELLIGENCE-AGENCY-AND-OVERHEAD-RECONNAISSANCE-THE-U-2-AND-OXCART-PROGRAMS-1954-1974.pdf,55,ORG,SAC
CIA-UAP-003-THE-CENTRAL-INTELLIGENCE-AGENCY-AND-OVERHEAD-RECONNAISSANCE-THE-U-2-AND-OXCART-PROGRAMS-1954-1974.pdf,55,ORG,CIA
CIA-UAP-003-THE-CENTRAL-INTELLIGENCE-AGENCY-AND-OVERHEAD-RECONNAISSANCE-THE-U-2-AND-OXCART-PROGRAMS-1954-1974.pdf,55,DATE,28 April 1955
CIA-UAP-003-THE-CENTRAL-INTELLIGENCE-AGENCY-AND-OVERHEAD-RECONNAISSANCE-THE-U-2-AND-OXCART-PROGRAMS-1954-1974.pdf,55,MARKING,Secret
CIA-UAP-003-THE-CENTRAL-INTELLIGENCE-AGENCY-AND-OVERHEAD-RECONNAISSANCE-THE-U-2-AND-OXCART-PROGRAMS-1954-1974.pdf,56,PERSON,Gen. Charles Pearre Cabell
CIA-UAP-003-THE-CENTRAL-INTELLIGENCE-AGENCY-AND-OVERHEAD-RECONNAISSANCE-THE-U-2-AND-OXCART-PROGRAMS-1954-1974.pdf,56,ORG,CIA
CIA-UAP-003-THE-CENTRAL-INTELLIGENCE-AGENCY-AND-OVERHEAD-RECONNAISSANCE-THE-U-2-AND-OXCART-PROGRAMS-1954-1974.pdf,56,DATE,3 December 1954
CIA-UAP-003-THE-CENTRAL-INTELLIGENCE-AGENCY-AND-OVERHEAD-RECONNAISSANCE-THE-U-2-AND-OXCART-PROGRAMS-1954-1974.pdf,56,MARKING,NOFORN
CIA-UAP-003-THE-CENTRAL-INTELLIGENCE-AGENCY-AND-OVERHEAD-RECONNAISSANCE-THE-U-2-AND-OXCART-PROGRAMS-1954-1974.pdf,57,ORG,OAR
CIA-UAP-003-THE-CENTRAL-INTELLIGENCE-AGENCY-AND-OVERHEAD-RECONNAISSANCE-THE-U-2-AND-OXCART-PROGRAMS-1954-1974.pdf,57,ORG,CIA
CIA-UAP-003-THE-CENTRAL-INTELLIGENCE-AGENCY-AND-OVERHEAD-RECONNAISSANCE-THE-U-2-AND-OXCART-PROGRAMS-1954-1974.pdf,57,DATE,20 June 1949
CIA-UAP-003-THE-CENTRAL-INTELLIGENCE-AGENCY-AND-OVERHEAD-RECONNAISSANCE-THE-U-2-AND-OXCART-PROGRAMS-1954-1974.pdf,57,DATE,22 December 1954
CIA-UAP-003-THE-CENTRAL-INTELLIGENCE-AGENCY-AND-OVERHEAD-RECONNAISSANCE-THE-U-2-AND-OXCART-PROGRAMS-1954-1974.pdf,57,DATE,2 March 1955
CIA-UAP-003-THE-CENTRAL-INTELLIGENCE-AGENCY-AND-OVERHEAD-RECONNAISSANCE-THE-U-2-AND-OXCART-PROGRAMS-1954-1974.pdf,57,DATE,21 February 1955
CIA-UAP-003-THE-CENTRAL-INTELLIGENCE-AGENCY-AND-OVERHEAD-RECONNAISSANCE-THE-U-2-AND-OXCART-PROGRAMS-1954-1974.pdf,57,DATE,5 Aug 1983
CIA-UAP-003-THE-CENTRAL-INTELLIGENCE-AGENCY-AND-OVERHEAD-RECONNAISSANCE-THE-U-2-AND-OXCART-PROGRAMS-1954-1974.pdf,57,MARKING,NOFORN
CIA-UAP-003-THE-CENTRAL-INTELLIGENCE-AGENCY-AND-OVERHEAD-RECONNAISSANCE-THE-U-2-AND-OXCART-PROGRAMS-1954-1974.pdf,58,DATE,26 August 1988
CIA-UAP-003-THE-CENTRAL-INTELLIGENCE-AGENCY-AND-OVERHEAD-RECONNAISSANCE-THE-U-2-AND-OXCART-PROGRAMS-1954-1974.pdf,59,MARKING,Secret
CIA-UAP-003-THE-CENTRAL-INTELLIGENCE-AGENCY-AND-OVERHEAD-RECONNAISSANCE-THE-U-2-AND-OXCART-PROGRAMS-1954-1974.pdf,61,DATE,28 January 1955
CIA-UAP-003-THE-CENTRAL-INTELLIGENCE-AGENCY-AND-OVERHEAD-RECONNAISSANCE-THE-U-2-AND-OXCART-PROGRAMS-1954-1974.pdf,61,MARKING,NOFORN
CIA-UAP-003-THE-CENTRAL-INTELLIGENCE-AGENCY-AND-OVERHEAD-RECONNAISSANCE-THE-U-2-AND-OXCART-PROGRAMS-1954-1974.pdf,63,ORG,CIA
CIA-UAP-003-THE-CENTRAL-INTELLIGENCE-AGENCY-AND-OVERHEAD-RECONNAISSANCE-THE-U-2-AND-OXCART-PROGRAMS-1954-1974.pdf,63,MARKING,NOFORN
CIA-UAP-003-THE-CENTRAL-INTELLIGENCE-AGENCY-AND-OVERHEAD-RECONNAISSANCE-THE-U-2-AND-OXCART-PROGRAMS-1954-1974.pdf,64,PERSON,Dr. Roderic M. Scott
CIA-UAP-003-THE-CENTRAL-INTELLIGENCE-AGENCY-AND-OVERHEAD-RECONNAISSANCE-THE-U-2-AND-OXCART-PROGRAMS-1954-1974.pdf,64,DATE,31 January 1955
CIA-UAP-003-THE-CENTRAL-INTELLIGENCE-AGENCY-AND-OVERHEAD-RECONNAISSANCE-THE-U-2-AND-OXCART-PROGRAMS-1954-1974.pdf,64,MARKING,Secret
CIA-UAP-003-THE-CENTRAL-INTELLIGENCE-AGENCY-AND-OVERHEAD-RECONNAISSANCE-THE-U-2-AND-OXCART-PROGRAMS-1954-1974.pdf,64,MARKING,NOFORN
CIA-UAP-003-THE-CENTRAL-INTELLIGENCE-AGENCY-AND-OVERHEAD-RECONNAISSANCE-THE-U-2-AND-OXCART-PROGRAMS-1954-1974.pdf,66,DATE,24 January 1956
CIA-UAP-003-THE-CENTRAL-INTELLIGENCE-AGENCY-AND-OVERHEAD-RECONNAISSANCE-THE-U-2-AND-OXCART-PROGRAMS-1954-1974.pdf,66,MARKING,NOFORN
CIA-UAP-003-THE-CENTRAL-INTELLIGENCE-AGENCY-AND-OVERHEAD-RECONNAISSANCE-THE-U-2-AND-OXCART-PROGRAMS-1954-1974.pdf,68,ORG,CIA
CIA-UAP-003-THE-CENTRAL-INTELLIGENCE-AGENCY-AND-OVERHEAD-RECONNAISSANCE-THE-U-2-AND-OXCART-PROGRAMS-1954-1974.pdf,68,MARKING,unclassified
CIA-UAP-003-THE-CENTRAL-INTELLIGENCE-AGENCY-AND-OVERHEAD-RECONNAISSANCE-THE-U-2-AND-OXCART-PROGRAMS-1954-1974.pdf,69,PERSON,Col. Osmund Ritland
CIA-UAP-003-THE-CENTRAL-INTELLIGENCE-AGENCY-AND-OVERHEAD-RECONNAISSANCE-THE-U-2-AND-OXCART-PROGRAMS-1954-1974.pdf,69,PERSON,Adm. Lewis Strauss
CIA-UAP-003-THE-CENTRAL-INTELLIGENCE-AGENCY-AND-OVERHEAD-RECONNAISSANCE-THE-U-2-AND-OXCART-PROGRAMS-1954-1974.pdf,69,DATE,12 April 1955
CIA-UAP-003-THE-CENTRAL-INTELLIGENCE-AGENCY-AND-OVERHEAD-RECONNAISSANCE-THE-U-2-AND-OXCART-PROGRAMS-1954-1974.pdf,69,DATE,12 May 1986
CIA-UAP-003-THE-CENTRAL-INTELLIGENCE-AGENCY-AND-OVERHEAD-RECONNAISSANCE-THE-U-2-AND-OXCART-PROGRAMS-1954-1974.pdf,69,MARKING,NOFORN
CIA-UAP-003-THE-CENTRAL-INTELLIGENCE-AGENCY-AND-OVERHEAD-RECONNAISSANCE-THE-U-2-AND-OXCART-PROGRAMS-1954-1974.pdf,70,MARKING,unclassified
CIA-UAP-003-THE-CENTRAL-INTELLIGENCE-AGENCY-AND-OVERHEAD-RECONNAISSANCE-THE-U-2-AND-OXCART-PROGRAMS-1954-1974.pdf,72,ORG,CIA
CIA-UAP-003-THE-CENTRAL-INTELLIGENCE-AGENCY-AND-OVERHEAD-RECONNAISSANCE-THE-U-2-AND-OXCART-PROGRAMS-1954-1974.pdf,72,DATE,29 April 1955
CIA-UAP-003-THE-CENTRAL-INTELLIGENCE-AGENCY-AND-OVERHEAD-RECONNAISSANCE-THE-U-2-AND-OXCART-PROGRAMS-1954-1974.pdf,72,MARKING,NOFORN
CIA-UAP-003-THE-CENTRAL-INTELLIGENCE-AGENCY-AND-OVERHEAD-RECONNAISSANCE-THE-U-2-AND-OXCART-PROGRAMS-1954-1974.pdf,72,MARKING,secret
CIA-UAP-003-THE-CENTRAL-INTELLIGENCE-AGENCY-AND-OVERHEAD-RECONNAISSANCE-THE-U-2-AND-OXCART-PROGRAMS-1954-1974.pdf,73,PERSON,Gen. Curtis E. LeMay
CIA-UAP-003-THE-CENTRAL-INTELLIGENCE-AGENCY-AND-OVERHEAD-RECONNAISSANCE-THE-U-2-AND-OXCART-PROGRAMS-1954-1974.pdf,73,ORG,CIA
CIA-UAP-003-THE-CENTRAL-INTELLIGENCE-AGENCY-AND-OVERHEAD-RECONNAISSANCE-THE-U-2-AND-OXCART-PROGRAMS-1954-1974.pdf,73,ORG,SAC
CIA-UAP-003-THE-CENTRAL-INTELLIGENCE-AGENCY-AND-OVERHEAD-RECONNAISSANCE-THE-U-2-AND-OXCART-PROGRAMS-1954-1974.pdf,73,ORG,USAF
CIA-UAP-003-THE-CENTRAL-INTELLIGENCE-AGENCY-AND-OVERHEAD-RECONNAISSANCE-THE-U-2-AND-OXCART-PROGRAMS-1954-1974.pdf,73,DATE,3 August 1955
CIA-UAP-003-THE-CENTRAL-INTELLIGENCE-AGENCY-AND-OVERHEAD-RECONNAISSANCE-THE-U-2-AND-OXCART-PROGRAMS-1954-1974.pdf,73,MARKING,NOFORN
CIA-UAP-003-THE-CENTRAL-INTELLIGENCE-AGENCY-AND-OVERHEAD-RECONNAISSANCE-THE-U-2-AND-OXCART-PROGRAMS-1954-1974.pdf,74,PERSON,Col. Osmund J. Rieland. He
CIA-UAP-003-THE-CENTRAL-INTELLIGENCE-AGENCY-AND-OVERHEAD-RECONNAISSANCE-THE-U-2-AND-OXCART-PROGRAMS-1954-1974.pdf,74,PERSON,Col. Jack A. Gibbs. Osmund
CIA-UAP-003-THE-CENTRAL-INTELLIGENCE-AGENCY-AND-OVERHEAD-RECONNAISSANCE-THE-U-2-AND-OXCART-PROGRAMS-1954-1974.pdf,74,PERSON,Lt. Col. Leo P. Geary
CIA-UAP-003-THE-CENTRAL-INTELLIGENCE-AGENCY-AND-OVERHEAD-RECONNAISSANCE-THE-U-2-AND-OXCART-PROGRAMS-1954-1974.pdf,74,PERSON,Gen. James H. Doolittle
CIA-UAP-003-THE-CENTRAL-INTELLIGENCE-AGENCY-AND-OVERHEAD-RECONNAISSANCE-THE-U-2-AND-OXCART-PROGRAMS-1954-1974.pdf,74,PERSON,Brig. Gen. Leo A. Geary
CIA-UAP-003-THE-CENTRAL-INTELLIGENCE-AGENCY-AND-OVERHEAD-RECONNAISSANCE-THE-U-2-AND-OXCART-PROGRAMS-1954-1974.pdf,74,ORG,CIA
CIA-UAP-003-THE-CENTRAL-INTELLIGENCE-AGENCY-AND-OVERHEAD-RECONNAISSANCE-THE-U-2-AND-OXCART-PROGRAMS-1954-1974.pdf,74,ORG,USAF
CIA-UAP-003-THE-CENTRAL-INTELLIGENCE-AGENCY-AND-OVERHEAD-RECONNAISSANCE-THE-U-2-AND-OXCART-PROGRAMS-1954-1974.pdf,74,DATE,27 June 1955
CIA-UAP-003-THE-CENTRAL-INTELLIGENCE-AGENCY-AND-OVERHEAD-RECONNAISSANCE-THE-U-2-AND-OXCART-PROGRAMS-1954-1974.pdf,74,DATE,12 October 1965
CIA-UAP-003-THE-CENTRAL-INTELLIGENCE-AGENCY-AND-OVERHEAD-RECONNAISSANCE-THE-U-2-AND-OXCART-PROGRAMS-1954-1974.pdf,74,DATE,3 April 1986
CIA-UAP-003-THE-CENTRAL-INTELLIGENCE-AGENCY-AND-OVERHEAD-RECONNAISSANCE-THE-U-2-AND-OXCART-PROGRAMS-1954-1974.pdf,74,MARKING,Secret
CIA-UAP-003-THE-CENTRAL-INTELLIGENCE-AGENCY-AND-OVERHEAD-RECONNAISSANCE-THE-U-2-AND-OXCART-PROGRAMS-1954-1974.pdf,75,PERSON,Col. Donald D. Flickinger
CIA-UAP-003-THE-CENTRAL-INTELLIGENCE-AGENCY-AND-OVERHEAD-RECONNAISSANCE-THE-U-2-AND-OXCART-PROGRAMS-1954-1974.pdf,75,PERSON,Col. W. Randolph Lovelace
CIA-UAP-003-THE-CENTRAL-INTELLIGENCE-AGENCY-AND-OVERHEAD-RECONNAISSANCE-THE-U-2-AND-OXCART-PROGRAMS-1954-1974.pdf,75,PERSON,Dr. Lovelace
CIA-UAP-003-THE-CENTRAL-INTELLIGENCE-AGENCY-AND-OVERHEAD-RECONNAISSANCE-THE-U-2-AND-OXCART-PROGRAMS-1954-1974.pdf,75,ORG,USAF
CIA-UAP-003-THE-CENTRAL-INTELLIGENCE-AGENCY-AND-OVERHEAD-RECONNAISSANCE-THE-U-2-AND-OXCART-PROGRAMS-1954-1974.pdf,75,DATE,4 October 1983
CIA-UAP-003-THE-CENTRAL-INTELLIGENCE-AGENCY-AND-OVERHEAD-RECONNAISSANCE-THE-U-2-AND-OXCART-PROGRAMS-1954-1974.pdf,76,MARKING,Secret
CIA-UAP-003-THE-CENTRAL-INTELLIGENCE-AGENCY-AND-OVERHEAD-RECONNAISSANCE-THE-U-2-AND-OXCART-PROGRAMS-1954-1974.pdf,77,PERSON,Maj. Gen. Patrick J. Halloran
CIA-UAP-003-THE-CENTRAL-INTELLIGENCE-AGENCY-AND-OVERHEAD-RECONNAISSANCE-THE-U-2-AND-OXCART-PROGRAMS-1954-1974.pdf,77,DATE,24 April 1986
CIA-UAP-003-THE-CENTRAL-INTELLIGENCE-AGENCY-AND-OVERHEAD-RECONNAISSANCE-THE-U-2-AND-OXCART-PROGRAMS-1954-1974.pdf,78,MARKING,secret
CIA-UAP-003-THE-CENTRAL-INTELLIGENCE-AGENCY-AND-OVERHEAD-RECONNAISSANCE-THE-U-2-AND-OXCART-PROGRAMS-1954-1974.pdf,79,PERSON,Col. Allman T. Culbertson
CIA-UAP-003-THE-CENTRAL-INTELLIGENCE-AGENCY-AND-OVERHEAD-RECONNAISSANCE-THE-U-2-AND-OXCART-PROGRAMS-1954-1974.pdf,79,PERSON,Dr. Alex Batlin Re Project
CIA-UAP-003-THE-CENTRAL-INTELLIGENCE-AGENCY-AND-OVERHEAD-RECONNAISSANCE-THE-U-2-AND-OXCART-PROGRAMS-1954-1974.pdf,79,ORG,CIA
CIA-UAP-003-THE-CENTRAL-INTELLIGENCE-AGENCY-AND-OVERHEAD-RECONNAISSANCE-THE-U-2-AND-OXCART-PROGRAMS-1954-1974.pdf,80,MARKING,Secret
CIA-UAP-003-THE-CENTRAL-INTELLIGENCE-AGENCY-AND-OVERHEAD-RECONNAISSANCE-THE-U-2-AND-OXCART-PROGRAMS-1954-1974.pdf,80,MARKING,NOFORN
CIA-UAP-003-THE-CENTRAL-INTELLIGENCE-AGENCY-AND-OVERHEAD-RECONNAISSANCE-THE-U-2-AND-OXCART-PROGRAMS-1954-1974.pdf,81,DATE,27 July 1955
CIA-UAP-003-THE-CENTRAL-INTELLIGENCE-AGENCY-AND-OVERHEAD-RECONNAISSANCE-THE-U-2-AND-OXCART-PROGRAMS-1954-1974.pdf,81,DATE,14 March 1986
CIA-UAP-003-THE-CENTRAL-INTELLIGENCE-AGENCY-AND-OVERHEAD-RECONNAISSANCE-THE-U-2-AND-OXCART-PROGRAMS-1954-1974.pdf,82,DATE,4 August 1955
CIA-UAP-003-THE-CENTRAL-INTELLIGENCE-AGENCY-AND-OVERHEAD-RECONNAISSANCE-THE-U-2-AND-OXCART-PROGRAMS-1954-1974.pdf,82,MARKING,NOFORN
CIA-UAP-003-THE-CENTRAL-INTELLIGENCE-AGENCY-AND-OVERHEAD-RECONNAISSANCE-THE-U-2-AND-OXCART-PROGRAMS-1954-1974.pdf,82,MARKING,secret
CIA-UAP-003-THE-CENTRAL-INTELLIGENCE-AGENCY-AND-OVERHEAD-RECONNAISSANCE-THE-U-2-AND-OXCART-PROGRAMS-1954-1974.pdf,83,PERSON,Col. Osmond Ritla
CIA-UAP-003-THE-CENTRAL-INTELLIGENCE-AGENCY-AND-OVERHEAD-RECONNAISSANCE-THE-U-2-AND-OXCART-PROGRAMS-1954-1974.pdf,83,DATE,4 August 1955
CIA-UAP-003-THE-CENTRAL-INTELLIGENCE-AGENCY-AND-OVERHEAD-RECONNAISSANCE-THE-U-2-AND-OXCART-PROGRAMS-1954-1974.pdf,83,DATE,8 August 1955
CIA-UAP-003-THE-CENTRAL-INTELLIGENCE-AGENCY-AND-OVERHEAD-RECONNAISSANCE-THE-U-2-AND-OXCART-PROGRAMS-1954-1974.pdf,84,DATE,22 September 1955
CIA-UAP-003-THE-CENTRAL-INTELLIGENCE-AGENCY-AND-OVERHEAD-RECONNAISSANCE-THE-U-2-AND-OXCART-PROGRAMS-1954-1974.pdf,85,ORG,USAF
CIA-UAP-003-THE-CENTRAL-INTELLIGENCE-AGENCY-AND-OVERHEAD-RECONNAISSANCE-THE-U-2-AND-OXCART-PROGRAMS-1954-1974.pdf,85,ORG,CIA
CIA-UAP-003-THE-CENTRAL-INTELLIGENCE-AGENCY-AND-OVERHEAD-RECONNAISSANCE-THE-U-2-AND-OXCART-PROGRAMS-1954-1974.pdf,85,DATE,3 October 1955
CIA-UAP-003-THE-CENTRAL-INTELLIGENCE-AGENCY-AND-OVERHEAD-RECONNAISSANCE-THE-U-2-AND-OXCART-PROGRAMS-1954-1974.pdf,85,MARKING,Secret
CIA-UAP-003-THE-CENTRAL-INTELLIGENCE-AGENCY-AND-OVERHEAD-RECONNAISSANCE-THE-U-2-AND-OXCART-PROGRAMS-1954-1974.pdf,87,PERSON,Lt. Gen
CIA-UAP-003-THE-CENTRAL-INTELLIGENCE-AGENCY-AND-OVERHEAD-RECONNAISSANCE-THE-U-2-AND-OXCART-PROGRAMS-1954-1974.pdf,87,ORG,SAC
CIA-UAP-003-THE-CENTRAL-INTELLIGENCE-AGENCY-AND-OVERHEAD-RECONNAISSANCE-THE-U-2-AND-OXCART-PROGRAMS-1954-1974.pdf,87,ORG,CIA
CIA-UAP-003-THE-CENTRAL-INTELLIGENCE-AGENCY-AND-OVERHEAD-RECONNAISSANCE-THE-U-2-AND-OXCART-PROGRAMS-1954-1974.pdf,87,MARKING,NOFORN
CIA-UAP-003-THE-CENTRAL-INTELLIGENCE-AGENCY-AND-OVERHEAD-RECONNAISSANCE-THE-U-2-AND-OXCART-PROGRAMS-1954-1974.pdf,88,PERSON,Col. William F. Yancey
CIA-UAP-003-THE-CENTRAL-INTELLIGENCE-AGENCY-AND-OVERHEAD-RECONNAISSANCE-THE-U-2-AND-OXCART-PROGRAMS-1954-1974.pdf,88,ORG,CIA
CIA-UAP-003-THE-CENTRAL-INTELLIGENCE-AGENCY-AND-OVERHEAD-RECONNAISSANCE-THE-U-2-AND-OXCART-PROGRAMS-1954-1974.pdf,88,ORG,SAC
CIA-UAP-003-THE-CENTRAL-INTELLIGENCE-AGENCY-AND-OVERHEAD-RECONNAISSANCE-THE-U-2-AND-OXCART-PROGRAMS-1954-1974.pdf,88,DATE,28 November 1955
CIA-UAP-003-THE-CENTRAL-INTELLIGENCE-AGENCY-AND-OVERHEAD-RECONNAISSANCE-THE-U-2-AND-OXCART-PROGRAMS-1954-1974.pdf,89,ORG,SAC
CIA-UAP-003-THE-CENTRAL-INTELLIGENCE-AGENCY-AND-OVERHEAD-RECONNAISSANCE-THE-U-2-AND-OXCART-PROGRAMS-1954-1974.pdf,89,DATE,6 March 1986
CIA-UAP-003-THE-CENTRAL-INTELLIGENCE-AGENCY-AND-OVERHEAD-RECONNAISSANCE-THE-U-2-AND-OXCART-PROGRAMS-1954-1974.pdf,89,MARKING,NOFORN
CIA-UAP-003-THE-CENTRAL-INTELLIGENCE-AGENCY-AND-OVERHEAD-RECONNAISSANCE-THE-U-2-AND-OXCART-PROGRAMS-1954-1974.pdf,90,ORG,CIA
CIA-UAP-003-THE-CENTRAL-INTELLIGENCE-AGENCY-AND-OVERHEAD-RECONNAISSANCE-THE-U-2-AND-OXCART-PROGRAMS-1954-1974.pdf,90,DATE,14 April 1956
CIA-UAP-003-THE-CENTRAL-INTELLIGENCE-AGENCY-AND-OVERHEAD-RECONNAISSANCE-THE-U-2-AND-OXCART-PROGRAMS-1954-1974.pdf,91,PERSON,Brig. Gen. Ralph E
CIA-UAP-003-THE-CENTRAL-INTELLIGENCE-AGENCY-AND-OVERHEAD-RECONNAISSANCE-THE-U-2-AND-OXCART-PROGRAMS-1954-1974.pdf,91,ORG,SAC
CIA-UAP-003-THE-CENTRAL-INTELLIGENCE-AGENCY-AND-OVERHEAD-RECONNAISSANCE-THE-U-2-AND-OXCART-PROGRAMS-1954-1974.pdf,91,DATE,14 April 1956
CIA-UAP-003-THE-CENTRAL-INTELLIGENCE-AGENCY-AND-OVERHEAD-RECONNAISSANCE-THE-U-2-AND-OXCART-PROGRAMS-1954-1974.pdf,91,MARKING,Secret
CIA-UAP-003-THE-CENTRAL-INTELLIGENCE-AGENCY-AND-OVERHEAD-RECONNAISSANCE-THE-U-2-AND-OXCART-PROGRAMS-1954-1974.pdf,91,MARKING,NOfORN
CIA-UAP-003-THE-CENTRAL-INTELLIGENCE-AGENCY-AND-OVERHEAD-RECONNAISSANCE-THE-U-2-AND-OXCART-PROGRAMS-1954-1974.pdf,92,PERSON,Brig. Gen. Leo A. Geary
CIA-UAP-003-THE-CENTRAL-INTELLIGENCE-AGENCY-AND-OVERHEAD-RECONNAISSANCE-THE-U-2-AND-OXCART-PROGRAMS-1954-1974.pdf,92,DATE,15 May 1956
CIA-UAP-003-THE-CENTRAL-INTELLIGENCE-AGENCY-AND-OVERHEAD-RECONNAISSANCE-THE-U-2-AND-OXCART-PROGRAMS-1954-1974.pdf,92,DATE,12 October 1988
CIA-UAP-003-THE-CENTRAL-INTELLIGENCE-AGENCY-AND-OVERHEAD-RECONNAISSANCE-THE-U-2-AND-OXCART-PROGRAMS-1954-1974.pdf,92,MARKING,NOFORN
CIA-UAP-003-THE-CENTRAL-INTELLIGENCE-AGENCY-AND-OVERHEAD-RECONNAISSANCE-THE-U-2-AND-OXCART-PROGRAMS-1954-1974.pdf,93,DATE,1 August 1956
CIA-UAP-003-THE-CENTRAL-INTELLIGENCE-AGENCY-AND-OVERHEAD-RECONNAISSANCE-THE-U-2-AND-OXCART-PROGRAMS-1954-1974.pdf,93,DATE,17 September 1956
CIA-UAP-003-THE-CENTRAL-INTELLIGENCE-AGENCY-AND-OVERHEAD-RECONNAISSANCE-THE-U-2-AND-OXCART-PROGRAMS-1954-1974.pdf,93,DATE,9 December 1956
CIA-UAP-003-THE-CENTRAL-INTELLIGENCE-AGENCY-AND-OVERHEAD-RECONNAISSANCE-THE-U-2-AND-OXCART-PROGRAMS-1954-1974.pdf,93,DATE,5 November 1954
CIA-UAP-003-THE-CENTRAL-INTELLIGENCE-AGENCY-AND-OVERHEAD-RECONNAISSANCE-THE-U-2-AND-OXCART-PROGRAMS-1954-1974.pdf,94,ORG,CIA
CIA-UAP-003-THE-CENTRAL-INTELLIGENCE-AGENCY-AND-OVERHEAD-RECONNAISSANCE-THE-U-2-AND-OXCART-PROGRAMS-1954-1974.pdf,94,ORG,NSA
CIA-UAP-003-THE-CENTRAL-INTELLIGENCE-AGENCY-AND-OVERHEAD-RECONNAISSANCE-THE-U-2-AND-OXCART-PROGRAMS-1954-1974.pdf,94,DATE,15 August 1960
CIA-UAP-003-THE-CENTRAL-INTELLIGENCE-AGENCY-AND-OVERHEAD-RECONNAISSANCE-THE-U-2-AND-OXCART-PROGRAMS-1954-1974.pdf,95,ORG,CIA
CIA-UAP-003-THE-CENTRAL-INTELLIGENCE-AGENCY-AND-OVERHEAD-RECONNAISSANCE-THE-U-2-AND-OXCART-PROGRAMS-1954-1974.pdf,95,DATE,13 December 1954
CIA-UAP-003-THE-CENTRAL-INTELLIGENCE-AGENCY-AND-OVERHEAD-RECONNAISSANCE-THE-U-2-AND-OXCART-PROGRAMS-1954-1974.pdf,95,DATE,21 May 1987
CIA-UAP-003-THE-CENTRAL-INTELLIGENCE-AGENCY-AND-OVERHEAD-RECONNAISSANCE-THE-U-2-AND-OXCART-PROGRAMS-1954-1974.pdf,96,ORG,CIA
CIA-UAP-003-THE-CENTRAL-INTELLIGENCE-AGENCY-AND-OVERHEAD-RECONNAISSANCE-THE-U-2-AND-OXCART-PROGRAMS-1954-1974.pdf,98,DATE,27 December 1955
CIA-UAP-003-THE-CENTRAL-INTELLIGENCE-AGENCY-AND-OVERHEAD-RECONNAISSANCE-THE-U-2-AND-OXCART-PROGRAMS-1954-1974.pdf,98,DATE,15 February 1956
CIA-UAP-003-THE-CENTRAL-INTELLIGENCE-AGENCY-AND-OVERHEAD-RECONNAISSANCE-THE-U-2-AND-OXCART-PROGRAMS-1954-1974.pdf,99,DATE,7 February 1956
CIA-UAP-003-THE-CENTRAL-INTELLIGENCE-AGENCY-AND-OVERHEAD-RECONNAISSANCE-THE-U-2-AND-OXCART-PROGRAMS-1954-1974.pdf,99,MARKING,Secret
CIA-UAP-003-THE-CENTRAL-INTELLIGENCE-AGENCY-AND-OVERHEAD-RECONNAISSANCE-THE-U-2-AND-OXCART-PROGRAMS-1954-1974.pdf,99,MARKING,NOFORN
CIA-UAP-003-THE-CENTRAL-INTELLIGENCE-AGENCY-AND-OVERHEAD-RECONNAISSANCE-THE-U-2-AND-OXCART-PROGRAMS-1954-1974.pdf,100,DATE,5 March 1956
CIA-UAP-003-THE-CENTRAL-INTELLIGENCE-AGENCY-AND-OVERHEAD-RECONNAISSANCE-THE-U-2-AND-OXCART-PROGRAMS-1954-1974.pdf,100,MARKING,declassified
CIA-UAP-003-THE-CENTRAL-INTELLIGENCE-AGENCY-AND-OVERHEAD-RECONNAISSANCE-THE-U-2-AND-OXCART-PROGRAMS-1954-1974.pdf,101,ORG,CIA
CIA-UAP-003-THE-CENTRAL-INTELLIGENCE-AGENCY-AND-OVERHEAD-RECONNAISSANCE-THE-U-2-AND-OXCART-PROGRAMS-1954-1974.pdf,101,ORG,OSI
CIA-UAP-003-THE-CENTRAL-INTELLIGENCE-AGENCY-AND-OVERHEAD-RECONNAISSANCE-THE-U-2-AND-OXCART-PROGRAMS-1954-1974.pdf,101,DATE,24 February 1956
CIA-UAP-003-THE-CENTRAL-INTELLIGENCE-AGENCY-AND-OVERHEAD-RECONNAISSANCE-THE-U-2-AND-OXCART-PROGRAMS-1954-1974.pdf,102,PERSON,Dr. Hugh Dryden. Moreover
CIA-UAP-003-THE-CENTRAL-INTELLIGENCE-AGENCY-AND-OVERHEAD-RECONNAISSANCE-THE-U-2-AND-OXCART-PROGRAMS-1954-1974.pdf,102,ORG,SAC
CIA-UAP-003-THE-CENTRAL-INTELLIGENCE-AGENCY-AND-OVERHEAD-RECONNAISSANCE-THE-U-2-AND-OXCART-PROGRAMS-1954-1974.pdf,102,ORG,CIA
CIA-UAP-003-THE-CENTRAL-INTELLIGENCE-AGENCY-AND-OVERHEAD-RECONNAISSANCE-THE-U-2-AND-OXCART-PROGRAMS-1954-1974.pdf,102,DATE,21 June 1956
CIA-UAP-003-THE-CENTRAL-INTELLIGENCE-AGENCY-AND-OVERHEAD-RECONNAISSANCE-THE-U-2-AND-OXCART-PROGRAMS-1954-1974.pdf,103,MARKING,NOfORN
CIA-UAP-003-THE-CENTRAL-INTELLIGENCE-AGENCY-AND-OVERHEAD-RECONNAISSANCE-THE-U-2-AND-OXCART-PROGRAMS-1954-1974.pdf,106,ORG,USAF
CIA-UAP-003-THE-CENTRAL-INTELLIGENCE-AGENCY-AND-OVERHEAD-RECONNAISSANCE-THE-U-2-AND-OXCART-PROGRAMS-1954-1974.pdf,106,ORG,SAC
CIA-UAP-003-THE-CENTRAL-INTELLIGENCE-AGENCY-AND-OVERHEAD-RECONNAISSANCE-THE-U-2-AND-OXCART-PROGRAMS-1954-1974.pdf,106,DATE,10 January 1956
CIA-UAP-003-THE-CENTRAL-INTELLIGENCE-AGENCY-AND-OVERHEAD-RECONNAISSANCE-THE-U-2-AND-OXCART-PROGRAMS-1954-1974.pdf,106,MARKING,NOFORN
CIA-UAP-003-THE-CENTRAL-INTELLIGENCE-AGENCY-AND-OVERHEAD-RECONNAISSANCE-THE-U-2-AND-OXCART-PROGRAMS-1954-1974.pdf,107,ORG,USAF
CIA-UAP-003-THE-CENTRAL-INTELLIGENCE-AGENCY-AND-OVERHEAD-RECONNAISSANCE-THE-U-2-AND-OXCART-PROGRAMS-1954-1974.pdf,107,DATE,29 April 1956
CIA-UAP-003-THE-CENTRAL-INTELLIGENCE-AGENCY-AND-OVERHEAD-RECONNAISSANCE-THE-U-2-AND-OXCART-PROGRAMS-1954-1974.pdf,107,DATE,7 May 1956
CIA-UAP-003-THE-CENTRAL-INTELLIGENCE-AGENCY-AND-OVERHEAD-RECONNAISSANCE-THE-U-2-AND-OXCART-PROGRAMS-1954-1974.pdf,107,MARKING,unclassified
CIA-UAP-003-THE-CENTRAL-INTELLIGENCE-AGENCY-AND-OVERHEAD-RECONNAISSANCE-THE-U-2-AND-OXCART-PROGRAMS-1954-1974.pdf,108,PERSON,Col. Frederick McCoy
CIA-UAP-003-THE-CENTRAL-INTELLIGENCE-AGENCY-AND-OVERHEAD-RECONNAISSANCE-THE-U-2-AND-OXCART-PROGRAMS-1954-1974.pdf,108,ORG,SAC
CIA-UAP-003-THE-CENTRAL-INTELLIGENCE-AGENCY-AND-OVERHEAD-RECONNAISSANCE-THE-U-2-AND-OXCART-PROGRAMS-1954-1974.pdf,108,DATE,28 May 1956
CIA-UAP-003-THE-CENTRAL-INTELLIGENCE-AGENCY-AND-OVERHEAD-RECONNAISSANCE-THE-U-2-AND-OXCART-PROGRAMS-1954-1974.pdf,108,MARKING,NOFORN
CIA-UAP-003-THE-CENTRAL-INTELLIGENCE-AGENCY-AND-OVERHEAD-RECONNAISSANCE-THE-U-2-AND-OXCART-PROGRAMS-1954-1974.pdf,108,MARKING,Secret
CIA-UAP-003-THE-CENTRAL-INTELLIGENCE-AGENCY-AND-OVERHEAD-RECONNAISSANCE-THE-U-2-AND-OXCART-PROGRAMS-1954-1974.pdf,109,ORG,CIA
CIA-UAP-003-THE-CENTRAL-INTELLIGENCE-AGENCY-AND-OVERHEAD-RECONNAISSANCE-THE-U-2-AND-OXCART-PROGRAMS-1954-1974.pdf,109,DATE,21 July 1955
CIA-UAP-003-THE-CENTRAL-INTELLIGENCE-AGENCY-AND-OVERHEAD-RECONNAISSANCE-THE-U-2-AND-OXCART-PROGRAMS-1954-1974.pdf,109,DATE,31 May 1956
CIA-UAP-003-THE-CENTRAL-INTELLIGENCE-AGENCY-AND-OVERHEAD-RECONNAISSANCE-THE-U-2-AND-OXCART-PROGRAMS-1954-1974.pdf,109,MARKING,secret
CIA-UAP-003-THE-CENTRAL-INTELLIGENCE-AGENCY-AND-OVERHEAD-RECONNAISSANCE-THE-U-2-AND-OXCART-PROGRAMS-1954-1974.pdf,110,PERSON,Col. Andrew J. Goodpaster
CIA-UAP-003-THE-CENTRAL-INTELLIGENCE-AGENCY-AND-OVERHEAD-RECONNAISSANCE-THE-U-2-AND-OXCART-PROGRAMS-1954-1974.pdf,110,ORG,CIA
CIA-UAP-003-THE-CENTRAL-INTELLIGENCE-AGENCY-AND-OVERHEAD-RECONNAISSANCE-THE-U-2-AND-OXCART-PROGRAMS-1954-1974.pdf,110,ORG,OSI
CIA-UAP-003-THE-CENTRAL-INTELLIGENCE-AGENCY-AND-OVERHEAD-RECONNAISSANCE-THE-U-2-AND-OXCART-PROGRAMS-1954-1974.pdf,110,DATE,28 May 1956
CIA-UAP-003-THE-CENTRAL-INTELLIGENCE-AGENCY-AND-OVERHEAD-RECONNAISSANCE-THE-U-2-AND-OXCART-PROGRAMS-1954-1974.pdf,110,MARKING,NOFORN
CIA-UAP-003-THE-CENTRAL-INTELLIGENCE-AGENCY-AND-OVERHEAD-RECONNAISSANCE-THE-U-2-AND-OXCART-PROGRAMS-1954-1974.pdf,111,ORG,CIA
CIA-UAP-003-THE-CENTRAL-INTELLIGENCE-AGENCY-AND-OVERHEAD-RECONNAISSANCE-THE-U-2-AND-OXCART-PROGRAMS-1954-1974.pdf,112,DATE,30 January 1956
CIA-UAP-003-THE-CENTRAL-INTELLIGENCE-AGENCY-AND-OVERHEAD-RECONNAISSANCE-THE-U-2-AND-OXCART-PROGRAMS-1954-1974.pdf,112,DATE,23 May 1955
CIA-UAP-003-THE-CENTRAL-INTELLIGENCE-AGENCY-AND-OVERHEAD-RECONNAISSANCE-THE-U-2-AND-OXCART-PROGRAMS-1954-1974.pdf,112,DATE,30 May 1955
CIA-UAP-003-THE-CENTRAL-INTELLIGENCE-AGENCY-AND-OVERHEAD-RECONNAISSANCE-THE-U-2-AND-OXCART-PROGRAMS-1954-1974.pdf,112,DATE,27 February 1956
CIA-UAP-003-THE-CENTRAL-INTELLIGENCE-AGENCY-AND-OVERHEAD-RECONNAISSANCE-THE-U-2-AND-OXCART-PROGRAMS-1954-1974.pdf,112,DATE,11 May 1956
CIA-UAP-003-THE-CENTRAL-INTELLIGENCE-AGENCY-AND-OVERHEAD-RECONNAISSANCE-THE-U-2-AND-OXCART-PROGRAMS-1954-1974.pdf,112,DATE,26 September 1955
CIA-UAP-003-THE-CENTRAL-INTELLIGENCE-AGENCY-AND-OVERHEAD-RECONNAISSANCE-THE-U-2-AND-OXCART-PROGRAMS-1954-1974.pdf,113,ORG,CIA
CIA-UAP-003-THE-CENTRAL-INTELLIGENCE-AGENCY-AND-OVERHEAD-RECONNAISSANCE-THE-U-2-AND-OXCART-PROGRAMS-1954-1974.pdf,113,DATE,23 April 1956
CIA-UAP-003-THE-CENTRAL-INTELLIGENCE-AGENCY-AND-OVERHEAD-RECONNAISSANCE-THE-U-2-AND-OXCART-PROGRAMS-1954-1974.pdf,113,DATE,20 June 1956
CIA-UAP-003-THE-CENTRAL-INTELLIGENCE-AGENCY-AND-OVERHEAD-RECONNAISSANCE-THE-U-2-AND-OXCART-PROGRAMS-1954-1974.pdf,113,DATE,22 June 1956
CIA-UAP-003-THE-CENTRAL-INTELLIGENCE-AGENCY-AND-OVERHEAD-RECONNAISSANCE-THE-U-2-AND-OXCART-PROGRAMS-1954-1974.pdf,113,DATE,20 February 1956
CIA-UAP-003-THE-CENTRAL-INTELLIGENCE-AGENCY-AND-OVERHEAD-RECONNAISSANCE-THE-U-2-AND-OXCART-PROGRAMS-1954-1974.pdf,113,DATE,4 May 1956
CIA-UAP-003-THE-CENTRAL-INTELLIGENCE-AGENCY-AND-OVERHEAD-RECONNAISSANCE-THE-U-2-AND-OXCART-PROGRAMS-1954-1974.pdf,113,DATE,21 June 1956
CIA-UAP-003-THE-CENTRAL-INTELLIGENCE-AGENCY-AND-OVERHEAD-RECONNAISSANCE-THE-U-2-AND-OXCART-PROGRAMS-1954-1974.pdf,114,ORG,CIA
CIA-UAP-003-THE-CENTRAL-INTELLIGENCE-AGENCY-AND-OVERHEAD-RECONNAISSANCE-THE-U-2-AND-OXCART-PROGRAMS-1954-1974.pdf,114,DATE,23 June 1956
CIA-UAP-003-THE-CENTRAL-INTELLIGENCE-AGENCY-AND-OVERHEAD-RECONNAISSANCE-THE-U-2-AND-OXCART-PROGRAMS-1954-1974.pdf,114,DATE,2 July 1956
CIA-UAP-003-THE-CENTRAL-INTELLIGENCE-AGENCY-AND-OVERHEAD-RECONNAISSANCE-THE-U-2-AND-OXCART-PROGRAMS-1954-1974.pdf,115,DATE,5 July 1956
CIA-UAP-003-THE-CENTRAL-INTELLIGENCE-AGENCY-AND-OVERHEAD-RECONNAISSANCE-THE-U-2-AND-OXCART-PROGRAMS-1954-1974.pdf,116,DATE,4 July 1956
CIA-UAP-003-THE-CENTRAL-INTELLIGENCE-AGENCY-AND-OVERHEAD-RECONNAISSANCE-THE-U-2-AND-OXCART-PROGRAMS-1954-1974.pdf,116,DATE,5 July 1956
CIA-UAP-003-THE-CENTRAL-INTELLIGENCE-AGENCY-AND-OVERHEAD-RECONNAISSANCE-THE-U-2-AND-OXCART-PROGRAMS-1954-1974.pdf,117,ORG,CIA
CIA-UAP-003-THE-CENTRAL-INTELLIGENCE-AGENCY-AND-OVERHEAD-RECONNAISSANCE-THE-U-2-AND-OXCART-PROGRAMS-1954-1974.pdf,117,DATE,4 July 1956
CIA-UAP-003-THE-CENTRAL-INTELLIGENCE-AGENCY-AND-OVERHEAD-RECONNAISSANCE-THE-U-2-AND-OXCART-PROGRAMS-1954-1974.pdf,117,DATE,2 July 1956
CIA-UAP-003-THE-CENTRAL-INTELLIGENCE-AGENCY-AND-OVERHEAD-RECONNAISSANCE-THE-U-2-AND-OXCART-PROGRAMS-1954-1974.pdf,117,MARKING,NOFORN
CIA-UAP-003-THE-CENTRAL-INTELLIGENCE-AGENCY-AND-OVERHEAD-RECONNAISSANCE-THE-U-2-AND-OXCART-PROGRAMS-1954-1974.pdf,118,PERSON,Mr. Allen
CIA-UAP-003-THE-CENTRAL-INTELLIGENCE-AGENCY-AND-OVERHEAD-RECONNAISSANCE-THE-U-2-AND-OXCART-PROGRAMS-1954-1974.pdf,118,DATE,5 July 1956
CIA-UAP-003-THE-CENTRAL-INTELLIGENCE-AGENCY-AND-OVERHEAD-RECONNAISSANCE-THE-U-2-AND-OXCART-PROGRAMS-1954-1974.pdf,118,DATE,4 July 1956
CIA-UAP-003-THE-CENTRAL-INTELLIGENCE-AGENCY-AND-OVERHEAD-RECONNAISSANCE-THE-U-2-AND-OXCART-PROGRAMS-1954-1974.pdf,119,PERSON,Gen. Andrew J. Goodpaster
CIA-UAP-003-THE-CENTRAL-INTELLIGENCE-AGENCY-AND-OVERHEAD-RECONNAISSANCE-THE-U-2-AND-OXCART-PROGRAMS-1954-1974.pdf,119,ORG,CIA
CIA-UAP-003-THE-CENTRAL-INTELLIGENCE-AGENCY-AND-OVERHEAD-RECONNAISSANCE-THE-U-2-AND-OXCART-PROGRAMS-1954-1974.pdf,119,DATE,9 July 1956
CIA-UAP-003-THE-CENTRAL-INTELLIGENCE-AGENCY-AND-OVERHEAD-RECONNAISSANCE-THE-U-2-AND-OXCART-PROGRAMS-1954-1974.pdf,119,DATE,5 July 1956
CIA-UAP-003-THE-CENTRAL-INTELLIGENCE-AGENCY-AND-OVERHEAD-RECONNAISSANCE-THE-U-2-AND-OXCART-PROGRAMS-1954-1974.pdf,119,DATE,8 July 1987
CIA-UAP-003-THE-CENTRAL-INTELLIGENCE-AGENCY-AND-OVERHEAD-RECONNAISSANCE-THE-U-2-AND-OXCART-PROGRAMS-1954-1974.pdf,119,DATE,4 July 1956
CIA-UAP-003-THE-CENTRAL-INTELLIGENCE-AGENCY-AND-OVERHEAD-RECONNAISSANCE-THE-U-2-AND-OXCART-PROGRAMS-1954-1974.pdf,120,DATE,10 July 1956
CIA-UAP-003-THE-CENTRAL-INTELLIGENCE-AGENCY-AND-OVERHEAD-RECONNAISSANCE-THE-U-2-AND-OXCART-PROGRAMS-1954-1974.pdf,120,DATE,9 July 1956
CIA-UAP-003-THE-CENTRAL-INTELLIGENCE-AGENCY-AND-OVERHEAD-RECONNAISSANCE-THE-U-2-AND-OXCART-PROGRAMS-1954-1974.pdf,120,MARKING,NOFORN
CIA-UAP-003-THE-CENTRAL-INTELLIGENCE-AGENCY-AND-OVERHEAD-RECONNAISSANCE-THE-U-2-AND-OXCART-PROGRAMS-1954-1974.pdf,121,DATE,9 July 1956
CIA-UAP-003-THE-CENTRAL-INTELLIGENCE-AGENCY-AND-OVERHEAD-RECONNAISSANCE-THE-U-2-AND-OXCART-PROGRAMS-1954-1974.pdf,121,DATE,10 July 1956
CIA-UAP-003-THE-CENTRAL-INTELLIGENCE-AGENCY-AND-OVERHEAD-RECONNAISSANCE-THE-U-2-AND-OXCART-PROGRAMS-1954-1974.pdf,122,DATE,10 July 1956
CIA-UAP-003-THE-CENTRAL-INTELLIGENCE-AGENCY-AND-OVERHEAD-RECONNAISSANCE-THE-U-2-AND-OXCART-PROGRAMS-1954-1974.pdf,122,DATE,11 July 1956
CIA-UAP-003-THE-CENTRAL-INTELLIGENCE-AGENCY-AND-OVERHEAD-RECONNAISSANCE-THE-U-2-AND-OXCART-PROGRAMS-1954-1974.pdf,123,PERSON,Col. Richard S. Leghorn
CIA-UAP-003-THE-CENTRAL-INTELLIGENCE-AGENCY-AND-OVERHEAD-RECONNAISSANCE-THE-U-2-AND-OXCART-PROGRAMS-1954-1974.pdf,123,DATE,19 July 1956
CIA-UAP-003-THE-CENTRAL-INTELLIGENCE-AGENCY-AND-OVERHEAD-RECONNAISSANCE-THE-U-2-AND-OXCART-PROGRAMS-1954-1974.pdf,123,DATE,26 November 1956
CIA-UAP-003-THE-CENTRAL-INTELLIGENCE-AGENCY-AND-OVERHEAD-RECONNAISSANCE-THE-U-2-AND-OXCART-PROGRAMS-1954-1974.pdf,123,DATE,30 July 1956
CIA-UAP-003-THE-CENTRAL-INTELLIGENCE-AGENCY-AND-OVERHEAD-RECONNAISSANCE-THE-U-2-AND-OXCART-PROGRAMS-1954-1974.pdf,123,MARKING,NOFORN
CIA-UAP-003-THE-CENTRAL-INTELLIGENCE-AGENCY-AND-OVERHEAD-RECONNAISSANCE-THE-U-2-AND-OXCART-PROGRAMS-1954-1974.pdf,124,ORG,CIA
CIA-UAP-003-THE-CENTRAL-INTELLIGENCE-AGENCY-AND-OVERHEAD-RECONNAISSANCE-THE-U-2-AND-OXCART-PROGRAMS-1954-1974.pdf,124,DATE,10 July 1956
CIA-UAP-003-THE-CENTRAL-INTELLIGENCE-AGENCY-AND-OVERHEAD-RECONNAISSANCE-THE-U-2-AND-OXCART-PROGRAMS-1954-1974.pdf,125,ORG,CIA
CIA-UAP-003-THE-CENTRAL-INTELLIGENCE-AGENCY-AND-OVERHEAD-RECONNAISSANCE-THE-U-2-AND-OXCART-PROGRAMS-1954-1974.pdf,125,DATE,26 July 1956
CIA-UAP-003-THE-CENTRAL-INTELLIGENCE-AGENCY-AND-OVERHEAD-RECONNAISSANCE-THE-U-2-AND-OXCART-PROGRAMS-1954-1974.pdf,125,MARKING,secret
CIA-UAP-003-THE-CENTRAL-INTELLIGENCE-AGENCY-AND-OVERHEAD-RECONNAISSANCE-THE-U-2-AND-OXCART-PROGRAMS-1954-1974.pdf,125,MARKING,restricted
CIA-UAP-003-THE-CENTRAL-INTELLIGENCE-AGENCY-AND-OVERHEAD-RECONNAISSANCE-THE-U-2-AND-OXCART-PROGRAMS-1954-1974.pdf,126,MARKING,NOFORN
CIA-UAP-003-THE-CENTRAL-INTELLIGENCE-AGENCY-AND-OVERHEAD-RECONNAISSANCE-THE-U-2-AND-OXCART-PROGRAMS-1954-1974.pdf,127,ORG,CIA
CIA-UAP-003-THE-CENTRAL-INTELLIGENCE-AGENCY-AND-OVERHEAD-RECONNAISSANCE-THE-U-2-AND-OXCART-PROGRAMS-1954-1974.pdf,127,ORG,NSA
CIA-UAP-003-THE-CENTRAL-INTELLIGENCE-AGENCY-AND-OVERHEAD-RECONNAISSANCE-THE-U-2-AND-OXCART-PROGRAMS-1954-1974.pdf,127,DATE,29 August 1956
CIA-UAP-003-THE-CENTRAL-INTELLIGENCE-AGENCY-AND-OVERHEAD-RECONNAISSANCE-THE-U-2-AND-OXCART-PROGRAMS-1954-1974.pdf,127,MARKING,Secret
CIA-UAP-003-THE-CENTRAL-INTELLIGENCE-AGENCY-AND-OVERHEAD-RECONNAISSANCE-THE-U-2-AND-OXCART-PROGRAMS-1954-1974.pdf,128,ORG,CIA
CIA-UAP-003-THE-CENTRAL-INTELLIGENCE-AGENCY-AND-OVERHEAD-RECONNAISSANCE-THE-U-2-AND-OXCART-PROGRAMS-1954-1974.pdf,129,ORG,CIA
CIA-UAP-003-THE-CENTRAL-INTELLIGENCE-AGENCY-AND-OVERHEAD-RECONNAISSANCE-THE-U-2-AND-OXCART-PROGRAMS-1954-1974.pdf,129,DATE,11 September 1956
CIA-UAP-003-THE-CENTRAL-INTELLIGENCE-AGENCY-AND-OVERHEAD-RECONNAISSANCE-THE-U-2-AND-OXCART-PROGRAMS-1954-1974.pdf,129,DATE,15 October 1956
CIA-UAP-003-THE-CENTRAL-INTELLIGENCE-AGENCY-AND-OVERHEAD-RECONNAISSANCE-THE-U-2-AND-OXCART-PROGRAMS-1954-1974.pdf,129,MARKING,Secret
CIA-UAP-003-THE-CENTRAL-INTELLIGENCE-AGENCY-AND-OVERHEAD-RECONNAISSANCE-THE-U-2-AND-OXCART-PROGRAMS-1954-1974.pdf,130,DATE,29 October 1956
CIA-UAP-003-THE-CENTRAL-INTELLIGENCE-AGENCY-AND-OVERHEAD-RECONNAISSANCE-THE-U-2-AND-OXCART-PROGRAMS-1954-1974.pdf,130,DATE,28 October 1956
CIA-UAP-003-THE-CENTRAL-INTELLIGENCE-AGENCY-AND-OVERHEAD-RECONNAISSANCE-THE-U-2-AND-OXCART-PROGRAMS-1954-1974.pdf,130,DATE,30 October 1956
CIA-UAP-003-THE-CENTRAL-INTELLIGENCE-AGENCY-AND-OVERHEAD-RECONNAISSANCE-THE-U-2-AND-OXCART-PROGRAMS-1954-1974.pdf,130,MARKING,Secret
CIA-UAP-003-THE-CENTRAL-INTELLIGENCE-AGENCY-AND-OVERHEAD-RECONNAISSANCE-THE-U-2-AND-OXCART-PROGRAMS-1954-1974.pdf,131,DATE,1 November 1956
CIA-UAP-003-THE-CENTRAL-INTELLIGENCE-AGENCY-AND-OVERHEAD-RECONNAISSANCE-THE-U-2-AND-OXCART-PROGRAMS-1954-1974.pdf,131,MARKING,Secret
CIA-UAP-003-THE-CENTRAL-INTELLIGENCE-AGENCY-AND-OVERHEAD-RECONNAISSANCE-THE-U-2-AND-OXCART-PROGRAMS-1954-1974.pdf,131,MARKING,NOFORN
CIA-UAP-003-THE-CENTRAL-INTELLIGENCE-AGENCY-AND-OVERHEAD-RECONNAISSANCE-THE-U-2-AND-OXCART-PROGRAMS-1954-1974.pdf,132,DATE,29 October 1956
CIA-UAP-003-THE-CENTRAL-INTELLIGENCE-AGENCY-AND-OVERHEAD-RECONNAISSANCE-THE-U-2-AND-OXCART-PROGRAMS-1954-1974.pdf,133,DATE,18 December 1956
CIA-UAP-003-THE-CENTRAL-INTELLIGENCE-AGENCY-AND-OVERHEAD-RECONNAISSANCE-THE-U-2-AND-OXCART-PROGRAMS-1954-1974.pdf,133,DATE,6 November 1956
CIA-UAP-003-THE-CENTRAL-INTELLIGENCE-AGENCY-AND-OVERHEAD-RECONNAISSANCE-THE-U-2-AND-OXCART-PROGRAMS-1954-1974.pdf,134,DATE,7 November 1956
CIA-UAP-003-THE-CENTRAL-INTELLIGENCE-AGENCY-AND-OVERHEAD-RECONNAISSANCE-THE-U-2-AND-OXCART-PROGRAMS-1954-1974.pdf,135,PERSON,Adm. Arthur W. Radford
CIA-UAP-003-THE-CENTRAL-INTELLIGENCE-AGENCY-AND-OVERHEAD-RECONNAISSANCE-THE-U-2-AND-OXCART-PROGRAMS-1954-1974.pdf,135,ORG,CIA
CIA-UAP-003-THE-CENTRAL-INTELLIGENCE-AGENCY-AND-OVERHEAD-RECONNAISSANCE-THE-U-2-AND-OXCART-PROGRAMS-1954-1974.pdf,135,DATE,17 September 1956
CIA-UAP-003-THE-CENTRAL-INTELLIGENCE-AGENCY-AND-OVERHEAD-RECONNAISSANCE-THE-U-2-AND-OXCART-PROGRAMS-1954-1974.pdf,135,DATE,3 October 1956
CIA-UAP-003-THE-CENTRAL-INTELLIGENCE-AGENCY-AND-OVERHEAD-RECONNAISSANCE-THE-U-2-AND-OXCART-PROGRAMS-1954-1974.pdf,135,MARKING,NOFORN
CIA-UAP-003-THE-CENTRAL-INTELLIGENCE-AGENCY-AND-OVERHEAD-RECONNAISSANCE-THE-U-2-AND-OXCART-PROGRAMS-1954-1974.pdf,136,ORG,CIA
CIA-UAP-003-THE-CENTRAL-INTELLIGENCE-AGENCY-AND-OVERHEAD-RECONNAISSANCE-THE-U-2-AND-OXCART-PROGRAMS-1954-1974.pdf,136,DATE,23 October 1956
CIA-UAP-003-THE-CENTRAL-INTELLIGENCE-AGENCY-AND-OVERHEAD-RECONNAISSANCE-THE-U-2-AND-OXCART-PROGRAMS-1954-1974.pdf,136,DATE,15 November 1956
CIA-UAP-003-THE-CENTRAL-INTELLIGENCE-AGENCY-AND-OVERHEAD-RECONNAISSANCE-THE-U-2-AND-OXCART-PROGRAMS-1954-1974.pdf,136,MARKING,NOFORN
CIA-UAP-003-THE-CENTRAL-INTELLIGENCE-AGENCY-AND-OVERHEAD-RECONNAISSANCE-THE-U-2-AND-OXCART-PROGRAMS-1954-1974.pdf,137,PERSON,Adm. Arthur Radford. DCI Allen
CIA-UAP-003-THE-CENTRAL-INTELLIGENCE-AGENCY-AND-OVERHEAD-RECONNAISSANCE-THE-U-2-AND-OXCART-PROGRAMS-1954-1974.pdf,137,DATE,20 November 1956
CIA-UAP-003-THE-CENTRAL-INTELLIGENCE-AGENCY-AND-OVERHEAD-RECONNAISSANCE-THE-U-2-AND-OXCART-PROGRAMS-1954-1974.pdf,137,DATE,10 December 1956
CIA-UAP-003-THE-CENTRAL-INTELLIGENCE-AGENCY-AND-OVERHEAD-RECONNAISSANCE-THE-U-2-AND-OXCART-PROGRAMS-1954-1974.pdf,137,MARKING,secret
CIA-UAP-003-THE-CENTRAL-INTELLIGENCE-AGENCY-AND-OVERHEAD-RECONNAISSANCE-THE-U-2-AND-OXCART-PROGRAMS-1954-1974.pdf,138,PERSON,Col. William Shelton
CIA-UAP-003-THE-CENTRAL-INTELLIGENCE-AGENCY-AND-OVERHEAD-RECONNAISSANCE-THE-U-2-AND-OXCART-PROGRAMS-1954-1974.pdf,138,DATE,7 May 1986
CIA-UAP-003-THE-CENTRAL-INTELLIGENCE-AGENCY-AND-OVERHEAD-RECONNAISSANCE-THE-U-2-AND-OXCART-PROGRAMS-1954-1974.pdf,138,DATE,4 January 1960
CIA-UAP-003-THE-CENTRAL-INTELLIGENCE-AGENCY-AND-OVERHEAD-RECONNAISSANCE-THE-U-2-AND-OXCART-PROGRAMS-1954-1974.pdf,138,DATE,7 January 1960
CIA-UAP-003-THE-CENTRAL-INTELLIGENCE-AGENCY-AND-OVERHEAD-RECONNAISSANCE-THE-U-2-AND-OXCART-PROGRAMS-1954-1974.pdf,138,MARKING,NOFORN
CIA-UAP-003-THE-CENTRAL-INTELLIGENCE-AGENCY-AND-OVERHEAD-RECONNAISSANCE-THE-U-2-AND-OXCART-PROGRAMS-1954-1974.pdf,139,ORG,USAF
CIA-UAP-003-THE-CENTRAL-INTELLIGENCE-AGENCY-AND-OVERHEAD-RECONNAISSANCE-THE-U-2-AND-OXCART-PROGRAMS-1954-1974.pdf,139,DATE,15 December 1956
CIA-UAP-003-THE-CENTRAL-INTELLIGENCE-AGENCY-AND-OVERHEAD-RECONNAISSANCE-THE-U-2-AND-OXCART-PROGRAMS-1954-1974.pdf,139,DATE,22 December 1956
CIA-UAP-003-THE-CENTRAL-INTELLIGENCE-AGENCY-AND-OVERHEAD-RECONNAISSANCE-THE-U-2-AND-OXCART-PROGRAMS-1954-1974.pdf,139,DATE,18 March 1957
CIA-UAP-003-THE-CENTRAL-INTELLIGENCE-AGENCY-AND-OVERHEAD-RECONNAISSANCE-THE-U-2-AND-OXCART-PROGRAMS-1954-1974.pdf,139,DATE,18 December 1956
CIA-UAP-003-THE-CENTRAL-INTELLIGENCE-AGENCY-AND-OVERHEAD-RECONNAISSANCE-THE-U-2-AND-OXCART-PROGRAMS-1954-1974.pdf,139,MARKING,NOFORN
CIA-UAP-003-THE-CENTRAL-INTELLIGENCE-AGENCY-AND-OVERHEAD-RECONNAISSANCE-THE-U-2-AND-OXCART-PROGRAMS-1954-1974.pdf,140,ORG,CIA
CIA-UAP-003-THE-CENTRAL-INTELLIGENCE-AGENCY-AND-OVERHEAD-RECONNAISSANCE-THE-U-2-AND-OXCART-PROGRAMS-1954-1974.pdf,140,DATE,6 May 1957
CIA-UAP-003-THE-CENTRAL-INTELLIGENCE-AGENCY-AND-OVERHEAD-RECONNAISSANCE-THE-U-2-AND-OXCART-PROGRAMS-1954-1974.pdf,140,DATE,18 March 1957
CIA-UAP-003-THE-CENTRAL-INTELLIGENCE-AGENCY-AND-OVERHEAD-RECONNAISSANCE-THE-U-2-AND-OXCART-PROGRAMS-1954-1974.pdf,140,MARKING,NOFORN
CIA-UAP-003-THE-CENTRAL-INTELLIGENCE-AGENCY-AND-OVERHEAD-RECONNAISSANCE-THE-U-2-AND-OXCART-PROGRAMS-1954-1974.pdf,141,ORG,CIA
CIA-UAP-003-THE-CENTRAL-INTELLIGENCE-AGENCY-AND-OVERHEAD-RECONNAISSANCE-THE-U-2-AND-OXCART-PROGRAMS-1954-1974.pdf,141,DATE,6 May 1957
CIA-UAP-003-THE-CENTRAL-INTELLIGENCE-AGENCY-AND-OVERHEAD-RECONNAISSANCE-THE-U-2-AND-OXCART-PROGRAMS-1954-1974.pdf,141,MARKING,NOFORN
CIA-UAP-003-THE-CENTRAL-INTELLIGENCE-AGENCY-AND-OVERHEAD-RECONNAISSANCE-THE-U-2-AND-OXCART-PROGRAMS-1954-1974.pdf,142,PERSON,Dr. Franklin A. Rodgers
CIA-UAP-003-THE-CENTRAL-INTELLIGENCE-AGENCY-AND-OVERHEAD-RECONNAISSANCE-THE-U-2-AND-OXCART-PROGRAMS-1954-1974.pdf,142,ORG,CIA
CIA-UAP-003-THE-CENTRAL-INTELLIGENCE-AGENCY-AND-OVERHEAD-RECONNAISSANCE-THE-U-2-AND-OXCART-PROGRAMS-1954-1974.pdf,142,DATE,"May 6, 1957"
CIA-UAP-003-THE-CENTRAL-INTELLIGENCE-AGENCY-AND-OVERHEAD-RECONNAISSANCE-THE-U-2-AND-OXCART-PROGRAMS-1954-1974.pdf,143,DATE,2 April 1957
CIA-UAP-003-THE-CENTRAL-INTELLIGENCE-AGENCY-AND-OVERHEAD-RECONNAISSANCE-THE-U-2-AND-OXCART-PROGRAMS-1954-1974.pdf,144,MARKING,NOFORN
CIA-UAP-003-THE-CENTRAL-INTELLIGENCE-AGENCY-AND-OVERHEAD-RECONNAISSANCE-THE-U-2-AND-OXCART-PROGRAMS-1954-1974.pdf,145,DATE,2 April 1957
CIA-UAP-003-THE-CENTRAL-INTELLIGENCE-AGENCY-AND-OVERHEAD-RECONNAISSANCE-THE-U-2-AND-OXCART-PROGRAMS-1954-1974.pdf,145,DATE,12 April 1957
CIA-UAP-003-THE-CENTRAL-INTELLIGENCE-AGENCY-AND-OVERHEAD-RECONNAISSANCE-THE-U-2-AND-OXCART-PROGRAMS-1954-1974.pdf,146,ORG,CIA
CIA-UAP-003-THE-CENTRAL-INTELLIGENCE-AGENCY-AND-OVERHEAD-RECONNAISSANCE-THE-U-2-AND-OXCART-PROGRAMS-1954-1974.pdf,146,DATE,8 June 1957
CIA-UAP-003-THE-CENTRAL-INTELLIGENCE-AGENCY-AND-OVERHEAD-RECONNAISSANCE-THE-U-2-AND-OXCART-PROGRAMS-1954-1974.pdf,146,MARKING,NOFORN
CIA-UAP-003-THE-CENTRAL-INTELLIGENCE-AGENCY-AND-OVERHEAD-RECONNAISSANCE-THE-U-2-AND-OXCART-PROGRAMS-1954-1974.pdf,147,ORG,NSA
CIA-UAP-003-THE-CENTRAL-INTELLIGENCE-AGENCY-AND-OVERHEAD-RECONNAISSANCE-THE-U-2-AND-OXCART-PROGRAMS-1954-1974.pdf,147,DATE,16 September 1957
CIA-UAP-003-THE-CENTRAL-INTELLIGENCE-AGENCY-AND-OVERHEAD-RECONNAISSANCE-THE-U-2-AND-OXCART-PROGRAMS-1954-1974.pdf,147,DATE,8 June 1957
CIA-UAP-003-THE-CENTRAL-INTELLIGENCE-AGENCY-AND-OVERHEAD-RECONNAISSANCE-THE-U-2-AND-OXCART-PROGRAMS-1954-1974.pdf,147,DATE,0 June 1957
CIA-UAP-003-THE-CENTRAL-INTELLIGENCE-AGENCY-AND-OVERHEAD-RECONNAISSANCE-THE-U-2-AND-OXCART-PROGRAMS-1954-1974.pdf,147,MARKING,secret
CIA-UAP-003-THE-CENTRAL-INTELLIGENCE-AGENCY-AND-OVERHEAD-RECONNAISSANCE-THE-U-2-AND-OXCART-PROGRAMS-1954-1974.pdf,148,PERSON,Gen. Ayub Khan
CIA-UAP-003-THE-CENTRAL-INTELLIGENCE-AGENCY-AND-OVERHEAD-RECONNAISSANCE-THE-U-2-AND-OXCART-PROGRAMS-1954-1974.pdf,148,DATE,6 May 1957
CIA-UAP-003-THE-CENTRAL-INTELLIGENCE-AGENCY-AND-OVERHEAD-RECONNAISSANCE-THE-U-2-AND-OXCART-PROGRAMS-1954-1974.pdf,148,DATE,7 June 1957
CIA-UAP-003-THE-CENTRAL-INTELLIGENCE-AGENCY-AND-OVERHEAD-RECONNAISSANCE-THE-U-2-AND-OXCART-PROGRAMS-1954-1974.pdf,148,MARKING,NOFORN
CIA-UAP-003-THE-CENTRAL-INTELLIGENCE-AGENCY-AND-OVERHEAD-RECONNAISSANCE-THE-U-2-AND-OXCART-PROGRAMS-1954-1974.pdf,149,MARKING,Secret
CIA-UAP-003-THE-CENTRAL-INTELLIGENCE-AGENCY-AND-OVERHEAD-RECONNAISSANCE-THE-U-2-AND-OXCART-PROGRAMS-1954-1974.pdf,149,MARKING,NOFORN
CIA-UAP-003-THE-CENTRAL-INTELLIGENCE-AGENCY-AND-OVERHEAD-RECONNAISSANCE-THE-U-2-AND-OXCART-PROGRAMS-1954-1974.pdf,151,DATE,22 August 1957
CIA-UAP-003-THE-CENTRAL-INTELLIGENCE-AGENCY-AND-OVERHEAD-RECONNAISSANCE-THE-U-2-AND-OXCART-PROGRAMS-1954-1974.pdf,151,DATE,28 August 1957
CIA-UAP-003-THE-CENTRAL-INTELLIGENCE-AGENCY-AND-OVERHEAD-RECONNAISSANCE-THE-U-2-AND-OXCART-PROGRAMS-1954-1974.pdf,151,DATE,9 July 1959
CIA-UAP-003-THE-CENTRAL-INTELLIGENCE-AGENCY-AND-OVERHEAD-RECONNAISSANCE-THE-U-2-AND-OXCART-PROGRAMS-1954-1974.pdf,151,DATE,21 August 1957
CIA-UAP-003-THE-CENTRAL-INTELLIGENCE-AGENCY-AND-OVERHEAD-RECONNAISSANCE-THE-U-2-AND-OXCART-PROGRAMS-1954-1974.pdf,151,DATE,6 September 1957
CIA-UAP-003-THE-CENTRAL-INTELLIGENCE-AGENCY-AND-OVERHEAD-RECONNAISSANCE-THE-U-2-AND-OXCART-PROGRAMS-1954-1974.pdf,152,DATE,23 August 1957
CIA-UAP-003-THE-CENTRAL-INTELLIGENCE-AGENCY-AND-OVERHEAD-RECONNAISSANCE-THE-U-2-AND-OXCART-PROGRAMS-1954-1974.pdf,152,DATE,10 August 1957
CIA-UAP-003-THE-CENTRAL-INTELLIGENCE-AGENCY-AND-OVERHEAD-RECONNAISSANCE-THE-U-2-AND-OXCART-PROGRAMS-1954-1974.pdf,152,DATE,21 August 1957
CIA-UAP-003-THE-CENTRAL-INTELLIGENCE-AGENCY-AND-OVERHEAD-RECONNAISSANCE-THE-U-2-AND-OXCART-PROGRAMS-1954-1974.pdf,153,DATE,10 December 1956
CIA-UAP-003-THE-CENTRAL-INTELLIGENCE-AGENCY-AND-OVERHEAD-RECONNAISSANCE-THE-U-2-AND-OXCART-PROGRAMS-1954-1974.pdf,153,DATE,25 April 1957
CIA-UAP-003-THE-CENTRAL-INTELLIGENCE-AGENCY-AND-OVERHEAD-RECONNAISSANCE-THE-U-2-AND-OXCART-PROGRAMS-1954-1974.pdf,153,DATE,11 October 1957
CIA-UAP-003-THE-CENTRAL-INTELLIGENCE-AGENCY-AND-OVERHEAD-RECONNAISSANCE-THE-U-2-AND-OXCART-PROGRAMS-1954-1974.pdf,153,DATE,3 October 1957
CIA-UAP-003-THE-CENTRAL-INTELLIGENCE-AGENCY-AND-OVERHEAD-RECONNAISSANCE-THE-U-2-AND-OXCART-PROGRAMS-1954-1974.pdf,153,DATE,20 September 1957
CIA-UAP-003-THE-CENTRAL-INTELLIGENCE-AGENCY-AND-OVERHEAD-RECONNAISSANCE-THE-U-2-AND-OXCART-PROGRAMS-1954-1974.pdf,153,DATE,15 November 1957
CIA-UAP-003-THE-CENTRAL-INTELLIGENCE-AGENCY-AND-OVERHEAD-RECONNAISSANCE-THE-U-2-AND-OXCART-PROGRAMS-1954-1974.pdf,153,DATE,13 October 1957
CIA-UAP-003-THE-CENTRAL-INTELLIGENCE-AGENCY-AND-OVERHEAD-RECONNAISSANCE-THE-U-2-AND-OXCART-PROGRAMS-1954-1974.pdf,154,DATE,13 October 1957
CIA-UAP-003-THE-CENTRAL-INTELLIGENCE-AGENCY-AND-OVERHEAD-RECONNAISSANCE-THE-U-2-AND-OXCART-PROGRAMS-1954-1974.pdf,154,MARKING,Secret
CIA-UAP-003-THE-CENTRAL-INTELLIGENCE-AGENCY-AND-OVERHEAD-RECONNAISSANCE-THE-U-2-AND-OXCART-PROGRAMS-1954-1974.pdf,154,MARKING,NOFORN
CIA-UAP-003-THE-CENTRAL-INTELLIGENCE-AGENCY-AND-OVERHEAD-RECONNAISSANCE-THE-U-2-AND-OXCART-PROGRAMS-1954-1974.pdf,155,PERSON,Col. Vilhelm Evan
CIA-UAP-003-THE-CENTRAL-INTELLIGENCE-AGENCY-AND-OVERHEAD-RECONNAISSANCE-THE-U-2-AND-OXCART-PROGRAMS-1954-1974.pdf,155,ORG,CIA
CIA-UAP-003-THE-CENTRAL-INTELLIGENCE-AGENCY-AND-OVERHEAD-RECONNAISSANCE-THE-U-2-AND-OXCART-PROGRAMS-1954-1974.pdf,155,DATE,6 November 1958
CIA-UAP-003-THE-CENTRAL-INTELLIGENCE-AGENCY-AND-OVERHEAD-RECONNAISSANCE-THE-U-2-AND-OXCART-PROGRAMS-1954-1974.pdf,156,DATE,27 August 1957
CIA-UAP-003-THE-CENTRAL-INTELLIGENCE-AGENCY-AND-OVERHEAD-RECONNAISSANCE-THE-U-2-AND-OXCART-PROGRAMS-1954-1974.pdf,156,MARKING,Secret
CIA-UAP-003-THE-CENTRAL-INTELLIGENCE-AGENCY-AND-OVERHEAD-RECONNAISSANCE-THE-U-2-AND-OXCART-PROGRAMS-1954-1974.pdf,157,ORG,CIA
CIA-UAP-003-THE-CENTRAL-INTELLIGENCE-AGENCY-AND-OVERHEAD-RECONNAISSANCE-THE-U-2-AND-OXCART-PROGRAMS-1954-1974.pdf,157,DATE,5 March 1958
CIA-UAP-003-THE-CENTRAL-INTELLIGENCE-AGENCY-AND-OVERHEAD-RECONNAISSANCE-THE-U-2-AND-OXCART-PROGRAMS-1954-1974.pdf,157,DATE,27 June 1958
CIA-UAP-003-THE-CENTRAL-INTELLIGENCE-AGENCY-AND-OVERHEAD-RECONNAISSANCE-THE-U-2-AND-OXCART-PROGRAMS-1954-1974.pdf,157,DATE,27 October 1957
CIA-UAP-003-THE-CENTRAL-INTELLIGENCE-AGENCY-AND-OVERHEAD-RECONNAISSANCE-THE-U-2-AND-OXCART-PROGRAMS-1954-1974.pdf,157,DATE,1 March 1958
CIA-UAP-003-THE-CENTRAL-INTELLIGENCE-AGENCY-AND-OVERHEAD-RECONNAISSANCE-THE-U-2-AND-OXCART-PROGRAMS-1954-1974.pdf,157,DATE,7 March 1958
CIA-UAP-003-THE-CENTRAL-INTELLIGENCE-AGENCY-AND-OVERHEAD-RECONNAISSANCE-THE-U-2-AND-OXCART-PROGRAMS-1954-1974.pdf,157,MARKING,declassified
CIA-UAP-003-THE-CENTRAL-INTELLIGENCE-AGENCY-AND-OVERHEAD-RECONNAISSANCE-THE-U-2-AND-OXCART-PROGRAMS-1954-1974.pdf,158,DATE,7 July 1958
CIA-UAP-003-THE-CENTRAL-INTELLIGENCE-AGENCY-AND-OVERHEAD-RECONNAISSANCE-THE-U-2-AND-OXCART-PROGRAMS-1954-1974.pdf,158,DATE,25 June 1958
CIA-UAP-003-THE-CENTRAL-INTELLIGENCE-AGENCY-AND-OVERHEAD-RECONNAISSANCE-THE-U-2-AND-OXCART-PROGRAMS-1954-1974.pdf,158,MARKING,Secret
CIA-UAP-003-THE-CENTRAL-INTELLIGENCE-AGENCY-AND-OVERHEAD-RECONNAISSANCE-THE-U-2-AND-OXCART-PROGRAMS-1954-1974.pdf,159,DATE,11 October 1958
CIA-UAP-003-THE-CENTRAL-INTELLIGENCE-AGENCY-AND-OVERHEAD-RECONNAISSANCE-THE-U-2-AND-OXCART-PROGRAMS-1954-1974.pdf,159,DATE,29 July 1958
CIA-UAP-003-THE-CENTRAL-INTELLIGENCE-AGENCY-AND-OVERHEAD-RECONNAISSANCE-THE-U-2-AND-OXCART-PROGRAMS-1954-1974.pdf,159,DATE,9 July 1958
CIA-UAP-003-THE-CENTRAL-INTELLIGENCE-AGENCY-AND-OVERHEAD-RECONNAISSANCE-THE-U-2-AND-OXCART-PROGRAMS-1954-1974.pdf,159,MARKING,Secret
CIA-UAP-003-THE-CENTRAL-INTELLIGENCE-AGENCY-AND-OVERHEAD-RECONNAISSANCE-THE-U-2-AND-OXCART-PROGRAMS-1954-1974.pdf,159,MARKING,NOFORN
CIA-UAP-003-THE-CENTRAL-INTELLIGENCE-AGENCY-AND-OVERHEAD-RECONNAISSANCE-THE-U-2-AND-OXCART-PROGRAMS-1954-1974.pdf,160,DATE,8 September 1958
CIA-UAP-003-THE-CENTRAL-INTELLIGENCE-AGENCY-AND-OVERHEAD-RECONNAISSANCE-THE-U-2-AND-OXCART-PROGRAMS-1954-1974.pdf,160,MARKING,Secret
CIA-UAP-003-THE-CENTRAL-INTELLIGENCE-AGENCY-AND-OVERHEAD-RECONNAISSANCE-THE-U-2-AND-OXCART-PROGRAMS-1954-1974.pdf,161,DATE,16 February 1985
CIA-UAP-003-THE-CENTRAL-INTELLIGENCE-AGENCY-AND-OVERHEAD-RECONNAISSANCE-THE-U-2-AND-OXCART-PROGRAMS-1954-1974.pdf,161,MARKING,Secret
CIA-UAP-003-THE-CENTRAL-INTELLIGENCE-AGENCY-AND-OVERHEAD-RECONNAISSANCE-THE-U-2-AND-OXCART-PROGRAMS-1954-1974.pdf,161,MARKING,NOFORN
CIA-UAP-003-THE-CENTRAL-INTELLIGENCE-AGENCY-AND-OVERHEAD-RECONNAISSANCE-THE-U-2-AND-OXCART-PROGRAMS-1954-1974.pdf,163,DATE,13 October 1957
CIA-UAP-003-THE-CENTRAL-INTELLIGENCE-AGENCY-AND-OVERHEAD-RECONNAISSANCE-THE-U-2-AND-OXCART-PROGRAMS-1954-1974.pdf,163,MARKING,NOFORN
CIA-UAP-003-THE-CENTRAL-INTELLIGENCE-AGENCY-AND-OVERHEAD-RECONNAISSANCE-THE-U-2-AND-OXCART-PROGRAMS-1954-1974.pdf,164,MARKING,NOFORN
CIA-UAP-003-THE-CENTRAL-INTELLIGENCE-AGENCY-AND-OVERHEAD-RECONNAISSANCE-THE-U-2-AND-OXCART-PROGRAMS-1954-1974.pdf,165,ORG,CIA
CIA-UAP-003-THE-CENTRAL-INTELLIGENCE-AGENCY-AND-OVERHEAD-RECONNAISSANCE-THE-U-2-AND-OXCART-PROGRAMS-1954-1974.pdf,165,DATE,15 July 1958
CIA-UAP-003-THE-CENTRAL-INTELLIGENCE-AGENCY-AND-OVERHEAD-RECONNAISSANCE-THE-U-2-AND-OXCART-PROGRAMS-1954-1974.pdf,167,ORG,CIA
CIA-UAP-003-THE-CENTRAL-INTELLIGENCE-AGENCY-AND-OVERHEAD-RECONNAISSANCE-THE-U-2-AND-OXCART-PROGRAMS-1954-1974.pdf,167,DATE,6 May 1957
CIA-UAP-003-THE-CENTRAL-INTELLIGENCE-AGENCY-AND-OVERHEAD-RECONNAISSANCE-THE-U-2-AND-OXCART-PROGRAMS-1954-1974.pdf,167,DATE,7 February 1958
CIA-UAP-003-THE-CENTRAL-INTELLIGENCE-AGENCY-AND-OVERHEAD-RECONNAISSANCE-THE-U-2-AND-OXCART-PROGRAMS-1954-1974.pdf,167,DATE,"May 6, 1957"
CIA-UAP-003-THE-CENTRAL-INTELLIGENCE-AGENCY-AND-OVERHEAD-RECONNAISSANCE-THE-U-2-AND-OXCART-PROGRAMS-1954-1974.pdf,168,ORG,CIA
CIA-UAP-003-THE-CENTRAL-INTELLIGENCE-AGENCY-AND-OVERHEAD-RECONNAISSANCE-THE-U-2-AND-OXCART-PROGRAMS-1954-1974.pdf,169,MARKING,Secret
CIA-UAP-003-THE-CENTRAL-INTELLIGENCE-AGENCY-AND-OVERHEAD-RECONNAISSANCE-THE-U-2-AND-OXCART-PROGRAMS-1954-1974.pdf,170,ORG,CIA
CIA-UAP-003-THE-CENTRAL-INTELLIGENCE-AGENCY-AND-OVERHEAD-RECONNAISSANCE-THE-U-2-AND-OXCART-PROGRAMS-1954-1974.pdf,170,DATE,6 October 1959
CIA-UAP-003-THE-CENTRAL-INTELLIGENCE-AGENCY-AND-OVERHEAD-RECONNAISSANCE-THE-U-2-AND-OXCART-PROGRAMS-1954-1974.pdf,170,DATE,16 February 1959
CIA-UAP-003-THE-CENTRAL-INTELLIGENCE-AGENCY-AND-OVERHEAD-RECONNAISSANCE-THE-U-2-AND-OXCART-PROGRAMS-1954-1974.pdf,172,DATE,4 December 1958
CIA-UAP-003-THE-CENTRAL-INTELLIGENCE-AGENCY-AND-OVERHEAD-RECONNAISSANCE-THE-U-2-AND-OXCART-PROGRAMS-1954-1974.pdf,173,DATE,4 October 1957
CIA-UAP-003-THE-CENTRAL-INTELLIGENCE-AGENCY-AND-OVERHEAD-RECONNAISSANCE-THE-U-2-AND-OXCART-PROGRAMS-1954-1974.pdf,173,DATE,29 May 1958
CIA-UAP-003-THE-CENTRAL-INTELLIGENCE-AGENCY-AND-OVERHEAD-RECONNAISSANCE-THE-U-2-AND-OXCART-PROGRAMS-1954-1974.pdf,173,DATE,17 February 1959
CIA-UAP-003-THE-CENTRAL-INTELLIGENCE-AGENCY-AND-OVERHEAD-RECONNAISSANCE-THE-U-2-AND-OXCART-PROGRAMS-1954-1974.pdf,174,ORG,CIA
CIA-UAP-003-THE-CENTRAL-INTELLIGENCE-AGENCY-AND-OVERHEAD-RECONNAISSANCE-THE-U-2-AND-OXCART-PROGRAMS-1954-1974.pdf,174,MARKING,NOFORN
CIA-UAP-003-THE-CENTRAL-INTELLIGENCE-AGENCY-AND-OVERHEAD-RECONNAISSANCE-THE-U-2-AND-OXCART-PROGRAMS-1954-1974.pdf,175,DATE,18 June 1959
CIA-UAP-003-THE-CENTRAL-INTELLIGENCE-AGENCY-AND-OVERHEAD-RECONNAISSANCE-THE-U-2-AND-OXCART-PROGRAMS-1954-1974.pdf,175,DATE,7 July 1959
CIA-UAP-003-THE-CENTRAL-INTELLIGENCE-AGENCY-AND-OVERHEAD-RECONNAISSANCE-THE-U-2-AND-OXCART-PROGRAMS-1954-1974.pdf,175,DATE,12 February 1959
CIA-UAP-003-THE-CENTRAL-INTELLIGENCE-AGENCY-AND-OVERHEAD-RECONNAISSANCE-THE-U-2-AND-OXCART-PROGRAMS-1954-1974.pdf,175,DATE,9 June 1959
CIA-UAP-003-THE-CENTRAL-INTELLIGENCE-AGENCY-AND-OVERHEAD-RECONNAISSANCE-THE-U-2-AND-OXCART-PROGRAMS-1954-1974.pdf,176,ORG,CIA
CIA-UAP-003-THE-CENTRAL-INTELLIGENCE-AGENCY-AND-OVERHEAD-RECONNAISSANCE-THE-U-2-AND-OXCART-PROGRAMS-1954-1974.pdf,176,DATE,9 July 1959
CIA-UAP-003-THE-CENTRAL-INTELLIGENCE-AGENCY-AND-OVERHEAD-RECONNAISSANCE-THE-U-2-AND-OXCART-PROGRAMS-1954-1974.pdf,176,DATE,27 September 1959
CIA-UAP-003-THE-CENTRAL-INTELLIGENCE-AGENCY-AND-OVERHEAD-RECONNAISSANCE-THE-U-2-AND-OXCART-PROGRAMS-1954-1974.pdf,176,DATE,12 September 1959
CIA-UAP-003-THE-CENTRAL-INTELLIGENCE-AGENCY-AND-OVERHEAD-RECONNAISSANCE-THE-U-2-AND-OXCART-PROGRAMS-1954-1974.pdf,176,DATE,7 July 1959
CIA-UAP-003-THE-CENTRAL-INTELLIGENCE-AGENCY-AND-OVERHEAD-RECONNAISSANCE-THE-U-2-AND-OXCART-PROGRAMS-1954-1974.pdf,177,DATE,6 December 1959
CIA-UAP-003-THE-CENTRAL-INTELLIGENCE-AGENCY-AND-OVERHEAD-RECONNAISSANCE-THE-U-2-AND-OXCART-PROGRAMS-1954-1974.pdf,178,ORG,CIA
CIA-UAP-003-THE-CENTRAL-INTELLIGENCE-AGENCY-AND-OVERHEAD-RECONNAISSANCE-THE-U-2-AND-OXCART-PROGRAMS-1954-1974.pdf,178,DATE,6 December 1959
CIA-UAP-003-THE-CENTRAL-INTELLIGENCE-AGENCY-AND-OVERHEAD-RECONNAISSANCE-THE-U-2-AND-OXCART-PROGRAMS-1954-1974.pdf,179,DATE,6 December 19
CIA-UAP-003-THE-CENTRAL-INTELLIGENCE-AGENCY-AND-OVERHEAD-RECONNAISSANCE-THE-U-2-AND-OXCART-PROGRAMS-1954-1974.pdf,180,PERSON,Gen. James Doolittle
CIA-UAP-003-THE-CENTRAL-INTELLIGENCE-AGENCY-AND-OVERHEAD-RECONNAISSANCE-THE-U-2-AND-OXCART-PROGRAMS-1954-1974.pdf,180,DATE,2 February 1960
CIA-UAP-003-THE-CENTRAL-INTELLIGENCE-AGENCY-AND-OVERHEAD-RECONNAISSANCE-THE-U-2-AND-OXCART-PROGRAMS-1954-1974.pdf,180,DATE,5 February 1960
CIA-UAP-003-THE-CENTRAL-INTELLIGENCE-AGENCY-AND-OVERHEAD-RECONNAISSANCE-THE-U-2-AND-OXCART-PROGRAMS-1954-1974.pdf,181,PERSON,Col. William Burke
CIA-UAP-003-THE-CENTRAL-INTELLIGENCE-AGENCY-AND-OVERHEAD-RECONNAISSANCE-THE-U-2-AND-OXCART-PROGRAMS-1954-1974.pdf,181,PERSON,Col. William Burke. Acting Chief
CIA-UAP-003-THE-CENTRAL-INTELLIGENCE-AGENCY-AND-OVERHEAD-RECONNAISSANCE-THE-U-2-AND-OXCART-PROGRAMS-1954-1974.pdf,181,ORG,CIA
CIA-UAP-003-THE-CENTRAL-INTELLIGENCE-AGENCY-AND-OVERHEAD-RECONNAISSANCE-THE-U-2-AND-OXCART-PROGRAMS-1954-1974.pdf,181,ORG,ATIC
CIA-UAP-003-THE-CENTRAL-INTELLIGENCE-AGENCY-AND-OVERHEAD-RECONNAISSANCE-THE-U-2-AND-OXCART-PROGRAMS-1954-1974.pdf,181,DATE,0 April 1960
CIA-UAP-003-THE-CENTRAL-INTELLIGENCE-AGENCY-AND-OVERHEAD-RECONNAISSANCE-THE-U-2-AND-OXCART-PROGRAMS-1954-1974.pdf,181,DATE,9 April 1960
CIA-UAP-003-THE-CENTRAL-INTELLIGENCE-AGENCY-AND-OVERHEAD-RECONNAISSANCE-THE-U-2-AND-OXCART-PROGRAMS-1954-1974.pdf,181,DATE,14 March 1960
CIA-UAP-003-THE-CENTRAL-INTELLIGENCE-AGENCY-AND-OVERHEAD-RECONNAISSANCE-THE-U-2-AND-OXCART-PROGRAMS-1954-1974.pdf,182,DATE,9 April 1960
CIA-UAP-003-THE-CENTRAL-INTELLIGENCE-AGENCY-AND-OVERHEAD-RECONNAISSANCE-THE-U-2-AND-OXCART-PROGRAMS-1954-1974.pdf,183,ORG,CIA
CIA-UAP-003-THE-CENTRAL-INTELLIGENCE-AGENCY-AND-OVERHEAD-RECONNAISSANCE-THE-U-2-AND-OXCART-PROGRAMS-1954-1974.pdf,183,DATE,26 April 1960
CIA-UAP-003-THE-CENTRAL-INTELLIGENCE-AGENCY-AND-OVERHEAD-RECONNAISSANCE-THE-U-2-AND-OXCART-PROGRAMS-1954-1974.pdf,185,ORG,USAF
CIA-UAP-003-THE-CENTRAL-INTELLIGENCE-AGENCY-AND-OVERHEAD-RECONNAISSANCE-THE-U-2-AND-OXCART-PROGRAMS-1954-1974.pdf,185,ORG,CIA
CIA-UAP-003-THE-CENTRAL-INTELLIGENCE-AGENCY-AND-OVERHEAD-RECONNAISSANCE-THE-U-2-AND-OXCART-PROGRAMS-1954-1974.pdf,185,DATE,16 May 1960
CIA-UAP-003-THE-CENTRAL-INTELLIGENCE-AGENCY-AND-OVERHEAD-RECONNAISSANCE-THE-U-2-AND-OXCART-PROGRAMS-1954-1974.pdf,186,DATE,1 May 1960
CIA-UAP-003-THE-CENTRAL-INTELLIGENCE-AGENCY-AND-OVERHEAD-RECONNAISSANCE-THE-U-2-AND-OXCART-PROGRAMS-1954-1974.pdf,187,PERSON,Col. William Burke. Acting Chic
CIA-UAP-003-THE-CENTRAL-INTELLIGENCE-AGENCY-AND-OVERHEAD-RECONNAISSANCE-THE-U-2-AND-OXCART-PROGRAMS-1954-1974.pdf,187,DATE,14 March 1960
CIA-UAP-003-THE-CENTRAL-INTELLIGENCE-AGENCY-AND-OVERHEAD-RECONNAISSANCE-THE-U-2-AND-OXCART-PROGRAMS-1954-1974.pdf,188,DATE,30 April. 20
CIA-UAP-003-THE-CENTRAL-INTELLIGENCE-AGENCY-AND-OVERHEAD-RECONNAISSANCE-THE-U-2-AND-OXCART-PROGRAMS-1954-1974.pdf,189,PERSON,Col. William Shelton
CIA-UAP-003-THE-CENTRAL-INTELLIGENCE-AGENCY-AND-OVERHEAD-RECONNAISSANCE-THE-U-2-AND-OXCART-PROGRAMS-1954-1974.pdf,190,ORG,CIA
CIA-UAP-003-THE-CENTRAL-INTELLIGENCE-AGENCY-AND-OVERHEAD-RECONNAISSANCE-THE-U-2-AND-OXCART-PROGRAMS-1954-1974.pdf,190,DATE,13 February 1962
CIA-UAP-003-THE-CENTRAL-INTELLIGENCE-AGENCY-AND-OVERHEAD-RECONNAISSANCE-THE-U-2-AND-OXCART-PROGRAMS-1954-1974.pdf,190,DATE,4 October 1983
CIA-UAP-003-THE-CENTRAL-INTELLIGENCE-AGENCY-AND-OVERHEAD-RECONNAISSANCE-THE-U-2-AND-OXCART-PROGRAMS-1954-1974.pdf,190,MARKING,NOFORN
CIA-UAP-003-THE-CENTRAL-INTELLIGENCE-AGENCY-AND-OVERHEAD-RECONNAISSANCE-THE-U-2-AND-OXCART-PROGRAMS-1954-1974.pdf,191,ORG,NASA
CIA-UAP-003-THE-CENTRAL-INTELLIGENCE-AGENCY-AND-OVERHEAD-RECONNAISSANCE-THE-U-2-AND-OXCART-PROGRAMS-1954-1974.pdf,191,MARKING,Secret
CIA-UAP-003-THE-CENTRAL-INTELLIGENCE-AGENCY-AND-OVERHEAD-RECONNAISSANCE-THE-U-2-AND-OXCART-PROGRAMS-1954-1974.pdf,192,ORG,NASA
CIA-UAP-003-THE-CENTRAL-INTELLIGENCE-AGENCY-AND-OVERHEAD-RECONNAISSANCE-THE-U-2-AND-OXCART-PROGRAMS-1954-1974.pdf,192,DATE,7 May 1960
CIA-UAP-003-THE-CENTRAL-INTELLIGENCE-AGENCY-AND-OVERHEAD-RECONNAISSANCE-THE-U-2-AND-OXCART-PROGRAMS-1954-1974.pdf,193,MARKING,Secret
CIA-UAP-003-THE-CENTRAL-INTELLIGENCE-AGENCY-AND-OVERHEAD-RECONNAISSANCE-THE-U-2-AND-OXCART-PROGRAMS-1954-1974.pdf,194,ORG,CIA
CIA-UAP-003-THE-CENTRAL-INTELLIGENCE-AGENCY-AND-OVERHEAD-RECONNAISSANCE-THE-U-2-AND-OXCART-PROGRAMS-1954-1974.pdf,194,DATE,27 May 1960
CIA-UAP-003-THE-CENTRAL-INTELLIGENCE-AGENCY-AND-OVERHEAD-RECONNAISSANCE-THE-U-2-AND-OXCART-PROGRAMS-1954-1974.pdf,194,DATE,8 July 1960
CIA-UAP-003-THE-CENTRAL-INTELLIGENCE-AGENCY-AND-OVERHEAD-RECONNAISSANCE-THE-U-2-AND-OXCART-PROGRAMS-1954-1974.pdf,194,MARKING,secret
CIA-UAP-003-THE-CENTRAL-INTELLIGENCE-AGENCY-AND-OVERHEAD-RECONNAISSANCE-THE-U-2-AND-OXCART-PROGRAMS-1954-1974.pdf,195,PERSON,Dr. Keith Glennan
CIA-UAP-003-THE-CENTRAL-INTELLIGENCE-AGENCY-AND-OVERHEAD-RECONNAISSANCE-THE-U-2-AND-OXCART-PROGRAMS-1954-1974.pdf,195,PERSON,Dr. Hugh Dryden
CIA-UAP-003-THE-CENTRAL-INTELLIGENCE-AGENCY-AND-OVERHEAD-RECONNAISSANCE-THE-U-2-AND-OXCART-PROGRAMS-1954-1974.pdf,195,ORG,CIA
CIA-UAP-003-THE-CENTRAL-INTELLIGENCE-AGENCY-AND-OVERHEAD-RECONNAISSANCE-THE-U-2-AND-OXCART-PROGRAMS-1954-1974.pdf,195,ORG,NASA
CIA-UAP-003-THE-CENTRAL-INTELLIGENCE-AGENCY-AND-OVERHEAD-RECONNAISSANCE-THE-U-2-AND-OXCART-PROGRAMS-1954-1974.pdf,195,DATE,25 July 1960
CIA-UAP-003-THE-CENTRAL-INTELLIGENCE-AGENCY-AND-OVERHEAD-RECONNAISSANCE-THE-U-2-AND-OXCART-PROGRAMS-1954-1974.pdf,195,DATE,31 May 1960
CIA-UAP-003-THE-CENTRAL-INTELLIGENCE-AGENCY-AND-OVERHEAD-RECONNAISSANCE-THE-U-2-AND-OXCART-PROGRAMS-1954-1974.pdf,195,MARKING,Secret
CIA-UAP-003-THE-CENTRAL-INTELLIGENCE-AGENCY-AND-OVERHEAD-RECONNAISSANCE-THE-U-2-AND-OXCART-PROGRAMS-1954-1974.pdf,196,ORG,CIA
CIA-UAP-003-THE-CENTRAL-INTELLIGENCE-AGENCY-AND-OVERHEAD-RECONNAISSANCE-THE-U-2-AND-OXCART-PROGRAMS-1954-1974.pdf,196,DATE,17 August 1960
CIA-UAP-003-THE-CENTRAL-INTELLIGENCE-AGENCY-AND-OVERHEAD-RECONNAISSANCE-THE-U-2-AND-OXCART-PROGRAMS-1954-1974.pdf,196,DATE,0 February 1962
CIA-UAP-003-THE-CENTRAL-INTELLIGENCE-AGENCY-AND-OVERHEAD-RECONNAISSANCE-THE-U-2-AND-OXCART-PROGRAMS-1954-1974.pdf,196,MARKING,Secret
CIA-UAP-003-THE-CENTRAL-INTELLIGENCE-AGENCY-AND-OVERHEAD-RECONNAISSANCE-THE-U-2-AND-OXCART-PROGRAMS-1954-1974.pdf,196,MARKING,NOFORN
CIA-UAP-003-THE-CENTRAL-INTELLIGENCE-AGENCY-AND-OVERHEAD-RECONNAISSANCE-THE-U-2-AND-OXCART-PROGRAMS-1954-1974.pdf,196,MARKING,confidential
CIA-UAP-003-THE-CENTRAL-INTELLIGENCE-AGENCY-AND-OVERHEAD-RECONNAISSANCE-THE-U-2-AND-OXCART-PROGRAMS-1954-1974.pdf,197,ORG,CIA
CIA-UAP-003-THE-CENTRAL-INTELLIGENCE-AGENCY-AND-OVERHEAD-RECONNAISSANCE-THE-U-2-AND-OXCART-PROGRAMS-1954-1974.pdf,198,ORG,NSA
CIA-UAP-003-THE-CENTRAL-INTELLIGENCE-AGENCY-AND-OVERHEAD-RECONNAISSANCE-THE-U-2-AND-OXCART-PROGRAMS-1954-1974.pdf,198,ORG,CIA
CIA-UAP-003-THE-CENTRAL-INTELLIGENCE-AGENCY-AND-OVERHEAD-RECONNAISSANCE-THE-U-2-AND-OXCART-PROGRAMS-1954-1974.pdf,198,DATE,6 March 1962
CIA-UAP-003-THE-CENTRAL-INTELLIGENCE-AGENCY-AND-OVERHEAD-RECONNAISSANCE-THE-U-2-AND-OXCART-PROGRAMS-1954-1974.pdf,198,MARKING,Secret
CIA-UAP-003-THE-CENTRAL-INTELLIGENCE-AGENCY-AND-OVERHEAD-RECONNAISSANCE-THE-U-2-AND-OXCART-PROGRAMS-1954-1974.pdf,198,MARKING,declassified
CIA-UAP-003-THE-CENTRAL-INTELLIGENCE-AGENCY-AND-OVERHEAD-RECONNAISSANCE-THE-U-2-AND-OXCART-PROGRAMS-1954-1974.pdf,199,PERSON,Col. Leo P. Geary
CIA-UAP-003-THE-CENTRAL-INTELLIGENCE-AGENCY-AND-OVERHEAD-RECONNAISSANCE-THE-U-2-AND-OXCART-PROGRAMS-1954-1974.pdf,199,ORG,CIA
CIA-UAP-003-THE-CENTRAL-INTELLIGENCE-AGENCY-AND-OVERHEAD-RECONNAISSANCE-THE-U-2-AND-OXCART-PROGRAMS-1954-1974.pdf,199,ORG,USAF
CIA-UAP-003-THE-CENTRAL-INTELLIGENCE-AGENCY-AND-OVERHEAD-RECONNAISSANCE-THE-U-2-AND-OXCART-PROGRAMS-1954-1974.pdf,199,DATE,25 April 1965
CIA-UAP-003-THE-CENTRAL-INTELLIGENCE-AGENCY-AND-OVERHEAD-RECONNAISSANCE-THE-U-2-AND-OXCART-PROGRAMS-1954-1974.pdf,199,DATE,21 March 1961
CIA-UAP-003-THE-CENTRAL-INTELLIGENCE-AGENCY-AND-OVERHEAD-RECONNAISSANCE-THE-U-2-AND-OXCART-PROGRAMS-1954-1974.pdf,200,ORG,CIA
CIA-UAP-003-THE-CENTRAL-INTELLIGENCE-AGENCY-AND-OVERHEAD-RECONNAISSANCE-THE-U-2-AND-OXCART-PROGRAMS-1954-1974.pdf,200,DATE,25 September 1969
CIA-UAP-003-THE-CENTRAL-INTELLIGENCE-AGENCY-AND-OVERHEAD-RECONNAISSANCE-THE-U-2-AND-OXCART-PROGRAMS-1954-1974.pdf,201,PERSON,Gen. Maxwell Taylor
CIA-UAP-003-THE-CENTRAL-INTELLIGENCE-AGENCY-AND-OVERHEAD-RECONNAISSANCE-THE-U-2-AND-OXCART-PROGRAMS-1954-1974.pdf,201,ORG,CIA
CIA-UAP-003-THE-CENTRAL-INTELLIGENCE-AGENCY-AND-OVERHEAD-RECONNAISSANCE-THE-U-2-AND-OXCART-PROGRAMS-1954-1974.pdf,202,ORG,CIA
CIA-UAP-003-THE-CENTRAL-INTELLIGENCE-AGENCY-AND-OVERHEAD-RECONNAISSANCE-THE-U-2-AND-OXCART-PROGRAMS-1954-1974.pdf,202,DATE,9 August 1960
CIA-UAP-003-THE-CENTRAL-INTELLIGENCE-AGENCY-AND-OVERHEAD-RECONNAISSANCE-THE-U-2-AND-OXCART-PROGRAMS-1954-1974.pdf,202,DATE,1 March 1962
CIA-UAP-003-THE-CENTRAL-INTELLIGENCE-AGENCY-AND-OVERHEAD-RECONNAISSANCE-THE-U-2-AND-OXCART-PROGRAMS-1954-1974.pdf,202,MARKING,NOFORN
CIA-UAP-003-THE-CENTRAL-INTELLIGENCE-AGENCY-AND-OVERHEAD-RECONNAISSANCE-THE-U-2-AND-OXCART-PROGRAMS-1954-1974.pdf,203,ORG,CIA
CIA-UAP-003-THE-CENTRAL-INTELLIGENCE-AGENCY-AND-OVERHEAD-RECONNAISSANCE-THE-U-2-AND-OXCART-PROGRAMS-1954-1974.pdf,203,DATE,6 May 1960
CIA-UAP-003-THE-CENTRAL-INTELLIGENCE-AGENCY-AND-OVERHEAD-RECONNAISSANCE-THE-U-2-AND-OXCART-PROGRAMS-1954-1974.pdf,204,ORG,CIA
CIA-UAP-003-THE-CENTRAL-INTELLIGENCE-AGENCY-AND-OVERHEAD-RECONNAISSANCE-THE-U-2-AND-OXCART-PROGRAMS-1954-1974.pdf,204,DATE,18 January 1961
CIA-UAP-003-THE-CENTRAL-INTELLIGENCE-AGENCY-AND-OVERHEAD-RECONNAISSANCE-THE-U-2-AND-OXCART-PROGRAMS-1954-1974.pdf,204,DATE,1 January 1959
CIA-UAP-003-THE-CENTRAL-INTELLIGENCE-AGENCY-AND-OVERHEAD-RECONNAISSANCE-THE-U-2-AND-OXCART-PROGRAMS-1954-1974.pdf,205,PERSON,Col. Stanley W. Beerli
CIA-UAP-003-THE-CENTRAL-INTELLIGENCE-AGENCY-AND-OVERHEAD-RECONNAISSANCE-THE-U-2-AND-OXCART-PROGRAMS-1954-1974.pdf,205,ORG,CIA
CIA-UAP-003-THE-CENTRAL-INTELLIGENCE-AGENCY-AND-OVERHEAD-RECONNAISSANCE-THE-U-2-AND-OXCART-PROGRAMS-1954-1974.pdf,205,DATE,17 February 1962
CIA-UAP-003-THE-CENTRAL-INTELLIGENCE-AGENCY-AND-OVERHEAD-RECONNAISSANCE-THE-U-2-AND-OXCART-PROGRAMS-1954-1974.pdf,205,DATE,30 July 1962
CIA-UAP-003-THE-CENTRAL-INTELLIGENCE-AGENCY-AND-OVERHEAD-RECONNAISSANCE-THE-U-2-AND-OXCART-PROGRAMS-1954-1974.pdf,205,DATE,30 September 1962
CIA-UAP-003-THE-CENTRAL-INTELLIGENCE-AGENCY-AND-OVERHEAD-RECONNAISSANCE-THE-U-2-AND-OXCART-PROGRAMS-1954-1974.pdf,205,DATE,5 August 1963
CIA-UAP-003-THE-CENTRAL-INTELLIGENCE-AGENCY-AND-OVERHEAD-RECONNAISSANCE-THE-U-2-AND-OXCART-PROGRAMS-1954-1974.pdf,205,DATE,7 February 1962
CIA-UAP-003-THE-CENTRAL-INTELLIGENCE-AGENCY-AND-OVERHEAD-RECONNAISSANCE-THE-U-2-AND-OXCART-PROGRAMS-1954-1974.pdf,206,ORG,CIA
CIA-UAP-003-THE-CENTRAL-INTELLIGENCE-AGENCY-AND-OVERHEAD-RECONNAISSANCE-THE-U-2-AND-OXCART-PROGRAMS-1954-1974.pdf,206,MARKING,Secret
CIA-UAP-003-THE-CENTRAL-INTELLIGENCE-AGENCY-AND-OVERHEAD-RECONNAISSANCE-THE-U-2-AND-OXCART-PROGRAMS-1954-1974.pdf,208,DATE,25 January 1961
CIA-UAP-003-THE-CENTRAL-INTELLIGENCE-AGENCY-AND-OVERHEAD-RECONNAISSANCE-THE-U-2-AND-OXCART-PROGRAMS-1954-1974.pdf,208,DATE,15 January 1964
CIA-UAP-003-THE-CENTRAL-INTELLIGENCE-AGENCY-AND-OVERHEAD-RECONNAISSANCE-THE-U-2-AND-OXCART-PROGRAMS-1954-1974.pdf,209,PERSON,Mr. Bissell
CIA-UAP-003-THE-CENTRAL-INTELLIGENCE-AGENCY-AND-OVERHEAD-RECONNAISSANCE-THE-U-2-AND-OXCART-PROGRAMS-1954-1974.pdf,209,PERSON,Col. Stanley Beerli
CIA-UAP-003-THE-CENTRAL-INTELLIGENCE-AGENCY-AND-OVERHEAD-RECONNAISSANCE-THE-U-2-AND-OXCART-PROGRAMS-1954-1974.pdf,209,ORG,CIA
CIA-UAP-003-THE-CENTRAL-INTELLIGENCE-AGENCY-AND-OVERHEAD-RECONNAISSANCE-THE-U-2-AND-OXCART-PROGRAMS-1954-1974.pdf,209,ORG,USAF
CIA-UAP-003-THE-CENTRAL-INTELLIGENCE-AGENCY-AND-OVERHEAD-RECONNAISSANCE-THE-U-2-AND-OXCART-PROGRAMS-1954-1974.pdf,209,DATE,14 September 1961
CIA-UAP-003-THE-CENTRAL-INTELLIGENCE-AGENCY-AND-OVERHEAD-RECONNAISSANCE-THE-U-2-AND-OXCART-PROGRAMS-1954-1974.pdf,209,DATE,25 September 1961
CIA-UAP-003-THE-CENTRAL-INTELLIGENCE-AGENCY-AND-OVERHEAD-RECONNAISSANCE-THE-U-2-AND-OXCART-PROGRAMS-1954-1974.pdf,209,DATE,1 October 1961
CIA-UAP-003-THE-CENTRAL-INTELLIGENCE-AGENCY-AND-OVERHEAD-RECONNAISSANCE-THE-U-2-AND-OXCART-PROGRAMS-1954-1974.pdf,209,DATE,21 September 1961
CIA-UAP-003-THE-CENTRAL-INTELLIGENCE-AGENCY-AND-OVERHEAD-RECONNAISSANCE-THE-U-2-AND-OXCART-PROGRAMS-1954-1974.pdf,210,ORG,CIA
CIA-UAP-003-THE-CENTRAL-INTELLIGENCE-AGENCY-AND-OVERHEAD-RECONNAISSANCE-THE-U-2-AND-OXCART-PROGRAMS-1954-1974.pdf,210,DATE,14 December 1962
CIA-UAP-003-THE-CENTRAL-INTELLIGENCE-AGENCY-AND-OVERHEAD-RECONNAISSANCE-THE-U-2-AND-OXCART-PROGRAMS-1954-1974.pdf,211,ORG,SAC
CIA-UAP-003-THE-CENTRAL-INTELLIGENCE-AGENCY-AND-OVERHEAD-RECONNAISSANCE-THE-U-2-AND-OXCART-PROGRAMS-1954-1974.pdf,211,DATE,27 October 1960
CIA-UAP-003-THE-CENTRAL-INTELLIGENCE-AGENCY-AND-OVERHEAD-RECONNAISSANCE-THE-U-2-AND-OXCART-PROGRAMS-1954-1974.pdf,211,DATE,11 December 1960
CIA-UAP-003-THE-CENTRAL-INTELLIGENCE-AGENCY-AND-OVERHEAD-RECONNAISSANCE-THE-U-2-AND-OXCART-PROGRAMS-1954-1974.pdf,211,DATE,21 March 1961
CIA-UAP-003-THE-CENTRAL-INTELLIGENCE-AGENCY-AND-OVERHEAD-RECONNAISSANCE-THE-U-2-AND-OXCART-PROGRAMS-1954-1974.pdf,211,MARKING,NOFORN
CIA-UAP-003-THE-CENTRAL-INTELLIGENCE-AGENCY-AND-OVERHEAD-RECONNAISSANCE-THE-U-2-AND-OXCART-PROGRAMS-1954-1974.pdf,212,DATE,20 April 1961
CIA-UAP-003-THE-CENTRAL-INTELLIGENCE-AGENCY-AND-OVERHEAD-RECONNAISSANCE-THE-U-2-AND-OXCART-PROGRAMS-1954-1974.pdf,212,MARKING,NOFORN
CIA-UAP-003-THE-CENTRAL-INTELLIGENCE-AGENCY-AND-OVERHEAD-RECONNAISSANCE-THE-U-2-AND-OXCART-PROGRAMS-1954-1974.pdf,213,ORG,CIA
CIA-UAP-003-THE-CENTRAL-INTELLIGENCE-AGENCY-AND-OVERHEAD-RECONNAISSANCE-THE-U-2-AND-OXCART-PROGRAMS-1954-1974.pdf,213,MARKING,Secret
CIA-UAP-003-THE-CENTRAL-INTELLIGENCE-AGENCY-AND-OVERHEAD-RECONNAISSANCE-THE-U-2-AND-OXCART-PROGRAMS-1954-1974.pdf,214,ORG,CIA
CIA-UAP-003-THE-CENTRAL-INTELLIGENCE-AGENCY-AND-OVERHEAD-RECONNAISSANCE-THE-U-2-AND-OXCART-PROGRAMS-1954-1974.pdf,214,ORG,SAC
CIA-UAP-003-THE-CENTRAL-INTELLIGENCE-AGENCY-AND-OVERHEAD-RECONNAISSANCE-THE-U-2-AND-OXCART-PROGRAMS-1954-1974.pdf,214,DATE,30 August 1962
CIA-UAP-003-THE-CENTRAL-INTELLIGENCE-AGENCY-AND-OVERHEAD-RECONNAISSANCE-THE-U-2-AND-OXCART-PROGRAMS-1954-1974.pdf,214,DATE,16 October 1962
CIA-UAP-003-THE-CENTRAL-INTELLIGENCE-AGENCY-AND-OVERHEAD-RECONNAISSANCE-THE-U-2-AND-OXCART-PROGRAMS-1954-1974.pdf,214,DATE,14 November 1962
CIA-UAP-003-THE-CENTRAL-INTELLIGENCE-AGENCY-AND-OVERHEAD-RECONNAISSANCE-THE-U-2-AND-OXCART-PROGRAMS-1954-1974.pdf,216,DATE,7 October 14
CIA-UAP-003-THE-CENTRAL-INTELLIGENCE-AGENCY-AND-OVERHEAD-RECONNAISSANCE-THE-U-2-AND-OXCART-PROGRAMS-1954-1974.pdf,218,ORG,CIA
CIA-UAP-003-THE-CENTRAL-INTELLIGENCE-AGENCY-AND-OVERHEAD-RECONNAISSANCE-THE-U-2-AND-OXCART-PROGRAMS-1954-1974.pdf,218,DATE,14 October 1962
CIA-UAP-003-THE-CENTRAL-INTELLIGENCE-AGENCY-AND-OVERHEAD-RECONNAISSANCE-THE-U-2-AND-OXCART-PROGRAMS-1954-1974.pdf,218,DATE,27 February 1963
CIA-UAP-003-THE-CENTRAL-INTELLIGENCE-AGENCY-AND-OVERHEAD-RECONNAISSANCE-THE-U-2-AND-OXCART-PROGRAMS-1954-1974.pdf,218,DATE,24 October 1962
CIA-UAP-003-THE-CENTRAL-INTELLIGENCE-AGENCY-AND-OVERHEAD-RECONNAISSANCE-THE-U-2-AND-OXCART-PROGRAMS-1954-1974.pdf,218,MARKING,NOFORN
CIA-UAP-003-THE-CENTRAL-INTELLIGENCE-AGENCY-AND-OVERHEAD-RECONNAISSANCE-THE-U-2-AND-OXCART-PROGRAMS-1954-1974.pdf,219,DATE,4 October 1962
CIA-UAP-003-THE-CENTRAL-INTELLIGENCE-AGENCY-AND-OVERHEAD-RECONNAISSANCE-THE-U-2-AND-OXCART-PROGRAMS-1954-1974.pdf,219,DATE,6 October 1962
CIA-UAP-003-THE-CENTRAL-INTELLIGENCE-AGENCY-AND-OVERHEAD-RECONNAISSANCE-THE-U-2-AND-OXCART-PROGRAMS-1954-1974.pdf,219,DATE,20 November 1962
CIA-UAP-003-THE-CENTRAL-INTELLIGENCE-AGENCY-AND-OVERHEAD-RECONNAISSANCE-THE-U-2-AND-OXCART-PROGRAMS-1954-1974.pdf,219,MARKING,Secret
CIA-UAP-003-THE-CENTRAL-INTELLIGENCE-AGENCY-AND-OVERHEAD-RECONNAISSANCE-THE-U-2-AND-OXCART-PROGRAMS-1954-1974.pdf,219,MARKING,NOFORN
CIA-UAP-003-THE-CENTRAL-INTELLIGENCE-AGENCY-AND-OVERHEAD-RECONNAISSANCE-THE-U-2-AND-OXCART-PROGRAMS-1954-1974.pdf,219,MARKING,restricted
CIA-UAP-003-THE-CENTRAL-INTELLIGENCE-AGENCY-AND-OVERHEAD-RECONNAISSANCE-THE-U-2-AND-OXCART-PROGRAMS-1954-1974.pdf,220,PERSON,Col. Jack C. Ledford
CIA-UAP-003-THE-CENTRAL-INTELLIGENCE-AGENCY-AND-OVERHEAD-RECONNAISSANCE-THE-U-2-AND-OXCART-PROGRAMS-1954-1974.pdf,220,PERSON,Brig. Gen. Jack C. Ledford
CIA-UAP-003-THE-CENTRAL-INTELLIGENCE-AGENCY-AND-OVERHEAD-RECONNAISSANCE-THE-U-2-AND-OXCART-PROGRAMS-1954-1974.pdf,220,ORG,USAF
CIA-UAP-003-THE-CENTRAL-INTELLIGENCE-AGENCY-AND-OVERHEAD-RECONNAISSANCE-THE-U-2-AND-OXCART-PROGRAMS-1954-1974.pdf,220,ORG,SAC
CIA-UAP-003-THE-CENTRAL-INTELLIGENCE-AGENCY-AND-OVERHEAD-RECONNAISSANCE-THE-U-2-AND-OXCART-PROGRAMS-1954-1974.pdf,220,ORG,CIA
CIA-UAP-003-THE-CENTRAL-INTELLIGENCE-AGENCY-AND-OVERHEAD-RECONNAISSANCE-THE-U-2-AND-OXCART-PROGRAMS-1954-1974.pdf,221,PERSON,Lt. Gen. Mairshall S. Carter
CIA-UAP-003-THE-CENTRAL-INTELLIGENCE-AGENCY-AND-OVERHEAD-RECONNAISSANCE-THE-U-2-AND-OXCART-PROGRAMS-1954-1974.pdf,221,PERSON,Mr. Secretary
CIA-UAP-003-THE-CENTRAL-INTELLIGENCE-AGENCY-AND-OVERHEAD-RECONNAISSANCE-THE-U-2-AND-OXCART-PROGRAMS-1954-1974.pdf,221,ORG,CIA
CIA-UAP-003-THE-CENTRAL-INTELLIGENCE-AGENCY-AND-OVERHEAD-RECONNAISSANCE-THE-U-2-AND-OXCART-PROGRAMS-1954-1974.pdf,221,ORG,SAC
CIA-UAP-003-THE-CENTRAL-INTELLIGENCE-AGENCY-AND-OVERHEAD-RECONNAISSANCE-THE-U-2-AND-OXCART-PROGRAMS-1954-1974.pdf,221,DATE,12 October 1962
CIA-UAP-003-THE-CENTRAL-INTELLIGENCE-AGENCY-AND-OVERHEAD-RECONNAISSANCE-THE-U-2-AND-OXCART-PROGRAMS-1954-1974.pdf,221,DATE,13 October 1962
CIA-UAP-003-THE-CENTRAL-INTELLIGENCE-AGENCY-AND-OVERHEAD-RECONNAISSANCE-THE-U-2-AND-OXCART-PROGRAMS-1954-1974.pdf,221,MARKING,secret
CIA-UAP-003-THE-CENTRAL-INTELLIGENCE-AGENCY-AND-OVERHEAD-RECONNAISSANCE-THE-U-2-AND-OXCART-PROGRAMS-1954-1974.pdf,222,ORG,SAC
CIA-UAP-003-THE-CENTRAL-INTELLIGENCE-AGENCY-AND-OVERHEAD-RECONNAISSANCE-THE-U-2-AND-OXCART-PROGRAMS-1954-1974.pdf,222,ORG,CIA
CIA-UAP-003-THE-CENTRAL-INTELLIGENCE-AGENCY-AND-OVERHEAD-RECONNAISSANCE-THE-U-2-AND-OXCART-PROGRAMS-1954-1974.pdf,222,DATE,14 October 1962
CIA-UAP-003-THE-CENTRAL-INTELLIGENCE-AGENCY-AND-OVERHEAD-RECONNAISSANCE-THE-U-2-AND-OXCART-PROGRAMS-1954-1974.pdf,222,DATE,12 October 1962
CIA-UAP-003-THE-CENTRAL-INTELLIGENCE-AGENCY-AND-OVERHEAD-RECONNAISSANCE-THE-U-2-AND-OXCART-PROGRAMS-1954-1974.pdf,222,DATE,16 October 1962
CIA-UAP-003-THE-CENTRAL-INTELLIGENCE-AGENCY-AND-OVERHEAD-RECONNAISSANCE-THE-U-2-AND-OXCART-PROGRAMS-1954-1974.pdf,222,MARKING,Secret
CIA-UAP-003-THE-CENTRAL-INTELLIGENCE-AGENCY-AND-OVERHEAD-RECONNAISSANCE-THE-U-2-AND-OXCART-PROGRAMS-1954-1974.pdf,222,MARKING,NOFORN
CIA-UAP-003-THE-CENTRAL-INTELLIGENCE-AGENCY-AND-OVERHEAD-RECONNAISSANCE-THE-U-2-AND-OXCART-PROGRAMS-1954-1974.pdf,223,PERSON,Maj. Rudolph Anderson
CIA-UAP-003-THE-CENTRAL-INTELLIGENCE-AGENCY-AND-OVERHEAD-RECONNAISSANCE-THE-U-2-AND-OXCART-PROGRAMS-1954-1974.pdf,223,ORG,SAC
CIA-UAP-003-THE-CENTRAL-INTELLIGENCE-AGENCY-AND-OVERHEAD-RECONNAISSANCE-THE-U-2-AND-OXCART-PROGRAMS-1954-1974.pdf,223,DATE,1 October 1962
CIA-UAP-003-THE-CENTRAL-INTELLIGENCE-AGENCY-AND-OVERHEAD-RECONNAISSANCE-THE-U-2-AND-OXCART-PROGRAMS-1954-1974.pdf,223,MARKING,NOFORN
CIA-UAP-003-THE-CENTRAL-INTELLIGENCE-AGENCY-AND-OVERHEAD-RECONNAISSANCE-THE-U-2-AND-OXCART-PROGRAMS-1954-1974.pdf,224,DATE,30 November 1963
CIA-UAP-003-THE-CENTRAL-INTELLIGENCE-AGENCY-AND-OVERHEAD-RECONNAISSANCE-THE-U-2-AND-OXCART-PROGRAMS-1954-1974.pdf,224,DATE,9 December 1963
CIA-UAP-003-THE-CENTRAL-INTELLIGENCE-AGENCY-AND-OVERHEAD-RECONNAISSANCE-THE-U-2-AND-OXCART-PROGRAMS-1954-1974.pdf,224,MARKING,NOfORN
CIA-UAP-003-THE-CENTRAL-INTELLIGENCE-AGENCY-AND-OVERHEAD-RECONNAISSANCE-THE-U-2-AND-OXCART-PROGRAMS-1954-1974.pdf,225,ORG,CIA
CIA-UAP-003-THE-CENTRAL-INTELLIGENCE-AGENCY-AND-OVERHEAD-RECONNAISSANCE-THE-U-2-AND-OXCART-PROGRAMS-1954-1974.pdf,225,DATE,25 September 1957
CIA-UAP-003-THE-CENTRAL-INTELLIGENCE-AGENCY-AND-OVERHEAD-RECONNAISSANCE-THE-U-2-AND-OXCART-PROGRAMS-1954-1974.pdf,225,DATE,24 March 1958
CIA-UAP-003-THE-CENTRAL-INTELLIGENCE-AGENCY-AND-OVERHEAD-RECONNAISSANCE-THE-U-2-AND-OXCART-PROGRAMS-1954-1974.pdf,225,MARKING,Secret
CIA-UAP-003-THE-CENTRAL-INTELLIGENCE-AGENCY-AND-OVERHEAD-RECONNAISSANCE-THE-U-2-AND-OXCART-PROGRAMS-1954-1974.pdf,227,ORG,CIA
CIA-UAP-003-THE-CENTRAL-INTELLIGENCE-AGENCY-AND-OVERHEAD-RECONNAISSANCE-THE-U-2-AND-OXCART-PROGRAMS-1954-1974.pdf,227,DATE,28 March 1958
CIA-UAP-003-THE-CENTRAL-INTELLIGENCE-AGENCY-AND-OVERHEAD-RECONNAISSANCE-THE-U-2-AND-OXCART-PROGRAMS-1954-1974.pdf,228,DATE,10 June 1958
CIA-UAP-003-THE-CENTRAL-INTELLIGENCE-AGENCY-AND-OVERHEAD-RECONNAISSANCE-THE-U-2-AND-OXCART-PROGRAMS-1954-1974.pdf,229,DATE,16 July 1958
CIA-UAP-003-THE-CENTRAL-INTELLIGENCE-AGENCY-AND-OVERHEAD-RECONNAISSANCE-THE-U-2-AND-OXCART-PROGRAMS-1954-1974.pdf,229,DATE,14 May 1959
CIA-UAP-003-THE-CENTRAL-INTELLIGENCE-AGENCY-AND-OVERHEAD-RECONNAISSANCE-THE-U-2-AND-OXCART-PROGRAMS-1954-1974.pdf,230,ORG,USAF
CIA-UAP-003-THE-CENTRAL-INTELLIGENCE-AGENCY-AND-OVERHEAD-RECONNAISSANCE-THE-U-2-AND-OXCART-PROGRAMS-1954-1974.pdf,230,DATE,13 September 1959
CIA-UAP-003-THE-CENTRAL-INTELLIGENCE-AGENCY-AND-OVERHEAD-RECONNAISSANCE-THE-U-2-AND-OXCART-PROGRAMS-1954-1974.pdf,230,DATE,24 September 1959
CIA-UAP-003-THE-CENTRAL-INTELLIGENCE-AGENCY-AND-OVERHEAD-RECONNAISSANCE-THE-U-2-AND-OXCART-PROGRAMS-1954-1974.pdf,233,DATE,6 June 1960
CIA-UAP-003-THE-CENTRAL-INTELLIGENCE-AGENCY-AND-OVERHEAD-RECONNAISSANCE-THE-U-2-AND-OXCART-PROGRAMS-1954-1974.pdf,233,MARKING,secret
CIA-UAP-003-THE-CENTRAL-INTELLIGENCE-AGENCY-AND-OVERHEAD-RECONNAISSANCE-THE-U-2-AND-OXCART-PROGRAMS-1954-1974.pdf,234,DATE,18 January 1961
CIA-UAP-003-THE-CENTRAL-INTELLIGENCE-AGENCY-AND-OVERHEAD-RECONNAISSANCE-THE-U-2-AND-OXCART-PROGRAMS-1954-1974.pdf,235,ORG,CIA
CIA-UAP-003-THE-CENTRAL-INTELLIGENCE-AGENCY-AND-OVERHEAD-RECONNAISSANCE-THE-U-2-AND-OXCART-PROGRAMS-1954-1974.pdf,235,MARKING,NOFORN
CIA-UAP-003-THE-CENTRAL-INTELLIGENCE-AGENCY-AND-OVERHEAD-RECONNAISSANCE-THE-U-2-AND-OXCART-PROGRAMS-1954-1974.pdf,236,MARKING,NOFORN
CIA-UAP-003-THE-CENTRAL-INTELLIGENCE-AGENCY-AND-OVERHEAD-RECONNAISSANCE-THE-U-2-AND-OXCART-PROGRAMS-1954-1974.pdf,236,MARKING,unclassified
CIA-UAP-003-THE-CENTRAL-INTELLIGENCE-AGENCY-AND-OVERHEAD-RECONNAISSANCE-THE-U-2-AND-OXCART-PROGRAMS-1954-1974.pdf,237,PERSON,Gen. Chiang Ching-kuo
CIA-UAP-003-THE-CENTRAL-INTELLIGENCE-AGENCY-AND-OVERHEAD-RECONNAISSANCE-THE-U-2-AND-OXCART-PROGRAMS-1954-1974.pdf,237,ORG,CIA
CIA-UAP-003-THE-CENTRAL-INTELLIGENCE-AGENCY-AND-OVERHEAD-RECONNAISSANCE-THE-U-2-AND-OXCART-PROGRAMS-1954-1974.pdf,237,DATE,6 May 1960
CIA-UAP-003-THE-CENTRAL-INTELLIGENCE-AGENCY-AND-OVERHEAD-RECONNAISSANCE-THE-U-2-AND-OXCART-PROGRAMS-1954-1974.pdf,237,MARKING,NOFORN
CIA-UAP-003-THE-CENTRAL-INTELLIGENCE-AGENCY-AND-OVERHEAD-RECONNAISSANCE-THE-U-2-AND-OXCART-PROGRAMS-1954-1974.pdf,238,ORG,CIA
CIA-UAP-003-THE-CENTRAL-INTELLIGENCE-AGENCY-AND-OVERHEAD-RECONNAISSANCE-THE-U-2-AND-OXCART-PROGRAMS-1954-1974.pdf,238,DATE,3 March 1961
CIA-UAP-003-THE-CENTRAL-INTELLIGENCE-AGENCY-AND-OVERHEAD-RECONNAISSANCE-THE-U-2-AND-OXCART-PROGRAMS-1954-1974.pdf,238,DATE,6 March 1961
CIA-UAP-003-THE-CENTRAL-INTELLIGENCE-AGENCY-AND-OVERHEAD-RECONNAISSANCE-THE-U-2-AND-OXCART-PROGRAMS-1954-1974.pdf,239,DATE,12 January 1962
CIA-UAP-003-THE-CENTRAL-INTELLIGENCE-AGENCY-AND-OVERHEAD-RECONNAISSANCE-THE-U-2-AND-OXCART-PROGRAMS-1954-1974.pdf,239,DATE,23 February 1962
CIA-UAP-003-THE-CENTRAL-INTELLIGENCE-AGENCY-AND-OVERHEAD-RECONNAISSANCE-THE-U-2-AND-OXCART-PROGRAMS-1954-1974.pdf,240,DATE,13 January 1962
CIA-UAP-003-THE-CENTRAL-INTELLIGENCE-AGENCY-AND-OVERHEAD-RECONNAISSANCE-THE-U-2-AND-OXCART-PROGRAMS-1954-1974.pdf,240,DATE,23 February 1962
CIA-UAP-003-THE-CENTRAL-INTELLIGENCE-AGENCY-AND-OVERHEAD-RECONNAISSANCE-THE-U-2-AND-OXCART-PROGRAMS-1954-1974.pdf,240,DATE,13 March 1962
CIA-UAP-003-THE-CENTRAL-INTELLIGENCE-AGENCY-AND-OVERHEAD-RECONNAISSANCE-THE-U-2-AND-OXCART-PROGRAMS-1954-1974.pdf,241,DATE,23 February 1962
CIA-UAP-003-THE-CENTRAL-INTELLIGENCE-AGENCY-AND-OVERHEAD-RECONNAISSANCE-THE-U-2-AND-OXCART-PROGRAMS-1954-1974.pdf,241,DATE,13 March 1962
CIA-UAP-003-THE-CENTRAL-INTELLIGENCE-AGENCY-AND-OVERHEAD-RECONNAISSANCE-THE-U-2-AND-OXCART-PROGRAMS-1954-1974.pdf,241,DATE,26 March 1962
CIA-UAP-003-THE-CENTRAL-INTELLIGENCE-AGENCY-AND-OVERHEAD-RECONNAISSANCE-THE-U-2-AND-OXCART-PROGRAMS-1954-1974.pdf,242,ORG,CIA
CIA-UAP-003-THE-CENTRAL-INTELLIGENCE-AGENCY-AND-OVERHEAD-RECONNAISSANCE-THE-U-2-AND-OXCART-PROGRAMS-1954-1974.pdf,242,DATE,28 July 1962
CIA-UAP-003-THE-CENTRAL-INTELLIGENCE-AGENCY-AND-OVERHEAD-RECONNAISSANCE-THE-U-2-AND-OXCART-PROGRAMS-1954-1974.pdf,242,DATE,3 September 1962
CIA-UAP-003-THE-CENTRAL-INTELLIGENCE-AGENCY-AND-OVERHEAD-RECONNAISSANCE-THE-U-2-AND-OXCART-PROGRAMS-1954-1974.pdf,242,DATE,11 August 1962
CIA-UAP-003-THE-CENTRAL-INTELLIGENCE-AGENCY-AND-OVERHEAD-RECONNAISSANCE-THE-U-2-AND-OXCART-PROGRAMS-1954-1974.pdf,242,DATE,8 September 1962
CIA-UAP-003-THE-CENTRAL-INTELLIGENCE-AGENCY-AND-OVERHEAD-RECONNAISSANCE-THE-U-2-AND-OXCART-PROGRAMS-1954-1974.pdf,242,DATE,9 September 1962
CIA-UAP-003-THE-CENTRAL-INTELLIGENCE-AGENCY-AND-OVERHEAD-RECONNAISSANCE-THE-U-2-AND-OXCART-PROGRAMS-1954-1974.pdf,242,MARKING,NOFORN
CIA-UAP-003-THE-CENTRAL-INTELLIGENCE-AGENCY-AND-OVERHEAD-RECONNAISSANCE-THE-U-2-AND-OXCART-PROGRAMS-1954-1974.pdf,243,ORG,SAC
CIA-UAP-003-THE-CENTRAL-INTELLIGENCE-AGENCY-AND-OVERHEAD-RECONNAISSANCE-THE-U-2-AND-OXCART-PROGRAMS-1954-1974.pdf,243,DATE,17 December 1962
CIA-UAP-003-THE-CENTRAL-INTELLIGENCE-AGENCY-AND-OVERHEAD-RECONNAISSANCE-THE-U-2-AND-OXCART-PROGRAMS-1954-1974.pdf,243,DATE,25 December 1962
CIA-UAP-003-THE-CENTRAL-INTELLIGENCE-AGENCY-AND-OVERHEAD-RECONNAISSANCE-THE-U-2-AND-OXCART-PROGRAMS-1954-1974.pdf,243,DATE,28 December 1962
CIA-UAP-003-THE-CENTRAL-INTELLIGENCE-AGENCY-AND-OVERHEAD-RECONNAISSANCE-THE-U-2-AND-OXCART-PROGRAMS-1954-1974.pdf,243,DATE,20 January 1963
CIA-UAP-003-THE-CENTRAL-INTELLIGENCE-AGENCY-AND-OVERHEAD-RECONNAISSANCE-THE-U-2-AND-OXCART-PROGRAMS-1954-1974.pdf,243,MARKING,NOFORN
CIA-UAP-003-THE-CENTRAL-INTELLIGENCE-AGENCY-AND-OVERHEAD-RECONNAISSANCE-THE-U-2-AND-OXCART-PROGRAMS-1954-1974.pdf,244,DATE,11 November 1962
CIA-UAP-003-THE-CENTRAL-INTELLIGENCE-AGENCY-AND-OVERHEAD-RECONNAISSANCE-THE-U-2-AND-OXCART-PROGRAMS-1954-1974.pdf,244,DATE,5 December 1962
CIA-UAP-003-THE-CENTRAL-INTELLIGENCE-AGENCY-AND-OVERHEAD-RECONNAISSANCE-THE-U-2-AND-OXCART-PROGRAMS-1954-1974.pdf,244,DATE,0 December 1962
CIA-UAP-003-THE-CENTRAL-INTELLIGENCE-AGENCY-AND-OVERHEAD-RECONNAISSANCE-THE-U-2-AND-OXCART-PROGRAMS-1954-1974.pdf,246,DATE,31 March 1964
CIA-UAP-003-THE-CENTRAL-INTELLIGENCE-AGENCY-AND-OVERHEAD-RECONNAISSANCE-THE-U-2-AND-OXCART-PROGRAMS-1954-1974.pdf,246,DATE,24 May 1964
CIA-UAP-003-THE-CENTRAL-INTELLIGENCE-AGENCY-AND-OVERHEAD-RECONNAISSANCE-THE-U-2-AND-OXCART-PROGRAMS-1954-1974.pdf,246,DATE,28 May 1963
CIA-UAP-003-THE-CENTRAL-INTELLIGENCE-AGENCY-AND-OVERHEAD-RECONNAISSANCE-THE-U-2-AND-OXCART-PROGRAMS-1954-1974.pdf,247,ORG,CIA
CIA-UAP-003-THE-CENTRAL-INTELLIGENCE-AGENCY-AND-OVERHEAD-RECONNAISSANCE-THE-U-2-AND-OXCART-PROGRAMS-1954-1974.pdf,248,DATE,1 November 1963
CIA-UAP-003-THE-CENTRAL-INTELLIGENCE-AGENCY-AND-OVERHEAD-RECONNAISSANCE-THE-U-2-AND-OXCART-PROGRAMS-1954-1974.pdf,248,DATE,16 March 1964
CIA-UAP-003-THE-CENTRAL-INTELLIGENCE-AGENCY-AND-OVERHEAD-RECONNAISSANCE-THE-U-2-AND-OXCART-PROGRAMS-1954-1974.pdf,248,DATE,7 July 1964
CIA-UAP-003-THE-CENTRAL-INTELLIGENCE-AGENCY-AND-OVERHEAD-RECONNAISSANCE-THE-U-2-AND-OXCART-PROGRAMS-1954-1974.pdf,248,MARKING,NOFORN
CIA-UAP-003-THE-CENTRAL-INTELLIGENCE-AGENCY-AND-OVERHEAD-RECONNAISSANCE-THE-U-2-AND-OXCART-PROGRAMS-1954-1974.pdf,249,ORG,CIA
CIA-UAP-003-THE-CENTRAL-INTELLIGENCE-AGENCY-AND-OVERHEAD-RECONNAISSANCE-THE-U-2-AND-OXCART-PROGRAMS-1954-1974.pdf,249,DATE,6 August 1964
CIA-UAP-003-THE-CENTRAL-INTELLIGENCE-AGENCY-AND-OVERHEAD-RECONNAISSANCE-THE-U-2-AND-OXCART-PROGRAMS-1954-1974.pdf,250,ORG,CIA
CIA-UAP-003-THE-CENTRAL-INTELLIGENCE-AGENCY-AND-OVERHEAD-RECONNAISSANCE-THE-U-2-AND-OXCART-PROGRAMS-1954-1974.pdf,250,DATE,16 October 1964
CIA-UAP-003-THE-CENTRAL-INTELLIGENCE-AGENCY-AND-OVERHEAD-RECONNAISSANCE-THE-U-2-AND-OXCART-PROGRAMS-1954-1974.pdf,250,DATE,7 July 1964
CIA-UAP-003-THE-CENTRAL-INTELLIGENCE-AGENCY-AND-OVERHEAD-RECONNAISSANCE-THE-U-2-AND-OXCART-PROGRAMS-1954-1974.pdf,250,DATE,9 December 1964
CIA-UAP-003-THE-CENTRAL-INTELLIGENCE-AGENCY-AND-OVERHEAD-RECONNAISSANCE-THE-U-2-AND-OXCART-PROGRAMS-1954-1974.pdf,250,DATE,11 January 1965
CIA-UAP-003-THE-CENTRAL-INTELLIGENCE-AGENCY-AND-OVERHEAD-RECONNAISSANCE-THE-U-2-AND-OXCART-PROGRAMS-1954-1974.pdf,251,DATE,26 October 1964
CIA-UAP-003-THE-CENTRAL-INTELLIGENCE-AGENCY-AND-OVERHEAD-RECONNAISSANCE-THE-U-2-AND-OXCART-PROGRAMS-1954-1974.pdf,251,DATE,11 January 1965
CIA-UAP-003-THE-CENTRAL-INTELLIGENCE-AGENCY-AND-OVERHEAD-RECONNAISSANCE-THE-U-2-AND-OXCART-PROGRAMS-1954-1974.pdf,252,DATE,22 November 1964
CIA-UAP-003-THE-CENTRAL-INTELLIGENCE-AGENCY-AND-OVERHEAD-RECONNAISSANCE-THE-U-2-AND-OXCART-PROGRAMS-1954-1974.pdf,252,DATE,25 November 1964
CIA-UAP-003-THE-CENTRAL-INTELLIGENCE-AGENCY-AND-OVERHEAD-RECONNAISSANCE-THE-U-2-AND-OXCART-PROGRAMS-1954-1974.pdf,252,DATE,19 December 1964
CIA-UAP-003-THE-CENTRAL-INTELLIGENCE-AGENCY-AND-OVERHEAD-RECONNAISSANCE-THE-U-2-AND-OXCART-PROGRAMS-1954-1974.pdf,252,DATE,8 January 1965
CIA-UAP-003-THE-CENTRAL-INTELLIGENCE-AGENCY-AND-OVERHEAD-RECONNAISSANCE-THE-U-2-AND-OXCART-PROGRAMS-1954-1974.pdf,252,MARKING,NOFORN
CIA-UAP-003-THE-CENTRAL-INTELLIGENCE-AGENCY-AND-OVERHEAD-RECONNAISSANCE-THE-U-2-AND-OXCART-PROGRAMS-1954-1974.pdf,253,MARKING,Secret
CIA-UAP-003-THE-CENTRAL-INTELLIGENCE-AGENCY-AND-OVERHEAD-RECONNAISSANCE-THE-U-2-AND-OXCART-PROGRAMS-1954-1974.pdf,255,ORG,CIA
CIA-UAP-003-THE-CENTRAL-INTELLIGENCE-AGENCY-AND-OVERHEAD-RECONNAISSANCE-THE-U-2-AND-OXCART-PROGRAMS-1954-1974.pdf,255,DATE,8 September 1967
CIA-UAP-003-THE-CENTRAL-INTELLIGENCE-AGENCY-AND-OVERHEAD-RECONNAISSANCE-THE-U-2-AND-OXCART-PROGRAMS-1954-1974.pdf,255,DATE,13 December 1967
CIA-UAP-003-THE-CENTRAL-INTELLIGENCE-AGENCY-AND-OVERHEAD-RECONNAISSANCE-THE-U-2-AND-OXCART-PROGRAMS-1954-1974.pdf,255,DATE,5 January 1968
CIA-UAP-003-THE-CENTRAL-INTELLIGENCE-AGENCY-AND-OVERHEAD-RECONNAISSANCE-THE-U-2-AND-OXCART-PROGRAMS-1954-1974.pdf,256,DATE,16 March 1968
CIA-UAP-003-THE-CENTRAL-INTELLIGENCE-AGENCY-AND-OVERHEAD-RECONNAISSANCE-THE-U-2-AND-OXCART-PROGRAMS-1954-1974.pdf,256,DATE,3 April 1968
CIA-UAP-003-THE-CENTRAL-INTELLIGENCE-AGENCY-AND-OVERHEAD-RECONNAISSANCE-THE-U-2-AND-OXCART-PROGRAMS-1954-1974.pdf,256,DATE,31 March 1968
CIA-UAP-003-THE-CENTRAL-INTELLIGENCE-AGENCY-AND-OVERHEAD-RECONNAISSANCE-THE-U-2-AND-OXCART-PROGRAMS-1954-1974.pdf,257,ORG,CIA
CIA-UAP-003-THE-CENTRAL-INTELLIGENCE-AGENCY-AND-OVERHEAD-RECONNAISSANCE-THE-U-2-AND-OXCART-PROGRAMS-1954-1974.pdf,257,DATE,18 May 1968
CIA-UAP-003-THE-CENTRAL-INTELLIGENCE-AGENCY-AND-OVERHEAD-RECONNAISSANCE-THE-U-2-AND-OXCART-PROGRAMS-1954-1974.pdf,257,DATE,5 January 1969
CIA-UAP-003-THE-CENTRAL-INTELLIGENCE-AGENCY-AND-OVERHEAD-RECONNAISSANCE-THE-U-2-AND-OXCART-PROGRAMS-1954-1974.pdf,257,DATE,24 November 1970
CIA-UAP-003-THE-CENTRAL-INTELLIGENCE-AGENCY-AND-OVERHEAD-RECONNAISSANCE-THE-U-2-AND-OXCART-PROGRAMS-1954-1974.pdf,257,DATE,12 December 1973
CIA-UAP-003-THE-CENTRAL-INTELLIGENCE-AGENCY-AND-OVERHEAD-RECONNAISSANCE-THE-U-2-AND-OXCART-PROGRAMS-1954-1974.pdf,257,MARKING,Secret
CIA-UAP-003-THE-CENTRAL-INTELLIGENCE-AGENCY-AND-OVERHEAD-RECONNAISSANCE-THE-U-2-AND-OXCART-PROGRAMS-1954-1974.pdf,258,MARKING,NOFORN
CIA-UAP-003-THE-CENTRAL-INTELLIGENCE-AGENCY-AND-OVERHEAD-RECONNAISSANCE-THE-U-2-AND-OXCART-PROGRAMS-1954-1974.pdf,260,ORG,CIA
CIA-UAP-003-THE-CENTRAL-INTELLIGENCE-AGENCY-AND-OVERHEAD-RECONNAISSANCE-THE-U-2-AND-OXCART-PROGRAMS-1954-1974.pdf,260,DATE,30 March 1973
CIA-UAP-003-THE-CENTRAL-INTELLIGENCE-AGENCY-AND-OVERHEAD-RECONNAISSANCE-THE-U-2-AND-OXCART-PROGRAMS-1954-1974.pdf,260,DATE,21 July 1973
CIA-UAP-003-THE-CENTRAL-INTELLIGENCE-AGENCY-AND-OVERHEAD-RECONNAISSANCE-THE-U-2-AND-OXCART-PROGRAMS-1954-1974.pdf,260,DATE,6 January 1974
CIA-UAP-003-THE-CENTRAL-INTELLIGENCE-AGENCY-AND-OVERHEAD-RECONNAISSANCE-THE-U-2-AND-OXCART-PROGRAMS-1954-1974.pdf,261,DATE,5 August 1963
CIA-UAP-003-THE-CENTRAL-INTELLIGENCE-AGENCY-AND-OVERHEAD-RECONNAISSANCE-THE-U-2-AND-OXCART-PROGRAMS-1954-1974.pdf,262,DATE,5 August 1963
CIA-UAP-003-THE-CENTRAL-INTELLIGENCE-AGENCY-AND-OVERHEAD-RECONNAISSANCE-THE-U-2-AND-OXCART-PROGRAMS-1954-1974.pdf,262,DATE,2 March 1964
CIA-UAP-003-THE-CENTRAL-INTELLIGENCE-AGENCY-AND-OVERHEAD-RECONNAISSANCE-THE-U-2-AND-OXCART-PROGRAMS-1954-1974.pdf,263,DATE,24 April 1964
CIA-UAP-003-THE-CENTRAL-INTELLIGENCE-AGENCY-AND-OVERHEAD-RECONNAISSANCE-THE-U-2-AND-OXCART-PROGRAMS-1954-1974.pdf,265,ORG,CIA
CIA-UAP-003-THE-CENTRAL-INTELLIGENCE-AGENCY-AND-OVERHEAD-RECONNAISSANCE-THE-U-2-AND-OXCART-PROGRAMS-1954-1974.pdf,265,DATE,11 December 1968
CIA-UAP-003-THE-CENTRAL-INTELLIGENCE-AGENCY-AND-OVERHEAD-RECONNAISSANCE-THE-U-2-AND-OXCART-PROGRAMS-1954-1974.pdf,265,DATE,23 November 1966
CIA-UAP-003-THE-CENTRAL-INTELLIGENCE-AGENCY-AND-OVERHEAD-RECONNAISSANCE-THE-U-2-AND-OXCART-PROGRAMS-1954-1974.pdf,266,ORG,CIA
CIA-UAP-003-THE-CENTRAL-INTELLIGENCE-AGENCY-AND-OVERHEAD-RECONNAISSANCE-THE-U-2-AND-OXCART-PROGRAMS-1954-1974.pdf,267,ORG,NASA
CIA-UAP-003-THE-CENTRAL-INTELLIGENCE-AGENCY-AND-OVERHEAD-RECONNAISSANCE-THE-U-2-AND-OXCART-PROGRAMS-1954-1974.pdf,267,DATE,9 February 1971
CIA-UAP-003-THE-CENTRAL-INTELLIGENCE-AGENCY-AND-OVERHEAD-RECONNAISSANCE-THE-U-2-AND-OXCART-PROGRAMS-1954-1974.pdf,267,MARKING,NOFORN
CIA-UAP-003-THE-CENTRAL-INTELLIGENCE-AGENCY-AND-OVERHEAD-RECONNAISSANCE-THE-U-2-AND-OXCART-PROGRAMS-1954-1974.pdf,269,DATE,10 November 1970
CIA-UAP-003-THE-CENTRAL-INTELLIGENCE-AGENCY-AND-OVERHEAD-RECONNAISSANCE-THE-U-2-AND-OXCART-PROGRAMS-1954-1974.pdf,269,DATE,8 October 1973
CIA-UAP-003-THE-CENTRAL-INTELLIGENCE-AGENCY-AND-OVERHEAD-RECONNAISSANCE-THE-U-2-AND-OXCART-PROGRAMS-1954-1974.pdf,269,MARKING,Secret
CIA-UAP-003-THE-CENTRAL-INTELLIGENCE-AGENCY-AND-OVERHEAD-RECONNAISSANCE-THE-U-2-AND-OXCART-PROGRAMS-1954-1974.pdf,270,ORG,CIA
CIA-UAP-003-THE-CENTRAL-INTELLIGENCE-AGENCY-AND-OVERHEAD-RECONNAISSANCE-THE-U-2-AND-OXCART-PROGRAMS-1954-1974.pdf,270,DATE,12 August 1972
CIA-UAP-003-THE-CENTRAL-INTELLIGENCE-AGENCY-AND-OVERHEAD-RECONNAISSANCE-THE-U-2-AND-OXCART-PROGRAMS-1954-1974.pdf,270,DATE,30 August 1973
CIA-UAP-003-THE-CENTRAL-INTELLIGENCE-AGENCY-AND-OVERHEAD-RECONNAISSANCE-THE-U-2-AND-OXCART-PROGRAMS-1954-1974.pdf,270,MARKING,Secret
CIA-UAP-003-THE-CENTRAL-INTELLIGENCE-AGENCY-AND-OVERHEAD-RECONNAISSANCE-THE-U-2-AND-OXCART-PROGRAMS-1954-1974.pdf,272,PERSON,Col. Jack A. Gibbs
CIA-UAP-003-THE-CENTRAL-INTELLIGENCE-AGENCY-AND-OVERHEAD-RECONNAISSANCE-THE-U-2-AND-OXCART-PROGRAMS-1954-1974.pdf,272,ORG,CIA
CIA-UAP-003-THE-CENTRAL-INTELLIGENCE-AGENCY-AND-OVERHEAD-RECONNAISSANCE-THE-U-2-AND-OXCART-PROGRAMS-1954-1974.pdf,273,PERSON,Dr. Joseph V. Charyk
CIA-UAP-003-THE-CENTRAL-INTELLIGENCE-AGENCY-AND-OVERHEAD-RECONNAISSANCE-THE-U-2-AND-OXCART-PROGRAMS-1954-1974.pdf,273,ORG,CIA
CIA-UAP-003-THE-CENTRAL-INTELLIGENCE-AGENCY-AND-OVERHEAD-RECONNAISSANCE-THE-U-2-AND-OXCART-PROGRAMS-1954-1974.pdf,274,DATE,23 April 1958
CIA-UAP-003-THE-CENTRAL-INTELLIGENCE-AGENCY-AND-OVERHEAD-RECONNAISSANCE-THE-U-2-AND-OXCART-PROGRAMS-1954-1974.pdf,274,DATE,26 June 1958
CIA-UAP-003-THE-CENTRAL-INTELLIGENCE-AGENCY-AND-OVERHEAD-RECONNAISSANCE-THE-U-2-AND-OXCART-PROGRAMS-1954-1974.pdf,274,MARKING,NOFORN
CIA-UAP-003-THE-CENTRAL-INTELLIGENCE-AGENCY-AND-OVERHEAD-RECONNAISSANCE-THE-U-2-AND-OXCART-PROGRAMS-1954-1974.pdf,275,DATE,23 July 1958
CIA-UAP-003-THE-CENTRAL-INTELLIGENCE-AGENCY-AND-OVERHEAD-RECONNAISSANCE-THE-U-2-AND-OXCART-PROGRAMS-1954-1974.pdf,275,MARKING,NOFORN
CIA-UAP-003-THE-CENTRAL-INTELLIGENCE-AGENCY-AND-OVERHEAD-RECONNAISSANCE-THE-U-2-AND-OXCART-PROGRAMS-1954-1974.pdf,276,DATE,17 December 1958
CIA-UAP-003-THE-CENTRAL-INTELLIGENCE-AGENCY-AND-OVERHEAD-RECONNAISSANCE-THE-U-2-AND-OXCART-PROGRAMS-1954-1974.pdf,276,DATE,24 September 1958
CIA-UAP-003-THE-CENTRAL-INTELLIGENCE-AGENCY-AND-OVERHEAD-RECONNAISSANCE-THE-U-2-AND-OXCART-PROGRAMS-1954-1974.pdf,276,DATE,12 November 1958
CIA-UAP-003-THE-CENTRAL-INTELLIGENCE-AGENCY-AND-OVERHEAD-RECONNAISSANCE-THE-U-2-AND-OXCART-PROGRAMS-1954-1974.pdf,276,MARKING,NOFORN
CIA-UAP-003-THE-CENTRAL-INTELLIGENCE-AGENCY-AND-OVERHEAD-RECONNAISSANCE-THE-U-2-AND-OXCART-PROGRAMS-1954-1974.pdf,276,MARKING,Secret
CIA-UAP-003-THE-CENTRAL-INTELLIGENCE-AGENCY-AND-OVERHEAD-RECONNAISSANCE-THE-U-2-AND-OXCART-PROGRAMS-1954-1974.pdf,277,MARKING,Secret
CIA-UAP-003-THE-CENTRAL-INTELLIGENCE-AGENCY-AND-OVERHEAD-RECONNAISSANCE-THE-U-2-AND-OXCART-PROGRAMS-1954-1974.pdf,280,ORG,CIA
CIA-UAP-003-THE-CENTRAL-INTELLIGENCE-AGENCY-AND-OVERHEAD-RECONNAISSANCE-THE-U-2-AND-OXCART-PROGRAMS-1954-1974.pdf,280,DATE,17 December 1958
CIA-UAP-003-THE-CENTRAL-INTELLIGENCE-AGENCY-AND-OVERHEAD-RECONNAISSANCE-THE-U-2-AND-OXCART-PROGRAMS-1954-1974.pdf,280,DATE,22 December 1958
CIA-UAP-003-THE-CENTRAL-INTELLIGENCE-AGENCY-AND-OVERHEAD-RECONNAISSANCE-THE-U-2-AND-OXCART-PROGRAMS-1954-1974.pdf,280,MARKING,Secret
CIA-UAP-003-THE-CENTRAL-INTELLIGENCE-AGENCY-AND-OVERHEAD-RECONNAISSANCE-THE-U-2-AND-OXCART-PROGRAMS-1954-1974.pdf,281,DATE,9 June 1959
CIA-UAP-003-THE-CENTRAL-INTELLIGENCE-AGENCY-AND-OVERHEAD-RECONNAISSANCE-THE-U-2-AND-OXCART-PROGRAMS-1954-1974.pdf,281,MARKING,Secret
CIA-UAP-003-THE-CENTRAL-INTELLIGENCE-AGENCY-AND-OVERHEAD-RECONNAISSANCE-THE-U-2-AND-OXCART-PROGRAMS-1954-1974.pdf,282,DATE,14 July 1959
CIA-UAP-003-THE-CENTRAL-INTELLIGENCE-AGENCY-AND-OVERHEAD-RECONNAISSANCE-THE-U-2-AND-OXCART-PROGRAMS-1954-1974.pdf,283,DATE,20 July 1959
CIA-UAP-003-THE-CENTRAL-INTELLIGENCE-AGENCY-AND-OVERHEAD-RECONNAISSANCE-THE-U-2-AND-OXCART-PROGRAMS-1954-1974.pdf,283,DATE,4 October 1983
CIA-UAP-003-THE-CENTRAL-INTELLIGENCE-AGENCY-AND-OVERHEAD-RECONNAISSANCE-THE-U-2-AND-OXCART-PROGRAMS-1954-1974.pdf,283,DATE,5 December 1984
CIA-UAP-003-THE-CENTRAL-INTELLIGENCE-AGENCY-AND-OVERHEAD-RECONNAISSANCE-THE-U-2-AND-OXCART-PROGRAMS-1954-1974.pdf,283,MARKING,Secret
CIA-UAP-003-THE-CENTRAL-INTELLIGENCE-AGENCY-AND-OVERHEAD-RECONNAISSANCE-THE-U-2-AND-OXCART-PROGRAMS-1954-1974.pdf,284,ORG,CIA
CIA-UAP-003-THE-CENTRAL-INTELLIGENCE-AGENCY-AND-OVERHEAD-RECONNAISSANCE-THE-U-2-AND-OXCART-PROGRAMS-1954-1974.pdf,284,DATE,20 August 1959
CIA-UAP-003-THE-CENTRAL-INTELLIGENCE-AGENCY-AND-OVERHEAD-RECONNAISSANCE-THE-U-2-AND-OXCART-PROGRAMS-1954-1974.pdf,285,MARKING,Secret
CIA-UAP-003-THE-CENTRAL-INTELLIGENCE-AGENCY-AND-OVERHEAD-RECONNAISSANCE-THE-U-2-AND-OXCART-PROGRAMS-1954-1974.pdf,286,ORG,CIA
CIA-UAP-003-THE-CENTRAL-INTELLIGENCE-AGENCY-AND-OVERHEAD-RECONNAISSANCE-THE-U-2-AND-OXCART-PROGRAMS-1954-1974.pdf,286,DATE,14 September 1959
CIA-UAP-003-THE-CENTRAL-INTELLIGENCE-AGENCY-AND-OVERHEAD-RECONNAISSANCE-THE-U-2-AND-OXCART-PROGRAMS-1954-1974.pdf,286,MARKING,Secret
CIA-UAP-003-THE-CENTRAL-INTELLIGENCE-AGENCY-AND-OVERHEAD-RECONNAISSANCE-THE-U-2-AND-OXCART-PROGRAMS-1954-1974.pdf,286,MARKING,NOFORN
CIA-UAP-003-THE-CENTRAL-INTELLIGENCE-AGENCY-AND-OVERHEAD-RECONNAISSANCE-THE-U-2-AND-OXCART-PROGRAMS-1954-1974.pdf,287,DATE,18 November 1959
CIA-UAP-003-THE-CENTRAL-INTELLIGENCE-AGENCY-AND-OVERHEAD-RECONNAISSANCE-THE-U-2-AND-OXCART-PROGRAMS-1954-1974.pdf,290,MARKING,NOFORN
CIA-UAP-003-THE-CENTRAL-INTELLIGENCE-AGENCY-AND-OVERHEAD-RECONNAISSANCE-THE-U-2-AND-OXCART-PROGRAMS-1954-1974.pdf,291,ORG,CIA
CIA-UAP-003-THE-CENTRAL-INTELLIGENCE-AGENCY-AND-OVERHEAD-RECONNAISSANCE-THE-U-2-AND-OXCART-PROGRAMS-1954-1974.pdf,291,MARKING,Secret
CIA-UAP-003-THE-CENTRAL-INTELLIGENCE-AGENCY-AND-OVERHEAD-RECONNAISSANCE-THE-U-2-AND-OXCART-PROGRAMS-1954-1974.pdf,292,MARKING,NOFORN
CIA-UAP-003-THE-CENTRAL-INTELLIGENCE-AGENCY-AND-OVERHEAD-RECONNAISSANCE-THE-U-2-AND-OXCART-PROGRAMS-1954-1974.pdf,293,MARKING,Secret
CIA-UAP-003-THE-CENTRAL-INTELLIGENCE-AGENCY-AND-OVERHEAD-RECONNAISSANCE-THE-U-2-AND-OXCART-PROGRAMS-1954-1974.pdf,294,PERSON,Dr. Roderick M. Scott
CIA-UAP-003-THE-CENTRAL-INTELLIGENCE-AGENCY-AND-OVERHEAD-RECONNAISSANCE-THE-U-2-AND-OXCART-PROGRAMS-1954-1974.pdf,296,MARKING,NOFORN
CIA-UAP-003-THE-CENTRAL-INTELLIGENCE-AGENCY-AND-OVERHEAD-RECONNAISSANCE-THE-U-2-AND-OXCART-PROGRAMS-1954-1974.pdf,297,DATE,15 November 1960
CIA-UAP-003-THE-CENTRAL-INTELLIGENCE-AGENCY-AND-OVERHEAD-RECONNAISSANCE-THE-U-2-AND-OXCART-PROGRAMS-1954-1974.pdf,297,DATE,27 February 1962
CIA-UAP-003-THE-CENTRAL-INTELLIGENCE-AGENCY-AND-OVERHEAD-RECONNAISSANCE-THE-U-2-AND-OXCART-PROGRAMS-1954-1974.pdf,297,MARKING,NOFORN
CIA-UAP-003-THE-CENTRAL-INTELLIGENCE-AGENCY-AND-OVERHEAD-RECONNAISSANCE-THE-U-2-AND-OXCART-PROGRAMS-1954-1974.pdf,298,PERSON,Cdr. William Holcomb
CIA-UAP-003-THE-CENTRAL-INTELLIGENCE-AGENCY-AND-OVERHEAD-RECONNAISSANCE-THE-U-2-AND-OXCART-PROGRAMS-1954-1974.pdf,298,ORG,CIA
CIA-UAP-003-THE-CENTRAL-INTELLIGENCE-AGENCY-AND-OVERHEAD-RECONNAISSANCE-THE-U-2-AND-OXCART-PROGRAMS-1954-1974.pdf,298,DATE,11 September 1961
CIA-UAP-003-THE-CENTRAL-INTELLIGENCE-AGENCY-AND-OVERHEAD-RECONNAISSANCE-THE-U-2-AND-OXCART-PROGRAMS-1954-1974.pdf,299,DATE,26 February 1962
CIA-UAP-003-THE-CENTRAL-INTELLIGENCE-AGENCY-AND-OVERHEAD-RECONNAISSANCE-THE-U-2-AND-OXCART-PROGRAMS-1954-1974.pdf,299,MARKING,Secret
CIA-UAP-003-THE-CENTRAL-INTELLIGENCE-AGENCY-AND-OVERHEAD-RECONNAISSANCE-THE-U-2-AND-OXCART-PROGRAMS-1954-1974.pdf,300,MARKING,secret
CIA-UAP-003-THE-CENTRAL-INTELLIGENCE-AGENCY-AND-OVERHEAD-RECONNAISSANCE-THE-U-2-AND-OXCART-PROGRAMS-1954-1974.pdf,300,MARKING,NOFORN
CIA-UAP-003-THE-CENTRAL-INTELLIGENCE-AGENCY-AND-OVERHEAD-RECONNAISSANCE-THE-U-2-AND-OXCART-PROGRAMS-1954-1974.pdf,301,PERSON,Col. Jack C. Ledford
CIA-UAP-003-THE-CENTRAL-INTELLIGENCE-AGENCY-AND-OVERHEAD-RECONNAISSANCE-THE-U-2-AND-OXCART-PROGRAMS-1954-1974.pdf,301,PERSON,Col. Leo Geary
CIA-UAP-003-THE-CENTRAL-INTELLIGENCE-AGENCY-AND-OVERHEAD-RECONNAISSANCE-THE-U-2-AND-OXCART-PROGRAMS-1954-1974.pdf,301,DATE,25 April 1962
CIA-UAP-003-THE-CENTRAL-INTELLIGENCE-AGENCY-AND-OVERHEAD-RECONNAISSANCE-THE-U-2-AND-OXCART-PROGRAMS-1954-1974.pdf,302,ORG,NORAD
CIA-UAP-003-THE-CENTRAL-INTELLIGENCE-AGENCY-AND-OVERHEAD-RECONNAISSANCE-THE-U-2-AND-OXCART-PROGRAMS-1954-1974.pdf,302,DATE,30 April 1962
CIA-UAP-003-THE-CENTRAL-INTELLIGENCE-AGENCY-AND-OVERHEAD-RECONNAISSANCE-THE-U-2-AND-OXCART-PROGRAMS-1954-1974.pdf,302,DATE,2 May 1962
CIA-UAP-003-THE-CENTRAL-INTELLIGENCE-AGENCY-AND-OVERHEAD-RECONNAISSANCE-THE-U-2-AND-OXCART-PROGRAMS-1954-1974.pdf,302,MARKING,NOFORN
CIA-UAP-003-THE-CENTRAL-INTELLIGENCE-AGENCY-AND-OVERHEAD-RECONNAISSANCE-THE-U-2-AND-OXCART-PROGRAMS-1954-1974.pdf,302,MARKING,secret
CIA-UAP-003-THE-CENTRAL-INTELLIGENCE-AGENCY-AND-OVERHEAD-RECONNAISSANCE-THE-U-2-AND-OXCART-PROGRAMS-1954-1974.pdf,303,DATE,30 April 1962
CIA-UAP-003-THE-CENTRAL-INTELLIGENCE-AGENCY-AND-OVERHEAD-RECONNAISSANCE-THE-U-2-AND-OXCART-PROGRAMS-1954-1974.pdf,303,DATE,15 January 1963
CIA-UAP-003-THE-CENTRAL-INTELLIGENCE-AGENCY-AND-OVERHEAD-RECONNAISSANCE-THE-U-2-AND-OXCART-PROGRAMS-1954-1974.pdf,304,ORG,CIA
CIA-UAP-003-THE-CENTRAL-INTELLIGENCE-AGENCY-AND-OVERHEAD-RECONNAISSANCE-THE-U-2-AND-OXCART-PROGRAMS-1954-1974.pdf,305,MARKING,secret
CIA-UAP-003-THE-CENTRAL-INTELLIGENCE-AGENCY-AND-OVERHEAD-RECONNAISSANCE-THE-U-2-AND-OXCART-PROGRAMS-1954-1974.pdf,306,ORG,CIA
CIA-UAP-003-THE-CENTRAL-INTELLIGENCE-AGENCY-AND-OVERHEAD-RECONNAISSANCE-THE-U-2-AND-OXCART-PROGRAMS-1954-1974.pdf,306,DATE,12 November 1963
CIA-UAP-003-THE-CENTRAL-INTELLIGENCE-AGENCY-AND-OVERHEAD-RECONNAISSANCE-THE-U-2-AND-OXCART-PROGRAMS-1954-1974.pdf,306,DATE,21 January 1963
CIA-UAP-003-THE-CENTRAL-INTELLIGENCE-AGENCY-AND-OVERHEAD-RECONNAISSANCE-THE-U-2-AND-OXCART-PROGRAMS-1954-1974.pdf,306,DATE,22 October 1963
CIA-UAP-003-THE-CENTRAL-INTELLIGENCE-AGENCY-AND-OVERHEAD-RECONNAISSANCE-THE-U-2-AND-OXCART-PROGRAMS-1954-1974.pdf,307,PERSON,Mr. Bundy
CIA-UAP-003-THE-CENTRAL-INTELLIGENCE-AGENCY-AND-OVERHEAD-RECONNAISSANCE-THE-U-2-AND-OXCART-PROGRAMS-1954-1974.pdf,307,DATE,29 February 1964
CIA-UAP-003-THE-CENTRAL-INTELLIGENCE-AGENCY-AND-OVERHEAD-RECONNAISSANCE-THE-U-2-AND-OXCART-PROGRAMS-1954-1974.pdf,307,DATE,29 November 1963
CIA-UAP-003-THE-CENTRAL-INTELLIGENCE-AGENCY-AND-OVERHEAD-RECONNAISSANCE-THE-U-2-AND-OXCART-PROGRAMS-1954-1974.pdf,307,DATE,2 March 1964
CIA-UAP-003-THE-CENTRAL-INTELLIGENCE-AGENCY-AND-OVERHEAD-RECONNAISSANCE-THE-U-2-AND-OXCART-PROGRAMS-1954-1974.pdf,307,DATE,25 February 1964
CIA-UAP-003-THE-CENTRAL-INTELLIGENCE-AGENCY-AND-OVERHEAD-RECONNAISSANCE-THE-U-2-AND-OXCART-PROGRAMS-1954-1974.pdf,307,MARKING,Secret
CIA-UAP-003-THE-CENTRAL-INTELLIGENCE-AGENCY-AND-OVERHEAD-RECONNAISSANCE-THE-U-2-AND-OXCART-PROGRAMS-1954-1974.pdf,308,ORG,CIA
CIA-UAP-003-THE-CENTRAL-INTELLIGENCE-AGENCY-AND-OVERHEAD-RECONNAISSANCE-THE-U-2-AND-OXCART-PROGRAMS-1954-1974.pdf,308,DATE,24 May 1963
CIA-UAP-003-THE-CENTRAL-INTELLIGENCE-AGENCY-AND-OVERHEAD-RECONNAISSANCE-THE-U-2-AND-OXCART-PROGRAMS-1954-1974.pdf,308,MARKING,NOFORN
CIA-UAP-003-THE-CENTRAL-INTELLIGENCE-AGENCY-AND-OVERHEAD-RECONNAISSANCE-THE-U-2-AND-OXCART-PROGRAMS-1954-1974.pdf,308,MARKING,secret
CIA-UAP-003-THE-CENTRAL-INTELLIGENCE-AGENCY-AND-OVERHEAD-RECONNAISSANCE-THE-U-2-AND-OXCART-PROGRAMS-1954-1974.pdf,309,DATE,9 July 1964
CIA-UAP-003-THE-CENTRAL-INTELLIGENCE-AGENCY-AND-OVERHEAD-RECONNAISSANCE-THE-U-2-AND-OXCART-PROGRAMS-1954-1974.pdf,309,DATE,28 December 1965
CIA-UAP-003-THE-CENTRAL-INTELLIGENCE-AGENCY-AND-OVERHEAD-RECONNAISSANCE-THE-U-2-AND-OXCART-PROGRAMS-1954-1974.pdf,309,DATE,27 January 1965
CIA-UAP-003-THE-CENTRAL-INTELLIGENCE-AGENCY-AND-OVERHEAD-RECONNAISSANCE-THE-U-2-AND-OXCART-PROGRAMS-1954-1974.pdf,309,DATE,3 August 1965
CIA-UAP-003-THE-CENTRAL-INTELLIGENCE-AGENCY-AND-OVERHEAD-RECONNAISSANCE-THE-U-2-AND-OXCART-PROGRAMS-1954-1974.pdf,309,MARKING,NOFORN
CIA-UAP-003-THE-CENTRAL-INTELLIGENCE-AGENCY-AND-OVERHEAD-RECONNAISSANCE-THE-U-2-AND-OXCART-PROGRAMS-1954-1974.pdf,310,PERSON,Brig. Gen. Jack C. Ledford
CIA-UAP-003-THE-CENTRAL-INTELLIGENCE-AGENCY-AND-OVERHEAD-RECONNAISSANCE-THE-U-2-AND-OXCART-PROGRAMS-1954-1974.pdf,310,DATE,20 November 1965
CIA-UAP-003-THE-CENTRAL-INTELLIGENCE-AGENCY-AND-OVERHEAD-RECONNAISSANCE-THE-U-2-AND-OXCART-PROGRAMS-1954-1974.pdf,310,DATE,30 April 1965
CIA-UAP-003-THE-CENTRAL-INTELLIGENCE-AGENCY-AND-OVERHEAD-RECONNAISSANCE-THE-U-2-AND-OXCART-PROGRAMS-1954-1974.pdf,310,MARKING,Secret
CIA-UAP-003-THE-CENTRAL-INTELLIGENCE-AGENCY-AND-OVERHEAD-RECONNAISSANCE-THE-U-2-AND-OXCART-PROGRAMS-1954-1974.pdf,311,PERSON,Mr. McCone
CIA-UAP-003-THE-CENTRAL-INTELLIGENCE-AGENCY-AND-OVERHEAD-RECONNAISSANCE-THE-U-2-AND-OXCART-PROGRAMS-1954-1974.pdf,311,DATE,5 July 1962
CIA-UAP-003-THE-CENTRAL-INTELLIGENCE-AGENCY-AND-OVERHEAD-RECONNAISSANCE-THE-U-2-AND-OXCART-PROGRAMS-1954-1974.pdf,311,DATE,6 July 1962
CIA-UAP-003-THE-CENTRAL-INTELLIGENCE-AGENCY-AND-OVERHEAD-RECONNAISSANCE-THE-U-2-AND-OXCART-PROGRAMS-1954-1974.pdf,311,DATE,5 Apr 1963
CIA-UAP-003-THE-CENTRAL-INTELLIGENCE-AGENCY-AND-OVERHEAD-RECONNAISSANCE-THE-U-2-AND-OXCART-PROGRAMS-1954-1974.pdf,312,PERSON,Gen. Marshall S. Carter
CIA-UAP-003-THE-CENTRAL-INTELLIGENCE-AGENCY-AND-OVERHEAD-RECONNAISSANCE-THE-U-2-AND-OXCART-PROGRAMS-1954-1974.pdf,312,ORG,SAC
CIA-UAP-003-THE-CENTRAL-INTELLIGENCE-AGENCY-AND-OVERHEAD-RECONNAISSANCE-THE-U-2-AND-OXCART-PROGRAMS-1954-1974.pdf,312,DATE,5 August 1964
CIA-UAP-003-THE-CENTRAL-INTELLIGENCE-AGENCY-AND-OVERHEAD-RECONNAISSANCE-THE-U-2-AND-OXCART-PROGRAMS-1954-1974.pdf,312,DATE,5 November 1964
CIA-UAP-003-THE-CENTRAL-INTELLIGENCE-AGENCY-AND-OVERHEAD-RECONNAISSANCE-THE-U-2-AND-OXCART-PROGRAMS-1954-1974.pdf,312,DATE,23 October 1962
CIA-UAP-003-THE-CENTRAL-INTELLIGENCE-AGENCY-AND-OVERHEAD-RECONNAISSANCE-THE-U-2-AND-OXCART-PROGRAMS-1954-1974.pdf,312,DATE,17 August 1964
CIA-UAP-003-THE-CENTRAL-INTELLIGENCE-AGENCY-AND-OVERHEAD-RECONNAISSANCE-THE-U-2-AND-OXCART-PROGRAMS-1954-1974.pdf,312,MARKING,NOFORN
CIA-UAP-003-THE-CENTRAL-INTELLIGENCE-AGENCY-AND-OVERHEAD-RECONNAISSANCE-THE-U-2-AND-OXCART-PROGRAMS-1954-1974.pdf,313,ORG,CIA
CIA-UAP-003-THE-CENTRAL-INTELLIGENCE-AGENCY-AND-OVERHEAD-RECONNAISSANCE-THE-U-2-AND-OXCART-PROGRAMS-1954-1974.pdf,313,DATE,5 November 196
CIA-UAP-003-THE-CENTRAL-INTELLIGENCE-AGENCY-AND-OVERHEAD-RECONNAISSANCE-THE-U-2-AND-OXCART-PROGRAMS-1954-1974.pdf,313,DATE,18 March 1965
CIA-UAP-003-THE-CENTRAL-INTELLIGENCE-AGENCY-AND-OVERHEAD-RECONNAISSANCE-THE-U-2-AND-OXCART-PROGRAMS-1954-1974.pdf,313,MARKING,NOFORN
CIA-UAP-003-THE-CENTRAL-INTELLIGENCE-AGENCY-AND-OVERHEAD-RECONNAISSANCE-THE-U-2-AND-OXCART-PROGRAMS-1954-1974.pdf,314,PERSON,Adm. William F. Raborn
CIA-UAP-003-THE-CENTRAL-INTELLIGENCE-AGENCY-AND-OVERHEAD-RECONNAISSANCE-THE-U-2-AND-OXCART-PROGRAMS-1954-1974.pdf,314,ORG,CIA
CIA-UAP-003-THE-CENTRAL-INTELLIGENCE-AGENCY-AND-OVERHEAD-RECONNAISSANCE-THE-U-2-AND-OXCART-PROGRAMS-1954-1974.pdf,314,DATE,3 June 1965
CIA-UAP-003-THE-CENTRAL-INTELLIGENCE-AGENCY-AND-OVERHEAD-RECONNAISSANCE-THE-U-2-AND-OXCART-PROGRAMS-1954-1974.pdf,315,ORG,CIA
CIA-UAP-003-THE-CENTRAL-INTELLIGENCE-AGENCY-AND-OVERHEAD-RECONNAISSANCE-THE-U-2-AND-OXCART-PROGRAMS-1954-1974.pdf,315,DATE,21 December 1966
CIA-UAP-003-THE-CENTRAL-INTELLIGENCE-AGENCY-AND-OVERHEAD-RECONNAISSANCE-THE-U-2-AND-OXCART-PROGRAMS-1954-1974.pdf,315,DATE,5 January 1967
CIA-UAP-003-THE-CENTRAL-INTELLIGENCE-AGENCY-AND-OVERHEAD-RECONNAISSANCE-THE-U-2-AND-OXCART-PROGRAMS-1954-1974.pdf,315,MARKING,Secret
CIA-UAP-003-THE-CENTRAL-INTELLIGENCE-AGENCY-AND-OVERHEAD-RECONNAISSANCE-THE-U-2-AND-OXCART-PROGRAMS-1954-1974.pdf,316,ORG,CIA
CIA-UAP-003-THE-CENTRAL-INTELLIGENCE-AGENCY-AND-OVERHEAD-RECONNAISSANCE-THE-U-2-AND-OXCART-PROGRAMS-1954-1974.pdf,317,ORG,CIA
CIA-UAP-003-THE-CENTRAL-INTELLIGENCE-AGENCY-AND-OVERHEAD-RECONNAISSANCE-THE-U-2-AND-OXCART-PROGRAMS-1954-1974.pdf,317,DATE,4 May 1967
CIA-UAP-003-THE-CENTRAL-INTELLIGENCE-AGENCY-AND-OVERHEAD-RECONNAISSANCE-THE-U-2-AND-OXCART-PROGRAMS-1954-1974.pdf,318,ORG,CIA
CIA-UAP-003-THE-CENTRAL-INTELLIGENCE-AGENCY-AND-OVERHEAD-RECONNAISSANCE-THE-U-2-AND-OXCART-PROGRAMS-1954-1974.pdf,318,DATE,17 May 1967
CIA-UAP-003-THE-CENTRAL-INTELLIGENCE-AGENCY-AND-OVERHEAD-RECONNAISSANCE-THE-U-2-AND-OXCART-PROGRAMS-1954-1974.pdf,318,DATE,29 May 1967
CIA-UAP-003-THE-CENTRAL-INTELLIGENCE-AGENCY-AND-OVERHEAD-RECONNAISSANCE-THE-U-2-AND-OXCART-PROGRAMS-1954-1974.pdf,319,DATE,31 December 1967
CIA-UAP-003-THE-CENTRAL-INTELLIGENCE-AGENCY-AND-OVERHEAD-RECONNAISSANCE-THE-U-2-AND-OXCART-PROGRAMS-1954-1974.pdf,319,MARKING,Secret
CIA-UAP-003-THE-CENTRAL-INTELLIGENCE-AGENCY-AND-OVERHEAD-RECONNAISSANCE-THE-U-2-AND-OXCART-PROGRAMS-1954-1974.pdf,320,DATE,30 October 1967
CIA-UAP-003-THE-CENTRAL-INTELLIGENCE-AGENCY-AND-OVERHEAD-RECONNAISSANCE-THE-U-2-AND-OXCART-PROGRAMS-1954-1974.pdf,320,DATE,8 March 1968
CIA-UAP-003-THE-CENTRAL-INTELLIGENCE-AGENCY-AND-OVERHEAD-RECONNAISSANCE-THE-U-2-AND-OXCART-PROGRAMS-1954-1974.pdf,320,DATE,23 January 1968
CIA-UAP-003-THE-CENTRAL-INTELLIGENCE-AGENCY-AND-OVERHEAD-RECONNAISSANCE-THE-U-2-AND-OXCART-PROGRAMS-1954-1974.pdf,320,DATE,8 May 1968
CIA-UAP-003-THE-CENTRAL-INTELLIGENCE-AGENCY-AND-OVERHEAD-RECONNAISSANCE-THE-U-2-AND-OXCART-PROGRAMS-1954-1974.pdf,321,ORG,CIA
CIA-UAP-003-THE-CENTRAL-INTELLIGENCE-AGENCY-AND-OVERHEAD-RECONNAISSANCE-THE-U-2-AND-OXCART-PROGRAMS-1954-1974.pdf,322,ORG,CIA
CIA-UAP-003-THE-CENTRAL-INTELLIGENCE-AGENCY-AND-OVERHEAD-RECONNAISSANCE-THE-U-2-AND-OXCART-PROGRAMS-1954-1974.pdf,322,DATE,12 December 1966
CIA-UAP-003-THE-CENTRAL-INTELLIGENCE-AGENCY-AND-OVERHEAD-RECONNAISSANCE-THE-U-2-AND-OXCART-PROGRAMS-1954-1974.pdf,323,ORG,CIA
CIA-UAP-003-THE-CENTRAL-INTELLIGENCE-AGENCY-AND-OVERHEAD-RECONNAISSANCE-THE-U-2-AND-OXCART-PROGRAMS-1954-1974.pdf,323,DATE,28 December 1966
CIA-UAP-003-THE-CENTRAL-INTELLIGENCE-AGENCY-AND-OVERHEAD-RECONNAISSANCE-THE-U-2-AND-OXCART-PROGRAMS-1954-1974.pdf,323,DATE,3 November 1967
CIA-UAP-003-THE-CENTRAL-INTELLIGENCE-AGENCY-AND-OVERHEAD-RECONNAISSANCE-THE-U-2-AND-OXCART-PROGRAMS-1954-1974.pdf,323,MARKING,Secret
CIA-UAP-003-THE-CENTRAL-INTELLIGENCE-AGENCY-AND-OVERHEAD-RECONNAISSANCE-THE-U-2-AND-OXCART-PROGRAMS-1954-1974.pdf,324,DATE,16 May 1968
CIA-UAP-003-THE-CENTRAL-INTELLIGENCE-AGENCY-AND-OVERHEAD-RECONNAISSANCE-THE-U-2-AND-OXCART-PROGRAMS-1954-1974.pdf,324,DATE,8 June 1968
CIA-UAP-003-THE-CENTRAL-INTELLIGENCE-AGENCY-AND-OVERHEAD-RECONNAISSANCE-THE-U-2-AND-OXCART-PROGRAMS-1954-1974.pdf,324,DATE,4 June 1968
CIA-UAP-003-THE-CENTRAL-INTELLIGENCE-AGENCY-AND-OVERHEAD-RECONNAISSANCE-THE-U-2-AND-OXCART-PROGRAMS-1954-1974.pdf,325,ORG,CIA
CIA-UAP-003-THE-CENTRAL-INTELLIGENCE-AGENCY-AND-OVERHEAD-RECONNAISSANCE-THE-U-2-AND-OXCART-PROGRAMS-1954-1974.pdf,326,DATE,26 January 1967
CIA-UAP-003-THE-CENTRAL-INTELLIGENCE-AGENCY-AND-OVERHEAD-RECONNAISSANCE-THE-U-2-AND-OXCART-PROGRAMS-1954-1974.pdf,328,ORG,CIA
CIA-UAP-003-THE-CENTRAL-INTELLIGENCE-AGENCY-AND-OVERHEAD-RECONNAISSANCE-THE-U-2-AND-OXCART-PROGRAMS-1954-1974.pdf,329,PERSON,Brig. Gen. Andrew J. Goodpaster
CIA-UAP-003-THE-CENTRAL-INTELLIGENCE-AGENCY-AND-OVERHEAD-RECONNAISSANCE-THE-U-2-AND-OXCART-PROGRAMS-1954-1974.pdf,329,DATE,28 May 1960
CIA-UAP-003-THE-CENTRAL-INTELLIGENCE-AGENCY-AND-OVERHEAD-RECONNAISSANCE-THE-U-2-AND-OXCART-PROGRAMS-1954-1974.pdf,329,DATE,19 August 1960
CIA-UAP-003-THE-CENTRAL-INTELLIGENCE-AGENCY-AND-OVERHEAD-RECONNAISSANCE-THE-U-2-AND-OXCART-PROGRAMS-1954-1974.pdf,329,DATE,27 May 1960
CIA-UAP-003-THE-CENTRAL-INTELLIGENCE-AGENCY-AND-OVERHEAD-RECONNAISSANCE-THE-U-2-AND-OXCART-PROGRAMS-1954-1974.pdf,329,MARKING,NOFORN
CIA-UAP-003-THE-CENTRAL-INTELLIGENCE-AGENCY-AND-OVERHEAD-RECONNAISSANCE-THE-U-2-AND-OXCART-PROGRAMS-1954-1974.pdf,330,ORG,CIA
CIA-UAP-003-THE-CENTRAL-INTELLIGENCE-AGENCY-AND-OVERHEAD-RECONNAISSANCE-THE-U-2-AND-OXCART-PROGRAMS-1954-1974.pdf,330,MARKING,Secret
CIA-UAP-003-THE-CENTRAL-INTELLIGENCE-AGENCY-AND-OVERHEAD-RECONNAISSANCE-THE-U-2-AND-OXCART-PROGRAMS-1954-1974.pdf,331,MARKING,NOFORN
CIA-UAP-003-THE-CENTRAL-INTELLIGENCE-AGENCY-AND-OVERHEAD-RECONNAISSANCE-THE-U-2-AND-OXCART-PROGRAMS-1954-1974.pdf,332,ORG,CIA
CIA-UAP-003-THE-CENTRAL-INTELLIGENCE-AGENCY-AND-OVERHEAD-RECONNAISSANCE-THE-U-2-AND-OXCART-PROGRAMS-1954-1974.pdf,332,MARKING,NOFORN
CIA-UAP-003-THE-CENTRAL-INTELLIGENCE-AGENCY-AND-OVERHEAD-RECONNAISSANCE-THE-U-2-AND-OXCART-PROGRAMS-1954-1974.pdf,333,ORG,CIA
CIA-UAP-003-THE-CENTRAL-INTELLIGENCE-AGENCY-AND-OVERHEAD-RECONNAISSANCE-THE-U-2-AND-OXCART-PROGRAMS-1954-1974.pdf,334,ORG,CIA
CIA-UAP-003-THE-CENTRAL-INTELLIGENCE-AGENCY-AND-OVERHEAD-RECONNAISSANCE-THE-U-2-AND-OXCART-PROGRAMS-1954-1974.pdf,334,MARKING,NOFORN
CIA-UAP-003-THE-CENTRAL-INTELLIGENCE-AGENCY-AND-OVERHEAD-RECONNAISSANCE-THE-U-2-AND-OXCART-PROGRAMS-1954-1974.pdf,335,ORG,CIA
CIA-UAP-003-THE-CENTRAL-INTELLIGENCE-AGENCY-AND-OVERHEAD-RECONNAISSANCE-THE-U-2-AND-OXCART-PROGRAMS-1954-1974.pdf,338,ORG,USAF
CIA-UAP-003-THE-CENTRAL-INTELLIGENCE-AGENCY-AND-OVERHEAD-RECONNAISSANCE-THE-U-2-AND-OXCART-PROGRAMS-1954-1974.pdf,338,ORG,ATIC
CIA-UAP-003-THE-CENTRAL-INTELLIGENCE-AGENCY-AND-OVERHEAD-RECONNAISSANCE-THE-U-2-AND-OXCART-PROGRAMS-1954-1974.pdf,338,MARKING,NOFORN
CIA-UAP-003-THE-CENTRAL-INTELLIGENCE-AGENCY-AND-OVERHEAD-RECONNAISSANCE-THE-U-2-AND-OXCART-PROGRAMS-1954-1974.pdf,339,ORG,NASA
CIA-UAP-003-THE-CENTRAL-INTELLIGENCE-AGENCY-AND-OVERHEAD-RECONNAISSANCE-THE-U-2-AND-OXCART-PROGRAMS-1954-1974.pdf,339,ORG,NSA
CIA-UAP-003-THE-CENTRAL-INTELLIGENCE-AGENCY-AND-OVERHEAD-RECONNAISSANCE-THE-U-2-AND-OXCART-PROGRAMS-1954-1974.pdf,339,ORG,OSI
CIA-UAP-003-THE-CENTRAL-INTELLIGENCE-AGENCY-AND-OVERHEAD-RECONNAISSANCE-THE-U-2-AND-OXCART-PROGRAMS-1954-1974.pdf,339,ORG,USAF
CIA-UAP-003-THE-CENTRAL-INTELLIGENCE-AGENCY-AND-OVERHEAD-RECONNAISSANCE-THE-U-2-AND-OXCART-PROGRAMS-1954-1974.pdf,339,ORG,SAC
CIA-UAP-003-THE-CENTRAL-INTELLIGENCE-AGENCY-AND-OVERHEAD-RECONNAISSANCE-THE-U-2-AND-OXCART-PROGRAMS-1954-1974.pdf,339,MARKING,NOFORN
CIA-UAP-003-THE-CENTRAL-INTELLIGENCE-AGENCY-AND-OVERHEAD-RECONNAISSANCE-THE-U-2-AND-OXCART-PROGRAMS-1954-1974.pdf,340,ORG,CIA
CIA-UAP-003-THE-CENTRAL-INTELLIGENCE-AGENCY-AND-OVERHEAD-RECONNAISSANCE-THE-U-2-AND-OXCART-PROGRAMS-1954-1974.pdf,341,ORG,CIA
CIA-UAP-003-THE-CENTRAL-INTELLIGENCE-AGENCY-AND-OVERHEAD-RECONNAISSANCE-THE-U-2-AND-OXCART-PROGRAMS-1954-1974.pdf,341,MARKING,Secret
CIA-UAP-003-THE-CENTRAL-INTELLIGENCE-AGENCY-AND-OVERHEAD-RECONNAISSANCE-THE-U-2-AND-OXCART-PROGRAMS-1954-1974.pdf,342,ORG,CIA
CIA-UAP-003-THE-CENTRAL-INTELLIGENCE-AGENCY-AND-OVERHEAD-RECONNAISSANCE-THE-U-2-AND-OXCART-PROGRAMS-1954-1974.pdf,343,PERSON,Col. George Goddard. By
CIA-UAP-003-THE-CENTRAL-INTELLIGENCE-AGENCY-AND-OVERHEAD-RECONNAISSANCE-THE-U-2-AND-OXCART-PROGRAMS-1954-1974.pdf,343,MARKING,NOFORN
CIA-UAP-003-THE-CENTRAL-INTELLIGENCE-AGENCY-AND-OVERHEAD-RECONNAISSANCE-THE-U-2-AND-OXCART-PROGRAMS-1954-1974.pdf,343,MARKING,secret
CIA-UAP-003-THE-CENTRAL-INTELLIGENCE-AGENCY-AND-OVERHEAD-RECONNAISSANCE-THE-U-2-AND-OXCART-PROGRAMS-1954-1974.pdf,344,ORG,CIA
CIA-UAP-003-THE-CENTRAL-INTELLIGENCE-AGENCY-AND-OVERHEAD-RECONNAISSANCE-THE-U-2-AND-OXCART-PROGRAMS-1954-1974.pdf,344,MARKING,NOFORN
CIA-UAP-003-THE-CENTRAL-INTELLIGENCE-AGENCY-AND-OVERHEAD-RECONNAISSANCE-THE-U-2-AND-OXCART-PROGRAMS-1954-1974.pdf,345,ORG,CIA
CIA-UAP-003-THE-CENTRAL-INTELLIGENCE-AGENCY-AND-OVERHEAD-RECONNAISSANCE-THE-U-2-AND-OXCART-PROGRAMS-1954-1974.pdf,345,ORG,USAF
CIA-UAP-003-THE-CENTRAL-INTELLIGENCE-AGENCY-AND-OVERHEAD-RECONNAISSANCE-THE-U-2-AND-OXCART-PROGRAMS-1954-1974.pdf,348,DATE,9 June 1959
CIA-UAP-003-THE-CENTRAL-INTELLIGENCE-AGENCY-AND-OVERHEAD-RECONNAISSANCE-THE-U-2-AND-OXCART-PROGRAMS-1954-1974.pdf,350,DATE,4 July 1954
CIA-UAP-003-THE-CENTRAL-INTELLIGENCE-AGENCY-AND-OVERHEAD-RECONNAISSANCE-THE-U-2-AND-OXCART-PROGRAMS-1954-1974.pdf,350,DATE,1 May 1960
CIA-UAP-003-THE-CENTRAL-INTELLIGENCE-AGENCY-AND-OVERHEAD-RECONNAISSANCE-THE-U-2-AND-OXCART-PROGRAMS-1954-1974.pdf,350,DATE,4 July 1956
CIA-UAP-003-THE-CENTRAL-INTELLIGENCE-AGENCY-AND-OVERHEAD-RECONNAISSANCE-THE-U-2-AND-OXCART-PROGRAMS-1954-1974.pdf,350,DATE,5 July 1956
CIA-UAP-003-THE-CENTRAL-INTELLIGENCE-AGENCY-AND-OVERHEAD-RECONNAISSANCE-THE-U-2-AND-OXCART-PROGRAMS-1954-1974.pdf,350,DATE,9 July 1956
CIA-UAP-003-THE-CENTRAL-INTELLIGENCE-AGENCY-AND-OVERHEAD-RECONNAISSANCE-THE-U-2-AND-OXCART-PROGRAMS-1954-1974.pdf,350,DATE,20 November 1956
CIA-UAP-003-THE-CENTRAL-INTELLIGENCE-AGENCY-AND-OVERHEAD-RECONNAISSANCE-THE-U-2-AND-OXCART-PROGRAMS-1954-1974.pdf,350,DATE,18 March 1957
CIA-UAP-003-THE-CENTRAL-INTELLIGENCE-AGENCY-AND-OVERHEAD-RECONNAISSANCE-THE-U-2-AND-OXCART-PROGRAMS-1954-1974.pdf,350,DATE,20 June 1957
CIA-UAP-003-THE-CENTRAL-INTELLIGENCE-AGENCY-AND-OVERHEAD-RECONNAISSANCE-THE-U-2-AND-OXCART-PROGRAMS-1954-1974.pdf,350,DATE,5 August 1957
CIA-UAP-003-THE-CENTRAL-INTELLIGENCE-AGENCY-AND-OVERHEAD-RECONNAISSANCE-THE-U-2-AND-OXCART-PROGRAMS-1954-1974.pdf,350,DATE,11 August 1957
CIA-UAP-003-THE-CENTRAL-INTELLIGENCE-AGENCY-AND-OVERHEAD-RECONNAISSANCE-THE-U-2-AND-OXCART-PROGRAMS-1954-1974.pdf,350,DATE,21 August 1957
CIA-UAP-003-THE-CENTRAL-INTELLIGENCE-AGENCY-AND-OVERHEAD-RECONNAISSANCE-THE-U-2-AND-OXCART-PROGRAMS-1954-1974.pdf,350,MARKING,NOFORN
CIA-UAP-003-THE-CENTRAL-INTELLIGENCE-AGENCY-AND-OVERHEAD-RECONNAISSANCE-THE-U-2-AND-OXCART-PROGRAMS-1954-1974.pdf,351,DATE,4 July 1954
CIA-UAP-003-THE-CENTRAL-INTELLIGENCE-AGENCY-AND-OVERHEAD-RECONNAISSANCE-THE-U-2-AND-OXCART-PROGRAMS-1954-1974.pdf,351,DATE,1 May 1960
CIA-UAP-003-THE-CENTRAL-INTELLIGENCE-AGENCY-AND-OVERHEAD-RECONNAISSANCE-THE-U-2-AND-OXCART-PROGRAMS-1954-1974.pdf,351,DATE,28 August 1957
CIA-UAP-003-THE-CENTRAL-INTELLIGENCE-AGENCY-AND-OVERHEAD-RECONNAISSANCE-THE-U-2-AND-OXCART-PROGRAMS-1954-1974.pdf,351,DATE,10 September 1957
CIA-UAP-003-THE-CENTRAL-INTELLIGENCE-AGENCY-AND-OVERHEAD-RECONNAISSANCE-THE-U-2-AND-OXCART-PROGRAMS-1954-1974.pdf,351,DATE,16 September 1957
CIA-UAP-003-THE-CENTRAL-INTELLIGENCE-AGENCY-AND-OVERHEAD-RECONNAISSANCE-THE-U-2-AND-OXCART-PROGRAMS-1954-1974.pdf,351,DATE,13 October 1957
CIA-UAP-003-THE-CENTRAL-INTELLIGENCE-AGENCY-AND-OVERHEAD-RECONNAISSANCE-THE-U-2-AND-OXCART-PROGRAMS-1954-1974.pdf,351,DATE,9 July 1959
CIA-UAP-003-THE-CENTRAL-INTELLIGENCE-AGENCY-AND-OVERHEAD-RECONNAISSANCE-THE-U-2-AND-OXCART-PROGRAMS-1954-1974.pdf,351,DATE,6 December 1959
CIA-UAP-003-THE-CENTRAL-INTELLIGENCE-AGENCY-AND-OVERHEAD-RECONNAISSANCE-THE-U-2-AND-OXCART-PROGRAMS-1954-1974.pdf,351,DATE,9 April 1960
CIA-UAP-003-THE-CENTRAL-INTELLIGENCE-AGENCY-AND-OVERHEAD-RECONNAISSANCE-THE-U-2-AND-OXCART-PROGRAMS-1954-1974.pdf,351,MARKING,Secret
CIA-UAP-003-THE-CENTRAL-INTELLIGENCE-AGENCY-AND-OVERHEAD-RECONNAISSANCE-THE-U-2-AND-OXCART-PROGRAMS-1954-1974.pdf,352,ORG,CIA
CIA-UAP-003-THE-CENTRAL-INTELLIGENCE-AGENCY-AND-OVERHEAD-RECONNAISSANCE-THE-U-2-AND-OXCART-PROGRAMS-1954-1974.pdf,352,DATE,15 November 1965
CIA-UAP-003-THE-CENTRAL-INTELLIGENCE-AGENCY-AND-OVERHEAD-RECONNAISSANCE-THE-U-2-AND-OXCART-PROGRAMS-1954-1974.pdf,352,DATE,21 November 1966
CIA-UAP-003-THE-CENTRAL-INTELLIGENCE-AGENCY-AND-OVERHEAD-RECONNAISSANCE-THE-U-2-AND-OXCART-PROGRAMS-1954-1974.pdf,352,MARKING,Secret
CIA-UAP-003-THE-CENTRAL-INTELLIGENCE-AGENCY-AND-OVERHEAD-RECONNAISSANCE-THE-U-2-AND-OXCART-PROGRAMS-1954-1974.pdf,352,MARKING,NOFORN
CIA-UAP-003-THE-CENTRAL-INTELLIGENCE-AGENCY-AND-OVERHEAD-RECONNAISSANCE-THE-U-2-AND-OXCART-PROGRAMS-1954-1974.pdf,353,MARKING,Secret
CIA-UAP-003-THE-CENTRAL-INTELLIGENCE-AGENCY-AND-OVERHEAD-RECONNAISSANCE-THE-U-2-AND-OXCART-PROGRAMS-1954-1974.pdf,354,MARKING,NOfORN
CIA-UAP-003-THE-CENTRAL-INTELLIGENCE-AGENCY-AND-OVERHEAD-RECONNAISSANCE-THE-U-2-AND-OXCART-PROGRAMS-1954-1974.pdf,356,ORG,CIA
CIA-UAP-003-THE-CENTRAL-INTELLIGENCE-AGENCY-AND-OVERHEAD-RECONNAISSANCE-THE-U-2-AND-OXCART-PROGRAMS-1954-1974.pdf,357,PERSON,Brig. Gen. Harold F. Knowles
CIA-UAP-003-THE-CENTRAL-INTELLIGENCE-AGENCY-AND-OVERHEAD-RECONNAISSANCE-THE-U-2-AND-OXCART-PROGRAMS-1954-1974.pdf,357,ORG,CIA
CIA-UAP-003-THE-CENTRAL-INTELLIGENCE-AGENCY-AND-OVERHEAD-RECONNAISSANCE-THE-U-2-AND-OXCART-PROGRAMS-1954-1974.pdf,357,MARKING,NOfORN
CIA-UAP-003-THE-CENTRAL-INTELLIGENCE-AGENCY-AND-OVERHEAD-RECONNAISSANCE-THE-U-2-AND-OXCART-PROGRAMS-1954-1974.pdf,360,ORG,CIA
CIA-UAP-003-THE-CENTRAL-INTELLIGENCE-AGENCY-AND-OVERHEAD-RECONNAISSANCE-THE-U-2-AND-OXCART-PROGRAMS-1954-1974.pdf,360,DATE,24 May 1954
CIA-UAP-003-THE-CENTRAL-INTELLIGENCE-AGENCY-AND-OVERHEAD-RECONNAISSANCE-THE-U-2-AND-OXCART-PROGRAMS-1954-1974.pdf,360,DATE,28 January 1957
CIA-UAP-003-THE-CENTRAL-INTELLIGENCE-AGENCY-AND-OVERHEAD-RECONNAISSANCE-THE-U-2-AND-OXCART-PROGRAMS-1954-1974.pdf,360,DATE,"July 10, 1956"
CIA-UAP-003-THE-CENTRAL-INTELLIGENCE-AGENCY-AND-OVERHEAD-RECONNAISSANCE-THE-U-2-AND-OXCART-PROGRAMS-1954-1974.pdf,360,DATE,30 July 1956
CIA-UAP-003-THE-CENTRAL-INTELLIGENCE-AGENCY-AND-OVERHEAD-RECONNAISSANCE-THE-U-2-AND-OXCART-PROGRAMS-1954-1974.pdf,360,DATE,30 May 1955
CIA-UAP-003-THE-CENTRAL-INTELLIGENCE-AGENCY-AND-OVERHEAD-RECONNAISSANCE-THE-U-2-AND-OXCART-PROGRAMS-1954-1974.pdf,360,DATE,16 October 1962
CIA-UAP-003-THE-CENTRAL-INTELLIGENCE-AGENCY-AND-OVERHEAD-RECONNAISSANCE-THE-U-2-AND-OXCART-PROGRAMS-1954-1974.pdf,360,DATE,11 May 1956
CIA-UAP-003-THE-CENTRAL-INTELLIGENCE-AGENCY-AND-OVERHEAD-RECONNAISSANCE-THE-U-2-AND-OXCART-PROGRAMS-1954-1974.pdf,360,MARKING,Secret
CIA-UAP-003-THE-CENTRAL-INTELLIGENCE-AGENCY-AND-OVERHEAD-RECONNAISSANCE-THE-U-2-AND-OXCART-PROGRAMS-1954-1974.pdf,360,MARKING,Unclassified
CIA-UAP-003-THE-CENTRAL-INTELLIGENCE-AGENCY-AND-OVERHEAD-RECONNAISSANCE-THE-U-2-AND-OXCART-PROGRAMS-1954-1974.pdf,360,MARKING,Top Secret
CIA-UAP-003-THE-CENTRAL-INTELLIGENCE-AGENCY-AND-OVERHEAD-RECONNAISSANCE-THE-U-2-AND-OXCART-PROGRAMS-1954-1974.pdf,361,ORG,CIA
CIA-UAP-003-THE-CENTRAL-INTELLIGENCE-AGENCY-AND-OVERHEAD-RECONNAISSANCE-THE-U-2-AND-OXCART-PROGRAMS-1954-1974.pdf,361,DATE,26 September 1955
CIA-UAP-003-THE-CENTRAL-INTELLIGENCE-AGENCY-AND-OVERHEAD-RECONNAISSANCE-THE-U-2-AND-OXCART-PROGRAMS-1954-1974.pdf,361,DATE,9 February 1959
CIA-UAP-003-THE-CENTRAL-INTELLIGENCE-AGENCY-AND-OVERHEAD-RECONNAISSANCE-THE-U-2-AND-OXCART-PROGRAMS-1954-1974.pdf,361,DATE,20 February 1956
CIA-UAP-003-THE-CENTRAL-INTELLIGENCE-AGENCY-AND-OVERHEAD-RECONNAISSANCE-THE-U-2-AND-OXCART-PROGRAMS-1954-1974.pdf,361,DATE,12 March 1956
CIA-UAP-003-THE-CENTRAL-INTELLIGENCE-AGENCY-AND-OVERHEAD-RECONNAISSANCE-THE-U-2-AND-OXCART-PROGRAMS-1954-1974.pdf,361,DATE,23 May 1955
CIA-UAP-003-THE-CENTRAL-INTELLIGENCE-AGENCY-AND-OVERHEAD-RECONNAISSANCE-THE-U-2-AND-OXCART-PROGRAMS-1954-1974.pdf,361,DATE,6 September 1957
CIA-UAP-003-THE-CENTRAL-INTELLIGENCE-AGENCY-AND-OVERHEAD-RECONNAISSANCE-THE-U-2-AND-OXCART-PROGRAMS-1954-1974.pdf,361,DATE,4 May 1956
CIA-UAP-003-THE-CENTRAL-INTELLIGENCE-AGENCY-AND-OVERHEAD-RECONNAISSANCE-THE-U-2-AND-OXCART-PROGRAMS-1954-1974.pdf,361,DATE,18 June 1954
CIA-UAP-003-THE-CENTRAL-INTELLIGENCE-AGENCY-AND-OVERHEAD-RECONNAISSANCE-THE-U-2-AND-OXCART-PROGRAMS-1954-1974.pdf,361,DATE,18 May 1956
CIA-UAP-003-THE-CENTRAL-INTELLIGENCE-AGENCY-AND-OVERHEAD-RECONNAISSANCE-THE-U-2-AND-OXCART-PROGRAMS-1954-1974.pdf,361,MARKING,NOFORN
CIA-UAP-003-THE-CENTRAL-INTELLIGENCE-AGENCY-AND-OVERHEAD-RECONNAISSANCE-THE-U-2-AND-OXCART-PROGRAMS-1954-1974.pdf,361,MARKING,Secret
CIA-UAP-003-THE-CENTRAL-INTELLIGENCE-AGENCY-AND-OVERHEAD-RECONNAISSANCE-THE-U-2-AND-OXCART-PROGRAMS-1954-1974.pdf,362,ORG,CIA
CIA-UAP-003-THE-CENTRAL-INTELLIGENCE-AGENCY-AND-OVERHEAD-RECONNAISSANCE-THE-U-2-AND-OXCART-PROGRAMS-1954-1974.pdf,362,DATE,30 January 1956
CIA-UAP-003-THE-CENTRAL-INTELLIGENCE-AGENCY-AND-OVERHEAD-RECONNAISSANCE-THE-U-2-AND-OXCART-PROGRAMS-1954-1974.pdf,362,MARKING,NOFORN
CIA-UAP-003-THE-CENTRAL-INTELLIGENCE-AGENCY-AND-OVERHEAD-RECONNAISSANCE-THE-U-2-AND-OXCART-PROGRAMS-1954-1974.pdf,362,MARKING,Secret
CIA-UAP-003-THE-CENTRAL-INTELLIGENCE-AGENCY-AND-OVERHEAD-RECONNAISSANCE-THE-U-2-AND-OXCART-PROGRAMS-1954-1974.pdf,362,MARKING,Top Secret
CIA-UAP-003-THE-CENTRAL-INTELLIGENCE-AGENCY-AND-OVERHEAD-RECONNAISSANCE-THE-U-2-AND-OXCART-PROGRAMS-1954-1974.pdf,363,ORG,CIA
CIA-UAP-003-THE-CENTRAL-INTELLIGENCE-AGENCY-AND-OVERHEAD-RECONNAISSANCE-THE-U-2-AND-OXCART-PROGRAMS-1954-1974.pdf,363,DATE,25 July 1960
CIA-UAP-003-THE-CENTRAL-INTELLIGENCE-AGENCY-AND-OVERHEAD-RECONNAISSANCE-THE-U-2-AND-OXCART-PROGRAMS-1954-1974.pdf,363,DATE,23 August 1954
CIA-UAP-003-THE-CENTRAL-INTELLIGENCE-AGENCY-AND-OVERHEAD-RECONNAISSANCE-THE-U-2-AND-OXCART-PROGRAMS-1954-1974.pdf,363,DATE,28 June 1954
CIA-UAP-003-THE-CENTRAL-INTELLIGENCE-AGENCY-AND-OVERHEAD-RECONNAISSANCE-THE-U-2-AND-OXCART-PROGRAMS-1954-1974.pdf,363,MARKING,NOFORN
CIA-UAP-003-THE-CENTRAL-INTELLIGENCE-AGENCY-AND-OVERHEAD-RECONNAISSANCE-THE-U-2-AND-OXCART-PROGRAMS-1954-1974.pdf,363,MARKING,Top Secret
CIA-UAP-003-THE-CENTRAL-INTELLIGENCE-AGENCY-AND-OVERHEAD-RECONNAISSANCE-THE-U-2-AND-OXCART-PROGRAMS-1954-1974.pdf,363,MARKING,Secret
CIA-UAP-003-THE-CENTRAL-INTELLIGENCE-AGENCY-AND-OVERHEAD-RECONNAISSANCE-THE-U-2-AND-OXCART-PROGRAMS-1954-1974.pdf,364,ORG,USAF
CIA-UAP-003-THE-CENTRAL-INTELLIGENCE-AGENCY-AND-OVERHEAD-RECONNAISSANCE-THE-U-2-AND-OXCART-PROGRAMS-1954-1974.pdf,364,ORG,OSI
CIA-UAP-003-THE-CENTRAL-INTELLIGENCE-AGENCY-AND-OVERHEAD-RECONNAISSANCE-THE-U-2-AND-OXCART-PROGRAMS-1954-1974.pdf,364,ORG,CIA
CIA-UAP-003-THE-CENTRAL-INTELLIGENCE-AGENCY-AND-OVERHEAD-RECONNAISSANCE-THE-U-2-AND-OXCART-PROGRAMS-1954-1974.pdf,364,DATE,15 June 1952
CIA-UAP-003-THE-CENTRAL-INTELLIGENCE-AGENCY-AND-OVERHEAD-RECONNAISSANCE-THE-U-2-AND-OXCART-PROGRAMS-1954-1974.pdf,364,DATE,6 March 1962
CIA-UAP-003-THE-CENTRAL-INTELLIGENCE-AGENCY-AND-OVERHEAD-RECONNAISSANCE-THE-U-2-AND-OXCART-PROGRAMS-1954-1974.pdf,364,DATE,14 February 1955
CIA-UAP-003-THE-CENTRAL-INTELLIGENCE-AGENCY-AND-OVERHEAD-RECONNAISSANCE-THE-U-2-AND-OXCART-PROGRAMS-1954-1974.pdf,364,DATE,23 February 1959
CIA-UAP-003-THE-CENTRAL-INTELLIGENCE-AGENCY-AND-OVERHEAD-RECONNAISSANCE-THE-U-2-AND-OXCART-PROGRAMS-1954-1974.pdf,364,MARKING,Secret
CIA-UAP-003-THE-CENTRAL-INTELLIGENCE-AGENCY-AND-OVERHEAD-RECONNAISSANCE-THE-U-2-AND-OXCART-PROGRAMS-1954-1974.pdf,364,MARKING,Confidential
CIA-UAP-003-THE-CENTRAL-INTELLIGENCE-AGENCY-AND-OVERHEAD-RECONNAISSANCE-THE-U-2-AND-OXCART-PROGRAMS-1954-1974.pdf,364,MARKING,declassified
CIA-UAP-003-THE-CENTRAL-INTELLIGENCE-AGENCY-AND-OVERHEAD-RECONNAISSANCE-THE-U-2-AND-OXCART-PROGRAMS-1954-1974.pdf,364,MARKING,Top Secret
CIA-UAP-003-THE-CENTRAL-INTELLIGENCE-AGENCY-AND-OVERHEAD-RECONNAISSANCE-THE-U-2-AND-OXCART-PROGRAMS-1954-1974.pdf,364,MARKING,Restricted
CIA-UAP-003-THE-CENTRAL-INTELLIGENCE-AGENCY-AND-OVERHEAD-RECONNAISSANCE-THE-U-2-AND-OXCART-PROGRAMS-1954-1974.pdf,365,PERSON,Brig. Gen. Leo A. Geary
CIA-UAP-003-THE-CENTRAL-INTELLIGENCE-AGENCY-AND-OVERHEAD-RECONNAISSANCE-THE-U-2-AND-OXCART-PROGRAMS-1954-1974.pdf,365,PERSON,Gen. Andrew J. Goodpaster
CIA-UAP-003-THE-CENTRAL-INTELLIGENCE-AGENCY-AND-OVERHEAD-RECONNAISSANCE-THE-U-2-AND-OXCART-PROGRAMS-1954-1974.pdf,365,PERSON,Maj. Gen. Patrick J. Halloran
CIA-UAP-003-THE-CENTRAL-INTELLIGENCE-AGENCY-AND-OVERHEAD-RECONNAISSANCE-THE-U-2-AND-OXCART-PROGRAMS-1954-1974.pdf,365,ORG,CIA
CIA-UAP-003-THE-CENTRAL-INTELLIGENCE-AGENCY-AND-OVERHEAD-RECONNAISSANCE-THE-U-2-AND-OXCART-PROGRAMS-1954-1974.pdf,365,ORG,USAF
CIA-UAP-003-THE-CENTRAL-INTELLIGENCE-AGENCY-AND-OVERHEAD-RECONNAISSANCE-THE-U-2-AND-OXCART-PROGRAMS-1954-1974.pdf,365,DATE,27 February 1956
CIA-UAP-003-THE-CENTRAL-INTELLIGENCE-AGENCY-AND-OVERHEAD-RECONNAISSANCE-THE-U-2-AND-OXCART-PROGRAMS-1954-1974.pdf,365,DATE,16 February 85
CIA-UAP-003-THE-CENTRAL-INTELLIGENCE-AGENCY-AND-OVERHEAD-RECONNAISSANCE-THE-U-2-AND-OXCART-PROGRAMS-1954-1974.pdf,365,DATE,22 April 1987
CIA-UAP-003-THE-CENTRAL-INTELLIGENCE-AGENCY-AND-OVERHEAD-RECONNAISSANCE-THE-U-2-AND-OXCART-PROGRAMS-1954-1974.pdf,365,DATE,24 April 1985
CIA-UAP-003-THE-CENTRAL-INTELLIGENCE-AGENCY-AND-OVERHEAD-RECONNAISSANCE-THE-U-2-AND-OXCART-PROGRAMS-1954-1974.pdf,365,DATE,12 October 1965
CIA-UAP-003-THE-CENTRAL-INTELLIGENCE-AGENCY-AND-OVERHEAD-RECONNAISSANCE-THE-U-2-AND-OXCART-PROGRAMS-1954-1974.pdf,365,DATE,5 December 1984
CIA-UAP-003-THE-CENTRAL-INTELLIGENCE-AGENCY-AND-OVERHEAD-RECONNAISSANCE-THE-U-2-AND-OXCART-PROGRAMS-1954-1974.pdf,365,DATE,4 October 1983
CIA-UAP-003-THE-CENTRAL-INTELLIGENCE-AGENCY-AND-OVERHEAD-RECONNAISSANCE-THE-U-2-AND-OXCART-PROGRAMS-1954-1974.pdf,365,DATE,20 May 1985
CIA-UAP-003-THE-CENTRAL-INTELLIGENCE-AGENCY-AND-OVERHEAD-RECONNAISSANCE-THE-U-2-AND-OXCART-PROGRAMS-1954-1974.pdf,365,DATE,3 April 1986
CIA-UAP-003-THE-CENTRAL-INTELLIGENCE-AGENCY-AND-OVERHEAD-RECONNAISSANCE-THE-U-2-AND-OXCART-PROGRAMS-1954-1974.pdf,365,DATE,8 July 1987
CIA-UAP-003-THE-CENTRAL-INTELLIGENCE-AGENCY-AND-OVERHEAD-RECONNAISSANCE-THE-U-2-AND-OXCART-PROGRAMS-1954-1974.pdf,365,DATE,24 April 1986
CIA-UAP-003-THE-CENTRAL-INTELLIGENCE-AGENCY-AND-OVERHEAD-RECONNAISSANCE-THE-U-2-AND-OXCART-PROGRAMS-1954-1974.pdf,365,DATE,2 November 1984
CIA-UAP-003-THE-CENTRAL-INTELLIGENCE-AGENCY-AND-OVERHEAD-RECONNAISSANCE-THE-U-2-AND-OXCART-PROGRAMS-1954-1974.pdf,365,DATE,20 September 1984
CIA-UAP-003-THE-CENTRAL-INTELLIGENCE-AGENCY-AND-OVERHEAD-RECONNAISSANCE-THE-U-2-AND-OXCART-PROGRAMS-1954-1974.pdf,365,MARKING,Secret
CIA-UAP-003-THE-CENTRAL-INTELLIGENCE-AGENCY-AND-OVERHEAD-RECONNAISSANCE-THE-U-2-AND-OXCART-PROGRAMS-1954-1974.pdf,365,MARKING,Top Secret
CIA-UAP-003-THE-CENTRAL-INTELLIGENCE-AGENCY-AND-OVERHEAD-RECONNAISSANCE-THE-U-2-AND-OXCART-PROGRAMS-1954-1974.pdf,365,MARKING,Unclassified
CIA-UAP-003-THE-CENTRAL-INTELLIGENCE-AGENCY-AND-OVERHEAD-RECONNAISSANCE-THE-U-2-AND-OXCART-PROGRAMS-1954-1974.pdf,366,PERSON,Brig. Gen. Jack C. Ledford. USAF
CIA-UAP-003-THE-CENTRAL-INTELLIGENCE-AGENCY-AND-OVERHEAD-RECONNAISSANCE-THE-U-2-AND-OXCART-PROGRAMS-1954-1974.pdf,366,ORG,USAF
CIA-UAP-003-THE-CENTRAL-INTELLIGENCE-AGENCY-AND-OVERHEAD-RECONNAISSANCE-THE-U-2-AND-OXCART-PROGRAMS-1954-1974.pdf,366,DATE,20 February 1987
CIA-UAP-003-THE-CENTRAL-INTELLIGENCE-AGENCY-AND-OVERHEAD-RECONNAISSANCE-THE-U-2-AND-OXCART-PROGRAMS-1954-1974.pdf,366,DATE,19 August 1985
CIA-UAP-003-THE-CENTRAL-INTELLIGENCE-AGENCY-AND-OVERHEAD-RECONNAISSANCE-THE-U-2-AND-OXCART-PROGRAMS-1954-1974.pdf,366,DATE,14 December 1983
CIA-UAP-003-THE-CENTRAL-INTELLIGENCE-AGENCY-AND-OVERHEAD-RECONNAISSANCE-THE-U-2-AND-OXCART-PROGRAMS-1954-1974.pdf,366,DATE,23 May 1983
CIA-UAP-003-THE-CENTRAL-INTELLIGENCE-AGENCY-AND-OVERHEAD-RECONNAISSANCE-THE-U-2-AND-OXCART-PROGRAMS-1954-1974.pdf,366,DATE,6 March 1986
CIA-UAP-003-THE-CENTRAL-INTELLIGENCE-AGENCY-AND-OVERHEAD-RECONNAISSANCE-THE-U-2-AND-OXCART-PROGRAMS-1954-1974.pdf,366,DATE,21 May 1987
CIA-UAP-003-THE-CENTRAL-INTELLIGENCE-AGENCY-AND-OVERHEAD-RECONNAISSANCE-THE-U-2-AND-OXCART-PROGRAMS-1954-1974.pdf,366,DATE,7 May 1986
CIA-UAP-003-THE-CENTRAL-INTELLIGENCE-AGENCY-AND-OVERHEAD-RECONNAISSANCE-THE-U-2-AND-OXCART-PROGRAMS-1954-1974.pdf,366,DATE,5 August 1983
CIA-UAP-003-THE-CENTRAL-INTELLIGENCE-AGENCY-AND-OVERHEAD-RECONNAISSANCE-THE-U-2-AND-OXCART-PROGRAMS-1954-1974.pdf,366,MARKING,NOFORN
CIA-UAP-003-THE-CENTRAL-INTELLIGENCE-AGENCY-AND-OVERHEAD-RECONNAISSANCE-THE-U-2-AND-OXCART-PROGRAMS-1954-1974.pdf,366,MARKING,Secret
CIA-UAP-003-THE-CENTRAL-INTELLIGENCE-AGENCY-AND-OVERHEAD-RECONNAISSANCE-THE-U-2-AND-OXCART-PROGRAMS-1954-1974.pdf,366,MARKING,Top Secret
CIA-UAP-003-THE-CENTRAL-INTELLIGENCE-AGENCY-AND-OVERHEAD-RECONNAISSANCE-THE-U-2-AND-OXCART-PROGRAMS-1954-1974.pdf,368,MARKING,NOFORN
CIA-UAP-003-THE-CENTRAL-INTELLIGENCE-AGENCY-AND-OVERHEAD-RECONNAISSANCE-THE-U-2-AND-OXCART-PROGRAMS-1954-1974.pdf,373,ORG,CIA
CIA-UAP-003-THE-CENTRAL-INTELLIGENCE-AGENCY-AND-OVERHEAD-RECONNAISSANCE-THE-U-2-AND-OXCART-PROGRAMS-1954-1974.pdf,373,MARKING,NOFORN
CIA-UAP-003-THE-CENTRAL-INTELLIGENCE-AGENCY-AND-OVERHEAD-RECONNAISSANCE-THE-U-2-AND-OXCART-PROGRAMS-1954-1974.pdf,374,MARKING,Secret
CIA-UAP-003-THE-CENTRAL-INTELLIGENCE-AGENCY-AND-OVERHEAD-RECONNAISSANCE-THE-U-2-AND-OXCART-PROGRAMS-1954-1974.pdf,374,MARKING,NOFORN
CIA-UAP-003-THE-CENTRAL-INTELLIGENCE-AGENCY-AND-OVERHEAD-RECONNAISSANCE-THE-U-2-AND-OXCART-PROGRAMS-1954-1974.pdf,375,MARKING,Secret
CIA-UAP-003-THE-CENTRAL-INTELLIGENCE-AGENCY-AND-OVERHEAD-RECONNAISSANCE-THE-U-2-AND-OXCART-PROGRAMS-1954-1974.pdf,377,MARKING,NOFORN
CIA-UAP-003-THE-CENTRAL-INTELLIGENCE-AGENCY-AND-OVERHEAD-RECONNAISSANCE-THE-U-2-AND-OXCART-PROGRAMS-1954-1974.pdf,380,MARKING,NOFORN
CIA-UAP-003-THE-CENTRAL-INTELLIGENCE-AGENCY-AND-OVERHEAD-RECONNAISSANCE-THE-U-2-AND-OXCART-PROGRAMS-1954-1974.pdf,381,MARKING,NOFORN
CIA-UAP-003-THE-CENTRAL-INTELLIGENCE-AGENCY-AND-OVERHEAD-RECONNAISSANCE-THE-U-2-AND-OXCART-PROGRAMS-1954-1974.pdf,382,MARKING,Secret
CIA-UAP-003-THE-CENTRAL-INTELLIGENCE-AGENCY-AND-OVERHEAD-RECONNAISSANCE-THE-U-2-AND-OXCART-PROGRAMS-1954-1974.pdf,386,ORG,NASA
CIA-UAP-003-THE-CENTRAL-INTELLIGENCE-AGENCY-AND-OVERHEAD-RECONNAISSANCE-THE-U-2-AND-OXCART-PROGRAMS-1954-1974.pdf,386,MARKING,NOFORN
CIA-UAP-003-THE-CENTRAL-INTELLIGENCE-AGENCY-AND-OVERHEAD-RECONNAISSANCE-THE-U-2-AND-OXCART-PROGRAMS-1954-1974.pdf,387,ORG,NORAD
CIA-UAP-003-THE-CENTRAL-INTELLIGENCE-AGENCY-AND-OVERHEAD-RECONNAISSANCE-THE-U-2-AND-OXCART-PROGRAMS-1954-1974.pdf,389,ORG,USAF
CIA-UAP-003-THE-CENTRAL-INTELLIGENCE-AGENCY-AND-OVERHEAD-RECONNAISSANCE-THE-U-2-AND-OXCART-PROGRAMS-1954-1974.pdf,389,MARKING,NOFORN
CIA-UAP-003-THE-CENTRAL-INTELLIGENCE-AGENCY-AND-OVERHEAD-RECONNAISSANCE-THE-U-2-AND-OXCART-PROGRAMS-1954-1974.pdf,390,MARKING,Secret
CIA-UAP-003-THE-CENTRAL-INTELLIGENCE-AGENCY-AND-OVERHEAD-RECONNAISSANCE-THE-U-2-AND-OXCART-PROGRAMS-1954-1974.pdf,392,MARKING,Secret
CIA-UAP-003-THE-CENTRAL-INTELLIGENCE-AGENCY-AND-OVERHEAD-RECONNAISSANCE-THE-U-2-AND-OXCART-PROGRAMS-1954-1974.pdf,392,MARKING,NOFORN
CIA-UAP-003-THE-CENTRAL-INTELLIGENCE-AGENCY-AND-OVERHEAD-RECONNAISSANCE-THE-U-2-AND-OXCART-PROGRAMS-1954-1974.pdf,393,ORG,OSI
CIA-UAP-003-THE-CENTRAL-INTELLIGENCE-AGENCY-AND-OVERHEAD-RECONNAISSANCE-THE-U-2-AND-OXCART-PROGRAMS-1954-1974.pdf,393,MARKING,Secret
CIA-UAP-003-THE-CENTRAL-INTELLIGENCE-AGENCY-AND-OVERHEAD-RECONNAISSANCE-THE-U-2-AND-OXCART-PROGRAMS-1954-1974.pdf,393,MARKING,NOFORN
CIA-UAP-003-THE-CENTRAL-INTELLIGENCE-AGENCY-AND-OVERHEAD-RECONNAISSANCE-THE-U-2-AND-OXCART-PROGRAMS-1954-1974.pdf,396,ORG,SAC
CIA-UAP-003-THE-CENTRAL-INTELLIGENCE-AGENCY-AND-OVERHEAD-RECONNAISSANCE-THE-U-2-AND-OXCART-PROGRAMS-1954-1974.pdf,396,MARKING,NOFORN
CIA-UAP-003-THE-CENTRAL-INTELLIGENCE-AGENCY-AND-OVERHEAD-RECONNAISSANCE-THE-U-2-AND-OXCART-PROGRAMS-1954-1974.pdf,397,MARKING,NOFORN
CIA-UAP-003-THE-CENTRAL-INTELLIGENCE-AGENCY-AND-OVERHEAD-RECONNAISSANCE-THE-U-2-AND-OXCART-PROGRAMS-1954-1974.pdf,398,MARKING,NOFORN
CIA-UAP-003-THE-CENTRAL-INTELLIGENCE-AGENCY-AND-OVERHEAD-RECONNAISSANCE-THE-U-2-AND-OXCART-PROGRAMS-1954-1974.pdf,400,MARKING,NOFORN
CIA-UAP-003-THE-CENTRAL-INTELLIGENCE-AGENCY-AND-OVERHEAD-RECONNAISSANCE-THE-U-2-AND-OXCART-PROGRAMS-1954-1974.pdf,401,MARKING,NOFORN
CIA-UAP-003-THE-CENTRAL-INTELLIGENCE-AGENCY-AND-OVERHEAD-RECONNAISSANCE-THE-U-2-AND-OXCART-PROGRAMS-1954-1974.pdf,401,MARKING,Secret
CIA-UAP-003-THE-CENTRAL-INTELLIGENCE-AGENCY-AND-OVERHEAD-RECONNAISSANCE-THE-U-2-AND-OXCART-PROGRAMS-1954-1974.pdf,403,MARKING,NOFORN
CIA-UAP-004-CASE-17708-CLOSED-AND-DR-LEON-DAVIDSON.pdf,1,PERSON,Dr. Dav.td.son
CIA-UAP-004-CASE-17708-CLOSED-AND-DR-LEON-DAVIDSON.pdf,1,DATE,8 Jan. 58
CIA-UAP-005-GERMAN-SCIENTISTS--ARTICLE-ON-FLYING-DISCS.pdf,1,DATE,31 July 1950
CIA-UAP-006-Sighting-of-Unconventional-Aircraft.pdf,1,ORG,FBI
CIA-UAP-006-Sighting-of-Unconventional-Aircraft.pdf,1,ORG,CIA
CIA-UAP-006-Sighting-of-Unconventional-Aircraft.pdf,1,DATE,4 Oct 55
CIA-UAP-007-Current-Status-of-Unidentified-Flying-Objects-UFO-Project.pdf,1,PERSON,Mr. Brent
CIA-UAP-007-Current-Status-of-Unidentified-Flying-Objects-UFO-Project.pdf,1,PERSON,Col. Harry Johnsto
CIA-UAP-007-Current-Status-of-Unidentified-Flying-Objects-UFO-Project.pdf,1,ORG,OSI
CIA-UAP-007-Current-Status-of-Unidentified-Flying-Objects-UFO-Project.pdf,1,ORG,USAF
CIA-UAP-007-Current-Status-of-Unidentified-Flying-Objects-UFO-Project.pdf,1,ORG,ATIC
CIA-UAP-007-Current-Status-of-Unidentified-Flying-Objects-UFO-Project.pdf,1,DATE,17 December 1953
CIA-UAP-008-SPECULATIVE-PAPER-BY-N-KARDASHEV-AND-A-SAKHAROV.pdf,1,DATE,6 September 1971
CIA-UAP-008-SPECULATIVE-PAPER-BY-N-KARDASHEV-AND-A-SAKHAROV.pdf,1,DATE,8 September 1911
CIA-UAP-008-SPECULATIVE-PAPER-BY-N-KARDASHEV-AND-A-SAKHAROV.pdf,1,DATE,8 Septemher 1971
CIA-UAP-013-Report-of-Unusual-Flying-Object-Sightings-and-Attendant-Scientific-Activity.pdf,1,ORG,CIA
CIA-UAP-013-Report-of-Unusual-Flying-Object-Sightings-and-Attendant-Scientific-Activity.pdf,1,ORG,FBI
CIA-UAP-013-Report-of-Unusual-Flying-Object-Sightings-and-Attendant-Scientific-Activity.pdf,1,MARKING,UNCLASSIFIED
CIA-UAP-014-British-Activity-in-the-Field-of-Unidentified-Flying-Objects.pdf,1,PERSON,Dr. Jeaes
CIA-UAP-014-British-Activity-in-the-Field-of-Unidentified-Flying-Objects.pdf,1,MARKING,SECRET
CIA-UAP-015-Project-Blue-Book-Special-Report-No-14.pdf,1,ORG,CIA
CIA-UAP-015-Project-Blue-Book-Special-Report-No-14.pdf,2,ORG,CIA
CIA-UAP-015-Project-Blue-Book-Special-Report-No-14.pdf,8,DATE,5 May 1955
CIA-UAP-015-Project-Blue-Book-Special-Report-No-14.pdf,9,DATE,12 August 1954
CIA-UAP-015-Project-Blue-Book-Special-Report-No-14.pdf,9,DATE,1 January 1955
CIA-UAP-015-Project-Blue-Book-Special-Report-No-14.pdf,9,DATE,5 May 1955
CIA-UAP-015-Project-Blue-Book-Special-Report-No-14.pdf,11,PERSON,Dr. J. Allen Hynek
CIA-UAP-015-Project-Blue-Book-Special-Report-No-14.pdf,11,PERSON,Dr. Hynek'
CIA-UAP-015-Project-Blue-Book-Special-Report-No-14.pdf,11,PERSON,Dr. Hynek
CIA-UAP-015-Project-Blue-Book-Special-Report-No-14.pdf,13,ORG,ATIC
CIA-UAP-015-Project-Blue-Book-Special-Report-No-14.pdf,13,DATE,"April 30, 1952"
CIA-UAP-015-Project-Blue-Book-Special-Report-No-14.pdf,14,DATE,29 April 1952
CIA-UAP-015-Project-Blue-Book-Special-Report-No-14.pdf,21,ORG,ATIC
CIA-UAP-015-Project-Blue-Book-Special-Report-No-14.pdf,86,ORG,ATIC
CIA-UAP-015-Project-Blue-Book-Special-Report-No-14.pdf,88,DATE,"July 29, 1948"
CIA-UAP-015-Project-Blue-Book-Special-Report-No-14.pdf,88,DATE,"April 20, 1952"
CIA-UAP-015-Project-Blue-Book-Special-Report-No-14.pdf,89,DATE,"January 20, 1951"
CIA-UAP-015-Project-Blue-Book-Special-Report-No-14.pdf,90,DATE,"July 19, 1952"
CIA-UAP-015-Project-Blue-Book-Special-Report-No-14.pdf,91,DATE,"July 24, 1948"
CIA-UAP-015-Project-Blue-Book-Special-Report-No-14.pdf,92,DATE,"December 22, 1952"
CIA-UAP-015-Project-Blue-Book-Special-Report-No-14.pdf,93,DATE,"June 6, 1952"
CIA-UAP-015-Project-Blue-Book-Special-Report-No-14.pdf,94,DATE,"July 31, 1948"
CIA-UAP-015-Project-Blue-Book-Special-Report-No-14.pdf,95,DATE,"August 13, 1947"
CIA-UAP-015-Project-Blue-Book-Special-Report-No-14.pdf,96,DATE,"May 24, 1949"
CIA-UAP-015-Project-Blue-Book-Special-Report-No-14.pdf,97,DATE,"March 20, 1950"
CIA-UAP-015-Project-Blue-Book-Special-Report-No-14.pdf,99,DATE,"August 25, 1952"
CIA-UAP-015-Project-Blue-Book-Special-Report-No-14.pdf,173,PERSON,Mr Number
CIA-UAP-015-Project-Blue-Book-Special-Report-No-14.pdf,281,MARKING,confidential
CIA-UAP-015-Project-Blue-Book-Special-Report-No-14.pdf,296,PERSON,Maj. Lt. Col. Col
CIA-UAP-015-Project-Blue-Book-Special-Report-No-14.pdf,296,PERSON,Brig. Gen. Maj. Gen. Lt. Gen
CIA-UAP-015-Project-Blue-Book-Special-Report-No-14.pdf,298,ORG,ATIC
CIA-UAP-016-Sightings-of-Unidentified-Flying-Ojbects-in-Ladakh-Nepal-Sikkim-and-Bhutan.pdf,1,PERSON,Dr. Edward Condon
CIA-UAP-016-Sightings-of-Unidentified-Flying-Ojbects-in-Ladakh-Nepal-Sikkim-and-Bhutan.pdf,2,ORG,FTD
CIA-UAP-016-Sightings-of-Unidentified-Flying-Ojbects-in-Ladakh-Nepal-Sikkim-and-Bhutan.pdf,2,ORG,CIA
CIA-UAP-016-Sightings-of-Unidentified-Flying-Ojbects-in-Ladakh-Nepal-Sikkim-and-Bhutan.pdf,3,DATE,4 March 1968
CIA-UAP-016-Sightings-of-Unidentified-Flying-Ojbects-in-Ladakh-Nepal-Sikkim-and-Bhutan.pdf,4,DATE,19 February 1968
CIA-UAP-016-Sightings-of-Unidentified-Flying-Ojbects-in-Ladakh-Nepal-Sikkim-and-Bhutan.pdf,5,DATE,21 February 1968
CIA-UAP-016-Sightings-of-Unidentified-Flying-Ojbects-in-Ladakh-Nepal-Sikkim-and-Bhutan.pdf,5,DATE,4 March 1968
CIA-UAP-017-Placement-on-High-Alert-Due-to-Perceived-Aggressive-Foreign-Posturing.pdf,1,ORG,CIA
CIA-UAP-017-Placement-on-High-Alert-Due-to-Perceived-Aggressive-Foreign-Posturing.pdf,1,ORG,FBI
CIA-UAP-017-Placement-on-High-Alert-Due-to-Perceived-Aggressive-Foreign-Posturing.pdf,1,MARKING,SECRET
CIA-UAP-017-Placement-on-High-Alert-Due-to-Perceived-Aggressive-Foreign-Posturing.pdf,1,MARKING,NOFORN
CIA-UAP-017-Placement-on-High-Alert-Due-to-Perceived-Aggressive-Foreign-Posturing.pdf,2,DATE,2 July 2008
CIA-UAP-017-Placement-on-High-Alert-Due-to-Perceived-Aggressive-Foreign-Posturing.pdf,2,DATE,6/15/2009
CIA-UAP-017-Placement-on-High-Alert-Due-to-Perceived-Aggressive-Foreign-Posturing.pdf,3,DATE,6/15/2009
CIA-UAP-018-Report-of-Unusual-Flying-Object-Sightings-and-Attendant-Scientific-Activity.pdf,1,ORG,CIA
CIA-UAP-018-Report-of-Unusual-Flying-Object-Sightings-and-Attendant-Scientific-Activity.pdf,1,ORG,FBI
CIA-UAP-018-Report-of-Unusual-Flying-Object-Sightings-and-Attendant-Scientific-Activity.pdf,1,MARKING,NoFORN
CIA-UAP-019-Australian-Dept-of-Defense-Scientific-and-Intel-Aspects-of-the-UFO-Problem.pdf,5,ORG,ATIC
CIA-UAP-019-Australian-Dept-of-Defense-Scientific-and-Intel-Aspects-of-the-UFO-Problem.pdf,5,ORG,USAF
CIA-UAP-019-Australian-Dept-of-Defense-Scientific-and-Intel-Aspects-of-the-UFO-Problem.pdf,5,ORG,FBI
CIA-UAP-019-Australian-Dept-of-Defense-Scientific-and-Intel-Aspects-of-the-UFO-Problem.pdf,5,ORG,CIA
CIA-UAP-019-Australian-Dept-of-Defense-Scientific-and-Intel-Aspects-of-the-UFO-Problem.pdf,6,ORG,USAF
CIA-UAP-019-Australian-Dept-of-Defense-Scientific-and-Intel-Aspects-of-the-UFO-Problem.pdf,6,ORG,CIA
CIA-UAP-019-Australian-Dept-of-Defense-Scientific-and-Intel-Aspects-of-the-UFO-Problem.pdf,6,DATE,16 February 1953
CIA-UAP-019-Australian-Dept-of-Defense-Scientific-and-Intel-Aspects-of-the-UFO-Problem.pdf,6,MARKING,top secret
CIA-UAP-019-Australian-Dept-of-Defense-Scientific-and-Intel-Aspects-of-the-UFO-Problem.pdf,6,MARKING,secret
CIA-UAP-019-Australian-Dept-of-Defense-Scientific-and-Intel-Aspects-of-the-UFO-Problem.pdf,7,PERSON,Dr J. All
CIA-UAP-019-Australian-Dept-of-Defense-Scientific-and-Intel-Aspects-of-the-UFO-Problem.pdf,7,ORG,CIA
CIA-UAP-019-Australian-Dept-of-Defense-Scientific-and-Intel-Aspects-of-the-UFO-Problem.pdf,7,ORG,NICAP
CIA-UAP-019-Australian-Dept-of-Defense-Scientific-and-Intel-Aspects-of-the-UFO-Problem.pdf,7,ORG,USAF
CIA-UAP-019-Australian-Dept-of-Defense-Scientific-and-Intel-Aspects-of-the-UFO-Problem.pdf,10,ORG,CIA
CIA-UAP-019-Australian-Dept-of-Defense-Scientific-and-Intel-Aspects-of-the-UFO-Problem.pdf,11,PERSON,Dr B. Heirn
CIA-UAP-019-Australian-Dept-of-Defense-Scientific-and-Intel-Aspects-of-the-UFO-Problem.pdf,11,PERSON,Dr P. Jordan
CIA-UAP-019-Australian-Dept-of-Defense-Scientific-and-Intel-Aspects-of-the-UFO-Problem.pdf,12,PERSON,Gen. Ll'Bailly
CIA-UAP-019-Australian-Dept-of-Defense-Scientific-and-Intel-Aspects-of-the-UFO-Problem.pdf,12,PERSON,Dr Ed.re.rd U. Ccndon
CIA-UAP-019-Australian-Dept-of-Defense-Scientific-and-Intel-Aspects-of-the-UFO-Problem.pdf,12,PERSON,Dr Condon
CIA-UAP-019-Australian-Dept-of-Defense-Scientific-and-Intel-Aspects-of-the-UFO-Problem.pdf,12,PERSON,Dr Thornton Pa.gl
CIA-UAP-019-Australian-Dept-of-Defense-Scientific-and-Intel-Aspects-of-the-UFO-Problem.pdf,12,PERSON,Dr J. Allen Hynl
CIA-UAP-019-Australian-Dept-of-Defense-Scientific-and-Intel-Aspects-of-the-UFO-Problem.pdf,12,PERSON,Dr Hynek
CIA-UAP-019-Australian-Dept-of-Defense-Scientific-and-Intel-Aspects-of-the-UFO-Problem.pdf,12,ORG,USAF
CIA-UAP-019-Australian-Dept-of-Defense-Scientific-and-Intel-Aspects-of-the-UFO-Problem.pdf,12,ORG,Project Blue Book
CIA-UAP-019-Australian-Dept-of-Defense-Scientific-and-Intel-Aspects-of-the-UFO-Problem.pdf,14,ORG,USAF
CIA-UAP-019-Australian-Dept-of-Defense-Scientific-and-Intel-Aspects-of-the-UFO-Problem.pdf,15,PERSON,Lt Gen. Twin
CIA-UAP-019-Australian-Dept-of-Defense-Scientific-and-Intel-Aspects-of-the-UFO-Problem.pdf,15,PERSON,Dr J.E. Lipp
CIA-UAP-019-Australian-Dept-of-Defense-Scientific-and-Intel-Aspects-of-the-UFO-Problem.pdf,15,ORG,USAF
CIA-UAP-019-Australian-Dept-of-Defense-Scientific-and-Intel-Aspects-of-the-UFO-Problem.pdf,15,ORG,Project Sign
CIA-UAP-019-Australian-Dept-of-Defense-Scientific-and-Intel-Aspects-of-the-UFO-Problem.pdf,16,ORG,ATIC
CIA-UAP-019-Australian-Dept-of-Defense-Scientific-and-Intel-Aspects-of-the-UFO-Problem.pdf,16,ORG,Project Grudge
CIA-UAP-019-Australian-Dept-of-Defense-Scientific-and-Intel-Aspects-of-the-UFO-Problem.pdf,16,ORG,USAF
CIA-UAP-019-Australian-Dept-of-Defense-Scientific-and-Intel-Aspects-of-the-UFO-Problem.pdf,17,ORG,USAF
CIA-UAP-019-Australian-Dept-of-Defense-Scientific-and-Intel-Aspects-of-the-UFO-Problem.pdf,17,ORG,CIA
CIA-UAP-019-Australian-Dept-of-Defense-Scientific-and-Intel-Aspects-of-the-UFO-Problem.pdf,17,ORG,ATIC
CIA-UAP-019-Australian-Dept-of-Defense-Scientific-and-Intel-Aspects-of-the-UFO-Problem.pdf,17,MARKING,secret
CIA-UAP-019-Australian-Dept-of-Defense-Scientific-and-Intel-Aspects-of-the-UFO-Problem.pdf,19,PERSON,Dr Mc Dcr
CIA-UAP-019-Australian-Dept-of-Defense-Scientific-and-Intel-Aspects-of-the-UFO-Problem.pdf,19,MARKING,declassified
DOW-UAP-D077-Unresolved-Case-Analysis-Update-Western-United-States-Event.pdf,1,MARKING,UNCLASSIFIED
DOW-UAP-D077-Unresolved-Case-Analysis-Update-Western-United-States-Event.pdf,2,MARKING,UNCLASSIFIED
DOW-UAP-D077-Unresolved-Case-Analysis-Update-Western-United-States-Event.pdf,3,MARKING,UNCLASSIFIED
DOW-UAP-D077-Unresolved-Case-Analysis-Update-Western-United-States-Event.pdf,4,MARKING,UNCLASSIFIED
DOW-UAP-D084-USArmy-Flying-Saucer-Study-1949.pdf,8,PERSON,Lt Col Peiainge
DOW-UAP-D084-USArmy-Flying-Saucer-Study-1949.pdf,8,PERSON,Lt Col Dawley. Bxt
DOW-UAP-D084-USArmy-Flying-Saucer-Study-1949.pdf,8,PERSON,Col Goodell
DOW-UAP-D084-USArmy-Flying-Saucer-Study-1949.pdf,8,PERSON,Lt Col
DOW-UAP-D084-USArmy-Flying-Saucer-Study-1949.pdf,12,DATE,5 Apr 49
DOW-UAP-D084-USArmy-Flying-Saucer-Study-1949.pdf,13,PERSON,Lt Col Peisinger
DOW-UAP-D084-USArmy-Flying-Saucer-Study-1949.pdf,13,PERSON,Mr. Stites
DOW-UAP-D084-USArmy-Flying-Saucer-Study-1949.pdf,13,PERSON,Mr. Winchell
DOW-UAP-D084-USArmy-Flying-Saucer-Study-1949.pdf,13,DATE,5 April 1949
DOW-UAP-D084-USArmy-Flying-Saucer-Study-1949.pdf,15,PERSON,Maj J
DOW-UAP-D084-USArmy-Flying-Saucer-Study-1949.pdf,15,PERSON,Lt Col Dawley
DOW-UAP-D084-USArmy-Flying-Saucer-Study-1949.pdf,15,PERSON,Lt Col Clark
DOW-UAP-D087-US-AirForce-Analysis-of-Flying-Objects-in-the-US-1-100.pdf,7,PERSON,Mr Sh
DOW-UAP-D087-US-AirForce-Analysis-of-Flying-Objects-in-the-US-1-100.pdf,10,PERSON,Lt J. C
DOW-UAP-D087-US-AirForce-Analysis-of-Flying-Objects-in-the-US-1-100.pdf,10,MARKING,Secret
DOW-UAP-D087-US-AirForce-Analysis-of-Flying-Objects-in-the-US-1-100.pdf,13,PERSON,Col Qill
DOW-UAP-D087-US-AirForce-Analysis-of-Flying-Objects-in-the-US-1-100.pdf,82,PERSON,Sgt Quintel
DOW-UAP-D087-US-AirForce-Analysis-of-Flying-Objects-in-the-US-1-100.pdf,90,PERSON,Col Rh'
DOW-UAP-D087-US-AirForce-Analysis-of-Flying-Objects-in-the-US-1-100.pdf,90,PERSON,Col Jl
DOW-UAP-D087-US-AirForce-Analysis-of-Flying-Objects-in-the-US-1-100.pdf,90,PERSON,Lt Col Wood
DOW-UAP-D087-US-AirForce-Analysis-of-Flying-Objects-in-the-US-1-100.pdf,156,PERSON,Lt Cric D. Ann
DOW-UAP-D087-US-AirForce-Analysis-of-Flying-Objects-in-the-US-1-100.pdf,160,PERSON,Lt Baar
DOW-UAP-D087-US-AirForce-Analysis-of-Flying-Objects-in-the-US-1-100.pdf,171,PERSON,Mr Lege
DOW-UAP-D087-US-AirForce-Analysis-of-Flying-Objects-in-the-US-1-100.pdf,184,PERSON,Mr B
DOW-UAP-D087-US-AirForce-Analysis-of-Flying-Objects-in-the-US-1-100.pdf,185,PERSON,Mrs Redetroli
DOW-UAP-D087-US-AirForce-Analysis-of-Flying-Objects-in-the-US-1-100.pdf,185,PERSON,Mr. Redairoe
DOW-UAP-D087-US-AirForce-Analysis-of-Flying-Objects-in-the-US-1-100.pdf,190,PERSON,Mr Ra
DOW-UAP-D087-US-AirForce-Analysis-of-Flying-Objects-in-the-US-1-100.pdf,215,PERSON,Lt Col
DOW-UAP-D087-US-AirForce-Analysis-of-Flying-Objects-in-the-US-1-100.pdf,223,DATE,7 July 1947
DOW-UAP-D087-US-AirForce-Analysis-of-Flying-Objects-in-the-US-1-100.pdf,224,DATE,7 July 47
DOW-UAP-D087-US-AirForce-Analysis-of-Flying-Objects-in-the-US-1-100.pdf,234,DATE,29 June 1947
DOW-UAP-D087-US-AirForce-Analysis-of-Flying-Objects-in-the-US-1-100.pdf,242,PERSON,Lt Col
DOW-UAP-D087-US-AirForce-Analysis-of-Flying-Objects-in-the-US-1-100.pdf,247,DATE,30 Dec 47
DOW-UAP-D087-US-AirForce-Analysis-of-Flying-Objects-in-the-US-1-100.pdf,248,DATE,30 Dec 47
DOW-UAP-D087-US-AirForce-Analysis-of-Flying-Objects-in-the-US-1-100.pdf,249,DATE,30 Dec 1947
DOW-UAP-D087-US-AirForce-Analysis-of-Flying-Objects-in-the-US-1-100.pdf,250,PERSON,Mrs El.mer L. Bri.mberiy Occupation
DOW-UAP-D087-US-AirForce-Analysis-of-Flying-Objects-in-the-US-1-100.pdf,250,DATE,2 Nov 1947
DOW-UAP-D087-US-AirForce-Analysis-of-Flying-Objects-in-the-US-1-100.pdf,251,PERSON,Mrs Brimberry
DOW-UAP-D087-US-AirForce-Analysis-of-Flying-Objects-in-the-US-1-100.pdf,251,PERSON,Mr Brimberry
DOW-UAP-D087-US-AirForce-Analysis-of-Flying-Objects-in-the-US-1-100.pdf,252,DATE,3 Jan 19
DOW-UAP-D087-US-AirForce-Analysis-of-Flying-Objects-in-the-US-1-100.pdf,253,DATE,5 Jan 191
DOW-UAP-D088-US-AirForce-Analysis-of-Flying-Objects-in-the-US-101-172.pdf,2,DATE,18 Febnlary 1948
DOW-UAP-D088-US-AirForce-Analysis-of-Flying-Objects-in-the-US-101-172.pdf,4,DATE,"February 20, 1948"
DOW-UAP-D088-US-AirForce-Analysis-of-Flying-Objects-in-the-US-101-172.pdf,7,PERSON,Lt. Gov. Whitehead
DOW-UAP-D088-US-AirForce-Analysis-of-Flying-Objects-in-the-US-101-172.pdf,7,DATE,24 June 1947
DOW-UAP-D088-US-AirForce-Analysis-of-Flying-Objects-in-the-US-101-172.pdf,8,DATE,14 July 1947
DOW-UAP-D088-US-AirForce-Analysis-of-Flying-Objects-in-the-US-101-172.pdf,9,PERSON,Lt. Mantell
DOW-UAP-D088-US-AirForce-Analysis-of-Flying-Objects-in-the-US-101-172.pdf,9,DATE,"November 24, 1947"
DOW-UAP-D088-US-AirForce-Analysis-of-Flying-Objects-in-the-US-101-172.pdf,10,PERSON,Dr. Rocht
DOW-UAP-D088-US-AirForce-Analysis-of-Flying-Objects-in-the-US-101-172.pdf,11,PERSON,Dr. Lincoln LaPu
DOW-UAP-D088-US-AirForce-Analysis-of-Flying-Objects-in-the-US-101-172.pdf,11,PERSON,Dr. Rocht
DOW-UAP-D088-US-AirForce-Analysis-of-Flying-Objects-in-the-US-101-172.pdf,11,PERSON,Mr. Alfred Gle
DOW-UAP-D088-US-AirForce-Analysis-of-Flying-Objects-in-the-US-101-172.pdf,11,DATE,"April 11, 1948"
DOW-UAP-D088-US-AirForce-Analysis-of-Flying-Objects-in-the-US-101-172.pdf,16,PERSON,Capt Boward B. Berodt
DOW-UAP-D088-US-AirForce-Analysis-of-Flying-Objects-in-the-US-101-172.pdf,16,PERSON,Capt Mairice T
DOW-UAP-D088-US-AirForce-Analysis-of-Flying-Objects-in-the-US-101-172.pdf,16,PERSON,Lt Leonard P. Marchese
DOW-UAP-D088-US-AirForce-Analysis-of-Flying-Objects-in-the-US-101-172.pdf,16,PERSON,Lt. Carl W. Stucld
DOW-UAP-D088-US-AirForce-Analysis-of-Flying-Objects-in-the-US-101-172.pdf,16,DATE,18 Feb 48
DOW-UAP-D088-US-AirForce-Analysis-of-Flying-Objects-in-the-US-101-172.pdf,18,PERSON,Col Ric
DOW-UAP-D088-US-AirForce-Analysis-of-Flying-Objects-in-the-US-101-172.pdf,18,ORG,USAF
DOW-UAP-D088-US-AirForce-Analysis-of-Flying-Objects-in-the-US-101-172.pdf,18,DATE,7 Mar 48
DOW-UAP-D088-US-AirForce-Analysis-of-Flying-Objects-in-the-US-101-172.pdf,21,PERSON,Mr Morri
DOW-UAP-D088-US-AirForce-Analysis-of-Flying-Objects-in-the-US-101-172.pdf,21,PERSON,Mr. Morrison
DOW-UAP-D088-US-AirForce-Analysis-of-Flying-Objects-in-the-US-101-172.pdf,21,PERSON,Mr. Rezw.rix
DOW-UAP-D088-US-AirForce-Analysis-of-Flying-Objects-in-the-US-101-172.pdf,21,PERSON,Mr. G. V. Jordan
DOW-UAP-D088-US-AirForce-Analysis-of-Flying-Objects-in-the-US-101-172.pdf,21,DATE,8 Mar 48
DOW-UAP-D088-US-AirForce-Analysis-of-Flying-Objects-in-the-US-101-172.pdf,23,PERSON,Sgt A. U. Lar
DOW-UAP-D088-US-AirForce-Analysis-of-Flying-Objects-in-the-US-101-172.pdf,23,PERSON,Mr. Denio
DOW-UAP-D088-US-AirForce-Analysis-of-Flying-Objects-in-the-US-101-172.pdf,23,ORG,USAF
DOW-UAP-D088-US-AirForce-Analysis-of-Flying-Objects-in-the-US-101-172.pdf,23,DATE,5 March 19
DOW-UAP-D088-US-AirForce-Analysis-of-Flying-Objects-in-the-US-101-172.pdf,23,DATE,8 March 1948
DOW-UAP-D088-US-AirForce-Analysis-of-Flying-Objects-in-the-US-101-172.pdf,24,PERSON,Mr. George L. Buchner
DOW-UAP-D088-US-AirForce-Analysis-of-Flying-Objects-in-the-US-101-172.pdf,24,PERSON,Dr. J. E. Johnson
DOW-UAP-D088-US-AirForce-Analysis-of-Flying-Objects-in-the-US-101-172.pdf,24,PERSON,Dr. Johnson. Both
DOW-UAP-D088-US-AirForce-Analysis-of-Flying-Objects-in-the-US-101-172.pdf,24,DATE,5 March 1948
DOW-UAP-D088-US-AirForce-Analysis-of-Flying-Objects-in-the-US-101-172.pdf,24,DATE,8 March 1948
DOW-UAP-D088-US-AirForce-Analysis-of-Flying-Objects-in-the-US-101-172.pdf,24,DATE,9 March 194
DOW-UAP-D088-US-AirForce-Analysis-of-Flying-Objects-in-the-US-101-172.pdf,24,LOCATOR,Room 518
DOW-UAP-D088-US-AirForce-Analysis-of-Flying-Objects-in-the-US-101-172.pdf,28,PERSON,Mrs. Callie R. Mason
DOW-UAP-D088-US-AirForce-Analysis-of-Flying-Objects-in-the-US-101-172.pdf,28,PERSON,Mrs. Mason
DOW-UAP-D088-US-AirForce-Analysis-of-Flying-Objects-in-the-US-101-172.pdf,28,DATE,9 March 1948
DOW-UAP-D088-US-AirForce-Analysis-of-Flying-Objects-in-the-US-101-172.pdf,30,ORG,SAC
DOW-UAP-D088-US-AirForce-Analysis-of-Flying-Objects-in-the-US-101-172.pdf,30,ORG,FBI
DOW-UAP-D088-US-AirForce-Analysis-of-Flying-Objects-in-the-US-101-172.pdf,30,DATE,29 March 1948
DOW-UAP-D088-US-AirForce-Analysis-of-Flying-Objects-in-the-US-101-172.pdf,30,MARKING,confidential
DOW-UAP-D088-US-AirForce-Analysis-of-Flying-Objects-in-the-US-101-172.pdf,31,PERSON,Lt. Ueyars
DOW-UAP-D088-US-AirForce-Analysis-of-Flying-Objects-in-the-US-101-172.pdf,32,PERSON,Lt. Robert
DOW-UAP-D088-US-AirForce-Analysis-of-Flying-Objects-in-the-US-101-172.pdf,34,PERSON,Gen T-
DOW-UAP-D088-US-AirForce-Analysis-of-Flying-Objects-in-the-US-101-172.pdf,35,DATE,9 Apr 48
DOW-UAP-D088-US-AirForce-Analysis-of-Flying-Objects-in-the-US-101-172.pdf,36,PERSON,Mrs. Bertha Slack
DOW-UAP-D088-US-AirForce-Analysis-of-Flying-Objects-in-the-US-101-172.pdf,36,PERSON,Mrs. Slack
DOW-UAP-D088-US-AirForce-Analysis-of-Flying-Objects-in-the-US-101-172.pdf,50,PERSON,Col Robert B. Hughes
DOW-UAP-D088-US-AirForce-Analysis-of-Flying-Objects-in-the-US-101-172.pdf,50,DATE,9 April 1946
DOW-UAP-D088-US-AirForce-Analysis-of-Flying-Objects-in-the-US-101-172.pdf,53,DATE,18 Apr 118
DOW-UAP-D088-US-AirForce-Analysis-of-Flying-Objects-in-the-US-101-172.pdf,55,PERSON,Lt Francia
DOW-UAP-D088-US-AirForce-Analysis-of-Flying-Objects-in-the-US-101-172.pdf,55,PERSON,Lt Robert
DOW-UAP-D088-US-AirForce-Analysis-of-Flying-Objects-in-the-US-101-172.pdf,55,DATE,19 Apr 48
DOW-UAP-D088-US-AirForce-Analysis-of-Flying-Objects-in-the-US-101-172.pdf,59,PERSON,Mrs. Charles Giles
DOW-UAP-D088-US-AirForce-Analysis-of-Flying-Objects-in-the-US-101-172.pdf,61,PERSON,Dr. Paul Berget
DOW-UAP-D088-US-AirForce-Analysis-of-Flying-Objects-in-the-US-101-172.pdf,61,PERSON,Dr. Herget
DOW-UAP-D088-US-AirForce-Analysis-of-Flying-Objects-in-the-US-101-172.pdf,61,PERSON,Dr. Bp.ak
DOW-UAP-D088-US-AirForce-Analysis-of-Flying-Objects-in-the-US-101-172.pdf,61,PERSON,Dr. Lincoln
DOW-UAP-D088-US-AirForce-Analysis-of-Flying-Objects-in-the-US-101-172.pdf,61,PERSON,Mr. F. J. Kaiser
DOW-UAP-D088-US-AirForce-Analysis-of-Flying-Objects-in-the-US-101-172.pdf,62,PERSON,Dr Onn
DOW-UAP-D088-US-AirForce-Analysis-of-Flying-Objects-in-the-US-101-172.pdf,62,DATE,26 Mar 48
DOW-UAP-D088-US-AirForce-Analysis-of-Flying-Objects-in-the-US-101-172.pdf,63,PERSON,Dr Onnana
DOW-UAP-D088-US-AirForce-Analysis-of-Flying-Objects-in-the-US-101-172.pdf,76,PERSON,Mr. Johnson
DOW-UAP-D088-US-AirForce-Analysis-of-Flying-Objects-in-the-US-101-172.pdf,76,DATE,5 April 19
DOW-UAP-D088-US-AirForce-Analysis-of-Flying-Objects-in-the-US-101-172.pdf,79,PERSON,Mr. Cnance
DOW-UAP-D088-US-AirForce-Analysis-of-Flying-Objects-in-the-US-101-172.pdf,79,PERSON,Mr. Chance
DOW-UAP-D088-US-AirForce-Analysis-of-Flying-Objects-in-the-US-101-172.pdf,83,DATE,18 April 48
DOW-UAP-D088-US-AirForce-Analysis-of-Flying-Objects-in-the-US-101-172.pdf,85,PERSON,Lt Commarrler
DOW-UAP-D088-US-AirForce-Analysis-of-Flying-Objects-in-the-US-101-172.pdf,103,PERSON,Lt Xokbloroi
DOW-UAP-D088-US-AirForce-Analysis-of-Flying-Objects-in-the-US-101-172.pdf,103,DATE,28 May 1948
DOW-UAP-D088-US-AirForce-Analysis-of-Flying-Objects-in-the-US-101-172.pdf,104,PERSON,Maj Elmer H. Ha.mnar
DOW-UAP-D088-US-AirForce-Analysis-of-Flying-Objects-in-the-US-101-172.pdf,110,PERSON,Mr Tryus W. Setliff
DOW-UAP-D088-US-AirForce-Analysis-of-Flying-Objects-in-the-US-101-172.pdf,113,DATE,7 Jul 48
DOW-UAP-D088-US-AirForce-Analysis-of-Flying-Objects-in-the-US-101-172.pdf,115,PERSON,Capt. Dant
DOW-UAP-D088-US-AirForce-Analysis-of-Flying-Objects-in-the-US-101-172.pdf,115,PERSON,Lt. Colliu
DOW-UAP-D088-US-AirForce-Analysis-of-Flying-Objects-in-the-US-101-172.pdf,121,DATE,1 July 1948
DOW-UAP-D088-US-AirForce-Analysis-of-Flying-Objects-in-the-US-101-172.pdf,130,PERSON,Col Cl
DOW-UAP-D088-US-AirForce-Analysis-of-Flying-Objects-in-the-US-101-172.pdf,130,PERSON,Col. McOoJ
DOW-UAP-D088-US-AirForce-Analysis-of-Flying-Objects-in-the-US-101-172.pdf,131,PERSON,Mr. S. L. Sbanncm. Jaatern
DOW-UAP-D088-US-AirForce-Analysis-of-Flying-Objects-in-the-US-101-172.pdf,131,DATE,"July 24, 1948"
DOW-UAP-D088-US-AirForce-Analysis-of-Flying-Objects-in-the-US-101-172.pdf,132,PERSON,Capt Perry R. Mansfield
DOW-UAP-D088-US-AirForce-Analysis-of-Flying-Objects-in-the-US-101-172.pdf,133,PERSON,Capt Perry R
DOW-UAP-D088-US-AirForce-Analysis-of-Flying-Objects-in-the-US-101-172.pdf,134,PERSON,Capt Cldlea
DOW-UAP-D088-US-AirForce-Analysis-of-Flying-Objects-in-the-US-101-172.pdf,134,PERSON,Capt Cb.il
DOW-UAP-D088-US-AirForce-Analysis-of-Flying-Objects-in-the-US-101-172.pdf,137,DATE,9 July 191
DOW-UAP-D088-US-AirForce-Analysis-of-Flying-Objects-in-the-US-101-172.pdf,139,PERSON,Sgt Wm R. Carter
DOW-UAP-D088-US-AirForce-Analysis-of-Flying-Objects-in-the-US-101-172.pdf,140,PERSON,Sgt Barvq
DOW-UAP-D088-US-AirForce-Analysis-of-Flying-Objects-in-the-US-101-172.pdf,141,PERSON,Mrs. H. H. Gibson
DOW-UAP-D088-US-AirForce-Analysis-of-Flying-Objects-in-the-US-101-172.pdf,141,DATE,27 July 48
DOW-UAP-D088-US-AirForce-Analysis-of-Flying-Objects-in-the-US-101-172.pdf,145,PERSON,Lt Col
DOW-UAP-D088-US-AirForce-Analysis-of-Flying-Objects-in-the-US-101-172.pdf,146,DATE,19 Jan 48
DOW-UAP-D088-US-AirForce-Analysis-of-Flying-Objects-in-the-US-101-172.pdf,149,PERSON,Mr. JB
DOW-UAP-D088-US-AirForce-Analysis-of-Flying-Objects-in-the-US-101-172.pdf,149,PERSON,Mr. Robert Iiu
DOW-UAP-D088-US-AirForce-Analysis-of-Flying-Objects-in-the-US-101-172.pdf,149,DATE,29 July 1948
DOW-UAP-D088-US-AirForce-Analysis-of-Flying-Objects-in-the-US-101-172.pdf,150,PERSON,Lt John E. Roak
DOW-UAP-D088-US-AirForce-Analysis-of-Flying-Objects-in-the-US-101-172.pdf,150,PERSON,Lt Russell J. Carey
DOW-UAP-D088-US-AirForce-Analysis-of-Flying-Objects-in-the-US-101-172.pdf,152,ORG,USAF
DOW-UAP-D088-US-AirForce-Analysis-of-Flying-Objects-in-the-US-101-172.pdf,154,PERSON,Mr. Swi
DOW-UAP-D088-US-AirForce-Analysis-of-Flying-Objects-in-the-US-101-172.pdf,154,PERSON,Lt Bus
DOW-UAP-D088-US-AirForce-Analysis-of-Flying-Objects-in-the-US-101-172.pdf,154,PERSON,Mr. Swigert. It
DOW-UAP-D088-US-AirForce-Analysis-of-Flying-Objects-in-the-US-101-172.pdf,162,PERSON,Mrs. Edward G. Watson
DOW-UAP-D088-US-AirForce-Analysis-of-Flying-Objects-in-the-US-101-172.pdf,162,DATE,31 July 48
DOW-UAP-D088-US-AirForce-Analysis-of-Flying-Objects-in-the-US-101-172.pdf,164,PERSON,Mrs. Mary JU.ppetoei
DOW-UAP-D088-US-AirForce-Analysis-of-Flying-Objects-in-the-US-101-172.pdf,170,DATE,30 July 1948
DOW-UAP-D088-US-AirForce-Analysis-of-Flying-Objects-in-the-US-101-172.pdf,171,PERSON,Maj Cal
DOW-UAP-D088-US-AirForce-Analysis-of-Flying-Objects-in-the-US-101-172.pdf,171,ORG,USAF
DOW-UAP-D088-US-AirForce-Analysis-of-Flying-Objects-in-the-US-101-172.pdf,174,PERSON,Mrs. Elizabeth Ooltz
DOW-UAP-D088-US-AirForce-Analysis-of-Flying-Objects-in-the-US-101-172.pdf,174,PERSON,Mrs Vewey
DOW-UAP-D088-US-AirForce-Analysis-of-Flying-Objects-in-the-US-101-172.pdf,174,PERSON,Mrs Goltz
DOW-UAP-D088-US-AirForce-Analysis-of-Flying-Objects-in-the-US-101-172.pdf,175,PERSON,Mrs. Vevay
DOW-UAP-D088-US-AirForce-Analysis-of-Flying-Objects-in-the-US-101-172.pdf,175,PERSON,Mrs. Goltz. They
DOW-UAP-D088-US-AirForce-Analysis-of-Flying-Objects-in-the-US-101-172.pdf,177,PERSON,Mr. Ltoer
DOW-UAP-D088-US-AirForce-Analysis-of-Flying-Objects-in-the-US-101-172.pdf,177,PERSON,Mr. E. R. Sheridan. Poat
DOW-UAP-D088-US-AirForce-Analysis-of-Flying-Objects-in-the-US-101-172.pdf,177,PERSON,Mrs. Leu.er
DOW-UAP-D088-US-AirForce-Analysis-of-Flying-Objects-in-the-US-101-172.pdf,184,PERSON,Mrs. Catherine McDonald Police Sergeant
DOW-UAP-D088-US-AirForce-Analysis-of-Flying-Objects-in-the-US-101-172.pdf,185,DATE,29 June 48
DOW-UAP-D088-US-AirForce-Analysis-of-Flying-Objects-in-the-US-101-172.pdf,187,PERSON,Sgt Chae E. Schuh
DOW-UAP-D088-US-AirForce-Analysis-of-Flying-Objects-in-the-US-101-172.pdf,187,DATE,29 June 48
DOW-UAP-D088-US-AirForce-Analysis-of-Flying-Objects-in-the-US-101-172.pdf,188,PERSON,Mrs. Mcl
DOW-UAP-D088-US-AirForce-Analysis-of-Flying-Objects-in-the-US-101-172.pdf,188,PERSON,Sgt Schub'a
DOW-UAP-D088-US-AirForce-Analysis-of-Flying-Objects-in-the-US-101-172.pdf,189,DATE,26 July 1948
DOW-UAP-D088-US-AirForce-Analysis-of-Flying-Objects-in-the-US-101-172.pdf,190,PERSON,Mrs. John Goll
DOW-UAP-D088-US-AirForce-Analysis-of-Flying-Objects-in-the-US-101-172.pdf,190,PERSON,Mr. Robert Sebring Mrs. Jeanne
DOW-UAP-D088-US-AirForce-Analysis-of-Flying-Objects-in-the-US-101-172.pdf,190,PERSON,Mrs. Myrtle Renfroe Mrs. John
DOW-UAP-D088-US-AirForce-Analysis-of-Flying-Objects-in-the-US-101-172.pdf,190,DATE,20 July 48
DOW-UAP-D088-US-AirForce-Analysis-of-Flying-Objects-in-the-US-101-172.pdf,192,PERSON,Sgt Leroy B. Eete
DOW-UAP-D088-US-AirForce-Analysis-of-Flying-Objects-in-the-US-101-172.pdf,192,DATE,30 Aug 48
DOW-UAP-D088-US-AirForce-Analysis-of-Flying-Objects-in-the-US-101-172.pdf,193,PERSON,Sgt Eetes
DOW-UAP-D088-US-AirForce-Analysis-of-Flying-Objects-in-the-US-101-172.pdf,194,PERSON,Capt J'l.oyd Barnes Pilot USAF
DOW-UAP-D088-US-AirForce-Analysis-of-Flying-Objects-in-the-US-101-172.pdf,194,ORG,USAF
DOW-UAP-D088-US-AirForce-Analysis-of-Flying-Objects-in-the-US-101-172.pdf,195,PERSON,Capt Barnes
DOW-UAP-D088-US-AirForce-Analysis-of-Flying-Objects-in-the-US-101-172.pdf,196,DATE,20 July 1948
DOW-UAP-D088-US-AirForce-Analysis-of-Flying-Objects-in-the-US-101-172.pdf,197,PERSON,Mr. Faby Niswonger
DoW-UAP-D079-Narrative-1-Western-US-Event.pdf,1,DATE,02 June 2026
DoW-UAP-D079-Narrative-1-Western-US-Event.pdf,1,MARKING,UNCLASSIFIED
DoW-UAP-D079-Narrative-1-Western-US-Event.pdf,2,MARKING,UNCLASSIFIED
DoW-UAP-D080-Narrative-2-Western-US-Event.pdf,1,DATE,02 June 2026
DoW-UAP-D080-Narrative-2-Western-US-Event.pdf,1,MARKING,UNCLASSIFIED
DoW-UAP-D080-Narrative-2-Western-US-Event.pdf,2,MARKING,UNCLASSIFIED
DoW-UAP-D080-Narrative-2-Western-US-Event.pdf,3,MARKING,UNCLASSIFIED
DoW-UAP-D080-Narrative-2-Western-US-Event.pdf,4,MARKING,UNCLASSIFIED
DoW-UAP-D080-Narrative-2-Western-US-Event.pdf,5,MARKING,UNCLASSIFIED
DoW-UAP-D080-Narrative-2-Western-US-Event.pdf,6,MARKING,UNCLASSIFIED
DoW-UAP-D080-Narrative-2-Western-US-Event.pdf,7,MARKING,UNCLASSIFIED
DoW-UAP-D080-Narrative-2-Western-US-Event.pdf,8,MARKING,UNCLASSIFIED
DoW-UAP-D081-Narrative-3-Western-US-Event.pdf,1,DATE,02 June 2026
DoW-UAP-D081-Narrative-3-Western-US-Event.pdf,1,MARKING,UNCLASSIFIED
DoW-UAP-D081-Narrative-3-Western-US-Event.pdf,2,MARKING,UNCLASSIFIED
DoW-UAP-D082-Narrative-4-Western-US-Event.pdf,1,DATE,02 June 2026
DoW-UAP-D082-Narrative-4-Western-US-Event.pdf,1,MARKING,UNCLASSIFIED
DoW-UAP-D082-Narrative-4-Western-US-Event.pdf,2,MARKING,UNCLASSIFIED
DoW-UAP-D082-Narrative-4-Western-US-Event.pdf,3,MARKING,UNCLASSIFIED
DoW-UAP-D083-Narrative-5-Western-US-Event.pdf,1,MARKING,UNCLASSIFIED
DoW-UAP-D083-Narrative-5-Western-US-Event.pdf,2,MARKING,UNCLASSIFIED
DoW-UAP-D083-Narrative-5-Western-US-Event.pdf,3,MARKING,UNCLASSIFIED
DoW-UAP-D083-Narrative-5-Western-US-Event.pdf,4,MARKING,UNCLASSIFIED
DoW-UAP-D083-Narrative-5-Western-US-Event.pdf,5,MARKING,UNCLASSIFIED
FBI-UAP-D001-FD-302-Unresolved-UAP-Report-ColoradoSprings-2022.pdf,1,ORG,FBI
FBI-UAP-D004-FD-1057-02-Northeastern-US-2024.pdf,1,ORG,FBI
FBI-UAP-D004-FD-1057-02-Northeastern-US-2024.pdf,2,ORG,FBI
FBI-UAP-D004-FD-1057-02-Northeastern-US-2024.pdf,3,ORG,FBI
FBI-UAP-D005-FD-1057-04-Northeastern-US-2024.pdf,1,ORG,FBI
FBI-UAP-D005-FD-1057-04-Northeastern-US-2024.pdf,2,ORG,FBI
FBI-UAP-D008-FD-1057-07-Northeastern-US-2024.pdf,1,ORG,FBI
FBI-UAP-D008-FD-1057-07-Northeastern-US-2024.pdf,1,DATE,12/1/2024
FBI-UAP-D009-FD-302-67-Northeastern-Orb-Sighting-2026.pdf,1,ORG,FBI
FBI-UAP-D010-FD-302-71-Northeastern-Orb-Sighting-2026.pdf,1,ORG,FBI
FBI-UAP-D011-DFBI-Correspondence-Referral-1949.pdf,2,PERSON,Mr. Hoover
FBI-UAP-D011-DFBI-Correspondence-Referral-1949.pdf,2,DATE,"January 31, 1949"
FBI-UAP-D012-Newark-Field-Office-1952-1967.pdf,5,PERSON,Mr. S. I. McKee Special
FBI-UAP-D012-Newark-Field-Office-1952-1967.pdf,5,PERSON,Mr. CHARIBS GREGG
FBI-UAP-D012-Newark-Field-Office-1952-1967.pdf,5,ORG,USAF
FBI-UAP-D012-Newark-Field-Office-1952-1967.pdf,5,ORG,OSI
FBI-UAP-D012-Newark-Field-Office-1952-1967.pdf,5,MARKING,restricted
FBI-UAP-D012-Newark-Field-Office-1952-1967.pdf,13,ORG,SAC
FBI-UAP-D012-Newark-Field-Office-1952-1967.pdf,13,ORG,OSI
FBI-UAP-D012-Newark-Field-Office-1952-1967.pdf,13,DATE,"November 5, 1957"
FBI-UAP-D012-Newark-Field-Office-1952-1967.pdf,15,DATE,8/28/57
FBI-UAP-D012-Newark-Field-Office-1952-1967.pdf,15,DATE,8/27/57
FBI-UAP-D012-Newark-Field-Office-1952-1967.pdf,19,ORG,SAC
FBI-UAP-D012-Newark-Field-Office-1952-1967.pdf,19,ORG,OSI
FBI-UAP-D012-Newark-Field-Office-1952-1967.pdf,20,ORG,SAC
FBI-UAP-D012-Newark-Field-Office-1952-1967.pdf,20,ORG,OSI
FBI-UAP-D012-Newark-Field-Office-1952-1967.pdf,20,DATE,2/14/58
FBI-UAP-D012-Newark-Field-Office-1952-1967.pdf,20,DATE,2/11/58
FBI-UAP-D012-Newark-Field-Office-1952-1967.pdf,23,ORG,OSI
FBI-UAP-D012-Newark-Field-Office-1952-1967.pdf,26,PERSON,Mr. GRAHAM
FBI-UAP-D012-Newark-Field-Office-1952-1967.pdf,26,ORG,SAC
FBI-UAP-D012-Newark-Field-Office-1952-1967.pdf,26,ORG,OSI
FBI-UAP-D012-Newark-Field-Office-1952-1967.pdf,28,PERSON,Mr. Wa
FBI-UAP-D012-Newark-Field-Office-1952-1967.pdf,28,PERSON,Mr. Leo
FBI-UAP-D012-Newark-Field-Office-1952-1967.pdf,28,PERSON,Mr. Ri
FBI-UAP-D012-Newark-Field-Office-1952-1967.pdf,28,ORG,SAC
FBI-UAP-D012-Newark-Field-Office-1952-1967.pdf,28,DATE,10/28/59
FBI-UAP-D012-Newark-Field-Office-1952-1967.pdf,29,ORG,OSI
FBI-UAP-D012-Newark-Field-Office-1952-1967.pdf,30,ORG,SAC
FBI-UAP-D012-Newark-Field-Office-1952-1967.pdf,30,ORG,OSI
FBI-UAP-D012-Newark-Field-Office-1952-1967.pdf,30,DATE,"January 16, 1960"
FBI-UAP-D012-Newark-Field-Office-1952-1967.pdf,31,ORG,SAC
FBI-UAP-D012-Newark-Field-Office-1952-1967.pdf,31,ORG,OSI
FBI-UAP-D012-Newark-Field-Office-1952-1967.pdf,31,DATE,2/27/60
FBI-UAP-D012-Newark-Field-Office-1952-1967.pdf,33,ORG,SAC
FBI-UAP-D012-Newark-Field-Office-1952-1967.pdf,33,ORG,FBI
FBI-UAP-D012-Newark-Field-Office-1952-1967.pdf,33,DATE,2/8/61
FBI-UAP-D012-Newark-Field-Office-1952-1967.pdf,35,ORG,SAC
FBI-UAP-D012-Newark-Field-Office-1952-1967.pdf,35,ORG,FBI
FBI-UAP-D012-Newark-Field-Office-1952-1967.pdf,36,PERSON,Mrs. Goarcke
FBI-UAP-D012-Newark-Field-Office-1952-1967.pdf,36,ORG,SAC
FBI-UAP-D012-Newark-Field-Office-1952-1967.pdf,36,DATE,1/16/61
FBI-UAP-D012-Newark-Field-Office-1952-1967.pdf,36,DATE,2/13/61
FBI-UAP-D012-Newark-Field-Office-1952-1967.pdf,41,ORG,SAC
FBI-UAP-D012-Newark-Field-Office-1952-1967.pdf,43,PERSON,Mr. Hoover
FBI-UAP-D012-Newark-Field-Office-1952-1967.pdf,43,PERSON,Mr. J. Edgar Hoover Director
FBI-UAP-D012-Newark-Field-Office-1952-1967.pdf,43,ORG,Project Blue Book
FBI-UAP-D012-Newark-Field-Office-1952-1967.pdf,43,ORG,USAF
FBI-UAP-D012-Newark-Field-Office-1952-1967.pdf,44,ORG,FBI
FBI-UAP-D012-Newark-Field-Office-1952-1967.pdf,44,MARKING,secret
FBI-UAP-D012-Newark-Field-Office-1952-1967.pdf,46,ORG,NICAP
FBI-UAP-D012-Newark-Field-Office-1952-1967.pdf,51,ORG,SAC
FBI-UAP-D012-Newark-Field-Office-1952-1967.pdf,51,DATE,7/11/66
FBI-UAP-D012-Newark-Field-Office-1952-1967.pdf,52,ORG,SAC
FBI-UAP-D012-Newark-Field-Office-1952-1967.pdf,56,ORG,AFSC
FBI-UAP-D012-Newark-Field-Office-1952-1967.pdf,60,PERSON,Dr. Georae White
FBI-UAP-D012-Newark-Field-Office-1952-1967.pdf,60,PERSON,Mr. Men.eel
FBI-UAP-D012-Newark-Field-Office-1952-1967.pdf,60,ORG,NICAP
FBI-UAP-D012-Newark-Field-Office-1952-1967.pdf,63,PERSON,Dr. Daniel W. Fry
FBI-UAP-D012-Newark-Field-Office-1952-1967.pdf,63,PERSON,Dr. George King
FBI-UAP-D012-Newark-Field-Office-1952-1967.pdf,63,PERSON,Dr. Frank E. Stranges
FBI-UAP-D012-Newark-Field-Office-1952-1967.pdf,63,ORG,AFSC
FBI-UAP-D013-WA-UFO-Investigation-1952-1960.pdf,3,ORG,FBI
FBI-UAP-D013-WA-UFO-Investigation-1952-1960.pdf,22,ORG,SAC
FBI-UAP-D013-WA-UFO-Investigation-1952-1960.pdf,22,ORG,OSI
FBI-UAP-D013-WA-UFO-Investigation-1952-1960.pdf,22,DATE,6/7/54
FBI-UAP-D013-WA-UFO-Investigation-1952-1960.pdf,22,DATE,6/6/54
FBI-UAP-D013-WA-UFO-Investigation-1952-1960.pdf,29,ORG,OSI
FBI-UAP-D013-WA-UFO-Investigation-1952-1960.pdf,31,PERSON,Mr. R
FBI-UAP-D013-WA-UFO-Investigation-1952-1960.pdf,31,ORG,OSI
FBI-UAP-D013-WA-UFO-Investigation-1952-1960.pdf,31,DATE,24 June 1954
FBI-UAP-D013-WA-UFO-Investigation-1952-1960.pdf,39,PERSON,Sgt. GORDON RICH ARDSON
FBI-UAP-D013-WA-UFO-Investigation-1952-1960.pdf,46,DATE,6/27/57
ICA-UAP-D001-Analysis-Colorado-Springs-UAP-Incident.pdf,3,DATE,15 February 2022
ICA-UAP-D001-Analysis-Colorado-Springs-UAP-Incident.pdf,3,DATE,"February 15, 2022"
NASA-UAP-D015-Astronaut-Scientific-Debriefings-1962-1963.pdf,34,PERSON,Lt. Col. John H. Glenn
NASA-UAP-D015-Astronaut-Scientific-Debriefings-1962-1963.pdf,34,PERSON,Col. Glenn
NASA-UAP-D015-Astronaut-Scientific-Debriefings-1962-1963.pdf,35,PERSON,Col. Glenn
NASA-UAP-D015-Astronaut-Scientific-Debriefings-1962-1963.pdf,37,PERSON,Col. Glenn's
NASA-UAP-D015-Astronaut-Scientific-Debriefings-1962-1963.pdf,37,PERSON,Col. Glenn
NASA-UAP-D015-Astronaut-Scientific-Debriefings-1962-1963.pdf,40,PERSON,Dr. Jocelyn Gill Room
NASA-UAP-D015-Astronaut-Scientific-Debriefings-1962-1963.pdf,40,PERSON,Dr. Gill
NASA-UAP-D015-Astronaut-Scientific-Debriefings-1962-1963.pdf,40,LOCATOR,Room 62033
NASA-UAP-D015-Astronaut-Scientific-Debriefings-1962-1963.pdf,43,DATE,"July 13, 1962"
NASA-UAP-D015-Astronaut-Scientific-Debriefings-1962-1963.pdf,44,PERSON,Dr. Jocelyn Gill DATE
NASA-UAP-D015-Astronaut-Scientific-Debriefings-1962-1963.pdf,45,PERSON,Dr. Jocelyn Gill
NASA-UAP-D015-Astronaut-Scientific-Debriefings-1962-1963.pdf,45,DATE,"July 13, 1962"
NASA-UAP-D015-Astronaut-Scientific-Debriefings-1962-1963.pdf,46,PERSON,Dr. Jocelyn Gill DATB
NASA-UAP-D015-Astronaut-Scientific-Debriefings-1962-1963.pdf,46,DATE,"July 13, 1962"
NASA-UAP-D015-Astronaut-Scientific-Debriefings-1962-1963.pdf,47,PERSON,Dr. Jocelyn Gill July
NASA-UAP-D015-Astronaut-Scientific-Debriefings-1962-1963.pdf,47,DATE,"July 13, 1962"
NASA-UAP-D015-Astronaut-Scientific-Debriefings-1962-1963.pdf,48,PERSON,Dr. Jocelyn Gill DATE
NASA-UAP-D015-Astronaut-Scientific-Debriefings-1962-1963.pdf,48,DATE,"July 13, 1962"
NASA-UAP-D015-Astronaut-Scientific-Debriefings-1962-1963.pdf,49,PERSON,Dr. Jocelyn Gill DATE
NASA-UAP-D015-Astronaut-Scientific-Debriefings-1962-1963.pdf,49,DATE,"July 13, 1962"
NASA-UAP-D015-Astronaut-Scientific-Debriefings-1962-1963.pdf,50,PERSON,Dr. Jocelyn Gill
NASA-UAP-D015-Astronaut-Scientific-Debriefings-1962-1963.pdf,50,PERSON,Dr. Robert Sherman
NASA-UAP-D015-Astronaut-Scientific-Debriefings-1962-1963.pdf,50,PERSON,Dr. Arthur Cox
NASA-UAP-D015-Astronaut-Scientific-Debriefings-1962-1963.pdf,50,PERSON,Dr. Ieston Miller
NASA-UAP-D015-Astronaut-Scientific-Debriefings-1962-1963.pdf,50,PERSON,Dr. J. A
NASA-UAP-D015-Astronaut-Scientific-Debriefings-1962-1963.pdf,50,DATE,"July 13, 1962"
NASA-UAP-D015-Astronaut-Scientific-Debriefings-1962-1963.pdf,54,ORG,NASA
NASA-UAP-D015-Astronaut-Scientific-Debriefings-1962-1963.pdf,55,DATE,21 February 1962
NASA-UAP-D015-Astronaut-Scientific-Debriefings-1962-1963.pdf,57,PERSON,Lt. Cdr
NASA-UAP-D015-Astronaut-Scientific-Debriefings-1962-1963.pdf,57,PERSON,Mr. Iawrence Dunkelma
NASA-UAP-D015-Astronaut-Scientific-Debriefings-1962-1963.pdf,57,PERSON,Lt. Cdr. Carpenter
NASA-UAP-D015-Astronaut-Scientific-Debriefings-1962-1963.pdf,57,DATE,24 May 1962
NASA-UAP-D015-Astronaut-Scientific-Debriefings-1962-1963.pdf,59,PERSON,Capt. V. I. Grissom
NASA-UAP-D015-Astronaut-Scientific-Debriefings-1962-1963.pdf,59,PERSON,Lt. Cdr. Carpenter's
NASA-UAP-D015-Astronaut-Scientific-Debriefings-1962-1963.pdf,59,ORG,NASA
NASA-UAP-D015-Astronaut-Scientific-Debriefings-1962-1963.pdf,60,PERSON,Col. Glenn
NASA-UAP-D015-Astronaut-Scientific-Debriefings-1962-1963.pdf,60,PERSON,Mr. Frank M. Crichton
NASA-UAP-D015-Astronaut-Scientific-Debriefings-1962-1963.pdf,60,ORG,NASA
NASA-UAP-D015-Astronaut-Scientific-Debriefings-1962-1963.pdf,78,PERSON,Mr. Carmines
NASA-UAP-D015-Astronaut-Scientific-Debriefings-1962-1963.pdf,85,PERSON,Dr. Peterson
NASA-UAP-D015-Astronaut-Scientific-Debriefings-1962-1963.pdf,86,PERSON,Dr. Peterson
NASA-UAP-D015-Astronaut-Scientific-Debriefings-1962-1963.pdf,92,PERSON,Dr. Voa.s
NASA-UAP-D015-Astronaut-Scientific-Debriefings-1962-1963.pdf,94,PERSON,Dr. Voe.a
NASA-UAP-D015-Astronaut-Scientific-Debriefings-1962-1963.pdf,96,PERSON,Mr. Schirra
NASA-UAP-D015-Astronaut-Scientific-Debriefings-1962-1963.pdf,98,PERSON,Dr. Voas
NASA-UAP-D015-Astronaut-Scientific-Debriefings-1962-1963.pdf,104,PERSON,Dr. O'Keefe
NASA-UAP-D015-Astronaut-Scientific-Debriefings-1962-1963.pdf,107,PERSON,Dr. Voas
NASA-UAP-D015-Astronaut-Scientific-Debriefings-1962-1963.pdf,107,PERSON,Dr. O'Keefe
NASA-UAP-D015-Astronaut-Scientific-Debriefings-1962-1963.pdf,107,PERSON,Dr. Vo
NASA-UAP-D015-Astronaut-Scientific-Debriefings-1962-1963.pdf,108,PERSON,Dr. Voas
NASA-UAP-D015-Astronaut-Scientific-Debriefings-1962-1963.pdf,111,PERSON,Dr. Voao
NASA-UAP-D015-Astronaut-Scientific-Debriefings-1962-1963.pdf,111,PERSON,Dr. Voas
NASA-UAP-D015-Astronaut-Scientific-Debriefings-1962-1963.pdf,112,PERSON,Dr. Vons
NASA-UAP-D015-Astronaut-Scientific-Debriefings-1962-1963.pdf,114,ORG,NASA
NASA-UAP-D015-Astronaut-Scientific-Debriefings-1962-1963.pdf,115,PERSON,Lt. Cmdr. Walter Schirra
NASA-UAP-D015-Astronaut-Scientific-Debriefings-1962-1963.pdf,115,ORG,NASA
NASA-UAP-D015-Astronaut-Scientific-Debriefings-1962-1963.pdf,115,DATE,15 November 1963
NASA-UAP-D015-Astronaut-Scientific-Debriefings-1962-1963.pdf,115,DATE,"December 20, 1963"
NASA-UAP-D015-Astronaut-Scientific-Debriefings-1962-1963.pdf,115,MARKING,FOR OFFICIAL USE ONLY
NASA-UAP-D015-Astronaut-Scientific-Debriefings-1962-1963.pdf,116,PERSON,Dr. John Clark
NASA-UAP-D015-Astronaut-Scientific-Debriefings-1962-1963.pdf,116,PERSON,Mr. Maurice Dubin
NASA-UAP-D015-Astronaut-Scientific-Debriefings-1962-1963.pdf,116,PERSON,Mr. Larry Dunkelman
NASA-UAP-D015-Astronaut-Scientific-Debriefings-1962-1963.pdf,116,PERSON,Dr. Jocelyn Ro Gill
NASA-UAP-D015-Astronaut-Scientific-Debriefings-1962-1963.pdf,116,PERSON,Dr. Urner Liddel
NASA-UAP-D015-Astronaut-Scientific-Debriefings-1962-1963.pdf,116,PERSON,Mr. Oran Nicks
NASA-UAP-D015-Astronaut-Scientific-Debriefings-1962-1963.pdf,116,PERSON,Cmdr. Walter Schirra
NASA-UAP-D015-Astronaut-Scientific-Debriefings-1962-1963.pdf,116,PERSON,Mr. George Tennyson
NASA-UAP-D015-Astronaut-Scientific-Debriefings-1962-1963.pdf,116,PERSON,Dr. Shoemaker
NASA-UAP-D015-Astronaut-Scientific-Debriefings-1962-1963.pdf,116,PERSON,Cmdr. Schirra
NASA-UAP-D015-Astronaut-Scientific-Debriefings-1962-1963.pdf,116,ORG,NASA
NASA-UAP-D015-Astronaut-Scientific-Debriefings-1962-1963.pdf,117,PERSON,Dr. O' Keefe
NASA-UAP-D015-Astronaut-Scientific-Debriefings-1962-1963.pdf,117,PERSON,Mrs. Cameron
NASA-UAP-D015-Astronaut-Scientific-Debriefings-1962-1963.pdf,119,PERSON,Dr. Roman
NASA-UAP-D015-Astronaut-Scientific-Debriefings-1962-1963.pdf,121,PERSON,Dr. Nordberg
NASA-UAP-D015-Astronaut-Scientific-Debriefings-1962-1963.pdf,122,PERSON,Mr. Dubin
NASA-UAP-D015-Astronaut-Scientific-Debriefings-1962-1963.pdf,126,DATE,"July 29, 1962"
NASA-UAP-D015-Astronaut-Scientific-Debriefings-1962-1963.pdf,127,PERSON,Dr. O'Keefe
NASA-UAP-D015-Astronaut-Scientific-Debriefings-1962-1963.pdf,128,PERSON,Mrs. Cameron
NASA-UAP-D015-Astronaut-Scientific-Debriefings-1962-1963.pdf,131,PERSON,Mrs. Cameron
NASA-UAP-D015-Astronaut-Scientific-Debriefings-1962-1963.pdf,138,PERSON,Dr. Mulders
NASA-UAP-D015-Astronaut-Scientific-Debriefings-1962-1963.pdf,146,PERSON,Cdr. Schirra
NASA-UAP-D015-Astronaut-Scientific-Debriefings-1962-1963.pdf,178,ORG,NASA
NASA-UAP-D015-Astronaut-Scientific-Debriefings-1962-1963.pdf,182,PERSON,Mr. McD
NASA-UAP-D015-Astronaut-Scientific-Debriefings-1962-1963.pdf,182,PERSON,Mr. BIWI
NASA-UAP-D015-Astronaut-Scientific-Debriefings-1962-1963.pdf,191,PERSON,Dr. Gill
NASA-UAP-D016-Preliminary-Gemini-4-Crew-Debriefing-Part1-1965.pdf,1,ORG,NASA
NASA-UAP-D016-Preliminary-Gemini-4-Crew-Debriefing-Part1-1965.pdf,1,MARKING,DECLASSIFIED
NASA-UAP-D016-Preliminary-Gemini-4-Crew-Debriefing-Part1-1965.pdf,3,DATE,"June 9, 1965"
NASA-UAP-D016-Preliminary-Gemini-4-Crew-Debriefing-Part1-1965.pdf,3,DATE,"June 23, 1965"
NASA-UAP-D016-Preliminary-Gemini-4-Crew-Debriefing-Part1-1965.pdf,128,ORG,FTD
NASA-UAP-D016-Preliminary-Gemini-4-Crew-Debriefing-Part1-1965.pdf,137,MARKING,CONFIDENTIAl
NASA-UAP-D016-Preliminary-Gemini-4-Crew-Debriefing-Part1-1965.pdf,285,PERSON,Dr. Gilruth
NASA-UAP-D017-Preliminary-Gemini-4-Crew-Debriefing-Part2-1965.pdf,1,ORG,NASA
NASA-UAP-D017-Preliminary-Gemini-4-Crew-Debriefing-Part2-1965.pdf,1,MARKING,Declassified
NASA-UAP-D017-Preliminary-Gemini-4-Crew-Debriefing-Part2-1965.pdf,3,DATE,"June 12, 1965"
NASA-UAP-D017-Preliminary-Gemini-4-Crew-Debriefing-Part2-1965.pdf,69,ORG,NASA
NASA-UAP-D017-Preliminary-Gemini-4-Crew-Debriefing-Part2-1965.pdf,273,MARKING,restricted
NASA-UAP-D018-Gemini-4-Experiment-Debriefing-1967.pdf,1,ORG,NASA
NASA-UAP-D018-Gemini-4-Experiment-Debriefing-1967.pdf,2,DATE,"June 1, 1965"
NASA-UAP-D018-Gemini-4-Experiment-Debriefing-1967.pdf,3,DATE,6/1/65
NASA-UAP-D018-Gemini-4-Experiment-Debriefing-1967.pdf,4,DATE,6/1/65
NASA-UAP-D018-Gemini-4-Experiment-Debriefing-1967.pdf,5,DATE,6/1/65
NASA-UAP-D018-Gemini-4-Experiment-Debriefing-1967.pdf,6,DATE,6/1/65
NASA-UAP-D018-Gemini-4-Experiment-Debriefing-1967.pdf,7,DATE,6/1/65
NASA-UAP-D018-Gemini-4-Experiment-Debriefing-1967.pdf,8,DATE,"May 24, 1965"
NASA-UAP-D018-Gemini-4-Experiment-Debriefing-1967.pdf,8,DATE,3 June 1965
NASA-UAP-D018-Gemini-4-Experiment-Debriefing-1967.pdf,10,ORG,NASA
NASA-UAP-D018-Gemini-4-Experiment-Debriefing-1967.pdf,10,DATE,"August 15, 1963"
NASA-UAP-D018-Gemini-4-Experiment-Debriefing-1967.pdf,11,DATE,5/24/65
NASA-UAP-D018-Gemini-4-Experiment-Debriefing-1967.pdf,12,DATE,5/24/65
NASA-UAP-D018-Gemini-4-Experiment-Debriefing-1967.pdf,13,DATE,5/24/65
NASA-UAP-D018-Gemini-4-Experiment-Debriefing-1967.pdf,14,DATE,5/24/65
NASA-UAP-D018-Gemini-4-Experiment-Debriefing-1967.pdf,15,DATE,5/24/65
NASA-UAP-D018-Gemini-4-Experiment-Debriefing-1967.pdf,16,DATE,5/24/65
NASA-UAP-D018-Gemini-4-Experiment-Debriefing-1967.pdf,17,DATE,5/24/65
NASA-UAP-D018-Gemini-4-Experiment-Debriefing-1967.pdf,18,DATE,5/24/65
NASA-UAP-D018-Gemini-4-Experiment-Debriefing-1967.pdf,19,DATE,5/24/65
NASA-UAP-D018-Gemini-4-Experiment-Debriefing-1967.pdf,20,DATE,5/24/65
NASA-UAP-D018-Gemini-4-Experiment-Debriefing-1967.pdf,21,ORG,NASA
NASA-UAP-D018-Gemini-4-Experiment-Debriefing-1967.pdf,21,DATE,"June 10, 1929"
NASA-UAP-D018-Gemini-4-Experiment-Debriefing-1967.pdf,21,DATE,"November 14, 1930"
NASA-UAP-D018-Gemini-4-Experiment-Debriefing-1967.pdf,21,DATE,5/24/65
NASA-UAP-D018-Gemini-4-Experiment-Debriefing-1967.pdf,22,ORG,NASA
NASA-UAP-D018-Gemini-4-Experiment-Debriefing-1967.pdf,22,ORG,USAF
NASA-UAP-D018-Gemini-4-Experiment-Debriefing-1967.pdf,22,DATE,"March 14, 1928"
NASA-UAP-D018-Gemini-4-Experiment-Debriefing-1967.pdf,22,DATE,"March 25, 1928"
NASA-UAP-D018-Gemini-4-Experiment-Debriefing-1967.pdf,22,DATE,5/24/65
NASA-UAP-D018-Gemini-4-Experiment-Debriefing-1967.pdf,23,ORG,NASA
NASA-UAP-D018-Gemini-4-Experiment-Debriefing-1967.pdf,23,DATE,5/24/65
NASA-UAP-D018-Gemini-4-Experiment-Debriefing-1967.pdf,25,DATE,5/24/65
NASA-UAP-D018-Gemini-4-Experiment-Debriefing-1967.pdf,27,PERSON,Mr. C.C. Kraft MSC PROGRAM
NASA-UAP-D018-Gemini-4-Experiment-Debriefing-1967.pdf,27,ORG,NASA
NASA-UAP-D018-Gemini-4-Experiment-Debriefing-1967.pdf,27,DATE,5/24/65
NASA-UAP-D018-Gemini-4-Experiment-Debriefing-1967.pdf,28,DATE,5/24/65
NASA-UAP-D018-Gemini-4-Experiment-Debriefing-1967.pdf,30,DATE,5/24/65
NASA-UAP-D018-Gemini-4-Experiment-Debriefing-1967.pdf,31,ORG,USAF
NASA-UAP-D018-Gemini-4-Experiment-Debriefing-1967.pdf,31,DATE,5/24/65
NASA-UAP-D018-Gemini-4-Experiment-Debriefing-1967.pdf,32,DATE,5/24/65
NASA-UAP-D018-Gemini-4-Experiment-Debriefing-1967.pdf,33,ORG,NASA
NASA-UAP-D018-Gemini-4-Experiment-Debriefing-1967.pdf,34,ORG,NASA
NASA-UAP-D018-Gemini-4-Experiment-Debriefing-1967.pdf,36,ORG,NASA
NASA-UAP-D018-Gemini-4-Experiment-Debriefing-1967.pdf,133,PERSON,Dr. Berry
NASA-UAP-D018-Gemini-4-Experiment-Debriefing-1967.pdf,134,PERSON,Dr. Duana Catterson
NASA-UAP-D018-Gemini-4-Experiment-Debriefing-1967.pdf,134,PERSON,Mr. Krall Gordo'
NASA-UAP-D018-Gemini-4-Experiment-Debriefing-1967.pdf,135,PERSON,Dr. Howard Mmners
NASA-UAP-D018-Gemini-4-Experiment-Debriefing-1967.pdf,135,PERSON,Mrs. Charles Conrad Jr
NASA-UAP-D018-Gemini-4-Experiment-Debriefing-1967.pdf,135,PERSON,Dr. John Strong
NASA-UAP-D018-Gemini-4-Experiment-Debriefing-1967.pdf,135,PERSON,Dr. Strong
NASA-UAP-D018-Gemini-4-Experiment-Debriefing-1967.pdf,135,ORG,NASA
NASA-UAP-D018-Gemini-4-Experiment-Debriefing-1967.pdf,164,ORG,NASA
NASA-UAP-D018-Gemini-4-Experiment-Debriefing-1967.pdf,165,PERSON,Mr. Liccardi
NASA-UAP-D018-Gemini-4-Experiment-Debriefing-1967.pdf,165,PERSON,Dr. Gill
NASA-UAP-D018-Gemini-4-Experiment-Debriefing-1967.pdf,165,DATE,"July 16, 1965"
NASA-UAP-D018-Gemini-4-Experiment-Debriefing-1967.pdf,170,PERSON,Dr. Gill
NASA-UAP-D018-Gemini-4-Experiment-Debriefing-1967.pdf,170,DATE,"July 16, 1965"
NASA-UAP-D018-Gemini-4-Experiment-Debriefing-1967.pdf,171,ORG,NASA
NASA-UAP-D018-Gemini-4-Experiment-Debriefing-1967.pdf,171,MARKING,UNCLASSIFIED
NASA-UAP-D018-Gemini-4-Experiment-Debriefing-1967.pdf,172,PERSON,Mr DATA CORPOBATIO
NASA-UAP-D018-Gemini-4-Experiment-Debriefing-1967.pdf,172,ORG,SAFEGUARD
NASA-UAP-D018-Gemini-4-Experiment-Debriefing-1967.pdf,172,DATE,7/16/65
NASA-UAP-D018-Gemini-4-Experiment-Debriefing-1967.pdf,172,MARKING,UNCLASSIFIED
NASA-UAP-D018-Gemini-4-Experiment-Debriefing-1967.pdf,174,PERSON,Dr. Al Bo
NASA-UAP-D018-Gemini-4-Experiment-Debriefing-1967.pdf,175,ORG,NASA
NASA-UAP-D018-Gemini-4-Experiment-Debriefing-1967.pdf,175,DATE,24 June 1965
NASA-UAP-D018-Gemini-4-Experiment-Debriefing-1967.pdf,176,PERSON,Dr. J.R. Gill
NASA-UAP-D018-Gemini-4-Experiment-Debriefing-1967.pdf,176,ORG,NASA
NASA-UAP-D018-Gemini-4-Experiment-Debriefing-1967.pdf,178,DATE,6/7/65
NASA-UAP-D018-Gemini-4-Experiment-Debriefing-1967.pdf,179,DATE,6/7/65
NASA-UAP-D018-Gemini-4-Experiment-Debriefing-1967.pdf,180,DATE,6/7/65
NASA-UAP-D019-Gemini-5-Technical-Debriefing-Part1-1965.pdf,1,ORG,NASA
NASA-UAP-D019-Gemini-5-Technical-Debriefing-Part1-1965.pdf,2,MARKING,Declassified
NASA-UAP-D019-Gemini-5-Technical-Debriefing-Part1-1965.pdf,3,DATE,"August 30, 1965"
NASA-UAP-D019-Gemini-5-Technical-Debriefing-Part1-1965.pdf,3,DATE,"September 1, 1965"
NASA-UAP-D019-Gemini-5-Technical-Debriefing-Part1-1965.pdf,3,DATE,"September 3, 1965"
NASA-UAP-D019-Gemini-5-Technical-Debriefing-Part1-1965.pdf,139,MARKING,restricted
NASA-UAP-D019-Gemini-5-Technical-Debriefing-Part1-1965.pdf,215,MARKING,CONFIDENTIAL
NASA-UAP-D019-Gemini-5-Technical-Debriefing-Part1-1965.pdf,220,MARKING,CONFIDENTIAL
NASA-UAP-D020-Gemini-5-Technical-Debriefing-Part2-1965.pdf,1,ORG,NASA
NASA-UAP-D020-Gemini-5-Technical-Debriefing-Part2-1965.pdf,2,DATE,"September 2, 1965"
NASA-UAP-D020-Gemini-5-Technical-Debriefing-Part2-1965.pdf,2,MARKING,Declassified
NASA-UAP-D020-Gemini-5-Technical-Debriefing-Part2-1965.pdf,3,DATE,"August 30, 1965"
NASA-UAP-D020-Gemini-5-Technical-Debriefing-Part2-1965.pdf,3,DATE,"September 2, 1965"
NASA-UAP-D020-Gemini-5-Technical-Debriefing-Part2-1965.pdf,3,DATE,"September 1, 1965"
NASA-UAP-D021-Gemini-7-Technical-Debriefing-1965.pdf,1,ORG,NASA
NASA-UAP-D021-Gemini-7-Technical-Debriefing-1965.pdf,1,DATE,"December 23, 1965"
NASA-UAP-D021-Gemini-7-Technical-Debriefing-1965.pdf,139,ORG,SAC
NASA-UAP-D021-Gemini-7-Technical-Debriefing-1965.pdf,215,ORG,NASA
NASA-UAP-D022-Gemini-9-Debriefing-1966.pdf,1,ORG,NASA
NASA-UAP-D022-Gemini-9-Debriefing-1966.pdf,10,ORG,NASA
NASA-UAP-D022-Gemini-9-Debriefing-1966.pdf,10,ORG,IDA
NASA-UAP-D022-Gemini-9-Debriefing-1966.pdf,14,DATE,7/6/66
NASA-UAP-D022-Gemini-9-Debriefing-1966.pdf,19,ORG,NASA
NASA-UAP-D022-Gemini-9-Debriefing-1966.pdf,19,DATE,21 June 1966
NASA-UAP-D022-Gemini-9-Debriefing-1966.pdf,20,ORG,NASA
NASA-UAP-D022-Gemini-9-Debriefing-1966.pdf,21,PERSON,Mr. O. M. Ows
NASA-UAP-D022-Gemini-9-Debriefing-1966.pdf,21,PERSON,Mr. Owsley
NASA-UAP-D022-Gemini-9-Debriefing-1966.pdf,21,PERSON,Capt T. B. Owen
NASA-UAP-D022-Gemini-9-Debriefing-1966.pdf,21,PERSON,Dr. Maurice M
NASA-UAP-D022-Gemini-9-Debriefing-1966.pdf,21,PERSON,Dr. Shapiro
NASA-UAP-D022-Gemini-9-Debriefing-1966.pdf,21,PERSON,Capt J. C. Matheson
NASA-UAP-D022-Gemini-9-Debriefing-1966.pdf,21,PERSON,Mr. T. F. Principal Investigator
NASA-UAP-D022-Gemini-9-Debriefing-1966.pdf,21,PERSON,Mr. R. W. Fauntleroy
NASA-UAP-D022-Gemini-9-Debriefing-1966.pdf,21,PERSON,Mr. Fauntleroy
NASA-UAP-D022-Gemini-9-Debriefing-1966.pdf,21,PERSON,Mr. R. E
NASA-UAP-D022-Gemini-9-Debriefing-1966.pdf,21,PERSON,Mr. H. B. Brooks
NASA-UAP-D022-Gemini-9-Debriefing-1966.pdf,21,DATE,"June 10, 1966"
NASA-UAP-D022-Gemini-9-Debriefing-1966.pdf,21,DATE,"January 19, 1966"
NASA-UAP-D022-Gemini-9-Debriefing-1966.pdf,21,DATE,"March 31, 1966"
NASA-UAP-D022-Gemini-9-Debriefing-1966.pdf,21,DATE,"June 2, 1966"
NASA-UAP-D022-Gemini-9-Debriefing-1966.pdf,22,PERSON,Capt T. B. Owen
NASA-UAP-D022-Gemini-9-Debriefing-1966.pdf,22,PERSON,Dr. C. E. Cleeton
NASA-UAP-D022-Gemini-9-Debriefing-1966.pdf,22,PERSON,Dr. Richard Tousey
NASA-UAP-D022-Gemini-9-Debriefing-1966.pdf,22,PERSON,Dr. Tousey
NASA-UAP-D022-Gemini-9-Debriefing-1966.pdf,22,PERSON,Dr. Tousey's
NASA-UAP-D022-Gemini-9-Debriefing-1966.pdf,22,DATE,"December 21, 1964"
NASA-UAP-D022-Gemini-9-Debriefing-1966.pdf,23,ORG,NASA
NASA-UAP-D022-Gemini-9-Debriefing-1966.pdf,38,ORG,NASA
NASA-UAP-D022-Gemini-9-Debriefing-1966.pdf,39,ORG,NASA
NASA-UAP-D022-Gemini-9-Debriefing-1966.pdf,40,PERSON,Dr Jocelyn R. Gill
NASA-UAP-D022-Gemini-9-Debriefing-1966.pdf,40,MARKING,UNCLASSIFIED
NASA-UAP-D022-Gemini-9-Debriefing-1966.pdf,42,PERSON,Dr. Roacb
NASA-UAP-D022-Gemini-9-Debriefing-1966.pdf,42,PERSON,Mr. Dunkel.man
NASA-UAP-D022-Gemini-9-Debriefing-1966.pdf,42,DATE,6/6/66
NASA-UAP-D022-Gemini-9-Debriefing-1966.pdf,43,DATE,5/27/66
NASA-UAP-D022-Gemini-9-Debriefing-1966.pdf,43,DATE,5/31/66
NASA-UAP-D022-Gemini-9-Debriefing-1966.pdf,45,ORG,NASA
NASA-UAP-D022-Gemini-9-Debriefing-1966.pdf,46,PERSON,Dr. C
NASA-UAP-D022-Gemini-9-Debriefing-1966.pdf,46,DATE,6/6/66
NASA-UAP-D022-Gemini-9-Debriefing-1966.pdf,48,ORG,NASA
NASA-UAP-D022-Gemini-9-Debriefing-1966.pdf,52,ORG,NASA
NASA-UAP-D022-Gemini-9-Debriefing-1966.pdf,53,ORG,NASA
NASA-UAP-D022-Gemini-9-Debriefing-1966.pdf,54,DATE,5/13/66
NASA-UAP-D022-Gemini-9-Debriefing-1966.pdf,54,DATE,5/19/66
NASA-UAP-D022-Gemini-9-Debriefing-1966.pdf,55,ORG,NASA
NASA-UAP-D022-Gemini-9-Debriefing-1966.pdf,56,ORG,NASA
NASA-UAP-D022-Gemini-9-Debriefing-1966.pdf,58,DATE,"May 20, 1966"
NASA-UAP-D022-Gemini-9-Debriefing-1966.pdf,62,DATE,5/12/66
NASA-UAP-D022-Gemini-9-Debriefing-1966.pdf,63,ORG,NASA
NASA-UAP-D022-Gemini-9-Debriefing-1966.pdf,65,ORG,NASA
NASA-UAP-D022-Gemini-9-Debriefing-1966.pdf,72,ORG,NASA
NASA-UAP-D022-Gemini-9-Debriefing-1966.pdf,73,DATE,"March 7, 1966"
NASA-UAP-D022-Gemini-9-Debriefing-1966.pdf,73,DATE,"March 4, 1966"
NASA-UAP-D022-Gemini-9-Debriefing-1966.pdf,75,DATE,"March 7, 1966"
NASA-UAP-D022-Gemini-9-Debriefing-1966.pdf,76,DATE,3/7/66
USG-UAP-D001-Congress-WhiteHouse-UFO-Correspondence-1998.pdf,2,DATE,05/18/1998
USG-UAP-D001-Congress-WhiteHouse-UFO-Correspondence-1998.pdf,2,DATE,05/26/1998
USG-UAP-D001-Congress-WhiteHouse-UFO-Correspondence-1998.pdf,2,DATE,06/24/1998
USG-UAP-D001-Congress-WhiteHouse-UFO-Correspondence-1998.pdf,2,DATE,06/18/1998
USG-UAP-D001-Congress-WhiteHouse-UFO-Correspondence-1998.pdf,3,DATE,08/03/1998
USG-UAP-D001-Congress-WhiteHouse-UFO-Correspondence-1998.pdf,3,DATE,08/31/1998
USG-UAP-D001-Congress-WhiteHouse-UFO-Correspondence-1998.pdf,3,DATE,09/04/1998
USG-UAP-D001-Congress-WhiteHouse-UFO-Correspondence-1998.pdf,3,DATE,09/10/1998
USG-UAP-D001-Congress-WhiteHouse-UFO-Correspondence-1998.pdf,3,DATE,08/22/1998
USG-UAP-D001-Congress-WhiteHouse-UFO-Correspondence-1998.pdf,4,ORG,NASA
USG-UAP-D001-Congress-WhiteHouse-UFO-Correspondence-1998.pdf,4,ORG,NORAD
USG-UAP-D001-Congress-WhiteHouse-UFO-Correspondence-1998.pdf,4,DATE,"August 3, 1998"
USG-UAP-D001-Congress-WhiteHouse-UFO-Correspondence-1998.pdf,6,ORG,NICAP
USG-UAP-D001-Congress-WhiteHouse-UFO-Correspondence-1998.pdf,6,ORG,NASA
USG-UAP-D001-Congress-WhiteHouse-UFO-Correspondence-1998.pdf,6,ORG,NORAD
USG-UAP-D001-Congress-WhiteHouse-UFO-Correspondence-1998.pdf,7,ORG,NASA
USG-UAP-D001-Congress-WhiteHouse-UFO-Correspondence-1998.pdf,7,MARKING,secret
USG-UAP-D001-Congress-WhiteHouse-UFO-Correspondence-1998.pdf,8,ORG,NASA
USG-UAP-D001-Congress-WhiteHouse-UFO-Correspondence-1998.pdf,8,ORG,NICAP
USG-UAP-D001-Congress-WhiteHouse-UFO-Correspondence-1998.pdf,8,ORG,NORAD
USG-UAP-D001-Congress-WhiteHouse-UFO-Correspondence-1998.pdf,8,DATE,"June 3, 1965"
USG-UAP-D001-Congress-WhiteHouse-UFO-Correspondence-1998.pdf,10,ORG,NICAP
USG-UAP-D001-Congress-WhiteHouse-UFO-Correspondence-1998.pdf,10,ORG,NASA
USG-UAP-D001-Congress-WhiteHouse-UFO-Correspondence-1998.pdf,10,DATE,"March 5, 1976"
USG-UAP-D001-Congress-WhiteHouse-UFO-Correspondence-1998.pdf,11,ORG,NASA
USG-UAP-D001-Congress-WhiteHouse-UFO-Correspondence-1998.pdf,11,ORG,NORAD
USG-UAP-D001-Congress-WhiteHouse-UFO-Correspondence-1998.pdf,11,DATE,"July 1, 1965"
USG-UAP-D001-Congress-WhiteHouse-UFO-Correspondence-1998.pdf,12,ORG,NASA
USG-UAP-D001-Congress-WhiteHouse-UFO-Correspondence-1998.pdf,13,ORG,NASA
USG-UAP-D001-Congress-WhiteHouse-UFO-Correspondence-1998.pdf,13,DATE,"December 4, 1965"
USG-UAP-D001-Congress-WhiteHouse-UFO-Correspondence-1998.pdf,14,ORG,NASA
USG-UAP-D001-Congress-WhiteHouse-UFO-Correspondence-1998.pdf,15,PERSON,Dr. James Harder
USG-UAP-D001-Congress-WhiteHouse-UFO-Correspondence-1998.pdf,15,ORG,NORAD
USG-UAP-D001-Congress-WhiteHouse-UFO-Correspondence-1998.pdf,15,ORG,NASA
USG-UAP-D001-Congress-WhiteHouse-UFO-Correspondence-1998.pdf,16,ORG,NASA
USG-UAP-D001-Congress-WhiteHouse-UFO-Correspondence-1998.pdf,16,DATE,"April 12, 1976"
USG-UAP-D001-Congress-WhiteHouse-UFO-Correspondence-1998.pdf,16,MARKING,secret
USG-UAP-D001-Congress-WhiteHouse-UFO-Correspondence-1998.pdf,17,ORG,NASA
USG-UAP-D001-Congress-WhiteHouse-UFO-Correspondence-1998.pdf,19,ORG,NASA
USG-UAP-D001-Congress-WhiteHouse-UFO-Correspondence-1998.pdf,19,ORG,APRO
USG-UAP-D001-Congress-WhiteHouse-UFO-Correspondence-1998.pdf,20,PERSON,Mr. Donald Ratsch
USG-UAP-D001-Congress-WhiteHouse-UFO-Correspondence-1998.pdf,20,ORG,NASA
USG-UAP-D001-Congress-WhiteHouse-UFO-Correspondence-1998.pdf,20,ORG,APRO
USG-UAP-D001-Congress-WhiteHouse-UFO-Correspondence-1998.pdf,22,ORG,APRO
USG-UAP-D001-Congress-WhiteHouse-UFO-Correspondence-1998.pdf,22,ORG,NASA
USG-UAP-D001-Congress-WhiteHouse-UFO-Correspondence-1998.pdf,22,DATE,"July 19, 1969"
USG-UAP-D001-Congress-WhiteHouse-UFO-Correspondence-1998.pdf,23,ORG,NASA
USG-UAP-D001-Congress-WhiteHouse-UFO-Correspondence-1998.pdf,23,ORG,APRO
USG-UAP-D001-Congress-WhiteHouse-UFO-Correspondence-1998.pdf,24,ORG,NASA
USG-UAP-D001-Congress-WhiteHouse-UFO-Correspondence-1998.pdf,25,ORG,NASA
USG-UAP-D001-Congress-WhiteHouse-UFO-Correspondence-1998.pdf,26,ORG,NASA
USG-UAP-D001-Congress-WhiteHouse-UFO-Correspondence-1998.pdf,26,DATE,"May 10, 1976"
USG-UAP-D001-Congress-WhiteHouse-UFO-Correspondence-1998.pdf,26,DATE,"October 18, 1973"
USG-UAP-D001-Congress-WhiteHouse-UFO-Correspondence-1998.pdf,26,MARKING,secret
USG-UAP-D001-Congress-WhiteHouse-UFO-Correspondence-1998.pdf,27,ORG,NASA
USG-UAP-D001-Congress-WhiteHouse-UFO-Correspondence-1998.pdf,27,DATE,"May 10, 1976"
USG-UAP-D001-Congress-WhiteHouse-UFO-Correspondence-1998.pdf,27,DATE,"October 18, 1973"
USG-UAP-D001-Congress-WhiteHouse-UFO-Correspondence-1998.pdf,27,MARKING,secret
USG-UAP-D001-Congress-WhiteHouse-UFO-Correspondence-1998.pdf,28,ORG,NASA
USG-UAP-D001-Congress-WhiteHouse-UFO-Correspondence-1998.pdf,28,MARKING,secret
USG-UAP-D001-Congress-WhiteHouse-UFO-Correspondence-1998.pdf,29,ORG,NASA
USG-UAP-D001-Congress-WhiteHouse-UFO-Correspondence-1998.pdf,29,DATE,"Nov. 27, 1973"
USG-UAP-D001-Congress-WhiteHouse-UFO-Correspondence-1998.pdf,30,ORG,NASA
USG-UAP-D001-Congress-WhiteHouse-UFO-Correspondence-1998.pdf,31,ORG,NASA
USG-UAP-D001-Congress-WhiteHouse-UFO-Correspondence-1998.pdf,31,ORG,CIA
USG-UAP-D001-Congress-WhiteHouse-UFO-Correspondence-1998.pdf,31,DATE,"January 29, 1970"
USG-UAP-D001-Congress-WhiteHouse-UFO-Correspondence-1998.pdf,31,DATE,"Nov. 30, 1975"
USG-UAP-D001-Congress-WhiteHouse-UFO-Correspondence-1998.pdf,31,MARKING,SECRET
USG-UAP-D001-Congress-WhiteHouse-UFO-Correspondence-1998.pdf,32,DATE,"August 3, 1998"
USG-UAP-D001-Congress-WhiteHouse-UFO-Correspondence-1998.pdf,32,LOCATOR,Room 9L33
USG-UAP-D001-Congress-WhiteHouse-UFO-Correspondence-1998.pdf,33,ORG,NASA
USG-UAP-D001-Congress-WhiteHouse-UFO-Correspondence-1998.pdf,33,ORG,Project Blue Book
USG-UAP-D001-Congress-WhiteHouse-UFO-Correspondence-1998.pdf,33,ORG,CIA
USG-UAP-D001-Congress-WhiteHouse-UFO-Correspondence-1998.pdf,33,DATE,7/6/98
USG-UAP-D001-Congress-WhiteHouse-UFO-Correspondence-1998.pdf,33,DATE,"August 10, 1997"
USG-UAP-D001-Congress-WhiteHouse-UFO-Correspondence-1998.pdf,33,MARKING,secret
USG-UAP-D001-Congress-WhiteHouse-UFO-Correspondence-1998.pdf,34,MARKING,secret
USG-UAP-D001-Congress-WhiteHouse-UFO-Correspondence-1998.pdf,35,ORG,NASA
USG-UAP-D001-Congress-WhiteHouse-UFO-Correspondence-1998.pdf,35,DATE,"May 15, 1963"
USG-UAP-D001-Congress-WhiteHouse-UFO-Correspondence-1998.pdf,35,MARKING,secret
USG-UAP-D001-Congress-WhiteHouse-UFO-Correspondence-1998.pdf,36,ORG,NASA
USG-UAP-D001-Congress-WhiteHouse-UFO-Correspondence-1998.pdf,36,DATE,21 July 1969
USG-UAP-D001-Congress-WhiteHouse-UFO-Correspondence-1998.pdf,37,ORG,NASA
USG-UAP-D001-Congress-WhiteHouse-UFO-Correspondence-1998.pdf,38,PERSON,Dr. Vladimir Azhazha
USG-UAP-D001-Congress-WhiteHouse-UFO-Correspondence-1998.pdf,38,PERSON,Dr. Aleksandr Kasantsev
USG-UAP-D001-Congress-WhiteHouse-UFO-Correspondence-1998.pdf,38,ORG,NASA
USG-UAP-D001-Congress-WhiteHouse-UFO-Correspondence-1998.pdf,38,ORG,CIA
USG-UAP-D001-Congress-WhiteHouse-UFO-Correspondence-1998.pdf,38,DATE,"July 17, 1962"
USG-UAP-D001-Congress-WhiteHouse-UFO-Correspondence-1998.pdf,39,PERSON,Dr. Garry Henderson
USG-UAP-D001-Congress-WhiteHouse-UFO-Correspondence-1998.pdf,39,ORG,NASA
USG-UAP-D001-Congress-WhiteHouse-UFO-Correspondence-1998.pdf,39,DATE,"May 11, 1962"
USG-UAP-D001-Congress-WhiteHouse-UFO-Correspondence-1998.pdf,41,ORG,NASA
USG-UAP-D001-Congress-WhiteHouse-UFO-Correspondence-1998.pdf,41,DATE,"May 18, 1998"
USG-UAP-D001-Congress-WhiteHouse-UFO-Correspondence-1998.pdf,42,PERSON,Mr. Lawrence
USG-UAP-D001-Congress-WhiteHouse-UFO-Correspondence-1998.pdf,42,PERSON,Mr. Medway
USG-UAP-D001-Congress-WhiteHouse-UFO-Correspondence-1998.pdf,42,DATE,"May 18, 1998"
USG-UAP-D001-Congress-WhiteHouse-UFO-Correspondence-1998.pdf,43,ORG,NASA
USG-UAP-D001-Congress-WhiteHouse-UFO-Correspondence-1998.pdf,44,ORG,NASA
USG-UAP-D001-Congress-WhiteHouse-UFO-Correspondence-1998.pdf,45,ORG,NASA
USG-UAP-D001-Congress-WhiteHouse-UFO-Correspondence-1998.pdf,45,DATE,"May 26, 1998"
USG-UAP-D001-Congress-WhiteHouse-UFO-Correspondence-1998.pdf,45,DATE,"June 9, 1998"
USG-UAP-D001-Congress-WhiteHouse-UFO-Correspondence-1998.pdf,46,ORG,NASA
USG-UAP-D001-Congress-WhiteHouse-UFO-Correspondence-1998.pdf,47,DATE,05/18/1998
USG-UAP-D001-Congress-WhiteHouse-UFO-Correspondence-1998.pdf,47,DATE,05/26/1998
USG-UAP-D001-Congress-WhiteHouse-UFO-Correspondence-1998.pdf,47,DATE,06/18/1998
USG-UAP-D001-Congress-WhiteHouse-UFO-Correspondence-1998.pdf,48,ORG,NASA
USG-UAP-D001-Congress-WhiteHouse-UFO-Correspondence-1998.pdf,50,DATE,05/17/1998
USG-UAP-D001-Congress-WhiteHouse-UFO-Correspondence-1998.pdf,50,DATE,06/18/1998
USG-UAP-D001-Congress-WhiteHouse-UFO-Correspondence-1998.pdf,50,DATE,06/26/1998
USG-UAP-D001-Congress-WhiteHouse-UFO-Correspondence-1998.pdf,50,DATE,07/15/1998
USG-UAP-D001-Congress-WhiteHouse-UFO-Correspondence-1998.pdf,50,DATE,06/24/1998
USG-UAP-D001-Congress-WhiteHouse-UFO-Correspondence-1998.pdf,51,ORG,NASA
USG-UAP-D001-Congress-WhiteHouse-UFO-Correspondence-1998.pdf,51,DATE,"May 17, 1998"
USG-UAP-D001-Congress-WhiteHouse-UFO-Correspondence-1998.pdf,53,PERSON,Mr. President
USG-UAP-D001-Congress-WhiteHouse-UFO-Correspondence-1998.pdf,53,PERSON,Mrs. Clinton
USG-UAP-D001-Congress-WhiteHouse-UFO-Correspondence-1998.pdf,53,PERSON,Dr. Steven Greer
USG-UAP-D001-Congress-WhiteHouse-UFO-Correspondence-1998.pdf,53,ORG,CIA
USG-UAP-D001-Congress-WhiteHouse-UFO-Correspondence-1998.pdf,53,DATE,17 May 1998
USG-UAP-D001-Congress-WhiteHouse-UFO-Correspondence-1998.pdf,55,ORG,NASA
USG-UAP-D001-Congress-WhiteHouse-UFO-Correspondence-1998.pdf,55,DATE,"May 17, 1998"
USG-UAP-D001-Congress-WhiteHouse-UFO-Correspondence-1998.pdf,57,DATE,05/17/1998
USG-UAP-D001-Congress-WhiteHouse-UFO-Correspondence-1998.pdf,57,DATE,06/18/1998
USG-UAP-D001-Congress-WhiteHouse-UFO-Correspondence-1998.pdf,57,DATE,07/15/1998
USG-UAP-D001-Congress-WhiteHouse-UFO-Correspondence-1998.pdf,58,DATE,6/17/98
USG-UAP-D001-Congress-WhiteHouse-UFO-Correspondence-1998.pdf,58,DATE,05/17/1998
USG-UAP-D001-Congress-WhiteHouse-UFO-Correspondence-1998.pdf,58,DATE,06/17/1998
USG-UAP-D001-Congress-WhiteHouse-UFO-Correspondence-1998.pdf,58,DATE,07/15/1998
USG-UAP-D001-Congress-WhiteHouse-UFO-Correspondence-1998.pdf,59,DATE,05/17/1998
USG-UAP-D001-Congress-WhiteHouse-UFO-Correspondence-1998.pdf,59,DATE,06/17/1998
USG-UAP-D001-Congress-WhiteHouse-UFO-Correspondence-1998.pdf,59,DATE,07/15/1998
USG-UAP-D001-Congress-WhiteHouse-UFO-Correspondence-1998.pdf,60,DATE,06/04/1998
USG-UAP-D001-Congress-WhiteHouse-UFO-Correspondence-1998.pdf,60,DATE,06/15/1998
USG-UAP-D001-Congress-WhiteHouse-UFO-Correspondence-1998.pdf,60,DATE,06/18/1998
USG-UAP-D001-Congress-WhiteHouse-UFO-Correspondence-1998.pdf,60,DATE,07/06/1998
USG-UAP-D001-Congress-WhiteHouse-UFO-Correspondence-1998.pdf,61,ORG,NASA
USG-UAP-D001-Congress-WhiteHouse-UFO-Correspondence-1998.pdf,63,DATE,"June 4, 1998"
USG-UAP-D001-Congress-WhiteHouse-UFO-Correspondence-1998.pdf,63,LOCATOR,Room 9L33
USG-UAP-D001-Congress-WhiteHouse-UFO-Correspondence-1998.pdf,65,ORG,NASA
USG-UAP-D001-Congress-WhiteHouse-UFO-Correspondence-1998.pdf,65,ORG,USAF
USG-UAP-D001-Congress-WhiteHouse-UFO-Correspondence-1998.pdf,65,ORG,Project Blue Book
USG-UAP-D001-Congress-WhiteHouse-UFO-Correspondence-1998.pdf,66,ORG,Project Blue Book
USG-UAP-D001-Congress-WhiteHouse-UFO-Correspondence-1998.pdf,66,ORG,USAF
USG-UAP-D001-Congress-WhiteHouse-UFO-Correspondence-1998.pdf,66,ORG,NASA
USG-UAP-D001-Congress-WhiteHouse-UFO-Correspondence-1998.pdf,66,DATE,"December 17, 1969"
USG-UAP-D001-Congress-WhiteHouse-UFO-Correspondence-1998.pdf,67,ORG,NASA
USG-UAP-D001-Congress-WhiteHouse-UFO-Correspondence-1998.pdf,67,DATE,"February 14, 1997"
USG-UAP-D001-Congress-WhiteHouse-UFO-Correspondence-1998.pdf,68,ORG,NASA
USG-UAP-D001-Congress-WhiteHouse-UFO-Correspondence-1998.pdf,70,DATE,03/16/98
USG-UAP-D001-Congress-WhiteHouse-UFO-Correspondence-1998.pdf,70,DATE,04/23/98
USG-UAP-D001-Congress-WhiteHouse-UFO-Correspondence-1998.pdf,70,DATE,05/28/98
USG-UAP-D001-Congress-WhiteHouse-UFO-Correspondence-1998.pdf,70,DATE,05/01/98
USG-UAP-D001-Congress-WhiteHouse-UFO-Correspondence-1998.pdf,71,ORG,NASA
USG-UAP-D001-Congress-WhiteHouse-UFO-Correspondence-1998.pdf,71,DATE,"March 16, 1998"
USG-UAP-D001-Congress-WhiteHouse-UFO-Correspondence-1998.pdf,72,DATE,03/16/1998
USG-UAP-D001-Congress-WhiteHouse-UFO-Correspondence-1998.pdf,72,DATE,04/22/1998
USG-UAP-D001-Congress-WhiteHouse-UFO-Correspondence-1998.pdf,72,DATE,05/28/1998
USG-UAP-D001-Congress-WhiteHouse-UFO-Correspondence-1998.pdf,73,DATE,03/16/1998
USG-UAP-D001-Congress-WhiteHouse-UFO-Correspondence-1998.pdf,73,DATE,04/22/1998
USG-UAP-D001-Congress-WhiteHouse-UFO-Correspondence-1998.pdf,74,PERSON,Mr. President
USG-UAP-D001-Congress-WhiteHouse-UFO-Correspondence-1998.pdf,74,DATE,16 Mar 1998
USG-UAP-D001-Congress-WhiteHouse-UFO-Correspondence-1998.pdf,75,PERSON,Dr. Steven Greer. But
USG-UAP-D001-Congress-WhiteHouse-UFO-Correspondence-1998.pdf,76,PERSON,Mr. President. It
USG-UAP-D001-Congress-WhiteHouse-UFO-Correspondence-1998.pdf,77,ORG,NASA
USG-UAP-D001-Congress-WhiteHouse-UFO-Correspondence-1998.pdf,77,DATE,"March 16, 1998"
USG-UAP-D001-Congress-WhiteHouse-UFO-Correspondence-1998.pdf,78,DATE,05/13/1998
USG-UAP-D001-Congress-WhiteHouse-UFO-Correspondence-1998.pdf,78,DATE,05/27/1998
USG-UAP-D001-Congress-WhiteHouse-UFO-Correspondence-1998.pdf,78,DATE,06/17/1998
USG-UAP-D001-Congress-WhiteHouse-UFO-Correspondence-1998.pdf,80,ORG,NASA
USG-UAP-D001-Congress-WhiteHouse-UFO-Correspondence-1998.pdf,80,ORG,USAF
USG-UAP-D001-Congress-WhiteHouse-UFO-Correspondence-1998.pdf,80,ORG,Project Blue Book
USG-UAP-D001-Congress-WhiteHouse-UFO-Correspondence-1998.pdf,81,ORG,NASA
USG-UAP-D001-Congress-WhiteHouse-UFO-Correspondence-1998.pdf,81,ORG,Project Blue Book
USG-UAP-D001-Congress-WhiteHouse-UFO-Correspondence-1998.pdf,84,PERSON,Mr. Lawrence E. Medway Director
USG-UAP-D001-Congress-WhiteHouse-UFO-Correspondence-1998.pdf,84,PERSON,Mr. Medway
USG-UAP-D001-Congress-WhiteHouse-UFO-Correspondence-1998.pdf,84,DATE,"May 13, 1998"
USG-UAP-D001-Congress-WhiteHouse-UFO-Correspondence-1998.pdf,86,DATE,05/13/1998
USG-UAP-D001-Congress-WhiteHouse-UFO-Correspondence-1998.pdf,86,DATE,06/17/1998
USG-UAP-D001-Congress-WhiteHouse-UFO-Correspondence-1998.pdf,86,DATE,05/27/1998
