release_id,pdf_page,entity_type,value_verbatim,value_normalized,norm_rule
DOW-UAP-D092,2,PERSON,Dr. James McDonald,Dr. James McDonald,
DOW-UAP-D092,2,PERSON,Lt. Col. Harold A. Steiner,Lt Col Harold A. Steiner,RANK
DOW-UAP-D092,2,PERSON,Col. George Freeman,Col George Freeman,RANK
DOW-UAP-D092,2,PERSON,Col. Marvin Stanley,Col Marvin Stanley,RANK
DOW-UAP-D092,2,PERSON,Mr. James Hughes,Mr. James Hughes,
DOW-UAP-D092,2,PERSON,Maj. Joseph P. Martino,Maj Joseph P. Martino,RANK
DOW-UAP-D092,2,PERSON,Dr. J. Thomas Ratchford,Dr. J. Thomas Ratchford,
DOW-UAP-D092,2,PERSON,Maj. William Metscher,Maj William Metscher,RANK
DOW-UAP-D092,2,ORG,OAR,OAR,
DOW-UAP-D092,2,ORG,USAF,USAF,
DOW-UAP-D092,2,ORG,SAFOI-C,SAFOI-C,
DOW-UAP-D092,2,ORG,SAFOIP,SAFOIP,
DOW-UAP-D092,2,ORG,NASA,NASA,
DOW-UAP-D092,2,ORG,ONR,ONR,
DOW-UAP-D092,2,ORG,AFOSR (SRGC),AFOSR (SRGC),
DOW-UAP-D092,2,ORG,AFOSR (SRPS),AFOSR (SRPS),
DOW-UAP-D092,2,ORG,OAR (RROSP),OAR (RROSP),
DOW-UAP-D092,2,DATE,17 April 1967,17 April 1967,
DOW-UAP-D092,2,LOCATOR,Room SD982,Room SD982,
DOW-UAP-D092,2,LOCATOR,Tele. 697-4648,Tele. 697-4648,
DOW-UAP-D092,2,LOCATOR,Code 11-74648,Code 11-74648,
DOW-UAP-D092,2,LOCATOR,Room 4A,Room 4A,
DOW-UAP-D092,2,LOCATOR,Tele. 697-1128,Tele. 697-1128,
DOW-UAP-D092,2,LOCATOR,Code 11-71128,Code 11-71128,
DOW-UAP-D092,2,LOCATOR,Room 4C922,Room 4C922,
DOW-UAP-D092,2,LOCATOR,Tele. 695-5554,Tele. 695-5554,
DOW-UAP-D092,2,LOCATOR,Code 11-55554,Code 11-55554,
DOW-UAP-D092,2,LOCATOR,Room F50016,Room F50016,
DOW-UAP-D092,2,LOCATOR,Tele. 962-4961,Tele. 962-4961,
DOW-UAP-D092,2,LOCATOR,Code 13-24961,Code 13-24961,
DOW-UAP-D092,2,LOCATOR,Room 50016,Room 50016,
DOW-UAP-D092,2,LOCATOR,Room F50078,Room F50078,
DOW-UAP-D092,2,LOCATOR,Tele. 962-4621,Tele. 962-4621,
DOW-UAP-D092,2,LOCATOR,Code 13-24621,Code 13-24621,
DOW-UAP-D092,2,LOCATOR,Tele. 696-3563,Tele. 696-3563,
DOW-UAP-D092,2,LOCATOR,Code 11-63563,Code 11-63563,
DOW-UAP-D092,2,LOCATOR,Tele. 696-6739,Tele. 696-6739,
DOW-UAP-D092,2,LOCATOR,Code 11-66739,Code 11-66739,
DOW-UAP-D092,2,LOCATOR,Tele. 558-1641,Tele. 558-1641,
DOW-UAP-D092,2,LOCATOR,Tele. 558-1653,Tele. 558-1653,
DOW-UAP-D092,2,LOCATOR,Tele. 967-8088,Tele. 967-8088,
DOW-UAP-D092,2,LOCATOR,Tele. 694-4875,Tele. 694-4875,
DOW-UAP-D092,2,LOCATOR,Code 11-44875,Code 11-44875,
DOW-UAP-D092,2,LOCATOR,Tele. 694-5588,Tele. 694-5588,
DOW-UAP-D092,2,LOCATOR,Code 11-45588,Code 11-45588,
DOW-UAP-D092,2,LOCATOR,Tele. 694-5505,Tele. 694-5505,
DOW-UAP-D092,2,LOCATOR,Code 11-45505,Code 11-45505,
DOW-UAP-D092,5,PERSON,Lt Colonel Steiner,Lt Col Steiner,RANK
DOW-UAP-D092,5,PERSON,Dr. Brian O'Brien Chairman Consultant,Dr. Brian O'Brien Chairman Consultant,
DOW-UAP-D092,5,PERSON,Dr. Jesse Orla.nsky Member IDA,Dr. Jesse Orla.nsky Member IDA,
DOW-UAP-D092,5,PERSON,Col Robert Burger SAB Secretary,Col Robert Burger SAB Secretary,
DOW-UAP-D092,5,PERSON,Mrs. Sara Hunt Participant SAFOI,Mrs. Sara Hunt Participant SAFOI,
DOW-UAP-D092,5,PERSON,Col Harold A. Steiner SAB,Col Harold A. Steiner SAB,
DOW-UAP-D092,5,PERSON,Lt Colonel,Lt Col,RANK
DOW-UAP-D092,5,ORG,USAF,USAF,
DOW-UAP-D092,5,ORG,Project Blue Book,Project Blue Book,
DOW-UAP-D092,5,ORG,IDA,IDA,
DOW-UAP-D092,5,ORG,SAFOI,SAFOI,
DOW-UAP-D092,5,ORG,USAF (AFRSA),USAF (AFRSA),
DOW-UAP-D092,5,DATE,19 April 1966,19 April 1966,
DOW-UAP-D092,5,DATE,20 Apr 66,20 Apr 66,
DOW-UAP-D092,5,LOCATOR,Room 5D-1014,Room 5D-1014,
DOW-UAP-D092,6,PERSON,Dr. Stever,Dr. Stever,
DOW-UAP-D092,6,PERSON,Lt Col Hippler,Lt Col Hippler,
DOW-UAP-D092,6,PERSON,Mrs. Sara Hunt,Mrs. Sara Hunt,
DOW-UAP-D092,6,ORG,USAF,USAF,
DOW-UAP-D092,6,DATE,20 Apr 66,20 Apr 66,
DOW-UAP-D092,6,DATE,19 April 66,19 April 66,
DOW-UAP-D092,7,PERSON,Dr. Brian O'Brien Chairman Consultant,Dr. Brian O'Brien Chairman Consultant,
DOW-UAP-D092,7,PERSON,Dr. IB.unor F. Carter Member,Dr. IB.unor F. Carter Member,
DOW-UAP-D092,7,PERSON,Dr. Jesse Orlanaky Member IDA,Dr. Jesse Orlanaky Member IDA,
DOW-UAP-D092,7,PERSON,Dr. Richard Porter Member GE,Dr. Richard Porter Member GE,
DOW-UAP-D092,7,PERSON,Dr. Carl Sagan Member Smithsonian,Dr. Carl Sagan Member Smithsonian,
DOW-UAP-D092,7,PERSON,Dr. Willis H. Ware Member,Dr. Willis H. Ware Member,
DOW-UAP-D092,7,PERSON,Col John P. Spaul.ding Briefer,Col John P. Spaul.ding Briefer,
DOW-UAP-D092,7,PERSON,Dr. Anthony Cacioppo Participant Fl'D,Dr. Anthony Cacioppo Participant Fl'D,
DOW-UAP-D092,7,PERSON,Col Warren Wheeler Participant FTD,Col Warren Wheeler Participant FTD,
DOW-UAP-D092,7,PERSON,Maj Hector Quintanella. Briefer FTD,Maj Hector Quintanella. Briefer FTD,
DOW-UAP-D092,7,PERSON,Mr. Francis Arcier Participant Consultant,Mr. Francis Arcier Participant Consultant,
DOW-UAP-D092,7,PERSON,Col Florian Holm Briefer F'I'D,Col Florian Holm Briefer F'I'D,
DOW-UAP-D092,7,PERSON,Col Harold A. Steiner SAB,Col Harold A. Steiner SAB,
DOW-UAP-D092,7,PERSON,Lt Col,Lt Col,
DOW-UAP-D092,7,ORG,USAF,USAF,
DOW-UAP-D092,7,ORG,FTD,FTD,
DOW-UAP-D092,7,ORG,Project Blue Book,Project Blue Book,
DOW-UAP-D092,7,ORG,IDA,IDA,
DOW-UAP-D092,7,DATE,17 January 1953,17 January 1953,
DOW-UAP-D092,8,PERSON,Dr. O'Brien,Dr. O'Brien,
DOW-UAP-D092,8,PERSON,Lt Col Spaulding,Lt Col Spaulding,
DOW-UAP-D092,8,PERSON,Lt Colonel,Lt Col,RANK
DOW-UAP-D092,8,ORG,FTD,FTD,
DOW-UAP-D092,8,ORG,SAFOI,SAFOI,
DOW-UAP-D092,8,ORG,USAF,USAF,
DOW-UAP-D092,8,DATE,22 December 1965,22 December 1965,
DOW-UAP-D092,9,PERSON,Dr. Brian O'Brien Colcael Robert,Dr. Brian O'Brien Colcael Robert,
DOW-UAP-D092,9,PERSON,Dr. Jesse Orlansky Lt Col,Dr. Jesse Orlansky Lt Col,
DOW-UAP-D092,9,PERSON,Lt Col Robert Hippler,Lt Col Robert Hippler,
DOW-UAP-D092,9,PERSON,Lt Colonel Hippler,Lt Col Hippler,RANK
DOW-UAP-D092,9,ORG,Project Blue Book,Project Blue Book,
DOW-UAP-D092,9,ORG,FTD,FTD,
DOW-UAP-D092,9,DATE,20 April 1966,20 April 1966,
DOW-UAP-D092,9,LOCATOR,Room 5D-,Room 5D-,
DOW-UAP-D092,10,PERSON,Dr. Orlsnsky,Dr. Orlsnsky,
DOW-UAP-D092,10,PERSON,Dr. O'Brien,Dr. O'Brien,
DOW-UAP-D092,10,PERSON,Dr. Stever,Dr. Stever,
DOW-UAP-D092,10,PERSON,Dr. J. Allen Hynek,Dr. J. Allen Hynek,
DOW-UAP-D092,10,PERSON,Dr. Donald Menzel,Dr. Donald Menzel,
DOW-UAP-D092,10,ORG,AFSC,AFSC,
DOW-UAP-D092,10,ORG,OSI,OSI,
DOW-UAP-D092,11,PERSON,Mrs. MarJorie Wilson,Mrs. MarJorie Wilson,
DOW-UAP-D092,11,PERSON,Lt Col,Lt Col,
DOW-UAP-D092,12,PERSON,Mr. Baillie,Mr. Baillie,
DOW-UAP-D092,13,PERSON,Mr. David Smith,Mr. David Smith,
DOW-UAP-D092,13,PERSON,Mr. Peer DeSilva,Mr. Peer DeSilva,
DOW-UAP-D092,13,PERSON,Mr. Jesse Orlanaky,Mr. Jesse Orlanaky,
DOW-UAP-D092,13,ORG,USAF,USAF,
DOW-UAP-D092,13,DATE,31 July 1967,31 July 1967,
DOW-UAP-D092,15,PERSON,Dr. Stever Concerning SAB Support,Dr. Stever Concerning SAB Support,
DOW-UAP-D092,15,PERSON,Dr. Stever. In,Dr. Stever. In,
DOW-UAP-D092,15,PERSON,Dr. Stever,Dr. Stever,
DOW-UAP-D092,15,PERSON,Dr. SteTer,Dr. SteTer,
DOW-UAP-D092,15,ORG,USAF,USAF,
DOW-UAP-D092,15,DATE,18 May 1966,18 May 1966,
DOW-UAP-D092,16,PERSON,Dr. Stever,Dr. Stever,
DOW-UAP-D092,16,PERSON,Lt Col Hippler,Lt Col Hippler,
DOW-UAP-D092,16,PERSON,Dr. Brian O'Brien,Dr. Brian O'Brien,
DOW-UAP-D092,18,ORG,AFSC,AFSC,
DOW-UAP-D092,19,PERSON,Lt Colonel Steiner AFBSA,Lt Col Steiner AFBSA,RANK
DOW-UAP-D092,19,ORG,Project Blue Book,Project Blue Book,
DOW-UAP-D092,19,ORG,SAFOI,SAFOI,
DOW-UAP-D092,19,ORG,FTD,FTD,
DOW-UAP-D092,19,ORG,AFSC,AFSC,
DOW-UAP-D092,19,ORG,USAF,USAF,
DOW-UAP-D092,19,DATE,30 March 1966,30 March 1966,
DOW-UAP-D092,19,DATE,28 September 1965,28 September 1965,
DOW-UAP-D092,19,DATE,28 Sep 65,28 Sep 65,
DOW-UAP-D092,21,PERSON,Col Burger AFBSA,Col Burger AFBSA,
DOW-UAP-D092,21,PERSON,Dr. Stever,Dr. Stever,
DOW-UAP-D092,21,PERSON,Dr. Markey,Dr. Markey,
DOW-UAP-D092,21,ORG,FTD,FTD,
DOW-UAP-D092,21,ORG,USAF,USAF,
DOW-UAP-D092,21,DATE,5 October 1965,5 October 1965,
DOW-UAP-D092,22,ORG,Project Blue Book,Project Blue Book,
DOW-UAP-D092,22,DATE,30 June 1965,30 June 1965,
DOW-UAP-D092,23,ORG,Project Blue Book,Project Blue Book,
DOW-UAP-D092,23,ORG,USAF,USAF,
DOW-UAP-D092,24,PERSON,Lt. Colonel Harold A. Steiner,Lt Col Harold A. Steiner,RANK
DOW-UAP-D092,24,ORG,USAF,USAF,
DOW-UAP-D092,24,DATE,"February 13, 1969","February 13, 1969",
DOW-UAP-D092,25,PERSON,Lt. Colonel Harold A. Steiner,Lt Col Harold A. Steiner,RANK
DOW-UAP-D092,25,ORG,USAF,USAF,
DOW-UAP-D092,25,DATE,"February 28, 1969","February 28, 1969",
DOW-UAP-D092,26,PERSON,Lt Colonel,Lt Col,RANK
DOW-UAP-D092,26,PERSON,LtCol Ste,Lt Col Ste,RANK
DOW-UAP-D092,26,ORG,USAF,USAF,
DOW-UAP-D092,27,PERSON,Dr. Brian O'Brien Consultina Phyaicist,Dr. Brian O'Brien Consultina Phyaicist,
DOW-UAP-D092,27,PERSON,Dr. O'Brien,Dr. O'Brien,
DOW-UAP-D092,27,PERSON,Lt Colonel,Lt Col,RANK
DOW-UAP-D092,27,PERSON,Dr. Launor F. Carter Mr,Dr. Launor F. Carter Mr,
DOW-UAP-D092,27,PERSON,Dr. Richard Porter Dr. Carl,Dr. Richard Porter Dr. Carl,
DOW-UAP-D092,27,PERSON,Dr. Willis H. Ware,Dr. Willis H. Ware,
DOW-UAP-D092,27,ORG,USAF,USAF,
DOW-UAP-D092,27,DATE,6 February 1969,6 February 1969,
DOW-UAP-D092,27,MARKING,Secret,SECRET,MARKING
DOW-UAP-D092,28,PERSON,Mr. Don Berliner National Inveatigations,Mr. Don Berliner National Inveatigations,
DOW-UAP-D092,28,ORG,Project Blue Book,Project Blue Book,
DOW-UAP-D092,28,ORG,USAF,USAF,
DOW-UAP-D092,28,DATE,27 February 1968,27 February 1968,
DOW-UAP-D092,28,DATE,26 February 1968,26 February 1968,
DOW-UAP-D092,29,PERSON,Mr. Don Berliner Natianal Investigations,Mr. Don Berliner Natianal Investigations,
DOW-UAP-D092,29,PERSON,Lt Colonel,Lt Col,RANK
DOW-UAP-D092,29,ORG,USAF,USAF,
DOW-UAP-D092,29,ORG,Project Blue Book,Project Blue Book,
DOW-UAP-D092,29,DATE,28 February 1968,28 February 1968,
DOW-UAP-D092,30,PERSON,Lt. Col. Harold A. Steiner Aasiatar,Lt Col Harold A. Steiner Aasiatar,RANK
DOW-UAP-D092,30,PERSON,Col. Steiners Encleaed,Col Steiners Encleaed,RANK
DOW-UAP-D092,30,ORG,USAF,USAF,
DOW-UAP-D092,30,ORG,NICAP,NICAP,
DOW-UAP-D092,30,DATE,"Feb. 28, 1968","Feb. 28, 1968",
DOW-UAP-D092,31,PERSON,Mr. Don Berliner,Mr. Don Berliner,
DOW-UAP-D092,31,ORG,Project Bluebook,Project Bluebook,
DOW-UAP-D092,31,ORG,SAF-OICO,SAF-OICO,
DOW-UAP-D092,32,PERSON,Mr. Chester N. Hasert Acting,Mr. Chester N. Hasert Acting,
DOW-UAP-D092,32,PERSON,Mr. Smith,Mr. Smith,
DOW-UAP-D092,32,PERSON,Dr. H. Guyford Stever NW,Dr. H. Guyford Stever NW,
DOW-UAP-D092,32,ORG,USAF,USAF,
DOW-UAP-D092,32,DATE,"July 27, 1967","July 27, 1967",
DOW-UAP-D092,32,LOCATOR,Room 5D,Room 5D,
DOW-UAP-D092,33,PERSON,Dr. Bill Price's,Dr. Bill Price's,
DOW-UAP-D092,33,PERSON,Dr. Edward V. Condon,Dr. Edward V. Condon,
DOW-UAP-D092,33,PERSON,Mr. Robert J. Low,Mr. Robert J. Low,
DOW-UAP-D092,33,PERSON,Dr. W. K. Hartman,Dr. W. K. Hartman,
DOW-UAP-D092,33,PERSON,Dr. William Price,Dr. William Price,
DOW-UAP-D092,33,PERSON,Dr. Tom Ratchford,Dr. Tom Ratchford,
DOW-UAP-D092,33,PERSON,Dr. Jesse Orlansky,Dr. Jesse Orlansky,
DOW-UAP-D092,33,PERSON,Dr. Willis Ware,Dr. Willis Ware,
DOW-UAP-D092,33,PERSON,Mr. Chester N. Hasert,Mr. Chester N. Hasert,
DOW-UAP-D092,33,PERSON,Lt Col Harold A. Steiner,Lt Col Harold A. Steiner,
DOW-UAP-D092,33,PERSON,Lt Col Robert Hippler,Lt Col Robert Hippler,
DOW-UAP-D092,33,PERSON,Mr. Charles K. Reed,Mr. Charles K. Reed,
DOW-UAP-D092,33,PERSON,Mr. L. V. Brasher,Mr. L. V. Brasher,
DOW-UAP-D092,33,PERSON,Mr. Dan Taylor,Mr. Dan Taylor,
DOW-UAP-D092,33,ORG,Project Blue Book,Project Blue Book,
DOW-UAP-D092,33,DATE,16 May 1967,16 May 1967,
DOW-UAP-D092,33,DATE,5 May 1967,5 May 1967,
DOW-UAP-D092,34,PERSON,Mr. Richard Hall,Mr. Richard Hall,
DOW-UAP-D092,34,ORG,NICAP,NICAP,
DOW-UAP-D092,34,ORG,Project Blue Book,Project Blue Book,
DOW-UAP-D092,35,PERSON,Dr. Stever,Dr. Stever,
DOW-UAP-D092,35,PERSON,Dr. Condon. Lt Colonel,Dr. Condon. Lt Colonel,
DOW-UAP-D092,35,ORG,NICAP,NICAP,
DOW-UAP-D092,35,ORG,USAF,USAF,
DOW-UAP-D092,35,DATE,1 January 1967,1 January 1967,
DOW-UAP-D092,36,PERSON,Mr. William P. Wietzel,Mr. William P. Wietzel,
DOW-UAP-D092,36,PERSON,Mr. William Wietzel,Mr. William Wietzel,
DOW-UAP-D092,36,PERSON,Mr. Wietzel,Mr. Wietzel,
DOW-UAP-D092,36,PERSON,Mr. Wietzel's,Mr. Wietzel's,
DOW-UAP-D092,36,PERSON,Lt Colonel,Lt Col,RANK
DOW-UAP-D092,36,ORG,NICAP,NICAP,
DOW-UAP-D092,36,ORG,USAF,USAF,
DOW-UAP-D092,36,DATE,10 August 1966,10 August 1966,
DOW-UAP-D092,36,MARKING,restricted,RESTRICTED,MARKING
DOW-UAP-D092,42,PERSON,Lt Col John P. Spaulding,Lt Col John P. Spaulding,
DOW-UAP-D092,42,PERSON,Mrs. Sarah Hunt,Mrs. Sarah Hunt,
DOW-UAP-D092,42,ORG,SAFOI,SAFOI,
DOW-UAP-D092,42,ORG,FTD,FTD,
DOW-UAP-D092,42,DATE,1 January 1966,1 January 1966,
DOW-UAP-D092,43,ORG,SAFOI,SAFOI,
DOW-UAP-D092,43,ORG,Project Blue Book,Project Blue Book,
DOW-UAP-D092,43,ORG,USAF,USAF,
DOW-UAP-D092,43,ORG,FTD,FTD,
DOW-UAP-D092,45,ORG,USAF,USAF,
DOW-UAP-D092,49,DATE,16 February 1953,16 February 1953,
DOW-UAP-D092,50,PERSON,Dr. H.P. Robertson,Dr. H.P. Robertson,
DOW-UAP-D092,50,PERSON,Dr. Thornton Page,Dr. Thornton Page,
DOW-UAP-D092,50,PERSON,Dr. Samuel A. Goudsmit,Dr. Samuel A. Goudsmit,
DOW-UAP-D092,50,PERSON,Dr. Lloyd V. Berk,Dr. Lloyd V. Berk,
DOW-UAP-D092,50,ORG,CIA,CIA,
DOW-UAP-D092,50,ORG,ATIC,ATIC,
DOW-UAP-D092,51,PERSON,Capt. E. J. Ruppelt,Capt E. J. Ruppelt,RANK
DOW-UAP-D092,51,PERSON,Mr. E. J. Ruppelt,Mr. E. J. Ruppelt,
DOW-UAP-D092,51,ORG,CIA,CIA,
DOW-UAP-D092,51,ORG,ATIC,ATIC,
DOW-UAP-D092,51,DATE,5 August 19,5 August 19,
DOW-UAP-D092,52,PERSON,Mr. Ruppo,Mr. Ruppo,
DOW-UAP-D092,52,PERSON,Mr. Ruppclt,Mr. Ruppclt,
DOW-UAP-D092,52,ORG,CIA,CIA,
DOW-UAP-D092,52,ORG,ATIC,ATIC,
DOW-UAP-D092,53,PERSON,Dr. Lloyd V. Berkner,Dr. Lloyd V. Berkner,
DOW-UAP-D092,53,ORG,ATIC,ATIC,
DOW-UAP-D092,53,ORG,CIA,CIA,
DOW-UAP-D092,54,PERSON,Dr. Berkner. The,Dr. Berkner. The,
DOW-UAP-D092,54,ORG,USAF,USAF,
DOW-UAP-D092,55,ORG,ATIC,ATIC,
DOW-UAP-D092,55,DATE,1 August 1952,1 August 1952,
DOW-UAP-D092,55,DATE,2 July 1952,2 July 1952,
DOW-UAP-D092,55,DATE,19 July 1952,19 July 1952,
DOW-UAP-D092,55,DATE,5 August 1952,5 August 1952,
DOW-UAP-D092,55,DATE,29 July 1952,29 July 1952,
DOW-UAP-D092,55,DATE,10 October 1952,10 October 1952,
DOW-UAP-D092,58,ORG,ATIC,ATIC,
DOW-UAP-D092,59,PERSON,Dr. Goudsmit,Dr. Goudsmit,
DOW-UAP-D092,59,PERSON,Dr. Page,Dr. Page,
DOW-UAP-D092,59,ORG,ATIC,ATIC,
DOW-UAP-D092,63,PERSON,Dr. Pase,Dr. Pase,
DOW-UAP-D092,63,ORG,CIA,CIA,
DOW-UAP-D092,63,ORG,ADC,ADC,
DOW-UAP-D092,63,ORG,ATIC,ATIC,
DOW-UAP-D092,64,PERSON,Dr. Robertson,Dr. Robertson,
DOW-UAP-D092,64,ORG,ATIC,ATIC,
DOW-UAP-D092,65,PERSON,Dr. Page,Dr. Page,
DOW-UAP-D092,66,PERSON,Dr. Berkner,Dr. Berkner,
DOW-UAP-D092,66,ORG,ADC,ADC,
DOW-UAP-D092,68,PERSON,Dr. Hadley Cantril,Dr. Hadley Cantril,
DOW-UAP-D092,68,MARKING,secret,SECRET,MARKING
DOW-UAP-D092,69,PERSON,Dr. Berknar,Dr. Berknar,
DOW-UAP-D092,69,ORG,ONR,ONR,
DOW-UAP-D092,69,ORG,ATIC,ATIC,
DOW-UAP-D092,70,ORG,ATIC,ATIC,
DOW-UAP-D092,71,PERSON,Dr. Robertson,Dr. Robertson,
DOW-UAP-D092,71,ORG,ATIC,ATIC,
DOW-UAP-D092,71,ORG,ADC,ADC,
DOW-UAP-D092,75,ORG,ATIC,ATIC,
DOW-UAP-D092,75,ORG,USAF,USAF,
DOW-UAP-D092,75,DATE,17 January 1953,17 January 1953,
DOW-UAP-D092,75,DATE,2 July 1952,2 July 1952,
DOW-UAP-D092,76,ORG,USAF,USAF,
CIA-UAP-D022,1,MARKING,UNCLASSIFIED,UNCLASSIFIED,
CIA-UAP-D022,1,MARKING,CONFIDENTIAL,CONFIDENTIAL,
CIA-UAP-D022,1,MARKING,SECRET,SECRET,
CIA-UAP-D022,2,MARKING,restricted,RESTRICTED,MARKING
CIA-UAP-D022,2,MARKING,TOP SECRET,TOP SECRET,
CIA-UAP-D022,5,MARKING,TOP SECRET,TOP SECRET,
CIA-UAP-D022,5,MARKING,restricted,RESTRICTED,MARKING
CIA-UAP-D022,6,ORG,OSI,OSI,
CIA-UAP-D022,6,DATE,24 November 1964,24 November 1964,
FBI-UAP-D032,1,ORG,FBI,FBI,
DOW-UAP-D097,1,ORG,USAF,USAF,
DOW-UAP-D097,1,DATE,1 July 1948,1 July 1948,
DOW-UAP-D097,1,DATE,26 January 1948,26 January 1948,
DOW-UAP-D097,2,PERSON,Dr. Ining Langmuir,Dr. Ining Langmuir,
DOW-UAP-D097,3,DATE,Jul 47 0930,Jul 47 0930,
DOW-UAP-D097,3,DATE,Jul 47 1000,Jul 47 1000,
DOW-UAP-D097,3,DATE,7 Jul 47,7 Jul 47,
DOW-UAP-D097,3,DATE,Jul 47 1150,Jul 47 1150,
DOW-UAP-D097,3,DATE,4 Jul 47,4 Jul 47,
DOW-UAP-D097,3,DATE,Jun 47 1500,Jun 47 1500,
DOW-UAP-D097,3,DATE,20 Oct 47,20 Oct 47,
DOW-UAP-D097,3,MARKING,CONFIDENTIAL,CONFIDENTIAL,
DOW-UAP-D097,4,DATE,29 Jun 47,29 Jun 47,
DOW-UAP-D097,4,DATE,30 Jun 47,30 Jun 47,
DOW-UAP-D097,4,DATE,4 Jul 47,4 Jul 47,
DOW-UAP-D097,4,DATE,10 Jul 47,10 Jul 47,
DOW-UAP-D097,4,DATE,24 Jun 47,24 Jun 47,
DOW-UAP-D097,4,DATE,23 Jun 47,23 Jun 47,
DOW-UAP-D097,4,DATE,7 Jan 41,7 Jan 41,
DOW-UAP-D097,4,DATE,13 Oct 47,13 Oct 47,
DOW-UAP-D097,4,DATE,12 Nov 41,12 Nov 41,
DOW-UAP-D097,4,MARKING,CONFIDENTIAL,CONFIDENTIAL,
DOW-UAP-D097,5,DATE,10 Jun 47,10 Jun 47,
DOW-UAP-D097,5,DATE,7 Jul 47,7 Jul 47,
DOW-UAP-D097,5,DATE,29 Jun 47,29 Jun 47,
DOW-UAP-D097,5,DATE,28 Jun 47,28 Jun 47,
DOW-UAP-D097,5,DATE,22 Jun 47,22 Jun 47,
DOW-UAP-D097,5,DATE,6 Jul 47,6 Jul 47,
DOW-UAP-D097,5,DATE,7 Jan 48,7 Jan 48,
DOW-UAP-D097,5,DATE,9 Jan 48,9 Jan 48,
DOW-UAP-D097,5,DATE,29 Jul 47,29 Jul 47,
DOW-UAP-D097,6,DATE,6 Jul 47,6 Jul 47,
DOW-UAP-D097,6,DATE,4 Aug 47,4 Aug 47,
DOW-UAP-D097,6,DATE,10 Jul 47,10 Jul 47,
DOW-UAP-D097,6,DATE,8 Sept 47,8 Sept 47,
DOW-UAP-D097,6,DATE,19 Aug 47,19 Aug 47,
DOW-UAP-D097,6,DATE,2 Jun 47,2 Jun 47,
DOW-UAP-D097,6,DATE,10 Aug 47,10 Aug 47,
DOW-UAP-D097,6,DATE,Aug 47 1600,Aug 47 1600,
DOW-UAP-D097,6,DATE,24 Jun 47,24 Jun 47,
DOW-UAP-D097,6,DATE,6 Aug 47,6 Aug 47,
DOW-UAP-D097,6,DATE,Aug 47 1300,Aug 47 1300,
DOW-UAP-D097,6,DATE,5 Aug 47,5 Aug 47,
DOW-UAP-D097,6,DATE,79 Apr 47,79 Apr 47,
DOW-UAP-D097,7,DATE,7 Jul 47,7 Jul 47,
DOW-UAP-D097,7,DATE,6 Jul 47,6 Jul 47,
DOW-UAP-D097,7,DATE,29 Jun 47,29 Jun 47,
DOW-UAP-D097,7,DATE,28 Jun 41,28 Jun 41,
DOW-UAP-D097,7,DATE,30 Dec 47,30 Dec 47,
DOW-UAP-D097,7,DATE,5 Jan 46,5 Jan 46,
DOW-UAP-D097,8,ORG,USAF,USAF,
DOW-UAP-D097,9,PERSON,Lt Governor,Lt Governor,
DOW-UAP-D097,9,ORG,USAF,USAF,
DOW-UAP-D097,10,ORG,USAF,USAF,
DOW-UAP-D097,11,MARKING,CONFIDENTIAL,CONFIDENTIAL,
DOW-UAP-D097,12,PERSON,Lt. Col,Lt Col,RANK
DOW-UAP-D097,12,PERSON,Capt. AC Reser-,Capt AC Reser-,RANK
DOW-UAP-D097,13,PERSON,Lt. Col. USAP Jot,Lt Col USAP Jot,RANK
DOW-UAP-D097,13,ORG,USAF,USAF,
DOW-UAP-D097,19,PERSON,Col OJ',Col OJ',
DOW-UAP-D097,23,MARKING,CONFIDENTIAL,CONFIDENTIAL,
DOW-UAP-D097,27,MARKING,CONFIDENTIAL,CONFIDENTIAL,
DOW-UAP-D097,30,MARKING,CONFIDENTIAL,CONFIDENTIAL,
DOW-UAP-D097,33,DATE,19 Feb 48,19 Feb 48,
DOW-UAP-D097,33,MARKING,CONFIDENTIAL,CONFIDENTIAL,
DOW-UAP-D097,36,MARKING,secret,SECRET,MARKING
DOW-UAP-D097,38,DATE,"November 23, 1912","November 23, 1912",
DOW-UAP-D097,39,MARKING,restricted,RESTRICTED,MARKING
DOW-UAP-D097,40,MARKING,secret,SECRET,MARKING
DOW-UAP-D097,41,ORG,CIA,CIA,
DOW-UAP-D097,44,MARKING,secret,SECRET,MARKING
DOW-UAP-D097,45,PERSON,Col. Kncmeyer,Col Kncmeyer,RANK
DOW-UAP-D097,45,MARKING,Secret,SECRET,MARKING
FBI-UAP-D014,1,ORG,FBI,FBI,
FBI-UAP-D014,2,DATE,9/22/67,9/22/67,
FBI-UAP-D014,4,PERSON,Mrs. Lelah H,Mrs. Lelah H,
FBI-UAP-D014,4,ORG,FBI,FBI,
FBI-UAP-D014,4,DATE,"April 8, 1954","April 8, 1954",
FBI-UAP-D014,4,DATE,"January 1, 1954","January 1, 1954",
FBI-UAP-D014,4,DATE,"December 3, 1954","December 3, 1954",
FBI-UAP-D014,5,PERSON,Mr. Bryant,Mr. Bryant,
FBI-UAP-D014,5,ORG,FBI,FBI,
FBI-UAP-D014,5,DATE,"October 10, 1974","October 10, 1974",
CIA-UAP-D020,1,ORG,CIA,CIA,
CIA-UAP-D020,1,MARKING,Top Secret,TOP SECRET,MARKING
CIA-UAP-D020,3,ORG,OSI,OSI,
CIA-UAP-D020,3,DATE,31 October 19,31 October 19,
DOW-UAP-D090,2,ORG,USAF,USAF,
DOW-UAP-D096,12,PERSON,Mr. James,Mr. James,
DOW-UAP-D096,12,PERSON,Mr. Gullett,Mr. Gullett,
DOW-UAP-D096,12,ORG,USAF,USAF,
DOW-UAP-D096,12,DATE,2 December 1954,2 December 1954,
DOW-UAP-D096,15,ORG,Project Bluebook,Project Bluebook,
DOW-UAP-D096,15,DATE,"January 4, 1955","January 4, 1955",
DOW-UAP-D096,25,DATE,2/31/54,2/31/54,
DOW-UAP-D096,41,ORG,ATIC,ATIC,
DOW-UAP-D096,55,ORG,ONR,ONR,
DOW-UAP-D096,55,LOCATOR,Room 180,Room 180,
DOW-UAP-D096,55,MARKING,secret,SECRET,MARKING
DOW-UAP-D096,71,ORG,USAF,USAF,
DOW-UAP-D096,71,DATE,"December 8, 1954","December 8, 1954",
DOW-UAP-D096,92,ORG,USAF,USAF,
DOW-UAP-D096,92,DATE,26 Jan 55,26 Jan 55,
DOW-UAP-D096,94,PERSON,Lt. Col,Lt Col,RANK
DOW-UAP-D096,94,DATE,26 January 1955,26 January 1955,
DOW-UAP-D096,99,ORG,USAF,USAF,
DOW-UAP-D096,99,DATE,25 February 1955,25 February 1955,
DOW-UAP-D096,103,MARKING,secret,SECRET,MARKING
DOW-UAP-D096,106,ORG,USAF,USAF,
DOW-UAP-D096,114,PERSON,Lt Col BlOC,Lt Col BlOC,
DOW-UAP-D096,114,PERSON,Lt Colonel,Lt Col,RANK
DOW-UAP-D096,137,ORG,Project Blue Book,Project Blue Book,
DOW-UAP-D096,137,ORG,ATIC,ATIC,
DOW-UAP-D096,137,DATE,50 Jan 55,50 Jan 55,
DOW-UAP-D096,137,DATE,33 Aug 54,33 Aug 54,
DOW-UAP-D096,137,DATE,38 Feb 55,38 Feb 55,
DOW-UAP-D096,137,DATE,27 Sep 54,27 Sep 54,
DOW-UAP-D096,137,DATE,44 Mar 55,44 Mar 55,
DOW-UAP-D096,137,DATE,34 Oct 54,34 Oct 54,
DOW-UAP-D096,137,DATE,1 Apr 55,1 Apr 55,
DOW-UAP-D096,137,DATE,33 Nov 54,33 Nov 54,
DOW-UAP-D096,137,DATE,40 May 55,40 May 55,
DOW-UAP-D096,137,DATE,42 Dec 54,42 Dec 54,
DOW-UAP-D096,137,DATE,12 August 1954,12 August 1954,
DOW-UAP-D096,156,DATE,8 August 1955,8 August 1955,
DOW-UAP-D096,156,DATE,18 July 55,18 July 55,
DOW-UAP-D096,161,PERSON,Mr. R. Be,Mr. R. Be,
DOW-UAP-D096,161,PERSON,Mr. Gillis,Mr. Gillis,
DOW-UAP-D096,161,PERSON,Lt Col.Onel,Lt Col.Onel,
DOW-UAP-D096,167,PERSON,Mr. Moseley,Mr. Moseley,
DOW-UAP-D096,167,ORG,Project Bluebook,Project Bluebook,
DOW-UAP-D096,200,PERSON,Mr. T.M,Mr. T.M,
DOW-UAP-D096,200,PERSON,Mr. Onversaagt,Mr. Onversaagt,
DOW-UAP-D096,207,PERSON,Mr. Beanstatter,Mr. Beanstatter,
DOW-UAP-D096,217,PERSON,Lt Col T. Jolm.aon,Lt Col T. Jolm.aon,
DOW-UAP-D096,217,PERSON,Mr. Mal.len,Mr. Mal.len,
DOW-UAP-D094,4,DATE,10 December 1948,10 December 1948,
DOW-UAP-D094,4,MARKING,DECLASSIFIED,DECLASSIFIED,
DOW-UAP-D094,6,ORG,USAF,USAF,
DOW-UAP-D094,7,PERSON,Dr. Guenther Bock,Dr. Guenther Bock,
DOW-UAP-D094,9,PERSON,Dr. Guenther Bock,Dr. Guenther Bock,
DOW-UAP-D094,9,PERSON,Dr. Bock,Dr. Bock,
DOW-UAP-D094,10,MARKING,secret,SECRET,MARKING
DOW-UAP-D094,13,DATE,28 June 1947,28 June 1947,
DOW-UAP-D094,13,DATE,7 July 1947,7 July 1947,
DOW-UAP-D094,15,PERSON,Mr. Wocilrutf,Mr. Wocilrutf,
DOW-UAP-D094,16,PERSON,Mr. Rhoads. On,Mr. Rhoads. On,
DOW-UAP-D094,17,PERSON,Lt. Comdr. Marcus L. Lowe,Lt Comdr. Marcus L. Lowe,RANK
DOW-UAP-D094,17,PERSON,Mr. Booneville,Mr. Booneville,
DOW-UAP-D094,17,PERSON,Lt. George F. Gorman,Lt George F. Gorman,RANK
DOW-UAP-D094,17,DATE,7 January 1948,7 January 1948,
DOW-UAP-D094,17,DATE,6 April 1948,6 April 1948,
DOW-UAP-D094,17,DATE,30 April 1948,30 April 1948,
DOW-UAP-D094,17,DATE,1 July 1948,1 July 1948,
DOW-UAP-D094,17,DATE,17 July 1948,17 July 1948,
DOW-UAP-D094,17,DATE,12 September 1947,12 September 1947,
DOW-UAP-D094,17,DATE,15 June 1948,15 June 1948,
DOW-UAP-D094,17,DATE,26 July 1948,26 July 1948,
DOW-UAP-D094,17,DATE,20 July 1948,20 July 1948,
DOW-UAP-D094,17,DATE,3 August 1948,3 August 1948,
DOW-UAP-D094,17,DATE,1 October 1948,1 October 1948,
DOW-UAP-D094,20,PERSON,Mr. L. D. Jensen,Mr. L. D. Jensen,
DOW-UAP-D094,20,PERSON,Mr. Manuel E. Johnson,Mr. Manuel E. Johnson,
DOW-UAP-D094,20,PERSON,Dr. L. N. Cannon,Dr. L. N. Cannon,
DOW-UAP-D094,20,PERSON,Lt. Kenwood W. Jackson,Lt Kenwood W. Jackson,RANK
DOW-UAP-D094,20,PERSON,Lt. Glen L. Stalker,Lt Glen L. Stalker,RANK
DOW-UAP-D094,20,PERSON,Lt. Henry G. Combs,Lt Henry G. Combs,RANK
DOW-UAP-D094,20,PERSON,Lt. Combs,Lt Combs,RANK
DOW-UAP-D094,20,DATE,18 November 1948,18 November 1948,
DOW-UAP-D094,20,DATE,1 July 1947,1 July 1947,
DOW-UAP-D094,20,DATE,16 September 1947,16 September 1947,
DOW-UAP-D094,20,DATE,22 July 1948,22 July 1948,
DOW-UAP-D094,21,PERSON,Mr. Moore,Mr. Moore,
DOW-UAP-D094,21,DATE,19 August 1848,19 August 1848,
DOW-UAP-D094,33,DATE,5 Dec 0900,5 Dec 0900,
DOW-UAP-D094,33,MARKING,TOP SECRET,TOP SECRET,
DOW-UAP-D094,33,MARKING,Secret,SECRET,MARKING
DOE-UAP-D004,2,PERSON,Mr. Morgan Mr. Bevburger University,Mr. Morgan Mr. Bevburger University,
DOE-UAP-D004,2,PERSON,Dr. Bradbury D.r. Holloway,Dr. Bradbury D.r. Holloway,
DOE-UAP-D004,2,PERSON,Mr. Hoyt Dr. Me.nl.ey Dr,Mr. Hoyt Dr. Me.nl.ey Dr,
DOE-UAP-D004,2,PERSON,Dr. Teller,Dr. Teller,
DOE-UAP-D004,2,PERSON,Dr. LaPaz,Dr. LaPaz,
DOE-UAP-D004,2,PERSON,Dr. IaPaz,Dr. IaPaz,
DOE-UAP-D004,2,PERSON,Dr. La.Paz,Dr. LaPaz,LAPAZ
DOE-UAP-D004,2,DATE,16 February 1949,16 February 1949,
DOE-UAP-D004,2,MARKING,Secret,SECRET,MARKING
DOE-UAP-D004,2,MARKING,DECLASSIFIED,DECLASSIFIED,
DOE-UAP-D004,3,PERSON,Dr. Teller,Dr. Teller,
DOE-UAP-D004,3,PERSON,Dr. Manl,Dr. Manl,
DOE-UAP-D004,3,PERSON,Dr. La.Po,Dr. La.Po,
DOE-UAP-D004,4,PERSON,Dr. MaDl.e,Dr. MaDl.e,
DOE-UAP-D004,4,PERSON,Dr. LaPe.z,Dr. LaPe.z,
DOE-UAP-D004,4,DATE,1 January 30,1 January 30,
DOE-UAP-D004,4,DATE,"December 12, 1948","December 12, 1948",
DOE-UAP-D004,4,MARKING,restricted,RESTRICTED,MARKING
DOE-UAP-D004,5,PERSON,Dr. Teller,Dr. Teller,
DOE-UAP-D004,5,PERSON,Dr. Tellel,Dr. Tellel,
DOE-UAP-D004,5,ORG,OSI,OSI,
DOE-UAP-D004,6,PERSON,Dr. Teller,Dr. Teller,
DOE-UAP-D004,6,PERSON,Dr. LaPa.z,Dr. LaPaz,LAPAZ
DOE-UAP-D004,6,PERSON,Dr. Te.lle,Dr. Te.lle,
DOE-UAP-D004,6,PERSON,Dr. LaPaz,Dr. LaPaz,
DOE-UAP-D004,6,PERSON,Lt. Rym,Lt Rym,RANK
DOE-UAP-D004,6,PERSON,Lt. Ryan,Lt Ryan,RANK
DOE-UAP-D004,7,PERSON,Dr. Le.Paz,Dr. LaPaz,LAPAZ
DOE-UAP-D004,7,PERSON,Dr. Teller,Dr. Teller,
DOE-UAP-D004,8,PERSON,Dr. Mmley,Dr. Mmley,
DOE-UAP-D004,8,PERSON,Dr. La.Paz,Dr. LaPaz,LAPAZ
DOE-UAP-D004,8,PERSON,Dr. Le.Paz,Dr. LaPaz,LAPAZ
DOE-UAP-D004,8,DATE,"January 1, 1948","January 1, 1948",
DOE-UAP-D004,9,PERSON,Mr. Iiewbu,Mr. Iiewbu,
DOE-UAP-D004,9,PERSON,Dr. La.Paz,Dr. LaPaz,LAPAZ
DOE-UAP-D004,9,PERSON,Dr. LaPo.z,Dr. LaPo.z,
DOE-UAP-D004,9,PERSON,Dr. Regener,Dr. Regener,
DOE-UAP-D004,9,PERSON,Dr. Bradb.iry,Dr. Bradb.iry,
DOE-UAP-D004,9,DATE,"Februnry 18, 1948","Februnry 18, 1948",
DOE-UAP-D004,9,DATE,"January 16, 1946","January 16, 1946",
DOE-UAP-D004,10,PERSON,Dr. LaPaz,Dr. LaPaz,
DOE-UAP-D004,10,PERSON,Dr. Teller,Dr. Teller,
DOE-UAP-D004,10,PERSON,Dr. La.Paz,Dr. LaPaz,LAPAZ
DOE-UAP-D004,10,PERSON,Mr. Hoyi,Mr. Hoyi,
DOE-UAP-D004,10,PERSON,Mr. Hoyt,Mr. Hoyt,
DOE-UAP-D004,10,PERSON,Mr. Boyt,Mr. Boyt,
DOE-UAP-D004,10,PERSON,Dr. J'..a.Pa,Dr. J'..a.Pa,
DOE-UAP-D004,10,PERSON,Dr. Bradbury,Dr. Bradbury,
DOE-UAP-D004,11,PERSON,Dr. LePaz,Dr. LaPaz,LAPAZ
DOE-UAP-D004,11,PERSON,Dr. Br,Dr. Br,
DOE-UAP-D004,11,PERSON,Dr. IsPo.t,Dr. IsPo.t,
DOE-UAP-D004,11,PERSON,Sgt. Kinaley'o,Sgt Kinaley'o,RANK
DOE-UAP-D004,11,PERSON,Dr. Shel,Dr. Shel,
DOE-UAP-D004,11,PERSON,Mrs. Sm,Mrs. Sm,
DOE-UAP-D004,11,PERSON,Dr. LllPaz. It,Dr. LllPaz. It,
DOE-UAP-D004,12,PERSON,Dr. La.Paz,Dr. LaPaz,LAPAZ
DOE-UAP-D004,12,PERSON,Dr. Fred,Dr. Fred,
DOE-UAP-D004,12,PERSON,Dr. Le.Po.z,Dr. Le.Po.z,
DOE-UAP-D004,12,PERSON,Dr. Ka.plan,Dr. Ka.plan,
DOE-UAP-D004,12,PERSON,Dr. Bradbury,Dr. Bradbury,
DOE-UAP-D004,12,ORG,OSI,OSI,
DOE-UAP-D004,13,PERSON,Dr. Teller,Dr. Teller,
DOE-UAP-D004,13,PERSON,Dr. Lo.Paz,Dr. Lo.Paz,
DOE-UAP-D004,13,PERSON,Dr. LaPaz,Dr. LaPaz,
DOE-UAP-D004,13,PERSON,Dr. La.Paz,Dr. LaPaz,LAPAZ
DOE-UAP-D004,13,PERSON,Dr. Bradbury,Dr. Bradbury,
DOE-UAP-D004,13,PERSON,Dr. LaPa.z,Dr. LaPaz,LAPAZ
DOE-UAP-D004,13,PERSON,Dr. Shem.an Smith,Dr. Shem.an Smith,
DOE-UAP-D004,14,PERSON,Dr. Bradbury,Dr. Bradbury,
DOE-UAP-D004,14,PERSON,Dr. LaI'az,Dr. LaI'az,
DOE-UAP-D004,14,PERSON,Dr. Bradb,Dr. Bradb,
DOE-UAP-D004,14,PERSON,Dr. Le.Paz,Dr. LaPaz,LAPAZ
DOE-UAP-D004,14,PERSON,Dr. LaPa.z,Dr. LaPaz,LAPAZ
DOE-UAP-D004,15,PERSON,Dr. Braub,Dr. Braub,
DOE-UAP-D004,15,PERSON,Dr. LaPnz,Dr. LaPnz,
DOE-UAP-D004,15,PERSON,Dr. La.Paz,Dr. LaPaz,LAPAZ
DOE-UAP-D004,15,PERSON,Dr. La,Dr. La,
DOE-UAP-D004,15,PERSON,Dr. Lansberg,Dr. Lansberg,
DOE-UAP-D004,15,DATE,"October 30, 1947","October 30, 1947",
DOE-UAP-D004,16,PERSON,Dr. Lal'ez,Dr. Lal'ez,
DOE-UAP-D004,16,PERSON,Dr. Bradbury,Dr. Bradbury,
DOE-UAP-D004,16,PERSON,Dr. La.Paz,Dr. LaPaz,LAPAZ
DOE-UAP-D004,16,PERSON,Dr. LaPnz,Dr. LaPnz,
DOE-UAP-D004,16,PERSON,Mr. Hewburger,Mr. Hewburger,
DOE-UAP-D004,16,PERSON,Mr. Nevburger,Mr. Nevburger,
DOE-UAP-D004,17,PERSON,Dr. Bradbury,Dr. Bradbury,
DOE-UAP-D004,17,PERSON,Dr. LaPa.z,Dr. LaPaz,LAPAZ
DOE-UAP-D004,17,PERSON,Dr. Teller,Dr. Teller,
DOE-UAP-D004,17,PERSON,Dr. LaP,Dr. LaP,
DOE-UAP-D004,17,PERSON,Dr. LePaz,Dr. LaPaz,LAPAZ
DOE-UAP-D004,17,PERSON,Dr. Le.Paz,Dr. LaPaz,LAPAZ
DOE-UAP-D004,18,PERSON,Mr. Hoyt,Mr. Hoyt,
DOE-UAP-D004,18,PERSON,Dr. Teller,Dr. Teller,
DOE-UAP-D004,18,PERSON,Mr. Boyt,Mr. Boyt,
DOE-UAP-D004,18,PERSON,Dr. Bred.bury,Dr. Bred.bury,
DOE-UAP-D004,18,PERSON,Dr. LaPa.z,Dr. LaPaz,LAPAZ
DOE-UAP-D004,18,PERSON,Dr. Kapl.E.n,Dr. Kapl.E.n,
DOE-UAP-D004,18,PERSON,Gen. Bunker,Gen Bunker,RANK
DOE-UAP-D004,18,PERSON,Dr. Le.Paz,Dr. LaPaz,LAPAZ
DOE-UAP-D004,18,PERSON,Dr. LaPaz,Dr. LaPaz,
DOE-UAP-D004,18,PERSON,Gen. Carroll,Gen Carroll,RANK
DOE-UAP-D004,19,PERSON,Dr. LaPe.z,Dr. LaPe.z,
DOE-UAP-D004,19,PERSON,Dr. Teller,Dr. Teller,
DOE-UAP-D004,19,PERSON,Dr. La.Paz,Dr. LaPaz,LAPAZ
DOE-UAP-D004,19,PERSON,Dr. Telle,Dr. Telle,
DOE-UAP-D004,19,PERSON,Mr. Hoyt,Mr. Hoyt,
DOE-UAP-D004,19,PERSON,Dr. LaPaz,Dr. LaPaz,
DOE-UAP-D004,20,PERSON,Dr. Kamplan,Dr. Kamplan,
DOE-UAP-D004,20,PERSON,Dr. Teller,Dr. Teller,
DOE-UAP-D004,20,PERSON,Dr. La.Paz,Dr. LaPaz,LAPAZ
DOE-UAP-D004,20,PERSON,Dr. Tell,Dr. Tell,
DOE-UAP-D004,20,PERSON,Dr. LaPaz,Dr. LaPaz,
DOE-UAP-D004,20,PERSON,Dr. Reneger,Dr. Reneger,
DOE-UAP-D004,21,PERSON,Dr. La.Po.z,Dr. La.Po.z,
DOE-UAP-D004,21,PERSON,Dr. La.Paz,Dr. LaPaz,LAPAZ
DOE-UAP-D004,21,PERSON,Dr. Kapl.e.n,Dr. Kapl.e.n,
DOE-UAP-D004,21,PERSON,Mr. Nwburger,Mr. Nwburger,
DOE-UAP-D004,21,PERSON,Dr. LePaz,Dr. LaPaz,LAPAZ
DOE-UAP-D004,21,PERSON,Dr. LaFa.a,Dr. LaFa.a,
DOE-UAP-D004,22,PERSON,Dr. Hollm,Dr. Hollm,
DOE-UAP-D004,22,PERSON,Dr. LaPaz,Dr. LaPaz,
DOE-UAP-D004,22,PERSON,Dr. LaPar,Dr. LaPar,
DOE-UAP-D004,22,PERSON,Dr. LaP,Dr. LaP,
DOE-UAP-D004,23,PERSON,Dr. Bn.dbury,Dr. Bn.dbury,
DOE-UAP-D004,23,PERSON,Mr. Nevburger,Mr. Nevburger,
DOE-UAP-D004,23,PERSON,Dr. Le.Paz,Dr. LaPaz,LAPAZ
DOE-UAP-D004,23,PERSON,Dr. Teller,Dr. Teller,
DOE-UAP-D004,23,PERSON,Dr. LaPaz,Dr. LaPaz,
DOE-UAP-D004,23,PERSON,Dr. Hollovay,Dr. Hollovay,
DOE-UAP-D004,23,PERSON,Dr. Tf,Dr. Tf,
DOE-UAP-D004,23,PERSON,Dr. La.Pa,Dr. La.Pa,
DOE-UAP-D004,24,PERSON,Dr. Le.Paz,Dr. LaPaz,LAPAZ
DOE-UAP-D004,24,PERSON,Dr. Tell,Dr. Tell,
DOE-UAP-D004,24,PERSON,Dr. Teller,Dr. Teller,
DOE-UAP-D004,24,PERSON,Dr. LaPaz,Dr. LaPaz,
DOE-UAP-D004,25,PERSON,Dr. Teller,Dr. Teller,
DOE-UAP-D004,25,PERSON,Dr. TelJ..er,Dr. TelJ..er,
DOE-UAP-D004,25,PERSON,Dr. La',Dr. La',
DOE-UAP-D004,25,PERSON,Dr. Teller. Nothing,Dr. Teller. Nothing,
DOE-UAP-D004,25,PERSON,Dr. Bradbury,Dr. Bradbury,
DOE-UAP-D004,25,PERSON,Mr. Nevburger,Mr. Nevburger,
CIA-UAP-D021,1,ORG,CIA,CIA,
CIA-UAP-D021,1,MARKING,Top Secret,TOP SECRET,MARKING
DOW-UAP-D093,1,MARKING,DEClASSIFIED,DECLASSIFIED,MARKING
DOW-UAP-D093,3,DATE,10 Nov 47,10 Nov 47,
DOW-UAP-D093,4,ORG,USAF,USAF,
DOW-UAP-D093,6,ORG,USAF,USAF,
DOW-UAP-D093,15,MARKING,secret,SECRET,MARKING
DOW-UAP-D093,21,DATE,7 July 1947,7 July 1947,
DOW-UAP-D093,31,PERSON,Lt. George F. C-orman,Lt George F. C-orman,RANK
DOW-UAP-D093,31,DATE,3 Augutt 1948,3 Augutt 1948,
DOW-UAP-D093,32,PERSON,Lt. Glen L. Stalker,Lt Glen L. Stalker,RANK
DOW-UAP-D093,32,ORG,IDA,IDA,
DOW-UAP-D095,4,DATE,10 December 1954,10 December 1954,
DOW-UAP-D095,27,PERSON,Lt Colonel Pvrior,Lt Col Pvrior,RANK
DOW-UAP-D095,27,MARKING,SECRET,SECRET,
DOW-UAP-D095,30,PERSON,Lt. Gen. D. L. Putt,Lt Gen D. L. Putt,RANK
DOW-UAP-D095,30,DATE,14 December 1954,14 December 1954,
DOW-UAP-D095,37,ORG,USAF,USAF,
DOW-UAP-D095,39,PERSON,Col. Ma.cDuff COMi,Col Ma.cDuff COMi,RANK
DOW-UAP-D095,40,PERSON,Col. MacDuff,Col MacDuff,RANK
DOW-UAP-D095,40,PERSON,Lt. Col. Farrior,Lt Col Farrior,RANK
DOW-UAP-D095,40,PERSON,Col. OWynne,Col OWynne,RANK
DOW-UAP-D095,40,DATE,11 July 1955,11 July 1955,
DOW-UAP-D095,40,DATE,7 July 55,7 July 55,
DOW-UAP-D095,41,PERSON,Col Whitaain,Col Whitaain,
DOW-UAP-D095,41,ORG,USAF,USAF,
DOW-UAP-D095,41,DATE,21 June 48,21 June 48,
DOW-UAP-D095,57,ORG,USAF,USAF,
DOW-UAP-D095,57,ORG,ADC,ADC,
DOE-UAP-D005,1,DATE,"September 2, 2015","September 2, 2015",
DOE-UAP-D005,1,MARKING,Unclassified,UNCLASSIFIED,MARKING
DOE-UAP-D005,2,MARKING,UNCLASSIFIED,UNCLASSIFIED,
DOE-UAP-D005,3,DATE,"September 1, 2015","September 1, 2015",
DOE-UAP-D005,4,ORG,FBI,FBI,
DOW-UAP-D089,2,DATE,5/19/2026,5/19/2026,
FBI-UAP-D033,1,ORG,FBI,FBI,
DOS-UAP-D002,1,PERSON,Mr. Harold Midkiff,Mr. Harold Midkiff,
DOS-UAP-D002,1,ORG,NASA,NASA,
DOS-UAP-D002,1,DATE,"November 8, 1964","November 8, 1964",
DOS-UAP-D002,1,DATE,"November 14, 1963","November 14, 1963",
DOS-UAP-D002,1,MARKING,UNCLASSIFIED,UNCLASSIFIED,
DOS-UAP-D002,1,MARKING,DECLASSIFIED,DECLASSIFIED,
DOS-UAP-D002,2,MARKING,DECLASSIFIED,DECLASSIFIED,
DOW-UAP-D098,2,MARKING,CONFIDENTIAL,CONFIDENTIAL,
DOW-UAP-D098,3,ORG,USAF,USAF,
DOW-UAP-D098,3,DATE,27 Oct 1952,27 Oct 1952,
DOW-UAP-D098,3,DATE,24 Nov 1952,24 Nov 1952,
DOW-UAP-D098,3,DATE,5 Dec 1952,5 Dec 1952,
DOW-UAP-D098,3,DATE,16 Feb 1953,16 Feb 1953,
DOW-UAP-D098,3,DATE,2 July 1952,2 July 1952,
DOW-UAP-D098,22,MARKING,CONFIDENTIAL,CONFIDENTIAL,
DOS-UAP-D001,1,ORG,CIA,CIA,
DOS-UAP-D001,1,ORG,NSA,NSA,
DOS-UAP-D001,1,ORG,NASA,NASA,
DOS-UAP-D001,1,DATE,11/14/63,11/14/63,
DOS-UAP-D001,1,MARKING,UNCLASSIFIED,UNCLASSIFIED,
DOS-UAP-D001,1,MARKING,DECLASSIFIED,DECLASSIFIED,
FBI-UAP-D028,1,ORG,FBI,FBI,
FBI-UAP-D028,2,ORG,FBI,FBI,
DOW-UAP-D101,1,DATE,6/1/22,6/1/22,
DOW-UAP-D101,1,DATE,8 September 2021,8 September 2021,
DOW-UAP-D101,1,DATE,03/26/26,03/26/26,
DOW-UAP-D101,2,DATE,6/1/22,6/1/22,
DOW-UAP-D101,2,DATE,8 September 2021,8 September 2021,
DOW-UAP-D101,3,ORG,FBI,FBI,
DOW-UAP-D101,3,DATE,03/26/26,03/26/26,
DOW-UAP-D101,4,ORG,CIA,CIA,
DOW-UAP-D101,4,DATE,6/1/22,6/1/22,
DOW-UAP-D101,4,DATE,8 September 2021,8 September 2021,
DOW-UAP-D101,4,DATE,08 Sep 2021,08 Sep 2021,
DOW-UAP-D101,5,DATE,6/1/22,6/1/22,
DOW-UAP-D101,5,MARKING,SECRET,SECRET,
DOW-UAP-D101,6,ORG,CIA,CIA,
DOW-UAP-D101,6,ORG,NASA,NASA,
DOW-UAP-D101,6,DATE,8 September 2021,8 September 2021,
DOW-UAP-D101,7,DATE,6/1/22,6/1/22,
FBI-UAP-D026,1,ORG,FBI,FBI,
FBI-UAP-D026,3,ORG,USAF,USAF,
EOP-UAP-D001,1,ORG,FBI,FBI,
DOW-UAP-D100,1,ORG,USAF,USAF,
DOW-UAP-D100,1,DATE,30 Decembor 1947,30 Decembor 1947,
DOW-UAP-D100,2,ORG,USAF,USAF,
DOW-UAP-D100,2,DATE,30 December 1947,30 December 1947,
DOW-UAP-D100,7,DATE,3 Nov 48,3 Nov 48,
DOW-UAP-D100,7,DATE,8 Nov 48,8 Nov 48,
DOW-UAP-D100,8,PERSON,Dr. Irving Langmuir,Dr. Irving Langmuir,
DOW-UAP-D100,8,PERSON,Dr. Langmuir,Dr. Langmuir,
DOW-UAP-D100,8,ORG,USAF,USAF,
DOW-UAP-D100,8,DATE,3 Nov 48,3 Nov 48,
DOW-UAP-D100,9,ORG,USAF,USAF,
DOW-UAP-D100,9,DATE,3 Nov 48,3 Nov 48,
DOW-UAP-D100,10,ORG,USAF,USAF,
DOW-UAP-D100,10,DATE,12 Nov 48,12 Nov 48,
DOW-UAP-D100,10,DATE,27 Aug 48,27 Aug 48,
DOW-UAP-D100,10,DATE,26 Oct 48,26 Oct 48,
DOW-UAP-D100,11,ORG,USAF,USAF,
DOW-UAP-D100,12,ORG,USAF,USAF,
DOW-UAP-D100,12,DATE,26 Octo 48,26 Octo 48,
DOW-UAP-D100,15,PERSON,Gen. C. Mi,Gen C. Mi,RANK
DOW-UAP-D100,15,DATE,3 Nov 48,3 Nov 48,
DOW-UAP-D100,17,ORG,USAF,USAF,
DOW-UAP-D100,17,DATE,28 Oct. 48,28 Oct. 48,
DOW-UAP-D100,18,DATE,"Sept. 14, 1948","Sept. 14, 1948",
DOW-UAP-D100,18,DATE,14 Sep 48,14 Sep 48,
DOW-UAP-D100,18,DATE,13 October 194,13 October 194,
DOW-UAP-D100,20,PERSON,Maj. Phipps,Maj Phipps,RANK
DOW-UAP-D100,20,DATE,20 Oct 48,20 Oct 48,
DOW-UAP-D100,22,ORG,USAF,USAF,
DOW-UAP-D100,22,DATE,27 October 1948,27 October 1948,
DOW-UAP-D100,24,ORG,CIA,CIA,
DOW-UAP-D100,24,DATE,7 October 1948,7 October 1948,
DOW-UAP-D100,33,ORG,Project Sign,Project Sign,
DOW-UAP-D100,38,PERSON,Lt. Col. Garrett,Lt Col Garrett,RANK
DOW-UAP-D100,38,DATE,25 October 1948,25 October 1948,
DOW-UAP-D100,38,DATE,21 October 1948,21 October 1948,
DOW-UAP-D100,40,PERSON,Lt. Col. Garre,Lt Col Garre,RANK
DOW-UAP-D100,40,ORG,USAF,USAF,
DOW-UAP-D100,40,DATE,6 Oct. 48,6 Oct. 48,
DOW-UAP-D100,41,DATE,7 Oct 48,7 Oct 48,
DOW-UAP-D100,47,DATE,9 Sep 19,9 Sep 19,
DOW-UAP-D100,51,PERSON,Capt. Eldridge,Capt Eldridge,RANK
DOW-UAP-D100,51,ORG,USAF,USAF,
DOW-UAP-D100,51,DATE,21 Jul 48,21 Jul 48,
DOW-UAP-D100,52,PERSON,Lt Col USAF,Lt Col USAF,
DOW-UAP-D100,52,ORG,CIA,CIA,
DOW-UAP-D100,52,ORG,USAF,USAF,
DOW-UAP-D100,52,DATE,15 December 1947,15 December 1947,
DOW-UAP-D100,54,DATE,5 Dec 47,5 Dec 47,
DOW-UAP-D100,56,ORG,USAF,USAF,
DOW-UAP-D100,57,DATE,9 July 1948,9 July 1948,
DOW-UAP-D100,57,DATE,"July 4, 1948","July 4, 1948",
DOW-UAP-D100,57,DATE,"July 8, 1948","July 8, 1948",
DOW-UAP-D100,57,DATE,8 July 48,8 July 48,
DOW-UAP-D100,59,DATE,11 Dec 47,11 Dec 47,
DOW-UAP-D100,61,DATE,2 August 1948,2 August 1948,
DOW-UAP-D100,61,DATE,9 Jul 48,9 Jul 48,
DOW-UAP-D100,63,PERSON,Col. Garrett,Col Garrett,RANK
DOW-UAP-D100,63,DATE,9 July 48,9 July 48,
DOW-UAP-D100,63,DATE,20 Feb 48,20 Feb 48,
DOW-UAP-D100,66,PERSON,Lt Col Garret,Lt Col Garret,
DOW-UAP-D100,67,PERSON,Lt Col Garrett,Lt Col Garrett,
DOW-UAP-D100,67,DATE,4 June 48,4 June 48,
DOW-UAP-D100,68,ORG,ADC,ADC,
DOW-UAP-D100,68,DATE,8 May 48,8 May 48,
DOW-UAP-D100,68,MARKING,DECLASSIFIED,DECLASSIFIED,
DOW-UAP-D100,69,PERSON,Lt Col,Lt Col,
DOW-UAP-D100,69,ORG,USAF,USAF,
DOW-UAP-D100,69,ORG,FBI,FBI,
DOW-UAP-D100,73,DATE,10 Jun 48,10 Jun 48,
DOW-UAP-D100,76,PERSON,Col H.M. McCoy,Col H.M. McCoy,
DOW-UAP-D100,76,PERSON,Gen U.cDonald's,Gen U.cDonald's,
DOW-UAP-D100,76,PERSON,Col McCoy,Col McCoy,
DOW-UAP-D100,76,PERSON,Lt Col Earle,Lt Col Earle,
DOW-UAP-D100,76,ORG,USAF,USAF,
DOW-UAP-D100,76,DATE,24 Sept 47,24 Sept 47,
DOW-UAP-D100,76,DATE,21 Sep 47,21 Sep 47,
DOW-UAP-D100,76,DATE,4 June 48,4 June 48,
DOW-UAP-D100,77,DATE,1 Dec 1944,1 Dec 1944,
DOW-UAP-D100,77,DATE,25 Sept 1947,25 Sept 1947,
DOW-UAP-D100,77,DATE,24 Sep 47,24 Sep 47,
DOW-UAP-D100,77,LOCATOR,Room 3E,Room 3E,
DOW-UAP-D100,77,MARKING,TOP SECRET,TOP SECRET,
DOW-UAP-D100,77,MARKING,Secret,SECRET,MARKING
DOW-UAP-D100,78,DATE,1 Dec 1944,1 Dec 1944,
DOW-UAP-D100,78,DATE,25 Sep 47,25 Sep 47,
DOW-UAP-D100,78,DATE,24 Sep 47,24 Sep 47,
DOW-UAP-D100,80,DATE,13 Aug 47,13 Aug 47,
DOW-UAP-D100,80,DATE,24 Sep 47,24 Sep 47,
DOW-UAP-D100,80,DATE,25 Sep 47,25 Sep 47,
DOW-UAP-D100,82,DATE,2 June 48,2 June 48,
DOW-UAP-D100,84,PERSON,Lt. Cdr. US Navy-,Lt Cdr. US Navy-,RANK
DOW-UAP-D100,84,DATE,30 April 1948,30 April 1948,
DOW-UAP-D100,85,PERSON,Lt. Commander Lowe,Lt Commander Lowe,RANK
DOW-UAP-D100,85,PERSON,Gen Cabell,Gen Cabell,
DOW-UAP-D100,85,PERSON,Col Walsh,Col Walsh,
DOW-UAP-D100,85,DATE,10 May 48,10 May 48,
DOW-UAP-D100,87,PERSON,Lt Col Carrett,Lt Col Carrett,
DOW-UAP-D100,88,PERSON,Lt Col Gar,Lt Col Gar,
DOW-UAP-D100,88,ORG,USAF,USAF,
DOW-UAP-D100,89,PERSON,Lt Col Garrett,Lt Col Garrett,
DOW-UAP-D100,89,PERSON,Col Ma.llory,Col Ma.llory,
DOW-UAP-D100,89,DATE,10 May 48,10 May 48,
DOW-UAP-D100,90,PERSON,Lt. Colonel,Lt Col,RANK
DOW-UAP-D100,91,PERSON,Lt Col Garrett,Lt Col Garrett,
DOW-UAP-D100,91,DATE,6 May 48,6 May 48,
DOW-UAP-D100,94,PERSON,Col. Ga,Col Ga,RANK
DOW-UAP-D100,94,ORG,USAF,USAF,
DOW-UAP-D100,94,DATE,28 Apr 48,28 Apr 48,
DOW-UAP-D100,94,DATE,13 Apr 48,13 Apr 48,
DOW-UAP-D100,94,DATE,31 Mar 48,31 Mar 48,
DOW-UAP-D100,95,PERSON,Lt. Col. USAF,Lt Col USAF,RANK
DOW-UAP-D100,95,ORG,USAF,USAF,
DOW-UAP-D100,95,DATE,"Apr 13, 1948","Apr 13, 1948",
DOW-UAP-D100,95,DATE,24 February 1948,24 February 1948,
DOW-UAP-D100,96,PERSON,Dr. Rei.mar Horten,Dr. Rei.mar Horten,
DOW-UAP-D100,100,PERSON,Lt. Col. Ge.rrett,Lt Col Ge.rrett,RANK
DOW-UAP-D100,100,DATE,16 Feb 48,16 Feb 48,
DOW-UAP-D100,100,DATE,21 Jan 48,21 Jan 48,
DOW-UAP-D100,101,PERSON,Col. McCoy,Col McCoy,RANK
DOW-UAP-D100,102,DATE,16 Feb 48,16 Feb 48,
DOW-UAP-D100,104,PERSON,Lt Col,Lt Col,
DOW-UAP-D100,104,DATE,28 Apr 48,28 Apr 48,
DOW-UAP-D100,105,PERSON,Lt Col Garrett,Lt Col Garrett,
DOW-UAP-D100,105,ORG,USAF,USAF,
DOW-UAP-D100,105,DATE,28 April 48,28 April 48,
DOW-UAP-D100,105,DATE,20 Feb 48,20 Feb 48,
DOW-UAP-D100,106,PERSON,Lt Col George D,Lt Col George D,
DOW-UAP-D100,107,ORG,CIA,CIA,
DOW-UAP-D100,109,DATE,5 Dec 47,5 Dec 47,
DOW-UAP-D100,114,PERSON,Lt. Col,Lt Col,RANK
DOW-UAP-D100,114,ORG,USAF,USAF,
DOW-UAP-D100,114,DATE,26 Apr 48,26 Apr 48,
DOW-UAP-D100,114,DATE,12 Apr 48,12 Apr 48,
DOW-UAP-D100,114,DATE,14 Apr 48,14 Apr 48,
DOW-UAP-D100,115,ORG,USAF,USAF,
DOW-UAP-D100,115,DATE,12 April 1948,12 April 1948,
DOW-UAP-D100,115,DATE,6 February 1948,6 February 1948,
DOW-UAP-D100,119,PERSON,Col. Garrett,Col Garrett,RANK
DOW-UAP-D100,119,DATE,27 Apr 48,27 Apr 48,
DOW-UAP-D100,123,PERSON,Lt. Col. Ga.rrett,Lt Col Ga.rrett,RANK
DOW-UAP-D100,123,ORG,USAF,USAF,
DOW-UAP-D100,123,DATE,2 Apr 48,2 Apr 48,
DOW-UAP-D100,123,DATE,27 Feb 48,27 Feb 48,
DOW-UAP-D100,123,DATE,25 Mar 48,25 Mar 48,
DOW-UAP-D100,124,PERSON,Lt. Col.. SmiW,Lt Col.. SmiW,RANK
DOW-UAP-D100,124,DATE,25 Mar 48,25 Mar 48,
DOW-UAP-D100,125,DATE,27 Feb 48,27 Feb 48,
DOW-UAP-D100,128,PERSON,Lt. Col. Ge.rrett,Lt Col Ge.rrett,RANK
DOW-UAP-D100,128,ORG,USAF,USAF,
DOW-UAP-D100,128,DATE,2 Apr 48,2 Apr 48,
DOW-UAP-D100,129,PERSON,Mr. Symington,Mr. Symington,
DOW-UAP-D100,129,DATE,16 March 48,16 March 48,
DOW-UAP-D100,129,DATE,27 Feb 48,27 Feb 48,
DOW-UAP-D100,134,PERSON,Lt. Col. Garrett,Lt Col Garrett,RANK
DOW-UAP-D100,134,ORG,USAF,USAF,
DOW-UAP-D100,134,DATE,2 Apr 48,2 Apr 48,
DOW-UAP-D100,135,PERSON,Mr. Les Buchner,Mr. Les Buchner,
DOW-UAP-D100,135,ORG,USAF,USAF,
DOW-UAP-D100,135,ORG,ADC,ADC,
DOW-UAP-D100,135,DATE,9 March 1948,9 March 1948,
DOW-UAP-D100,135,DATE,5 March 1948,5 March 1948,
DOW-UAP-D100,135,DATE,8 March 1948,8 March 1948,
DOW-UAP-D100,139,ORG,USAF,USAF,
DOW-UAP-D100,143,DATE,5 Dec 47,5 Dec 47,
DOW-UAP-D100,147,PERSON,Cmdr. Hammond Ceast Guard Hq,Cmdr Hammond Ceast Guard Hq,RANK
DOW-UAP-D100,147,ORG,USAF,USAF,
DOW-UAP-D100,147,DATE,30 Dec 47,30 Dec 47,
DOW-UAP-D100,147,DATE,4 March 1948,4 March 1948,
DOW-UAP-D100,150,PERSON,Col. USAF,Col USAF,RANK
DOW-UAP-D100,150,PERSON,Maj. USAF JS Original,Maj USAF JS Original,RANK
DOW-UAP-D100,150,ORG,USAF,USAF,
DOW-UAP-D100,150,DATE,17 Mar 1948,17 Mar 1948,
DOW-UAP-D100,151,PERSON,Lt. Colonel,Lt Col,RANK
DOW-UAP-D100,151,DATE,23 Jan 48,23 Jan 48,
DOW-UAP-D100,152,PERSON,Lt Col George Garrett,Lt Col George Garrett,
DOW-UAP-D100,152,PERSON,Col USAF,Col USAF,
DOW-UAP-D100,152,ORG,USAF,USAF,
DOW-UAP-D100,153,DATE,3 Jan 48,3 Jan 48,
DOW-UAP-D100,159,PERSON,Lt. Col Garrett,Lt Col Garrett,RANK
DOW-UAP-D100,159,PERSON,Lt. Colonel,Lt Col,RANK
DOW-UAP-D100,159,DATE,7 Jan 48,7 Jan 48,
DOW-UAP-D100,160,DATE,7 January 1948,7 January 1948,
DOW-UAP-D100,160,DATE,19 Dec 47,19 Dec 47,
DOW-UAP-D100,162,DATE,15 Dec 47,15 Dec 47,
DOW-UAP-D100,164,PERSON,Col Garrett,Col Garrett,
DOW-UAP-D100,164,PERSON,Lt. Col,Lt Col,RANK
DOW-UAP-D100,164,DATE,2 March 48,2 March 48,
DOW-UAP-D100,167,PERSON,Lt. Col. USAF' J.S,Lt Col USAF' J.S,RANK
DOW-UAP-D100,167,ORG,USAF,USAF,
DOW-UAP-D100,167,DATE,6 Feb 48,6 Feb 48,
DOW-UAP-D100,167,DATE,26 Feb 48,26 Feb 48,
DOW-UAP-D100,170,DATE,11 Dec 47,11 Dec 47,
DOW-UAP-D100,172,PERSON,Lt. Col,Lt Col,RANK
DOW-UAP-D100,172,ORG,USAF,USAF,
DOW-UAP-D100,173,PERSON,Lt Col Garrett,Lt Col Garrett,
DOW-UAP-D100,173,PERSON,Col. McCoy,Col McCoy,RANK
DOW-UAP-D100,173,ORG,USAF,USAF,
DOW-UAP-D100,173,DATE,25 Feb 48,25 Feb 48,
DOW-UAP-D100,173,DATE,30 Dec 47,30 Dec 47,
DOW-UAP-D100,174,DATE,25 Feb 48,25 Feb 48,
DOW-UAP-D100,176,DATE,26 Feb 48,26 Feb 48,
DOW-UAP-D100,179,ORG,USAF,USAF,
DOW-UAP-D100,180,PERSON,Lt Col Garrett,Lt Col Garrett,
DOW-UAP-D100,180,DATE,26 Feb 48,26 Feb 48,
DOW-UAP-D100,180,DATE,30 December 1947,30 December 1947,
DOW-UAP-D100,181,DATE,25 Feb 48,25 Feb 48,
DOW-UAP-D100,184,PERSON,Lt Col Garrett,Lt Col Garrett,
DOW-UAP-D100,184,ORG,USAF,USAF,
DOW-UAP-D100,184,DATE,6 February 1948,6 February 1948,
DOW-UAP-D100,185,PERSON,Lt. Col. Gerrett,Lt Col Gerrett,RANK
DOW-UAP-D100,185,DATE,16 Feb 48,16 Feb 48,
DOW-UAP-D100,186,DATE,16 Feb 48,16 Feb 48,
DOW-UAP-D100,188,PERSON,Dr. Wilkenson,Dr. Wilkenson,
DOW-UAP-D100,188,DATE,17 Feb 1948,17 Feb 1948,
DOW-UAP-D100,189,PERSON,Lt. Col. Garrett,Lt Col Garrett,RANK
DOW-UAP-D100,189,ORG,USAF,USAF,
DOW-UAP-D100,189,DATE,10 Feb 48,10 Feb 48,
DOW-UAP-D100,189,DATE,4 Feb 48,4 Feb 48,
DOW-UAP-D100,190,PERSON,Col USAF,Col USAF,
DOW-UAP-D100,190,ORG,USAF,USAF,
DOW-UAP-D100,190,DATE,7 October 1947,7 October 1947,
DOW-UAP-D100,194,PERSON,Lt. Col Garrett,Lt Col Garrett,RANK
DOW-UAP-D100,194,PERSON,Col Garrett,Col Garrett,
DOW-UAP-D100,194,DATE,11 Feb 48,11 Feb 48,
DOW-UAP-D100,195,DATE,5 Dec 47,5 Dec 47,
DOW-UAP-D100,195,DATE,6 Feb 48,6 Feb 48,
DOW-UAP-D100,197,PERSON,Lt Col Garrett,Lt Col Garrett,
DOW-UAP-D100,197,PERSON,Lt. Colonel,Lt Col,RANK
DOW-UAP-D100,197,DATE,6 Feb 48,6 Feb 48,
DOW-UAP-D100,197,DATE,16 Jan 48,16 Jan 48,
DOW-UAP-D100,198,PERSON,Lt. Col,Lt Col,RANK
DOW-UAP-D100,198,ORG,USAF,USAF,
DOW-UAP-D100,198,DATE,16 Jan 48,16 Jan 48,
DOW-UAP-D100,202,PERSON,Lt Col Garret,Lt Col Garret,
DOW-UAP-D100,202,PERSON,Lt. Colonel,Lt Col,RANK
DOW-UAP-D100,202,DATE,16 January 1948,16 January 1948,
DOW-UAP-D100,202,DATE,16 Jan 48,16 Jan 48,
DOW-UAP-D100,206,ORG,USAF,USAF,
DOW-UAP-D100,206,DATE,6 Jan 48,6 Jan 48,
DOW-UAP-D100,212,PERSON,Col. McCe,Col McCe,RANK
DOW-UAP-D100,212,PERSON,Lt.Col. Garrett,Lt Col Garrett,RANK
DOW-UAP-D100,212,PERSON,Col. McCoy,Col McCoy,RANK
DOW-UAP-D100,212,ORG,USAF,USAF,
DOW-UAP-D100,212,DATE,30 Dec 47,30 Dec 47,
DOW-UAP-D100,215,PERSON,Lt. Colonel. U.S.A.P. File,Lt Col U.S.A.P. File,RANK
DOW-UAP-D100,215,DATE,6 Feb 48,6 Feb 48,
DOW-UAP-D100,218,PERSON,Lt Col Garrett,Lt Col Garrett,
DOW-UAP-D100,218,PERSON,Lt. Colonel,Lt Col,RANK
DOW-UAP-D100,218,DATE,3 Jan 48,3 Jan 48,
DOW-UAP-D100,219,DATE,23 Jan 48,23 Jan 48,
DOW-UAP-D100,221,PERSON,Lt Col Oarret-t,Lt Col Oarret-t,
DOW-UAP-D100,221,PERSON,Lt. Colonel,Lt Col,RANK
DOW-UAP-D100,221,DATE,20 Jan 48,20 Jan 48,
DOW-UAP-D100,226,PERSON,Lt. Colonel,Lt Col,RANK
DOW-UAP-D100,226,ORG,USAF,USAF,
DOW-UAP-D100,226,DATE,4 Feb 48,4 Feb 48,
DOW-UAP-D100,226,DATE,Jan 15 1948,Jan 15 1948,
DOW-UAP-D100,232,DATE,30 Dec 47,30 Dec 47,
DOW-UAP-D100,233,ORG,USAF,USAF,
DOW-UAP-D100,233,DATE,18 Dec. 1947,18 Dec. 1947,
DOW-UAP-D100,237,PERSON,Lt. Colonel,Lt Col,RANK
DOW-UAP-D100,237,DATE,18 December 1947,18 December 1947,
DOW-UAP-D100,237,DATE,6 October 1947,6 October 1947,
DOW-UAP-D100,237,DATE,23 September 1947,23 September 1947,
DOW-UAP-D100,238,DATE,30 Oct 47,30 Oct 47,
DOW-UAP-D100,243,ORG,FBI,FBI,
DOW-UAP-D100,245,PERSON,Lt. Colonel,Lt Col,RANK
DOW-UAP-D099,1,MARKING,DECLASSIFIED,DECLASSIFIED,
DOW-UAP-D099,2,MARKING,SECRET,SECRET,
DOW-UAP-D099,4,PERSON,Gen. Doolittle,Gen Doolittle,RANK
DOW-UAP-D099,4,MARKING,SECRET,SECRET,
DOW-UAP-D099,7,ORG,FBI,FBI,
FBI-UAP-D024,1,ORG,FBI,FBI,
FBI-UAP-D037,1,ORG,FBI,FBI,
FBI-UAP-D040,1,ORG,FBI,FBI,
FBI-UAP-D030,1,ORG,FBI,FBI,
DOE-UAP-D002,3,PERSON,Dr. Edward U. Coadon. Yours,Dr. Edward U. Coadon. Yours,
DOW-UAP-D017,1,PERSON,Mr Force Base Camp Campbell,Mr Force Base Camp Campbell,
DOW-UAP-D017,1,ORG,USAF,USAF,
DOW-UAP-D017,1,DATE,7 April 1949,7 April 1949,
DOW-UAP-D017,1,DATE,1 April 1949,1 April 1949,
DOW-UAP-D017,1,MARKING,secret,SECRET,MARKING
DOW-UAP-D017,2,PERSON,Lt Col,Lt Col,
DOW-UAP-D017,2,ORG,USAF,USAF,
DOW-UAP-D017,2,DATE,7 April 194,7 April 194,
DOW-UAP-D017,4,DATE,10 August 1949,10 August 1949,
DOW-UAP-D017,10,PERSON,Dr. Orosier,Dr. Orosier,
DOW-UAP-D017,10,PERSON,Dr. OrozJ.er,Dr. OrozJ.er,
DOW-UAP-D017,10,PERSON,Dr. Orozter,Dr. Orozter,
DOW-UAP-D017,10,PERSON,Dr. Crozier's,Dr. Crozier's,
DOW-UAP-D017,10,PERSON,Dr. Cro--',Dr. Cro--',
DOW-UAP-D017,10,PERSON,Dr. Crosier's,Dr. Crosier's,
DOW-UAP-D017,10,PERSON,Dr. Crozier,Dr. Crozier,
DOW-UAP-D017,11,PERSON,Dr. Crozier,Dr. Crozier,
DOW-UAP-D017,11,PERSON,Dr. Crosier,Dr. Crosier,
DOW-UAP-D017,11,PERSON,Mr. Seel.T,Mr. Seel.T,
DOW-UAP-D017,11,PERSON,Dr. Croz,Dr. Croz,
DOW-UAP-D017,11,PERSON,Dr. Orozier'a,Dr. Orozier'a,
DOW-UAP-D017,12,PERSON,Dr. Crozier,Dr. Crozier,
DOW-UAP-D017,12,PERSON,Dr. Crosier',Dr. Crosier',
DOW-UAP-D017,12,PERSON,Dr. Crozier',Dr. Crozier',
DOW-UAP-D017,12,PERSON,Mr. Seely,Mr. Seely,
DOW-UAP-D017,13,PERSON,Dr. Crozier,Dr. Crozier,
DOW-UAP-D017,14,PERSON,Col. Olson,Col Olson,RANK
DOW-UAP-D017,14,DATE,29 November 1949,29 November 1949,
DOW-UAP-D017,14,MARKING,Top Secret,TOP SECRET,MARKING
DOW-UAP-D017,17,ORG,SAC,SAC,
DOW-UAP-D017,17,DATE,5 Dec 49,5 Dec 49,
DOW-UAP-D017,20,PERSON,Dr. Lincoln IaPaz,Dr. Lincoln IaPaz,
DOW-UAP-D017,20,ORG,USAF,USAF,
DOW-UAP-D017,21,PERSON,Lt Col Rees,Lt Col Rees,
DOW-UAP-D017,21,ORG,USAF,USAF,
DOW-UAP-D017,21,DATE,25 May 1950,25 May 1950,
DOW-UAP-D017,21,DATE,17 February 1949,17 February 1949,
DOW-UAP-D017,21,DATE,14 October 1949,14 October 1949,
DOW-UAP-D017,21,DATE,23 May 50,23 May 50,
DOW-UAP-D017,22,ORG,USAF,USAF,
DOW-UAP-D017,22,DATE,25 May 1950,25 May 1950,
DOW-UAP-D017,24,DATE,8 Dec 11,8 Dec 11,
DOW-UAP-D017,33,ORG,OSI,OSI,
DOW-UAP-D017,34,ORG,OSI,OSI,
DOW-UAP-D017,36,DATE,11 Jul 2110,11 Jul 2110,
DOW-UAP-D017,37,ORG,OSI,OSI,
DOW-UAP-D017,38,ORG,OSI,OSI,
DOW-UAP-D017,39,ORG,OSI,OSI,
DOW-UAP-D017,40,ORG,OSI,OSI,
DOW-UAP-D017,42,ORG,OSI,OSI,
DOW-UAP-D017,44,ORG,OSI,OSI,
DOW-UAP-D017,45,ORG,OSI,OSI,
DOW-UAP-D017,46,ORG,OSI,OSI,
DOW-UAP-D017,47,ORG,OSI,OSI,
DOW-UAP-D017,48,ORG,OSI,OSI,
DOW-UAP-D017,49,ORG,OSI,OSI,
DOW-UAP-D017,50,ORG,OSI,OSI,
DOW-UAP-D017,51,ORG,OSI,OSI,
DOW-UAP-D017,52,ORG,OSI,OSI,
DOW-UAP-D017,55,ORG,OSI,OSI,
DOW-UAP-D017,55,DATE,25 Feb 1410,25 Feb 1410,
DOW-UAP-D017,56,ORG,OSI,OSI,
DOW-UAP-D017,57,ORG,OSI,OSI,
DOW-UAP-D017,58,ORG,OSI,OSI,
DOW-UAP-D017,60,ORG,OSI,OSI,
DOW-UAP-D017,61,DATE,25 Feb 1950,25 Feb 1950,
DOW-UAP-D017,67,PERSON,Dr. L. A. Manni,Dr. L. A. Manni,
DOW-UAP-D017,70,PERSON,Dr Lincol,Dr Lincol,
DOW-UAP-D017,70,ORG,USAF,USAF,
DOW-UAP-D017,70,ORG,OSI,OSI,
DOW-UAP-D017,70,ORG,FBI,FBI,
DOW-UAP-D017,70,DATE,18 May 1949,18 May 1949,
DOW-UAP-D017,71,PERSON,Dr. LaPaz,Dr. LaPaz,
DOW-UAP-D017,71,ORG,USAF,USAF,
DOW-UAP-D017,71,ORG,OSI,OSI,
DOW-UAP-D017,71,DATE,9 April 1949,9 April 1949,
DOW-UAP-D017,73,ORG,OSI,OSI,
DOW-UAP-D017,73,DATE,5 Dec 48,5 Dec 48,
DOW-UAP-D017,73,DATE,12 Dec 48,12 Dec 48,
DOW-UAP-D017,73,DATE,13 Dec 48,13 Dec 48,
DOW-UAP-D017,73,DATE,14 Dec 18,14 Dec 18,
DOW-UAP-D017,73,DATE,28 Dec 48,28 Dec 48,
DOW-UAP-D017,73,DATE,6 Jan 49,6 Jan 49,
DOW-UAP-D017,73,DATE,14 Feb 49,14 Feb 49,
DOW-UAP-D017,73,DATE,17 Feb 49,17 Feb 49,
DOW-UAP-D017,78,PERSON,Lt. Colone,Lt Colone,RANK
DOW-UAP-D017,81,PERSON,Lt Co,Lt Co,
DOW-UAP-D017,81,PERSON,Lt Paul Ryan,Lt Paul Ryan,
DOW-UAP-D017,81,PERSON,Lt H. K. Cobcan,Lt H. K. Cobcan,
DOW-UAP-D017,81,PERSON,Lt Pau,Lt Pau,
DOW-UAP-D017,81,ORG,OSI,OSI,
DOW-UAP-D017,81,ORG,USAF,USAF,
DOW-UAP-D017,82,ORG,OSI,OSI,
DOW-UAP-D017,86,DATE,31 December 1948,31 December 1948,
DOW-UAP-D017,86,DATE,16 February 1949,16 February 1949,
DOW-UAP-D017,88,DATE,27 April 1949,27 April 1949,
DOW-UAP-D017,90,PERSON,Mr. N. E. Bradbury Mr,Mr. N. E. Bradbury Mr,
DOW-UAP-D017,90,PERSON,Mr. Fred Reines Mr. John,Mr. Fred Reines Mr. John,
DOW-UAP-D017,90,PERSON,Mr. Edward Teller Mr. Elmo,Mr. Edward Teller Mr. Elmo,
DOW-UAP-D017,90,PERSON,Mr. Sidney Neuber,Mr. Sidney Neuber,
DOW-UAP-D017,90,PERSON,Mr. Maxwell,Mr. Maxwell,
DOW-UAP-D017,90,PERSON,Mr. Hoyt For,Mr. Hoyt For,
DOW-UAP-D017,90,PERSON,Dr. Lincoln La.Paz For Sandia,Dr. Lincoln LaPaz For Sandia,LAPAZ
DOW-UAP-D017,90,PERSON,Dr. La.Paz. NW,Dr. LaPaz. NW,LAPAZ
DOW-UAP-D017,90,ORG,USAF,USAF,
DOW-UAP-D017,90,DATE,5 December 1948,5 December 1948,
DOW-UAP-D017,90,MARKING,SECRET,SECRET,
DOW-UAP-D017,91,PERSON,Dr. LaPu,Dr. LaPu,
DOW-UAP-D017,91,PERSON,Dr. LaPaz,Dr. LaPaz,
DOW-UAP-D017,91,PERSON,Mr. Hoyt,Mr. Hoyt,
DOW-UAP-D017,91,DATE,16 Feb 49,16 Feb 49,
DOW-UAP-D017,91,DATE,18 February 1949,18 February 1949,
DOW-UAP-D017,91,DATE,5 December 1948,5 December 1948,
DOW-UAP-D017,92,PERSON,Mr. Teller,Mr. Teller,
DOW-UAP-D017,92,PERSON,Mr. Bradbury,Mr. Bradbury,
DOW-UAP-D017,92,PERSON,Mr. Teller's,Mr. Teller's,
DOW-UAP-D017,92,PERSON,Dr. Le.Paz,Dr. LaPaz,LAPAZ
DOW-UAP-D017,92,DATE,16 Feb 49,16 Feb 49,
DOW-UAP-D017,93,PERSON,Mr. Teller's,Mr. Teller's,
DOW-UAP-D017,93,PERSON,Brig. Gen. Howard G. Bunker Distribution,Brig Gen Howard G. Bunker Distribution,RANK
DOW-UAP-D017,93,ORG,USAF,USAF,
DOW-UAP-D017,93,DATE,16 Feb 49,16 Feb 49,
DOW-UAP-D017,93,DATE,17 February 1949,17 February 1949,
DOW-UAP-D017,95,PERSON,Mr. Bayacmd Soblidieke,Mr. Bayacmd Soblidieke,
DOW-UAP-D017,98,ORG,OSI,OSI,
DOW-UAP-D017,102,PERSON,Sgt Ruben,Sgt Ruben,
DOW-UAP-D017,102,DATE,16 March 1949,16 March 1949,
DOE-UAP-D003,1,PERSON,Dr. John Warren,Dr. John Warren,
DOE-UAP-D003,1,DATE,"May 20, 1986","May 20, 1986",
DOE-UAP-D003,1,DATE,"May 29, 1986","May 29, 1986",
ODNI-UAP-D001,1,DATE,1 May 26,1 May 26,
ODNI-UAP-D001,1,DATE,"May 22, 2026","May 22, 2026",
Serial-3,1,ORG,FBI,FBI,
Serial-3,1,MARKING,restricted,RESTRICTED,MARKING
Serial-4,2,MARKING,restricted,RESTRICTED,MARKING
Western-US-Event-Slides,3,MARKING,restricted,RESTRICTED,MARKING
USPER-Statement,1,MARKING,SECRET,SECRET,
USPER-Statement,1,MARKING,NOFORN,NOFORN,
USPER-Statement,2,MARKING,SECRET,SECRET,
USPER-Statement,2,MARKING,NOFORN,NOFORN,
USPER-Statement,3,MARKING,SECRET,SECRET,
USPER-Statement,3,MARKING,NOFORN,NOFORN,
DOW-UAP-D56-Range-Fouler-Debrief-Arabian-Sea-August-2020.pdf,1,DATE,08/24/20,08/24/20,
DOW-UAP-D57-Mission-Report-Gulf-of-Aden-September-2020.pdf,1,DATE,09/04/20,09/04/20,
DOW-UAP-D57-Mission-Report-Gulf-of-Aden-September-2020.pdf,1,DATE,03/16/26,03/16/26,
DOW-UAP-D58-Range-Fouler-Debrief-NA-October-2020.pdf,1,DATE,10/27/20,10/27/20,
DOW-UAP-D58-Range-Fouler-Debrief-NA-October-2020.pdf,1,DATE,03/27/26,03/27/26,
DOW-UAP-D58-Range-Fouler-Debrief-NA-October-2020.pdf,1,MARKING,Declassified,DECLASSIFIED,MARKING
DOW-UAP-D61-Mission-Report-Persian-Gulf-August-2020.pdf,1,DATE,22 January 2026,22 January 2026,
DOW-UAP-D61-Mission-Report-Persian-Gulf-August-2020.pdf,2,DATE,22 January 2026,22 January 2026,
DOW-UAP-D61-Mission-Report-Persian-Gulf-August-2020.pdf,3,DATE,01/26/26,01/26/26,
DOW-UAP-D61-Mission-Report-Persian-Gulf-August-2020.pdf,4,DATE,22 January 2026,22 January 2026,
DOW-UAP-D61-Mission-Report-Persian-Gulf-August-2020.pdf,4,MARKING,Declassified,DECLASSIFIED,MARKING
DOW-UAP-D61-Mission-Report-Persian-Gulf-August-2020.pdf,6,DATE,22 January 2026,22 January 2026,
DOW-UAP-D61-Mission-Report-Persian-Gulf-August-2020.pdf,6,DATE,01/26/26,01/26/26,
DOW-UAP-D62-Mission-Report-Strait-of-Hormuz-September-2020.pdf,1,DATE,22 January 2026,22 January 2026,
DOW-UAP-D62-Mission-Report-Strait-of-Hormuz-September-2020.pdf,1,DATE,01/26/26,01/26/26,
DOW-UAP-D62-Mission-Report-Strait-of-Hormuz-September-2020.pdf,1,MARKING,Declassified,DECLASSIFIED,MARKING
DOW-UAP-D62-Mission-Report-Strait-of-Hormuz-September-2020.pdf,2,DATE,01/26/26,01/26/26,
DOW-UAP-D62-Mission-Report-Strait-of-Hormuz-September-2020.pdf,2,MARKING,Declassified,DECLASSIFIED,MARKING
DOW-UAP-D62-Mission-Report-Strait-of-Hormuz-September-2020.pdf,3,DATE,01/26/26,01/26/26,
DOW-UAP-D62-Mission-Report-Strait-of-Hormuz-September-2020.pdf,4,DATE,01/26/26,01/26/26,
DOW-UAP-D62-Mission-Report-Strait-of-Hormuz-September-2020.pdf,4,MARKING,Declassified,DECLASSIFIED,MARKING
DOW-UAP-D62-Mission-Report-Strait-of-Hormuz-September-2020.pdf,5,DATE,01/26/26,01/26/26,
DOW-UAP-D62-Mission-Report-Strait-of-Hormuz-September-2020.pdf,6,DATE,01/26/26,01/26/26,
DOW-UAP-D62-Mission-Report-Strait-of-Hormuz-September-2020.pdf,6,MARKING,Declassified,DECLASSIFIED,MARKING
DOW-UAP-D62-Mission-Report-Strait-of-Hormuz-September-2020.pdf,7,DATE,01/26/26,01/26/26,
DOW-UAP-D62-Mission-Report-Strait-of-Hormuz-September-2020.pdf,8,DATE,01/26/26,01/26/26,
DOW-UAP-D62-Mission-Report-Strait-of-Hormuz-September-2020.pdf,8,MARKING,Declassified,DECLASSIFIED,MARKING
DOW-UAP-D62-Mission-Report-Strait-of-Hormuz-September-2020.pdf,9,DATE,01/26/26,01/26/26,
DOW-UAP-D64-Mission-Report-Iran-November-2020.pdf,1,DATE,16 March 2026,16 March 2026,
DOW-UAP-D64-Mission-Report-Iran-November-2020.pdf,1,DATE,03/16/26,03/16/26,
DOW-UAP-D64-Mission-Report-Iran-November-2020.pdf,1,MARKING,Declassified,DECLASSIFIED,MARKING
DOW-UAP-D64-Mission-Report-Iran-November-2020.pdf,2,DATE,16 March 2026,16 March 2026,
DOW-UAP-D64-Mission-Report-Iran-November-2020.pdf,2,DATE,03/16/26,03/16/26,
DOW-UAP-D64-Mission-Report-Iran-November-2020.pdf,2,MARKING,Declassified,DECLASSIFIED,MARKING
DOW-UAP-D64-Mission-Report-Iran-November-2020.pdf,3,DATE,16 March 2026,16 March 2026,
DOW-UAP-D64-Mission-Report-Iran-November-2020.pdf,3,MARKING,Declassified,DECLASSIFIED,MARKING
DOW-UAP-D64-Mission-Report-Iran-November-2020.pdf,4,DATE,16 March 2026,16 March 2026,
DOW-UAP-D64-Mission-Report-Iran-November-2020.pdf,4,DATE,03/16/26,03/16/26,
DOW-UAP-D64-Mission-Report-Iran-November-2020.pdf,4,MARKING,Declassified,DECLASSIFIED,MARKING
DOW-UAP-D64-Mission-Report-Iran-November-2020.pdf,5,DATE,16 Marcil 2026,16 Marcil 2026,
DOW-UAP-D64-Mission-Report-Iran-November-2020.pdf,5,DATE,03/16/26,03/16/26,
DOW-UAP-D64-Mission-Report-Iran-November-2020.pdf,6,DATE,03/16/26,03/16/26,
DOW-UAP-D64-Mission-Report-Iran-November-2020.pdf,7,DATE,03/16/26,03/16/26,
DOW-UAP-D74-Mission-Report-Syria-November-2023.pdf,1,DATE,2 June 2025,2 June 2025,
DOW-UAP-D74-Mission-Report-Syria-November-2023.pdf,1,DATE,06/02/2025,06/02/2025,
DOW-UAP-D74-Mission-Report-Syria-November-2023.pdf,1,MARKING,SECRET,SECRET,
DOW-UAP-D74-Mission-Report-Syria-November-2023.pdf,1,MARKING,NOFORN,NOFORN,
DOW-UAP-D74-Mission-Report-Syria-November-2023.pdf,2,DATE,2 June 2025,2 June 2025,
DOW-UAP-D74-Mission-Report-Syria-November-2023.pdf,2,DATE,06/02/2025,06/02/2025,
DOW-UAP-D74-Mission-Report-Syria-November-2023.pdf,2,MARKING,SECRET,SECRET,
DOW-UAP-D74-Mission-Report-Syria-November-2023.pdf,2,MARKING,NOFORN,NOFORN,
DOW-UAP-D74-Mission-Report-Syria-November-2023.pdf,3,DATE,2 June 2025,2 June 2025,
DOW-UAP-D74-Mission-Report-Syria-November-2023.pdf,3,DATE,06/02/2025,06/02/2025,
DOW-UAP-D74-Mission-Report-Syria-November-2023.pdf,3,MARKING,SECRET,SECRET,
DOW-UAP-D74-Mission-Report-Syria-November-2023.pdf,3,MARKING,NOFORN,NOFORN,
DOW-UAP-D74-Mission-Report-Syria-November-2023.pdf,4,DATE,2 June 2025,2 June 2025,
DOW-UAP-D74-Mission-Report-Syria-November-2023.pdf,4,DATE,06/02/2025,06/02/2025,
DOW-UAP-D74-Mission-Report-Syria-November-2023.pdf,4,MARKING,SECRET,SECRET,
DOW-UAP-D74-Mission-Report-Syria-November-2023.pdf,4,MARKING,NOFORN,NOFORN,
DOW-UAP-D74-Mission-Report-Syria-November-2023.pdf,5,DATE,2 June 2025,2 June 2025,
DOW-UAP-D74-Mission-Report-Syria-November-2023.pdf,5,DATE,06/02/2025,06/02/2025,
DOW-UAP-D74-Mission-Report-Syria-November-2023.pdf,5,MARKING,SECRET,SECRET,
DOW-UAP-D74-Mission-Report-Syria-November-2023.pdf,5,MARKING,NOFORN,NOFORN,
DOW-UAP-D74-Mission-Report-Syria-November-2023.pdf,6,DATE,2 June 2025,2 June 2025,
DOW-UAP-D74-Mission-Report-Syria-November-2023.pdf,6,DATE,06/02/2025,06/02/2025,
DOW-UAP-D74-Mission-Report-Syria-November-2023.pdf,6,MARKING,SECRET,SECRET,
DOW-UAP-D74-Mission-Report-Syria-November-2023.pdf,6,MARKING,NOFORN,NOFORN,
DOW-UAP-D74-Mission-Report-Syria-November-2023.pdf,6,MARKING,UNCLASSIFIED,UNCLASSIFIED,
DOW-UAP-D74-Mission-Report-Syria-November-2023.pdf,7,DATE,2 June 2025,2 June 2025,
DOW-UAP-D74-Mission-Report-Syria-November-2023.pdf,7,DATE,06/02/2025,06/02/2025,
DOW-UAP-D74-Mission-Report-Syria-November-2023.pdf,7,MARKING,SECRET,SECRET,
DOW-UAP-D74-Mission-Report-Syria-November-2023.pdf,7,MARKING,NOFORN,NOFORN,
DOW-UAP-D74-Mission-Report-Syria-November-2023.pdf,7,MARKING,UNCLASSIFIED,UNCLASSIFIED,
DOW-UAP-D74-Mission-Report-Syria-November-2023.pdf,8,DATE,2 June 2025,2 June 2025,
DOW-UAP-D74-Mission-Report-Syria-November-2023.pdf,8,DATE,06/02/2025,06/02/2025,
DOW-UAP-D74-Mission-Report-Syria-November-2023.pdf,8,MARKING,SECRET,SECRET,
DOW-UAP-D74-Mission-Report-Syria-November-2023.pdf,8,MARKING,NOFORN,NOFORN,
DOW-UAP-D74-Mission-Report-Syria-November-2023.pdf,8,MARKING,UNCLASSIFIED,UNCLASSIFIED,
DOW-UAP-D74-Mission-Report-Syria-November-2023.pdf,9,DATE,2 June 2025,2 June 2025,
DOW-UAP-D74-Mission-Report-Syria-November-2023.pdf,9,DATE,06/02/2025,06/02/2025,
DOW-UAP-D74-Mission-Report-Syria-November-2023.pdf,9,MARKING,SECRET,SECRET,
DOW-UAP-D74-Mission-Report-Syria-November-2023.pdf,9,MARKING,NOFORN,NOFORN,
DOW-UAP-D74-Mission-Report-Syria-November-2023.pdf,10,ORG,SAFELY,SAFELY,
DOW-UAP-D74-Mission-Report-Syria-November-2023.pdf,10,ORG,SAFETY,SAFETY,
DOW-UAP-D74-Mission-Report-Syria-November-2023.pdf,10,DATE,2 June 2025,2 June 2025,
DOW-UAP-D74-Mission-Report-Syria-November-2023.pdf,10,DATE,06/02/2025,06/02/2025,
DOW-UAP-D74-Mission-Report-Syria-November-2023.pdf,10,MARKING,SECRET,SECRET,
DOW-UAP-D74-Mission-Report-Syria-November-2023.pdf,10,MARKING,NOFORN,NOFORN,
DOW-UAP-D75-Mission-Report-Gulf-of-Aden-July-2024.pdf,1,DATE,2 June 2025,2 June 2025,
DOW-UAP-D75-Mission-Report-Gulf-of-Aden-July-2024.pdf,1,DATE,06/02/2025,06/02/2025,
DOW-UAP-D75-Mission-Report-Gulf-of-Aden-July-2024.pdf,1,MARKING,SECRET,SECRET,
DOW-UAP-D75-Mission-Report-Gulf-of-Aden-July-2024.pdf,2,DATE,2 June 2025,2 June 2025,
DOW-UAP-D75-Mission-Report-Gulf-of-Aden-July-2024.pdf,2,DATE,06/02/2025,06/02/2025,
DOW-UAP-D75-Mission-Report-Gulf-of-Aden-July-2024.pdf,2,MARKING,SECRET,SECRET,
DOW-UAP-D75-Mission-Report-Gulf-of-Aden-July-2024.pdf,3,DATE,2 June 2025,2 June 2025,
DOW-UAP-D75-Mission-Report-Gulf-of-Aden-July-2024.pdf,3,DATE,06/02/2025,06/02/2025,
DOW-UAP-D75-Mission-Report-Gulf-of-Aden-July-2024.pdf,3,MARKING,SECRET,SECRET,
DOW-UAP-D75-Mission-Report-Gulf-of-Aden-July-2024.pdf,4,DATE,2 June 2025,2 June 2025,
DOW-UAP-D75-Mission-Report-Gulf-of-Aden-July-2024.pdf,4,DATE,06/02/2025,06/02/2025,
DOW-UAP-D75-Mission-Report-Gulf-of-Aden-July-2024.pdf,4,MARKING,SECRET,SECRET,
DOW-UAP-D75-Mission-Report-Gulf-of-Aden-July-2024.pdf,5,DATE,2 June 2025,2 June 2025,
DOW-UAP-D75-Mission-Report-Gulf-of-Aden-July-2024.pdf,5,DATE,06/02/2025,06/02/2025,
DOW-UAP-D75-Mission-Report-Gulf-of-Aden-July-2024.pdf,5,MARKING,SECRET,SECRET,
DOW-UAP-D75-Mission-Report-Gulf-of-Aden-July-2024.pdf,6,DATE,2 June 2025,2 June 2025,
DOW-UAP-D75-Mission-Report-Gulf-of-Aden-July-2024.pdf,6,DATE,06/02/2025,06/02/2025,
DOW-UAP-D75-Mission-Report-Gulf-of-Aden-July-2024.pdf,6,MARKING,SECRET,SECRET,
DOW-UAP-D75-Mission-Report-Gulf-of-Aden-July-2024.pdf,7,DATE,2 June 2025,2 June 2025,
DOW-UAP-D75-Mission-Report-Gulf-of-Aden-July-2024.pdf,7,DATE,06/02/2025,06/02/2025,
DOW-UAP-D75-Mission-Report-Gulf-of-Aden-July-2024.pdf,7,MARKING,SECRET,SECRET,
DOW-UAP-D75-Mission-Report-Gulf-of-Aden-July-2024.pdf,8,DATE,2 June 2025,2 June 2025,
DOW-UAP-D75-Mission-Report-Gulf-of-Aden-July-2024.pdf,8,DATE,06/02/2025,06/02/2025,
DOW-UAP-D75-Mission-Report-Gulf-of-Aden-July-2024.pdf,8,MARKING,SECRET,SECRET,
DOW-UAP-PR20.pdf,1,DATE,8 Oct 25,8 Oct 25,
DOW-UAP-PR20.pdf,1,DATE,"Mar 10, 2026","Mar 10, 2026",
DOW-UAP-PR20.pdf,1,DATE,10/17/25,10/17/25,
NASA-UAP-D5-Apollo-17-Crew-Debriefing-for-Science-1973.pdf,2,PERSON,Dr. Trombka,Dr. Trombka,
NASA-UAP-D7-Skylab-Technical-Crew-Debriefing-1973.pdf,1,ORG,NASA,NASA,
NASA-UAP-D7-Skylab-Technical-Crew-Debriefing-1973.pdf,4,ORG,NASA,NASA,
NASA-UAP-D7-Skylab-Technical-Crew-Debriefing-1973.pdf,9,ORG,NASA,NASA,
059UAP00011.pdf,1,ORG,CIA,CIA,
059UAP00011.pdf,1,ORG,FBI,FBI,
059UAP00011.pdf,1,ORG,NSA,NSA,
059UAP00011.pdf,1,DATE,"Oct 30, 2001","Oct 30, 2001",
059UAP00011.pdf,1,DATE,10/29/21,10/29/21,
059UAP00011.pdf,1,DATE,2/25/2026,2/25/2026,
059UAP00011.pdf,1,MARKING,CONFIDENTIAL,CONFIDENTIAL,
059UAP00011.pdf,1,MARKING,Declassified,DECLASSIFIED,MARKING
059UAP00011.pdf,3,ORG,CIA,CIA,
059UAP00011.pdf,3,ORG,FBI,FBI,
059UAP00011.pdf,3,ORG,NSA,NSA,
059UAP00011.pdf,3,MARKING,UNCLASSIFIED,UNCLASSIFIED,
059UAP00011.pdf,4,DATE,10/29/21,10/29/21,
059UAP00011.pdf,4,MARKING,UNCLASSIFIED,UNCLASSIFIED,
059UAP00012.pdf,1,ORG,CIA,CIA,
059UAP00012.pdf,1,DATE,"Nov 12, 2004","Nov 12, 2004",
059UAP00012.pdf,1,DATE,2/25/2026,2/25/2026,
059UAP00012.pdf,1,MARKING,UNCLASSIFIED,UNCLASSIFIED,
059UAP00012.pdf,2,MARKING,UNCLASSIFIED,UNCLASSIFIED,
059UAP00012.pdf,3,MARKING,UNCLASSIFIED,UNCLASSIFIED,
059UAP00012.pdf,4,ORG,CIA,CIA,
059UAP00012.pdf,4,MARKING,UNCLASSIFIED,UNCLASSIFIED,
059UAP00012.pdf,5,MARKING,UNCLASSIFIED,UNCLASSIFIED,
059UAP00013.pdf,1,DATE,"Sep 16, 2023","Sep 16, 2023",
059UAP00013.pdf,1,DATE,2/25/2026,2/25/2026,
059UAP00013.pdf,1,MARKING,UNCLASSIFIED,UNCLASSIFIED,
059UAP00013.pdf,7,ORG,CIA,CIA,
059UAP00013.pdf,7,MARKING,UNCLASSIFIED,UNCLASSIFIED,
18-100754--General-1946-7-Vol-2.pdf,1,ORG,USAF,USAF,
18-100754--General-1946-7-Vol-2.pdf,1,DATE,9 December 1947,9 December 1947,
18-100754--General-1946-7-Vol-2.pdf,1,DATE,24 Sept 47,24 Sept 47,
18-100754--General-1946-7-Vol-2.pdf,3,DATE,30 December 1947,30 December 1947,
18-100754--General-1946-7-Vol-2.pdf,4,PERSON,Lt. Colo,Lt Colo,RANK
18-100754--General-1946-7-Vol-2.pdf,4,ORG,USAF,USAF,
18-100754--General-1946-7-Vol-2.pdf,6,PERSON,Lt. Colonel,Lt Col,RANK
18-100754--General-1946-7-Vol-2.pdf,6,ORG,USAF,USAF,
18-100754--General-1946-7-Vol-2.pdf,7,PERSON,Lt Col,Lt Col,
18-100754--General-1946-7-Vol-2.pdf,7,PERSON,Dr. Carroll,Dr. Carroll,
18-100754--General-1946-7-Vol-2.pdf,7,ORG,USAF,USAF,
18-100754--General-1946-7-Vol-2.pdf,7,DATE,12 November 1947,12 November 1947,
18-100754--General-1946-7-Vol-2.pdf,8,PERSON,Lt Colonel Georie Garrett,Lt Col Georie Garrett,RANK
18-100754--General-1946-7-Vol-2.pdf,8,ORG,USAF,USAF,
18-100754--General-1946-7-Vol-2.pdf,8,DATE,1 Aug 45,1 Aug 45,
18-100754--General-1946-7-Vol-2.pdf,8,DATE,18 November 1947,18 November 1947,
18-100754--General-1946-7-Vol-2.pdf,8,MARKING,secret,SECRET,MARKING
18-100754--General-1946-7-Vol-2.pdf,9,DATE,0 Sep 46,0 Sep 46,
18-100754--General-1946-7-Vol-2.pdf,11,MARKING,SECRET,SECRET,
18-100754--General-1946-7-Vol-2.pdf,12,DATE,23 September 1947,23 September 1947,
18-100754--General-1946-7-Vol-2.pdf,16,DATE,24 Sep 47,24 Sep 47,
18-100754--General-1946-7-Vol-2.pdf,16,DATE,9 June 1947,9 June 1947,
18-100754--General-1946-7-Vol-2.pdf,17,DATE,30 Oct 47,30 Oct 47,
18-100754--General-1946-7-Vol-2.pdf,18,PERSON,Lt Col Garrett,Lt Col Garrett,
18-100754--General-1946-7-Vol-2.pdf,18,PERSON,Lt. Colonel,Lt Col,RANK
18-100754--General-1946-7-Vol-2.pdf,18,PERSON,Lt. Col,Lt Col,RANK
18-100754--General-1946-7-Vol-2.pdf,18,ORG,USAF,USAF,
18-100754--General-1946-7-Vol-2.pdf,18,DATE,22 Oct 1947,22 Oct 1947,
18-100754--General-1946-7-Vol-2.pdf,19,PERSON,Lt Col George Garrett,Lt Col George Garrett,
18-100754--General-1946-7-Vol-2.pdf,19,PERSON,Lt Col Herbert,Lt Col Herbert,
18-100754--General-1946-7-Vol-2.pdf,19,PERSON,Lt Col Gee,Lt Col Gee,
18-100754--General-1946-7-Vol-2.pdf,19,DATE,13 Oct 1947,13 Oct 1947,
18-100754--General-1946-7-Vol-2.pdf,19,DATE,9/29/47,9/29/47,
18-100754--General-1946-7-Vol-2.pdf,19,DATE,10/2/47,10/2/47,
18-100754--General-1946-7-Vol-2.pdf,20,PERSON,Col. Ho,Col Ho,RANK
18-100754--General-1946-7-Vol-2.pdf,20,DATE,29 September 1947,29 September 1947,
18-100754--General-1946-7-Vol-2.pdf,20,DATE,13 Oct 1947,13 Oct 1947,
18-100754--General-1946-7-Vol-2.pdf,21,PERSON,Lt. Col. Gee,Lt Col Gee,RANK
18-100754--General-1946-7-Vol-2.pdf,21,PERSON,Lt. Col,Lt Col,RANK
18-100754--General-1946-7-Vol-2.pdf,21,DATE,29 Sep 47,29 Sep 47,
18-100754--General-1946-7-Vol-2.pdf,21,DATE,2 October 1947,2 October 1947,
18-100754--General-1946-7-Vol-2.pdf,23,PERSON,Lt Col Grurett,Lt Col Grurett,
18-100754--General-1946-7-Vol-2.pdf,23,PERSON,Lt Col,Lt Col,
18-100754--General-1946-7-Vol-2.pdf,23,DATE,6 Oct 46,6 Oct 46,
18-100754--General-1946-7-Vol-2.pdf,23,DATE,24 Sept 47,24 Sept 47,
18-100754--General-1946-7-Vol-2.pdf,24,PERSON,Lt Col Garrott,Lt Col Garrott,
18-100754--General-1946-7-Vol-2.pdf,24,PERSON,Dr. Chr..Tloo Carroll,Dr. Chr..Tloo Carroll,
18-100754--General-1946-7-Vol-2.pdf,24,DATE,24 Sept 47,24 Sept 47,
18-100754--General-1946-7-Vol-2.pdf,25,PERSON,Lt Colonel.. Air Curi,Lt Colonel.. Air Curi,
18-100754--General-1946-7-Vol-2.pdf,26,PERSON,Lt Col Garrett,Lt Col Garrett,
18-100754--General-1946-7-Vol-2.pdf,26,DATE,22 August 1947,22 August 1947,
18-100754--General-1946-7-Vol-2.pdf,26,MARKING,RESTRICTED,RESTRICTED,
18-100754--General-1946-7-Vol-2.pdf,27,PERSON,Gen Staff FROM,Gen Staff FROM,
18-100754--General-1946-7-Vol-2.pdf,27,DATE,5 Aug 47,5 Aug 47,
18-100754--General-1946-7-Vol-2.pdf,28,MARKING,RESTRICTED,RESTRICTED,
18-6369445-General-1948-Vol-1.pdf,3,PERSON,Lt Col,Lt Col,
18-6369445-General-1948-Vol-1.pdf,4,PERSON,Lt Col Earle,Lt Col Earle,
18-6369445-General-1948-Vol-1.pdf,4,ORG,USAF,USAF,
18-6369445-General-1948-Vol-1.pdf,4,DATE,4 June 48,4 June 48,
18-6369445-General-1948-Vol-1.pdf,5,PERSON,Mr Forcoo,Mr Forcoo,
18-6369445-General-1948-Vol-1.pdf,9,PERSON,Lt. Col,Lt Col,RANK
18-6369445-General-1948-Vol-1.pdf,9,ORG,USAF,USAF,
18-6369445-General-1948-Vol-1.pdf,9,DATE,26 Apr 48,26 Apr 48,
18-6369445-General-1948-Vol-1.pdf,9,DATE,12 Apr 48,12 Apr 48,
18-6369445-General-1948-Vol-1.pdf,9,DATE,14 Apr 48,14 Apr 48,
18-6369445-General-1948-Vol-1.pdf,10,ORG,USAF,USAF,
18-6369445-General-1948-Vol-1.pdf,10,DATE,12 April 1948,12 April 1948,
18-6369445-General-1948-Vol-1.pdf,10,DATE,6 February 1948,6 February 1948,
18-6369445-General-1948-Vol-1.pdf,10,MARKING,CONFIDENTIAL,CONFIDENTIAL,
18-6369445-General-1948-Vol-1.pdf,11,PERSON,Col. Garrett,Col Garrett,RANK
18-6369445-General-1948-Vol-1.pdf,11,PERSON,Col. Tay SURNAME OF COORDINATING,Col Tay SURNAME OF COORDINATING,RANK
18-6369445-General-1948-Vol-1.pdf,11,PERSON,Lt. Col,Lt Col,RANK
18-6369445-General-1948-Vol-1.pdf,11,ORG,USAF,USAF,
18-6369445-General-1948-Vol-1.pdf,11,DATE,2 Apr 48,2 Apr 48,
18-6369445-General-1948-Vol-1.pdf,11,DATE,27 Feb 48,27 Feb 48,
18-6369445-General-1948-Vol-1.pdf,11,DATE,25 Mar 48,25 Mar 48,
18-6369445-General-1948-Vol-1.pdf,12,PERSON,Col. Garre,Col Garre,RANK
18-6369445-General-1948-Vol-1.pdf,13,PERSON,Lt.Col. Garrett,Lt Col Garrett,RANK
18-6369445-General-1948-Vol-1.pdf,13,PERSON,Lt. Col,Lt Col,RANK
18-6369445-General-1948-Vol-1.pdf,13,PERSON,Col Garrcf,Col Garrcf,
18-6369445-General-1948-Vol-1.pdf,13,ORG,USAF,USAF,
18-6369445-General-1948-Vol-1.pdf,13,DATE,25 Feb 48,25 Feb 48,
18-6369445-General-1948-Vol-1.pdf,14,ORG,USAF,USAF,
18-6369445-General-1948-Vol-1.pdf,15,PERSON,Lt. Col. Garrett,Lt Col Garrett,RANK
18-6369445-General-1948-Vol-1.pdf,15,ORG,USAF,USAF,
18-6369445-General-1948-Vol-1.pdf,15,DATE,2 Apr 48,2 Apr 48,
18-6369445-General-1948-Vol-1.pdf,16,PERSON,Mr. Les Buchner,Mr. Les Buchner,
18-6369445-General-1948-Vol-1.pdf,16,PERSON,Mr. Denio,Mr. Denio,
18-6369445-General-1948-Vol-1.pdf,16,PERSON,Lt. Colonel,Lt Col,RANK
18-6369445-General-1948-Vol-1.pdf,16,ORG,USAF,USAF,
18-6369445-General-1948-Vol-1.pdf,16,ORG,ADC,ADC,
18-6369445-General-1948-Vol-1.pdf,16,ORG,FBI,FBI,
18-6369445-General-1948-Vol-1.pdf,16,DATE,"Mar 11, 1948","Mar 11, 1948",
18-6369445-General-1948-Vol-1.pdf,16,DATE,9 March 1948,9 March 1948,
18-6369445-General-1948-Vol-1.pdf,16,DATE,5 March 1948,5 March 1948,
18-6369445-General-1948-Vol-1.pdf,16,DATE,8 March 1948,8 March 1948,
18-6369445-General-1948-Vol-1.pdf,18,PERSON,Lt. Col Garrett,Lt Col Garrett,RANK
18-6369445-General-1948-Vol-1.pdf,18,DATE,30 December 1947,30 December 1947,
18-6369445-General-1948-Vol-1.pdf,20,DATE,7 Jan 48,7 Jan 48,
18-6369445-General-1948-Vol-1.pdf,21,DATE,7 January 1948,7 January 1948,
18-6369445-General-1948-Vol-1.pdf,21,DATE,19 Dec 47,19 Dec 47,
18-6369445-General-1948-Vol-1.pdf,23,PERSON,Col Incllle,Col Incllle,
18-6369445-General-1948-Vol-1.pdf,23,PERSON,Col. Taylor Lt. Col,Col Taylor Lt. Col,RANK
18-6369445-General-1948-Vol-1.pdf,23,DATE,21 Jan 48,21 Jan 48,
18-6369445-General-1948-Vol-1.pdf,25,DATE,12 February 1948,12 February 1948,
18-6369445-General-1948-Vol-1.pdf,26,PERSON,Col. Ga.rl'ett,Col Ga.rl'ett,RANK
18-6369445-General-1948-Vol-1.pdf,26,PERSON,Lt. Colonel,Lt Col,RANK
18-6369445-General-1948-Vol-1.pdf,27,PERSON,Lt. Colonel,Lt Col,RANK
18-6369445-General-1948-Vol-1.pdf,28,DATE,3 Oct 47,3 Oct 47,
18-6369445-General-1948-Vol-1.pdf,28,DATE,6 February 1948,6 February 1948,
255-413270-UFO's-and-Defense-What-Should-we-Prepare-For.pdf,2,ORG,NASA,NASA,
255-413270-UFO's-and-Defense-What-Should-we-Prepare-For.pdf,2,DATE,"April 30, 2001","April 30, 2001",
255-413270-UFO's-and-Defense-What-Should-we-Prepare-For.pdf,7,ORG,NASA,NASA,
255-413270-UFO's-and-Defense-What-Should-we-Prepare-For.pdf,9,DATE,"September 4, 1971","September 4, 1971",
255-413270-UFO's-and-Defense-What-Should-we-Prepare-For.pdf,11,PERSON,Mr. Andre Lebeau,Mr. Andre Lebeau,
255-413270-UFO's-and-Defense-What-Should-we-Prepare-For.pdf,11,DATE,"January 28, 1994","January 28, 1994",
255-413270-UFO's-and-Defense-What-Should-we-Prepare-For.pdf,12,MARKING,secret,SECRET,MARKING
255-413270-UFO's-and-Defense-What-Should-we-Prepare-For.pdf,13,DATE,"March 7, 1977","March 7, 1977",
255-413270-UFO's-and-Defense-What-Should-we-Prepare-For.pdf,14,DATE,"March 3, 1976","March 3, 1976",
255-413270-UFO's-and-Defense-What-Should-we-Prepare-For.pdf,15,DATE,"January 28, 1994","January 28, 1994",
255-413270-UFO's-and-Defense-What-Should-we-Prepare-For.pdf,16,ORG,USAF,USAF,
255-413270-UFO's-and-Defense-What-Should-we-Prepare-For.pdf,17,DATE,"July 17, 1957","July 17, 1957",
255-413270-UFO's-and-Defense-What-Should-we-Prepare-For.pdf,19,MARKING,secret,SECRET,MARKING
255-413270-UFO's-and-Defense-What-Should-we-Prepare-For.pdf,20,DATE,"March 21, 1990","March 21, 1990",
255-413270-UFO's-and-Defense-What-Should-we-Prepare-For.pdf,21,DATE,"July 31, 1995","July 31, 1995",
255-413270-UFO's-and-Defense-What-Should-we-Prepare-For.pdf,21,DATE,"August 16, 1954","August 16, 1954",
255-413270-UFO's-and-Defense-What-Should-we-Prepare-For.pdf,22,DATE,"December 9, 1979","December 9, 1979",
255-413270-UFO's-and-Defense-What-Should-we-Prepare-For.pdf,23,MARKING,declassified,DECLASSIFIED,MARKING
255-413270-UFO's-and-Defense-What-Should-we-Prepare-For.pdf,24,DATE,"July 1, 1965","July 1, 1965",
255-413270-UFO's-and-Defense-What-Should-we-Prepare-For.pdf,24,DATE,"August 29, 1967","August 29, 1967",
255-413270-UFO's-and-Defense-What-Should-we-Prepare-For.pdf,25,DATE,"January 8, 1981","January 8, 1981",
255-413270-UFO's-and-Defense-What-Should-we-Prepare-For.pdf,26,DATE,"January 8, 1981","January 8, 1981",
255-413270-UFO's-and-Defense-What-Should-we-Prepare-For.pdf,26,DATE,"October 21, 1982","October 21, 1982",
255-413270-UFO's-and-Defense-What-Should-we-Prepare-For.pdf,27,DATE,"September 29, 1988","September 29, 1988",
255-413270-UFO's-and-Defense-What-Should-we-Prepare-For.pdf,28,DATE,"March 10, 1979","March 10, 1979",
255-413270-UFO's-and-Defense-What-Should-we-Prepare-For.pdf,28,DATE,"March 13, 1979","March 13, 1979",
255-413270-UFO's-and-Defense-What-Should-we-Prepare-For.pdf,34,ORG,USAF,USAF,
255-413270-UFO's-and-Defense-What-Should-we-Prepare-For.pdf,34,DATE,"January 8, 1981","January 8, 1981",
255-413270-UFO's-and-Defense-What-Should-we-Prepare-For.pdf,34,DATE,"January 28, 1994","January 28, 1994",
255-413270-UFO's-and-Defense-What-Should-we-Prepare-For.pdf,39,DATE,"July 29, 1999","July 29, 1999",
255-413270-UFO's-and-Defense-What-Should-we-Prepare-For.pdf,39,DATE,"June 10, 1996","June 10, 1996",
255-413270-UFO's-and-Defense-What-Should-we-Prepare-For.pdf,42,MARKING,secret,SECRET,MARKING
255-413270-UFO's-and-Defense-What-Should-we-Prepare-For.pdf,43,MARKING,secret,SECRET,MARKING
255-413270-UFO's-and-Defense-What-Should-we-Prepare-For.pdf,44,PERSON,Dr. Mack,Dr. Mack,
255-413270-UFO's-and-Defense-What-Should-we-Prepare-For.pdf,45,MARKING,declassified,DECLASSIFIED,MARKING
255-413270-UFO's-and-Defense-What-Should-we-Prepare-For.pdf,47,ORG,NORAD,NORAD,
255-413270-UFO's-and-Defense-What-Should-we-Prepare-For.pdf,47,ORG,CIA,CIA,
255-413270-UFO's-and-Defense-What-Should-we-Prepare-For.pdf,49,MARKING,secret,SECRET,MARKING
255-413270-UFO's-and-Defense-What-Should-we-Prepare-For.pdf,49,MARKING,Top Secret,TOP SECRET,MARKING
255-413270-UFO's-and-Defense-What-Should-we-Prepare-For.pdf,50,MARKING,declassified,DECLASSIFIED,MARKING
255-413270-UFO's-and-Defense-What-Should-we-Prepare-For.pdf,52,MARKING,secret,SECRET,MARKING
255-413270-UFO's-and-Defense-What-Should-we-Prepare-For.pdf,52,MARKING,top secret,TOP SECRET,MARKING
255-413270-UFO's-and-Defense-What-Should-we-Prepare-For.pdf,53,MARKING,secret,SECRET,MARKING
255-413270-UFO's-and-Defense-What-Should-we-Prepare-For.pdf,58,ORG,NASA,NASA,
255-413270-UFO's-and-Defense-What-Should-we-Prepare-For.pdf,59,ORG,NASA,NASA,
255-413270-UFO's-and-Defense-What-Should-we-Prepare-For.pdf,64,MARKING,secret,SECRET,MARKING
255-413270-UFO's-and-Defense-What-Should-we-Prepare-For.pdf,67,MARKING,Secret,SECRET,MARKING
255-413270-UFO's-and-Defense-What-Should-we-Prepare-For.pdf,70,ORG,NASA,NASA,
255-413270-UFO's-and-Defense-What-Should-we-Prepare-For.pdf,72,MARKING,secret,SECRET,MARKING
255-413270-UFO's-and-Defense-What-Should-we-Prepare-For.pdf,73,ORG,FBI,FBI,
255-413270-UFO's-and-Defense-What-Should-we-Prepare-For.pdf,73,ORG,CIA,CIA,
255-413270-UFO's-and-Defense-What-Should-we-Prepare-For.pdf,73,MARKING,secret,SECRET,MARKING
255-413270-UFO's-and-Defense-What-Should-we-Prepare-For.pdf,74,ORG,CIA,CIA,
255-413270-UFO's-and-Defense-What-Should-we-Prepare-For.pdf,75,DATE,"June 24, 1947","June 24, 1947",
255-413270-UFO's-and-Defense-What-Should-we-Prepare-For.pdf,75,MARKING,secret,SECRET,MARKING
255-413270-UFO's-and-Defense-What-Should-we-Prepare-For.pdf,76,MARKING,secret,SECRET,MARKING
255-413270-UFO's-and-Defense-What-Should-we-Prepare-For.pdf,77,MARKING,secret,SECRET,MARKING
255-413270-UFO's-and-Defense-What-Should-we-Prepare-For.pdf,79,MARKING,secret,SECRET,MARKING
255-413270-UFO's-and-Defense-What-Should-we-Prepare-For.pdf,80,MARKING,secret,SECRET,MARKING
255-413270-UFO's-and-Defense-What-Should-we-Prepare-For.pdf,81,ORG,CIA,CIA,
255-413270-UFO's-and-Defense-What-Should-we-Prepare-For.pdf,81,ORG,NASA,NASA,
255-413270-UFO's-and-Defense-What-Should-we-Prepare-For.pdf,82,ORG,NORAD,NORAD,
255-413270-UFO's-and-Defense-What-Should-we-Prepare-For.pdf,82,MARKING,secret,SECRET,MARKING
255-413270-UFO's-and-Defense-What-Should-we-Prepare-For.pdf,83,ORG,FBI,FBI,
255-413270-UFO's-and-Defense-What-Should-we-Prepare-For.pdf,83,DATE,"July 17, 1957","July 17, 1957",
255-413270-UFO's-and-Defense-What-Should-we-Prepare-For.pdf,84,PERSON,Col. Philip J. Cono,Col Philip J. Cono,RANK
255-413270-UFO's-and-Defense-What-Should-we-Prepare-For.pdf,84,ORG,USAF,USAF,
255-413270-UFO's-and-Defense-What-Should-we-Prepare-For.pdf,85,ORG,USAF,USAF,
255-413270-UFO's-and-Defense-What-Should-we-Prepare-For.pdf,85,MARKING,Secret,SECRET,MARKING
255-413270-UFO's-and-Defense-What-Should-we-Prepare-For.pdf,86,MARKING,secret,SECRET,MARKING
255-413270-UFO's-and-Defense-What-Should-we-Prepare-For.pdf,87,MARKING,secret,SECRET,MARKING
255-413270-UFO's-and-Defense-What-Should-we-Prepare-For.pdf,88,ORG,NASA,NASA,
255-413270-UFO's-and-Defense-What-Should-we-Prepare-For.pdf,89,PERSON,Dr. Edgar Mitchell,Dr. Edgar Mitchell,
255-413270-UFO's-and-Defense-What-Should-we-Prepare-For.pdf,89,ORG,CIA,CIA,
255-413270-UFO's-and-Defense-What-Should-we-Prepare-For.pdf,89,ORG,NASA,NASA,
255-413270-UFO's-and-Defense-What-Should-we-Prepare-For.pdf,89,DATE,"Jan. 5, 2000","Jan. 5, 2000",
255-413270-UFO's-and-Defense-What-Should-we-Prepare-For.pdf,89,MARKING,declassified,DECLASSIFIED,MARKING
255-413270-UFO's-and-Defense-What-Should-we-Prepare-For.pdf,89,MARKING,secret,SECRET,MARKING
255-413270-UFO's-and-Defense-What-Should-we-Prepare-For.pdf,89,MARKING,confidential,CONFIDENTIAL,MARKING
255-413270-UFO's-and-Defense-What-Should-we-Prepare-For.pdf,90,PERSON,Gen. Denis Letty,Gen Denis Letty,RANK
255-413270-UFO's-and-Defense-What-Should-we-Prepare-For.pdf,90,PERSON,Capt. Neil,Capt Neil,RANK
255-413270-UFO's-and-Defense-What-Should-we-Prepare-For.pdf,90,PERSON,Capt. Phil Schultz,Capt Phil Schultz,RANK
255-413270-UFO's-and-Defense-What-Should-we-Prepare-For.pdf,90,PERSON,Capt. Kenju Terauchi,Capt Kenju Terauchi,RANK
255-413270-UFO's-and-Defense-What-Should-we-Prepare-For.pdf,90,ORG,NASA,NASA,
255-413270-UFO's-and-Defense-What-Should-we-Prepare-For.pdf,90,ORG,CIA,CIA,
255-413270-UFO's-and-Defense-What-Should-we-Prepare-For.pdf,91,ORG,CIA,CIA,
255-413270-UFO's-and-Defense-What-Should-we-Prepare-For.pdf,91,ORG,NASA,NASA,
255-413270-UFO's-and-Defense-What-Should-we-Prepare-For.pdf,91,MARKING,secret,SECRET,MARKING
255-413270-UFO's-and-Defense-What-Should-we-Prepare-For.pdf,92,PERSON,Dr. Richard F. Haines,Dr. Richard F. Haines,
255-413270-UFO's-and-Defense-What-Should-we-Prepare-For.pdf,93,DATE,"Jan 27, 2001","Jan 27, 2001",
331-120752-Numeric-Files-1944–1945-37153-German-Armament-Equipment-Documents.pdf,10,PERSON,Cdr. Grierson,Cmdr Grierson,RANK
331-120752-Numeric-Files-1944–1945-37153-German-Armament-Equipment-Documents.pdf,11,PERSON,Dr. Rcbei,Dr. Rcbei,
331-120752-Numeric-Files-1944–1945-37153-German-Armament-Equipment-Documents.pdf,12,DATE,11 February 191,11 February 191,
331-120752-Numeric-Files-1944–1945-37153-German-Armament-Equipment-Documents.pdf,13,DATE,23 Jan 45,23 Jan 45,
331-120752-Numeric-Files-1944–1945-37153-German-Armament-Equipment-Documents.pdf,14,PERSON,Lt. Colonel,Lt Col,RANK
331-120752-Numeric-Files-1944–1945-37153-German-Armament-Equipment-Documents.pdf,14,DATE,16 January 1945,16 January 1945,
331-120752-Numeric-Files-1944–1945-37153-German-Armament-Equipment-Documents.pdf,14,DATE,20 January 1945,20 January 1945,
331-120752-Numeric-Files-1944–1945-37153-German-Armament-Equipment-Documents.pdf,14,MARKING,SECRET,SECRET,
331-120752-Numeric-Files-1944–1945-37153-German-Armament-Equipment-Documents.pdf,15,DATE,23 January 1945,23 January 1945,
331-120752-Numeric-Files-1944–1945-37153-German-Armament-Equipment-Documents.pdf,15,DATE,15 December 1944,15 December 1944,
331-120752-Numeric-Files-1944–1945-37153-German-Armament-Equipment-Documents.pdf,15,DATE,23 December 1944,23 December 1944,
331-120752-Numeric-Files-1944–1945-37153-German-Armament-Equipment-Documents.pdf,16,DATE,24 December 1944,24 December 1944,
331-120752-Numeric-Files-1944–1945-37153-German-Armament-Equipment-Documents.pdf,16,DATE,27 December 1944,27 December 1944,
331-120752-Numeric-Files-1944–1945-37153-German-Armament-Equipment-Documents.pdf,16,DATE,28 December 1944,28 December 1944,
331-120752-Numeric-Files-1944–1945-37153-German-Armament-Equipment-Documents.pdf,16,DATE,31 December 1944,31 December 1944,
331-120752-Numeric-Files-1944–1945-37153-German-Armament-Equipment-Documents.pdf,17,DATE,30 January 1945,30 January 1945,
341-110448-Records-Relating-to-the-Collection-and-Dissemination-of-Intelligence-1948-1955-TS-CONT-No.2-2-5300-2-5399.pdf,1,MARKING,TOP SECRET,TOP SECRET,
341-110448-Records-Relating-to-the-Collection-and-Dissemination-of-Intelligence-1948-1955-TS-CONT-No.2-2-5300-2-5399.pdf,3,PERSON,Gen Cabell We,Gen Cabell We,
341-110448-Records-Relating-to-the-Collection-and-Dissemination-of-Intelligence-1948-1955-TS-CONT-No.2-2-5300-2-5399.pdf,3,ORG,USAF,USAF,
341-110448-Records-Relating-to-the-Collection-and-Dissemination-of-Intelligence-1948-1955-TS-CONT-No.2-2-5300-2-5399.pdf,3,DATE,4 Nov 48,4 Nov 48,
341-110448-Records-Relating-to-the-Collection-and-Dissemination-of-Intelligence-1948-1955-TS-CONT-No.2-2-5300-2-5399.pdf,4,ORG,USAF,USAF,
341-110448-Records-Relating-to-the-Collection-and-Dissemination-of-Intelligence-1948-1955-TS-CONT-No.2-2-5300-2-5399.pdf,4,DATE,4 Nov 1948,4 Nov 1948,
341-110448-Records-Relating-to-the-Collection-and-Dissemination-of-Intelligence-1948-1955-TS-CONT-No.2-2-5300-2-5399.pdf,4,DATE,5 Sep 48,5 Sep 48,
341-110448-Records-Relating-to-the-Collection-and-Dissemination-of-Intelligence-1948-1955-TS-CONT-No.2-2-5300-2-5399.pdf,5,ORG,USAF,USAF,
341-110448-Records-Relating-to-the-Collection-and-Dissemination-of-Intelligence-1948-1955-TS-CONT-No.2-2-5300-2-5399.pdf,5,DATE,4 Nov 1948,4 Nov 1948,
341-110448-Records-Relating-to-the-Collection-and-Dissemination-of-Intelligence-1948-1955-TS-CONT-No.2-2-5300-2-5399.pdf,5,MARKING,TOP SECRET,TOP SECRET,
342-HS1-416511228-box186-319.1-Flying-Discs-1949.pdf,1,MARKING,DECLASSIFIED,DECLASSIFIED,
342-HS1-416511228-box186-319.1-Flying-Discs-1949.pdf,3,DATE,28 Oct. 48,28 Oct. 48,
342-HS1-416511228-box186-319.1-Flying-Discs-1949.pdf,10,MARKING,Restricted,RESTRICTED,MARKING
342-HS1-416511228-box186-319.1-Flying-Discs-1949.pdf,12,ORG,USAF,USAF,
342-HS1-416511228-box186-319.1-Flying-Discs-1949.pdf,12,MARKING,Restricted,RESTRICTED,MARKING
342-HS1-416511228-box186-319.1-Flying-Discs-1949.pdf,15,DATE,20 July 1949,20 July 1949,
342-HS1-416511228-box186-319.1-Flying-Discs-1949.pdf,20,ORG,USAF,USAF,
342-HS1-416511228-box186-319.1-Flying-Discs-1949.pdf,30,ORG,USAF,USAF,
342-HS1-416511228-box186-319.1-Flying-Discs-1949.pdf,37,DATE,28 Oct. 48,28 Oct. 48,
342-HS1-416511228-box186-319.1-Flying-Discs-1949.pdf,38,DATE,10 Juno 49,10 Juno 49,
342-HS1-416511228-box186-319.1-Flying-Discs-1949.pdf,46,DATE,15 June 1949,15 June 1949,
342-HS1-416511228-box186-319.1-Flying-Discs-1949.pdf,48,ORG,USAF,USAF,
342-HS1-416511228-box186-319.1-Flying-Discs-1949.pdf,51,ORG,CIA,CIA,
342-HS1-416511228-box186-319.1-Flying-Discs-1949.pdf,51,DATE,13 February 1948,13 February 1948,
342-HS1-416511228-box186-319.1-Flying-Discs-1949.pdf,51,DATE,8 April 1949,8 April 1949,
342-HS1-416511228-box186-319.1-Flying-Discs-1949.pdf,51,DATE,11 April 1949,11 April 1949,
342-HS1-416511228-box186-319.1-Flying-Discs-1949.pdf,52,DATE,23 April 1940,23 April 1940,
342-HS1-416511228-box186-319.1-Flying-Discs-1949.pdf,52,DATE,8 April 1949,8 April 1949,
342-HS1-416511228-box186-319.1-Flying-Discs-1949.pdf,52,DATE,8 Apri 194,8 Apri 194,
342-HS1-416511228-box186-319.1-Flying-Discs-1949.pdf,58,ORG,USAF,USAF,
342-HS1-416511228-box186-319.1-Flying-Discs-1949.pdf,60,ORG,USAF,USAF,
342-HS1-416511228-box186-319.1-Flying-Discs-1949.pdf,63,ORG,SAC,SAC,
342-HS1-416511228-box186-319.1-Flying-Discs-1949.pdf,63,ORG,USAF,USAF,
342-HS1-416511228-box186-319.1-Flying-Discs-1949.pdf,64,ORG,USAF,USAF,
342-HS1-416511228-box186-319.1-Flying-Discs-1949.pdf,64,MARKING,SECRET,SECRET,
342-HS1-416511228-box186-319.1-Flying-Discs-1949.pdf,75,DATE,17 February 1949,17 February 1949,
342-HS1-416511228-box186-319.1-Flying-Discs-1949.pdf,75,DATE,24 March 1948,24 March 1948,
342-HS1-416511228-box186-319.1-Flying-Discs-1949.pdf,75,DATE,8 February 1949,8 February 1949,
342-HS1-416511228-box186-319.1-Flying-Discs-1949.pdf,75,DATE,6 February 1949,6 February 1949,
342-HS1-416511228-box186-319.1-Flying-Discs-1949.pdf,77,ORG,USAF,USAF,
342-HS1-416511228-box186-319.1-Flying-Discs-1949.pdf,77,DATE,7 February 1949,7 February 1949,
342-HS1-416511228-box186-319.1-Flying-Discs-1949.pdf,77,MARKING,RESTRICTED,RESTRICTED,
342-HS1-416511228-box186-319.1-Flying-Discs-1949.pdf,81,PERSON,Sgt Donald,Sgt Donald,
342-HS1-416511228-box186-319.1-Flying-Discs-1949.pdf,81,DATE,8 Feb 49,8 Feb 49,
342-HS1-416511228-box186-319.1-Flying-Discs-1949.pdf,83,DATE,26 February 1948,26 February 1948,
342-HS1-416511228-box186-319.1-Flying-Discs-1949.pdf,90,PERSON,Capt. Hathaway,Capt Hathaway,RANK
342-HS1-416511228-box186-319.1-Flying-Discs-1949.pdf,90,ORG,USAF,USAF,
342-HS1-416511228-box186-319.1-Flying-Discs-1949.pdf,91,PERSON,Capt. Hathaway,Capt Hathaway,RANK
342-HS1-416511228-box186-319.1-Flying-Discs-1949.pdf,91,ORG,USAF,USAF,
342-HS1-416511228-box186-319.1-Flying-Discs-1949.pdf,91,DATE,8 Jan 49,8 Jan 49,
342-HS1-416511228-box186-319.1-Flying-Discs-1949.pdf,92,PERSON,Capt. Paul R. Stoney,Capt Paul R. Stoney,RANK
342-HS1-416511228-box186-319.1-Flying-Discs-1949.pdf,92,PERSON,Capt. Stoney,Capt Stoney,RANK
342-HS1-416511228-box186-319.1-Flying-Discs-1949.pdf,92,DATE,8 January 1949,8 January 1949,
342-HS1-416511228-box186-319.1-Flying-Discs-1949.pdf,92,DATE,4 January 1949,4 January 1949,
342-HS1-416511228-box186-319.1-Flying-Discs-1949.pdf,93,PERSON,Capt. Stoney,Capt Stoney,RANK
342-HS1-416511228-box186-319.1-Flying-Discs-1949.pdf,93,ORG,USAF,USAF,
342-HS1-416511228-box186-319.1-Flying-Discs-1949.pdf,93,DATE,8 January 1949,8 January 1949,
342-HS1-416511228-box186-319.1-Flying-Discs-1949.pdf,94,ORG,USAF,USAF,
342-HS1-416511228-box186-319.1-Flying-Discs-1949.pdf,94,DATE,8 Jan 49,8 Jan 49,
342-HS1-416511228-box186-319.1-Flying-Discs-1949.pdf,94,DATE,17 January 1949,17 January 1949,
342-HS1-416511228-box186-319.1-Flying-Discs-1949.pdf,98,DATE,15 August 1946,15 August 1946,
342-HS1-416511228-box186-319.1-Flying-Discs-1949.pdf,99,ORG,USAF,USAF,
342-HS1-416511228-box186-319.1-Flying-Discs-1949.pdf,99,MARKING,CONFIDENTIAL,CONFIDENTIAL,
342-HS1-416511228-box186-319.1-Flying-Discs-1949.pdf,100,ORG,USAF,USAF,
342-HS1-416511228-box186-319.1-Flying-Discs-1949.pdf,100,DATE,3 December 1948,3 December 1948,
342-HS1-416511228-box186-319.1-Flying-Discs-1949.pdf,101,ORG,USAF,USAF,
342-HS1-416511228-box186-319.1-Flying-Discs-1949.pdf,101,MARKING,CONFIDENTIAL,CONFIDENTIAL,
342-HS1-416511228-box186-319.1-Flying-Discs-1949.pdf,115,PERSON,Capt. Hathaway AACS,Capt Hathaway AACS,RANK
342-HS1-416511228-box186-319.1-Flying-Discs-1949.pdf,115,DATE,24 January 1949,24 January 1949,
342-HS1-416511228-box186-319.1-Flying-Discs-1949.pdf,115,MARKING,CONFIDENTIAL,CONFIDENTIAL,
342-HS1-416511228-box186-319.1-Flying-Discs-1949.pdf,142,ORG,USAF,USAF,
38-143685-box7-Incident-Summaries-1-100.pdf,52,PERSON,Lt Ooverner,Lt Ooverner,
38-143685-box7-Incident-Summaries-1-100.pdf,113,DATE,29 July 47,29 July 47,
38-143685-box7-Incident-Summaries-101-172.pdf,18,DATE,18 Feb 46,18 Feb 46,
38-143685-box7-Incident-Summaries-101-172.pdf,43,DATE,8 April 191,8 April 191,
38-143685-box7-Incident-Summaries-101-172.pdf,49,PERSON,Lt.Col Robart B. Hughes,Lt Col Robart B. Hughes,RANK
38-143685-box7-Incident-Summaries-101-172.pdf,72,DATE,5 April 1948,5 April 1948,
38-143685-box7-Incident-Summaries-101-172.pdf,79,PERSON,Lt Comman,Lt Comman,
38-143685-box7-Incident-Summaries-101-172.pdf,97,PERSON,Mrs Whitehou,Mrs Whitehou,
38-143685-box7-Incident-Summaries-101-172.pdf,104,PERSON,Mrs. Wilda Zittek,Mrs. Wilda Zittek,
38-143685-box7-Incident-Summaries-101-172.pdf,105,PERSON,Mrs. Pa,Mrs. Pa,
38-143685-box7-Incident-Summaries-101-172.pdf,105,PERSON,Lt. Collina,Lt Collina,RANK
38-143685-box7-Incident-Summaries-101-172.pdf,107,ORG,USAF,USAF,
38-143685-box7-Incident-Summaries-101-172.pdf,107,DATE,9 July 19,9 July 19,
38-143685-box7-Incident-Summaries-101-172.pdf,109,PERSON,Mrs. Ensl,Mrs. Ensl,
38-143685-box7-Incident-Summaries-101-172.pdf,109,ORG,USAF,USAF,
38-143685-box7-Incident-Summaries-101-172.pdf,109,DATE,10 July 191,10 July 191,
38-143685-box7-Incident-Summaries-101-172.pdf,114,DATE,25 July 48,25 July 48,
38-143685-box7-Incident-Summaries-101-172.pdf,137,ORG,USAF,USAF,
38-143685-box7-Incident-Summaries-101-172.pdf,164,DATE,26 July 1948,26 July 1948,
38-143685-box7-Incident-Summaries-173-233.pdf,31,DATE,16 Oct 191,16 Oct 191,
38-143685-box7-Incident-Summaries-173-233.pdf,32,DATE,6 Oct 46,6 Oct 46,
38-143685-box7-Incident-Summaries-173-233.pdf,38,PERSON,Lt RuWscb,Lt RuWscb,
38-143685-box7-Incident-Summaries-173-233.pdf,49,DATE,1 Octoo 1545,1 Octoo 1545,
38-143685-box7-Incident-Summaries-173-233.pdf,62,PERSON,Mr And.rev N,Mr And.rev N,
38-143685-box7-Incident-Summaries-173-233.pdf,62,DATE,17 Oct 1948,17 Oct 1948,
38-143685-box7-Incident-Summaries-173-233.pdf,100,DATE,3 Dec 1948,3 Dec 1948,
38-143685-box7-Incident-Summaries-173-233.pdf,104,PERSON,Col J,Col J,
38-143685-box7-Incident-Summaries-173-233.pdf,104,PERSON,Col Anna,Col Anna,
38-143685-box7-Incident-Summaries-173-233.pdf,110,PERSON,Mr Hobert,Mr Hobert,
38-143685-box7-Incident-Summaries-173-233.pdf,111,PERSON,Mr Robert Thatcher,Mr Robert Thatcher,
38-143685-box7-Incident-Summaries-173-233.pdf,118,PERSON,Capt Pl,Capt Pl,
38-143685-box7-Incident-Summaries-173-233.pdf,141,ORG,FBI,FBI,
59-214434-SP-16-[7.18.1963].pdf,1,PERSON,Mr. Robert,Mr. Robert,
59-64634-711.5612[7-2852.pdf,1,DATE,"July 28, 1952","July 28, 1952",
59-64634-711.5612[7-2852.pdf,1,MARKING,DECLASSIFIED,DECLASSIFIED,
59-64634-711.5612[7-2852.pdf,2,DATE,"July 28, 1952","July 28, 1952",
59-64634-711.5612[7-2852.pdf,2,MARKING,DECLASSIFIED,DECLASSIFIED,
65-HS1-101634279-100-DE-18221-Serial-844.pdf,1,ORG,FBI,FBI,
65-HS1-101634279-100-DE-26505.pdf,8,ORG,SAC,SAC,
65-HS1-101634279-100-DE-26505.pdf,8,ORG,FBI,FBI,
65-HS1-101634279-100-DE-26505.pdf,11,ORG,FBI,FBI,
65-HS1-101634279-100-DE-26505.pdf,12,PERSON,Mr. CUTLBa,Mr. CUTLBa,
65-HS1-101634279-100-DE-26505.pdf,12,PERSON,Mr. CUTLil',Mr. CUTLil',
65-HS1-101634279-100-DE-26505.pdf,14,ORG,FBI,FBI,
65-HS1-101634279-100-DE-26505.pdf,14,DATE,"October 2, 1966","October 2, 1966",
65-HS1-834228961-62-HQ-83894-SUB-A.pdf,2,PERSON,Mr. Tolson,Mr. Tolson,
65-HS1-834228961-62-HQ-83894-SUB-A.pdf,2,PERSON,Mr. Mohr,Mr. Mohr,
65-HS1-834228961-62-HQ-83894-SUB-A.pdf,2,PERSON,Mr. W.C.Sullivan Tole. Room,Mr. W.C.Sullivan Tole. Room,
65-HS1-834228961-62-HQ-83894-SUB-A.pdf,2,PERSON,Mr. Ingram,Mr. Ingram,
65-HS1-834228961-62-HQ-83894-SUB-A.pdf,2,ORG,FBI,FBI,
65-HS1-834228961-62-HQ-83894-SUB-A.pdf,3,PERSON,Capt. Peter Killian,Capt Peter Killian,RANK
65-HS1-834228961-62-HQ-83894-SUB-A.pdf,5,PERSON,Dr. Carl Jung,Dr. Carl Jung,
65-HS1-834228961-62-HQ-83894-SUB-A.pdf,5,PERSON,Dr. Jung,Dr. Jung,
65-HS1-834228961-62-HQ-83894-SUB-A.pdf,9,PERSON,Col. John Mccurdy,Col John Mccurdy,RANK
65-HS1-834228961-62-HQ-83894-SUB-A.pdf,9,PERSON,Col. McCurdy Tribune,Col McCurdy Tribune,RANK
65-HS1-834228961-62-HQ-83894-SUB-A.pdf,11,ORG,FBI,FBI,
65-HS1-834228961-62-HQ-83894-SUB-A.pdf,11,MARKING,secret,SECRET,MARKING
65-HS1-834228961-62-HQ-83894-SUB-A.pdf,12,PERSON,Dr. Donald H. Menzel,Dr. Donald H. Menzel,
65-HS1-834228961-62-HQ-83894-SUB-A.pdf,12,PERSON,Dr. Menzel,Dr. Menzel,
65-HS1-834228961-62-HQ-83894-SUB-A.pdf,12,PERSON,Dr. N. Y. Times Menzel's,Dr. N. Y. Times Menzel's,
65-HS1-834228961-62-HQ-83894-SUB-A.pdf,12,MARKING,secret,SECRET,MARKING
65-HS1-834228961-62-HQ-83894-SUB-A.pdf,14,PERSON,Mr. Tolson,Mr. Tolson,
65-HS1-834228961-62-HQ-83894-SUB-A.pdf,14,PERSON,Mr. Belmo,Mr. Belmo,
65-HS1-834228961-62-HQ-83894-SUB-A.pdf,14,PERSON,Mr. Mohr,Mr. Mohr,
65-HS1-834228961-62-HQ-83894-SUB-A.pdf,14,PERSON,Mr. Parsons,Mr. Parsons,
65-HS1-834228961-62-HQ-83894-SUB-A.pdf,14,PERSON,Mr. Rosen,Mr. Rosen,
65-HS1-834228961-62-HQ-83894-SUB-A.pdf,14,PERSON,Mr. Tamm-- Mr. Trotter,Mr. Tamm-- Mr. Trotter,
65-HS1-834228961-62-HQ-83894-SUB-A.pdf,14,PERSON,Mr. Nease,Mr. Nease,
65-HS1-834228961-62-HQ-83894-SUB-A.pdf,14,PERSON,Mr. Holloman,Mr. Holloman,
65-HS1-834228961-62-HQ-83894-SUB-A.pdf,15,PERSON,Mr. Tolson,Mr. Tolson,
65-HS1-834228961-62-HQ-83894-SUB-A.pdf,15,PERSON,Mr. Nichols,Mr. Nichols,
65-HS1-834228961-62-HQ-83894-SUB-A.pdf,15,PERSON,Mr. Boardman,Mr. Boardman,
65-HS1-834228961-62-HQ-83894-SUB-A.pdf,15,PERSON,Mr. Belmont,Mr. Belmont,
65-HS1-834228961-62-HQ-83894-SUB-A.pdf,15,PERSON,Mr. Mohr,Mr. Mohr,
65-HS1-834228961-62-HQ-83894-SUB-A.pdf,15,PERSON,Mr. Parsons,Mr. Parsons,
65-HS1-834228961-62-HQ-83894-SUB-A.pdf,15,PERSON,Mr. Rosen,Mr. Rosen,
65-HS1-834228961-62-HQ-83894-SUB-A.pdf,15,PERSON,Mr. Tamm,Mr. Tamm,
65-HS1-834228961-62-HQ-83894-SUB-A.pdf,15,PERSON,Mr. Trotter,Mr. Trotter,
65-HS1-834228961-62-HQ-83894-SUB-A.pdf,15,PERSON,Mr. Nease,Mr. Nease,
65-HS1-834228961-62-HQ-83894-SUB-A.pdf,15,PERSON,Mr. Holloman,Mr. Holloman,
65-HS1-834228961-62-HQ-83894-SUB-A.pdf,15,ORG,SAC,SAC,
65-HS1-834228961-62-HQ-83894-SUB-A.pdf,17,PERSON,Mr. Dryden,Mr. Dryden,
65-HS1-834228961-62-HQ-83894-SUB-A.pdf,17,PERSON,Gen. Doolittle,Gen Doolittle,RANK
65-HS1-834228961-62-HQ-83894-SUB-A.pdf,17,PERSON,Gen. Doolittle's,Gen Doolittle's,RANK
65-HS1-834228961-62-HQ-83894-SUB-A.pdf,18,PERSON,Adm. Delmer S. Fahrney,Adm. Delmer S. Fahrney,
65-HS1-834228961-62-HQ-83894-SUB-A.pdf,19,PERSON,Mr. Tolson,Mr. Tolson,
65-HS1-834228961-62-HQ-83894-SUB-A.pdf,19,PERSON,Mr. Nichols,Mr. Nichols,
65-HS1-834228961-62-HQ-83894-SUB-A.pdf,19,PERSON,Mr. Boardman,Mr. Boardman,
65-HS1-834228961-62-HQ-83894-SUB-A.pdf,19,PERSON,Mr. Belmont,Mr. Belmont,
65-HS1-834228961-62-HQ-83894-SUB-A.pdf,19,PERSON,Mr. Mason,Mr. Mason,
65-HS1-834228961-62-HQ-83894-SUB-A.pdf,19,PERSON,Mr. Mohr,Mr. Mohr,
65-HS1-834228961-62-HQ-83894-SUB-A.pdf,19,PERSON,Mr. Pa,Mr. Pa,
65-HS1-834228961-62-HQ-83894-SUB-A.pdf,19,PERSON,Mr. Rosen,Mr. Rosen,
65-HS1-834228961-62-HQ-83894-SUB-A.pdf,19,PERSON,Mr. Winterrowd.. Tele. Room,Mr. Winterrowd.. Tele. Room,
65-HS1-834228961-62-HQ-83894-SUB-A.pdf,20,ORG,FBI,FBI,
65-HS1-834228961-62-HQ-83894-SUB-A.pdf,20,MARKING,Confidential,CONFIDENTIAL,MARKING
65-HS1-834228961-62-HQ-83894-SUB-A.pdf,26,PERSON,Mr. Tnk,Mr. Tnk,
65-HS1-834228961-62-HQ-83894-SUB-A.pdf,26,PERSON,Mr. Br,Mr. Br,
65-HS1-834228961-62-HQ-83894-SUB-A.pdf,26,PERSON,Mr. Nichn,Mr. Nichn,
65-HS1-834228961-62-HQ-83894-SUB-A.pdf,26,PERSON,Mr. Bdmont,Mr. Bdmont,
65-HS1-834228961-62-HQ-83894-SUB-A.pdf,26,PERSON,Mr. Hc,Mr. Hc,
65-HS1-834228961-62-HQ-83894-SUB-A.pdf,26,MARKING,secret,SECRET,MARKING
65-HS1-834228961-62-HQ-83894-SUB-A.pdf,26,MARKING,top secret,TOP SECRET,MARKING
65-HS1-834228961-62-HQ-83894-SUB-A.pdf,27,PERSON,Mr. Tolson,Mr. Tolson,
65-HS1-834228961-62-HQ-83894-SUB-A.pdf,27,PERSON,Mr. Boardnum,Mr. Boardnum,
65-HS1-834228961-62-HQ-83894-SUB-A.pdf,27,PERSON,Mr. Belmont,Mr. Belmont,
65-HS1-834228961-62-HQ-83894-SUB-A.pdf,27,PERSON,Mr. Harbo,Mr. Harbo,
65-HS1-834228961-62-HQ-83894-SUB-A.pdf,27,PERSON,Mr. Mohr,Mr. Mohr,
65-HS1-834228961-62-HQ-83894-SUB-A.pdf,27,PERSON,Mr. Paraons,Mr. Paraons,
65-HS1-834228961-62-HQ-83894-SUB-A.pdf,27,PERSON,Mr. Rosen,Mr. Rosen,
65-HS1-834228961-62-HQ-83894-SUB-A.pdf,27,PERSON,Mr. Holloman,Mr. Holloman,
65-HS1-834228961-62-HQ-83894-SUB-A.pdf,27,PERSON,Capt. Boshoff,Capt Boshoff,RANK
65-HS1-834228961-62-HQ-83894-SUB-A.pdf,28,PERSON,Mr. Harbo,Mr. Harbo,
65-HS1-834228961-62-HQ-83894-SUB-A.pdf,28,PERSON,Mr. Mohr,Mr. Mohr,
65-HS1-834228961-62-HQ-83894-SUB-A.pdf,28,PERSON,Mr. Parsons,Mr. Parsons,
65-HS1-834228961-62-HQ-83894-SUB-A.pdf,28,PERSON,Mr. Rosen,Mr. Rosen,
65-HS1-834228961-62-HQ-83894-SUB-A.pdf,28,PERSON,Mr. Tamm,Mr. Tamm,
65-HS1-834228961-62-HQ-83894-SUB-A.pdf,28,PERSON,Mr. Sizoo,Mr. Sizoo,
65-HS1-834228961-62-HQ-83894-SUB-A.pdf,28,PERSON,Mr. Holloman,Mr. Holloman,
65-HS1-834228961-62-HQ-83894-SUB-A.pdf,29,PERSON,Mr. Ni,Mr. Ni,
65-HS1-834228961-62-HQ-83894-SUB-A.pdf,29,PERSON,Mr. Belmo OJD Mr. Harbo,Mr. Belmo OJD Mr. Harbo,
65-HS1-834228961-62-HQ-83894-SUB-A.pdf,29,PERSON,Mr. Mohr,Mr. Mohr,
65-HS1-834228961-62-HQ-83894-SUB-A.pdf,29,PERSON,Mr. Parsons,Mr. Parsons,
65-HS1-834228961-62-HQ-83894-SUB-A.pdf,29,PERSON,Mr. Rosen,Mr. Rosen,
65-HS1-834228961-62-HQ-83894-SUB-A.pdf,29,PERSON,Mr. Tamm,Mr. Tamm,
65-HS1-834228961-62-HQ-83894-SUB-A.pdf,29,PERSON,Mr. Sizoo,Mr. Sizoo,
65-HS1-834228961-62-HQ-83894-SUB-A.pdf,29,PERSON,Mr. Winterrowd,Mr. Winterrowd,
65-HS1-834228961-62-HQ-83894-SUB-A.pdf,29,PERSON,Mr. Holloman,Mr. Holloman,
65-HS1-834228961-62-HQ-83894-SUB-A.pdf,30,ORG,ATIC,ATIC,
65-HS1-834228961-62-HQ-83894-SUB-A.pdf,31,PERSON,Maj. D. D. Pomerleau,Maj D. D. Pomerleau,RANK
65-HS1-834228961-62-HQ-83894-SUB-A.pdf,32,PERSON,Maj. A. B,Maj A. B,RANK
65-HS1-834228961-62-HQ-83894-SUB-A.pdf,32,PERSON,Maj. Pomerleau,Maj Pomerleau,RANK
65-HS1-834228961-62-HQ-83894-SUB-A.pdf,35,PERSON,Gen. Bengt Norderskjold,Gen Bengt Norderskjold,RANK
65-HS1-834228961-62-HQ-83894-SUB-A.pdf,35,PERSON,Capt. Ulf Christiernsson,Capt Ulf Christiernsson,RANK
65-HS1-834228961-62-HQ-83894-SUB-A.pdf,35,PERSON,Capt. Christiernsson,Capt Christiernsson,RANK
65-HS1-834228961-62-HQ-83894-SUB-A.pdf,35,MARKING,secret,SECRET,MARKING
65-HS1-834228961-62-HQ-83894-SUB-A.pdf,36,PERSON,Lt. Robert White,Lt Robert White,RANK
65-HS1-834228961-62-HQ-83894-SUB-A.pdf,36,PERSON,Maj. Donald E. Kcyhoe,Maj Donald E. Kcyhoe,RANK
65-HS1-834228961-62-HQ-83894-SUB-A.pdf,36,ORG,Project Bluebook,Project Bluebook,
65-HS1-834228961-62-HQ-83894-SUB-A.pdf,37,PERSON,Gen. Smith,Gen Smith,RANK
65-HS1-834228961-62-HQ-83894-SUB-A.pdf,37,PERSON,Gen. Sory Smith. Air,Gen Sory Smith. Air,RANK
65-HS1-834228961-62-HQ-83894-SUB-A.pdf,38,PERSON,Mr. Clegg,Mr. Clegg,
65-HS1-834228961-62-HQ-83894-SUB-A.pdf,38,PERSON,Mr. Glavin,Mr. Glavin,
65-HS1-834228961-62-HQ-83894-SUB-A.pdf,38,PERSON,Mr. Harbo,Mr. Harbo,
65-HS1-834228961-62-HQ-83894-SUB-A.pdf,38,PERSON,Mr. Rosen,Mr. Rosen,
65-HS1-834228961-62-HQ-83894-SUB-A.pdf,38,PERSON,Mr. Mohr,Mr. Mohr,
65-HS1-834228961-62-HQ-83894-SUB-A.pdf,38,PERSON,Mr. Trotter,Mr. Trotter,
65-HS1-834228961-62-HQ-83894-SUB-A.pdf,38,PERSON,Mr. Winterrowd,Mr. Winterrowd,
65-HS1-834228961-62-HQ-83894-SUB-A.pdf,38,PERSON,Mr. Holloman,Mr. Holloman,
65-HS1-834228961-62-HQ-83894-SUB-A.pdf,40,MARKING,restricted,RESTRICTED,MARKING
65-HS1-834228961-62-HQ-83894-SUB-A.pdf,41,PERSON,Mr. Rosen,Mr. Rosen,
65-HS1-834228961-62-HQ-83894-SUB-A.pdf,41,PERSON,Mr. Tracy,Mr. Tracy,
65-HS1-834228961-62-HQ-83894-SUB-A.pdf,41,PERSON,Mr. Gearty---,Mr. Gearty---,
65-HS1-834228961-62-HQ-83894-SUB-A.pdf,41,PERSON,Mr. Mohr-----,Mr. Mohr-----,
65-HS1-834228961-62-HQ-83894-SUB-A.pdf,41,PERSON,Mr. Winterrowd,Mr. Winterrowd,
65-HS1-834228961-62-HQ-83894-SUB-A.pdf,41,ORG,CIA,CIA,
65-HS1-834228961-62-HQ-83894-SUB-A.pdf,41,MARKING,SECRET,SECRET,
65-HS1-834228961-62-HQ-83894-SUB-A.pdf,42,PERSON,Gen. James,Gen James,RANK
65-HS1-834228961-62-HQ-83894-SUB-A.pdf,43,PERSON,Lt. David C. Brigham,Lt David C. Brigham,RANK
65-HS1-834228961-62-HQ-83894-SUB-A.pdf,43,PERSON,Lt. Brigham,Lt Brigham,RANK
65-HS1-834228961-62-HQ-83894-SUB-A.pdf,46,PERSON,Lt DE,Lt DE,
65-HS1-834228961-62-HQ-83894-SUB-A.pdf,48,ORG,FBI,FBI,
65-HS1-834228961-62-HQ-83894-SUB-A.pdf,49,PERSON,Mr. Tillson,Mr. Tillson,
65-HS1-834228961-62-HQ-83894-SUB-A.pdf,49,PERSON,Mr. Ladd Mr. Nichols,Mr. Ladd Mr. Nichols,
65-HS1-834228961-62-HQ-83894-SUB-A.pdf,49,PERSON,Mr. BE,Mr. BE,
65-HS1-834228961-62-HQ-83894-SUB-A.pdf,49,PERSON,Mr. Clegg,Mr. Clegg,
65-HS1-834228961-62-HQ-83894-SUB-A.pdf,49,PERSON,Mr. Glavin,Mr. Glavin,
65-HS1-834228961-62-HQ-83894-SUB-A.pdf,49,PERSON,Mr. Ha.t,Mr. Ha.t,
65-HS1-834228961-62-HQ-83894-SUB-A.pdf,49,PERSON,Mr. Tracy,Mr. Tracy,
65-HS1-834228961-62-HQ-83894-SUB-A.pdf,49,PERSON,Mr. Laughlin,Mr. Laughlin,
65-HS1-834228961-62-HQ-83894-SUB-A.pdf,49,PERSON,Mr. Mohr,Mr. Mohr,
65-HS1-834228961-62-HQ-83894-SUB-A.pdf,49,PERSON,Mr. Winterrowd. Tele. Roo,Mr. Winterrowd. Tele. Roo,
65-HS1-834228961-62-HQ-83894-SUB-A.pdf,49,PERSON,Mr. Hollomall,Mr. Hollomall,
65-HS1-834228961-62-HQ-83894-SUB-A.pdf,52,PERSON,Mr. Clegit',Mr. Clegit',
65-HS1-834228961-62-HQ-83894-SUB-A.pdf,52,PERSON,Mr. Glavin,Mr. Glavin,
65-HS1-834228961-62-HQ-83894-SUB-A.pdf,52,PERSON,Mr. Harbo,Mr. Harbo,
65-HS1-834228961-62-HQ-83894-SUB-A.pdf,52,PERSON,Mr. Rosen,Mr. Rosen,
65-HS1-834228961-62-HQ-83894-SUB-A.pdf,52,PERSON,Mr. TracJ,Mr. TracJ,
65-HS1-834228961-62-HQ-83894-SUB-A.pdf,52,PERSON,Mr. Laugb.J.in,Mr. Laugb.J.in,
65-HS1-834228961-62-HQ-83894-SUB-A.pdf,52,PERSON,Mr. Mohr,Mr. Mohr,
65-HS1-834228961-62-HQ-83894-SUB-A.pdf,52,PERSON,Mr. Winter,Mr. Winter,
65-HS1-834228961-62-HQ-83894-SUB-A.pdf,52,PERSON,Mr. Holloman,Mr. Holloman,
65-HS1-834228961-62-HQ-83894-SUB-A.pdf,55,PERSON,Maj. Gen. John A. Sa,Maj Gen John A. Sa,RANK
65-HS1-834228961-62-HQ-83894-SUB-A.pdf,55,PERSON,Gen. Samford,Gen Samford,RANK
65-HS1-834228961-62-HQ-83894-SUB-A.pdf,55,ORG,USAF,USAF,
65-HS1-834228961-62-HQ-83894-SUB-A.pdf,56,PERSON,Dr. Dona,Dr. Dona,
65-HS1-834228961-62-HQ-83894-SUB-A.pdf,63,PERSON,Dr. Urne,Dr. Urne,
65-HS1-834228961-62-HQ-83894-SUB-A.pdf,63,PERSON,Dr. Liddel,Dr. Liddel,
65-HS1-834228961-62-HQ-83894-SUB-A.pdf,63,PERSON,Dr. Liddel Times-Herald,Dr. Liddel Times-Herald,
65-HS1-834228961-62-HQ-83894-SUB-A.pdf,63,MARKING,secret,SECRET,MARKING
65-HS1-834228961-62-HQ-83894-SUB-A.pdf,64,PERSON,Mr. Ar,Mr. Ar,
65-HS1-834228961-62-HQ-83894-SUB-A.pdf,65,PERSON,Mr. M.y. Perrett,Mr. M.y. Perrett,
65-HS1-834228961-62-HQ-83894-SUB-A.pdf,65,PERSON,Mr. T. Hollinghurst,Mr. T. Hollinghurst,
65-HS1-834228961-62-HQ-83894-SUB-A.pdf,66,PERSON,Mr J. Stewart,Mr J. Stewart,
65-HS1-834228961-62-HQ-83894-SUB-A.pdf,66,PERSON,Mrs. L. Mus,Mrs. L. Mus,
65-HS1-834228961-62-HQ-83894-SUB-A.pdf,66,PERSON,Mr. A. J,Mr. A. J,
65-HS1-834228961-62-HQ-83894-SUB-A.pdf,67,PERSON,Mr. Arthur N. Jeffery,Mr. Arthur N. Jeffery,
65-HS1-834228961-62-HQ-83894-SUB-A.pdf,67,PERSON,Mr. Harry Cove-Clark,Mr. Harry Cove-Clark,
65-HS1-834228961-62-HQ-83894-SUB-A.pdf,67,PERSON,Mr. H. Warren,Mr. H. Warren,
65-HS1-834228961-62-HQ-83894-SUB-A.pdf,74,ORG,SAFETY,SAFETY,
65-HS1-834228961-62-HQ-83894-SUB-A.pdf,74,MARKING,SECRET,SECRET,
65-HS1-834228961-62-HQ-83894-SUB-A.pdf,75,MARKING,secret,SECRET,MARKING
65-HS1-834228961-62-HQ-83894-SUB-A.pdf,78,MARKING,secret,SECRET,MARKING
65-HS1-834228961-62-HQ-83894-SUB-A.pdf,79,PERSON,Mr. Bo,Mr. Bo,
65-HS1-834228961-62-HQ-83894-SUB-A.pdf,79,PERSON,Mr. Mohr,Mr. Mohr,
65-HS1-834228961-62-HQ-83894-SUB-A.pdf,81,MARKING,secret,SECRET,MARKING
65-HS1-834228961-62-HQ-83894-SUB-A.pdf,84,DATE,"June 24, 1947","June 24, 1947",
65-HS1-834228961-62-HQ-83894-SUB-A.pdf,86,MARKING,SECRET,SECRET,
65-HS1-834228961-62-HQ-83894-SUB-A.pdf,88,PERSON,Mr. Cl,Mr. Cl,
65-HS1-834228961-62-HQ-83894-SUB-A.pdf,89,PERSON,Mr Tolscn,Mr Tolscn,
65-HS1-834228961-62-HQ-83894-SUB-A.pdf,89,PERSON,Mr. Ro,Mr. Ro,
65-HS1-834228961-62-HQ-83894-SUB-A.pdf,89,PERSON,Mr. Beltn,Mr. Beltn,
65-HS1-834228961-62-HQ-83894-SUB-A.pdf,89,PERSON,Mr. Mohr,Mr. Mohr,
65-HS1-834228961-62-HQ-83894-SUB-A.pdf,90,PERSON,Mr. Clegg,Mr. Clegg,
65-HS1-834228961-62-HQ-83894-SUB-A.pdf,90,PERSON,Mr. Rosen,Mr. Rosen,
65-HS1-834228961-62-HQ-83894-SUB-A.pdf,90,PERSON,Mr. Harbo,Mr. Harbo,
65-HS1-834228961-62-HQ-83894-SUB-A.pdf,91,PERSON,Mr. Dahl,Mr. Dahl,
65-HS1-834228961-62-HQ-83894-SUB-A.pdf,91,PERSON,Mr. Presently,Mr. Presently,
65-HS1-834228961-62-HQ-83894-SUB-A.pdf,91,PERSON,Mr. Dahl's,Mr. Dahl's,
65-HS1-834228961-62-HQ-83894-SUB-A.pdf,91,DATE,"June 25, 1947","June 25, 1947",
65-HS1-834228961-62-HQ-83894-SUB-A.pdf,92,PERSON,Prof. Giuseppe Belluzzo,Prof. Giuseppe Belluzzo,
65-HS1-834228961-62-HQ-83894-SUB-A.pdf,93,PERSON,Mr. Tolson,Mr. Tolson,
65-HS1-834228961-62-HQ-83894-SUB-A.pdf,93,PERSON,Mr. Clegg,Mr. Clegg,
65-HS1-834228961-62-HQ-83894-SUB-A.pdf,95,PERSON,Mr. Ttl,Mr. Ttl,
65-HS1-834228961-62-HQ-83894-SUB-A.pdf,96,PERSON,Mr. Tolson,Mr. Tolson,
65-HS1-834228961-62-HQ-83894-SUB-A.pdf,96,PERSON,Mr. E. A. Tamm,Mr. E. A. Tamm,
65-HS1-834228961-62-HQ-83894-SUB-A.pdf,96,PERSON,Mr. Clegg Mr. Gl,Mr. Clegg Mr. Gl,
65-HS1-834228961-62-HQ-83894-SUB-A.pdf,96,PERSON,Mr. Ladd Mr. Nic,Mr. Ladd Mr. Nic,
65-HS1-834228961-62-HQ-83894-SUB-A.pdf,96,PERSON,Mr. Rosen Mr. Tracy Mr,Mr. Rosen Mr. Tracy Mr,
65-HS1-834228961-62-HQ-83894-SUB-A.pdf,96,PERSON,Mr. Gurne,Mr. Gurne,
65-HS1-834228961-62-HQ-83894-SUB-A.pdf,96,PERSON,Mr. Mohr Mr. Pennington,Mr. Mohr Mr. Pennington,
65-HS1-834228961-62-HQ-83894-SUB-A.pdf,96,PERSON,Mr. Quinn,Mr. Quinn,
65-HS1-834228961-62-HQ-83894-SUB-A.pdf,96,PERSON,Mr. Neas,Mr. Neas,
65-HS1-834228961-62-HQ-83894-SUB-A.pdf,96,PERSON,Mr. Caldwell,Mr. Caldwell,
65-HS1-834228961-62-HQ-83894-SUB-A.pdf,96,PERSON,Mr. Caldwell's,Mr. Caldwell's,
65-HS1-834228961-62-HQ-83894-SUB-A.pdf,98,PERSON,Mr. Caldwell,Mr. Caldwell,
65-HS1-834228961-62-HQ-83894-SUB-A.pdf,98,PERSON,Mr. Caldwell's,Mr. Caldwell's,
65-HS1-834228961-62-HQ-83894-SUB-A.pdf,98,PERSON,Mr. Caldwen,Mr. Caldwen,
65-HS1-834228961-62-HQ-83894-SUB-A.pdf,98,PERSON,Mr. Cald,Mr. Cald,
65-HS1-834228961-62-HQ-83894-SUB-A.pdf,98,PERSON,Mr. Clap,Mr. Clap,
65-HS1-834228961-62-HQ-83894-SUB-A.pdf,98,PERSON,Mr. Driggers,Mr. Driggers,
65-HS1-834228961-62-HQ-83894-SUB-A.pdf,101,ORG,OSI,OSI,
65-HS1-834228961-62-HQ-83894-SUB-A.pdf,101,MARKING,Confidential,CONFIDENTIAL,MARKING
65-HS1-834228961-62-HQ-83894-SUB-A.pdf,102,PERSON,Mr. Tol,Mr. Tol,
65-HS1-834228961-62-HQ-83894-SUB-A.pdf,102,PERSON,Mr. Gurne,Mr. Gurne,
65-HS1-834228961-62-HQ-83894-SUB-A.pdf,102,PERSON,Mr. Mohr Mr. Pennington,Mr. Mohr Mr. Pennington,
65-HS1-834228961-62-HQ-83894-SUB-A.pdf,102,PERSON,Mr. Quinn,Mr. Quinn,
65-HS1-834228961-62-HQ-83894-SUB-A.pdf,103,MARKING,Secret,SECRET,MARKING
65-HS1-834228961-62-HQ-83894-SUB-A.pdf,106,PERSON,Mr. Clegg,Mr. Clegg,
65-HS1-834228961-62-HQ-83894-SUB-A.pdf,106,PERSON,Mr. Rosen Mr,Mr. Rosen Mr,
65-HS1-834228961-62-HQ-83894-SUB-A.pdf,106,PERSON,Mr. Egan,Mr. Egan,
65-HS1-834228961-62-HQ-83894-SUB-A.pdf,106,PERSON,Mr. Gurne,Mr. Gurne,
65-HS1-834228961-62-HQ-83894-SUB-A.pdf,106,PERSON,Mr. Penning,Mr. Penning,
65-HS1-834228961-62-HQ-83894-SUB-A.pdf,106,PERSON,Mr. Quinn Tamm,Mr. Quinn Tamm,
65-HS1-834228961-62-HQ-83894-SUB-A.pdf,107,PERSON,Col. F. J. Clark,Col F. J. Clark,RANK
65-HS1-834228961-62-HQ-83894-SUB-A.pdf,107,PERSON,Dr. Girard Kiuper,Dr. Girard Kiuper,
65-HS1-834228961-62-HQ-83894-SUB-A.pdf,107,PERSON,Dr. Oliver Kee,Dr. Oliver Kee,
65-HS1-834228961-62-HQ-83894-SUB-A.pdf,107,PERSON,Dr. Urey,Dr. Urey,
65-HS1-834228961-62-HQ-83894-SUB-A.pdf,107,PERSON,Dr. New,Dr. New,
65-HS1-834228961-62-HQ-83894-SUB-A.pdf,107,PERSON,Dr. C. C. Lauritsen,Dr. C. C. Lauritsen,
65-HS1-834228961-62-HQ-83894-SUB-A.pdf,107,PERSON,Col. Al Outlon,Col Al Outlon,RANK
65-HS1-834228961-62-HQ-83894-SUB-A.pdf,108,PERSON,Mr. Tracy,Mr. Tracy,
65-HS1-834228961-62-HQ-83894-SUB-A.pdf,108,PERSON,Mr. Carson-,Mr. Carson-,
65-HS1-834228961-62-HQ-83894-SUB-A.pdf,109,PERSON,Mr. Mr,Mr. Mr,
65-HS1-834228961-62-HQ-83894-SUB-A.pdf,109,PERSON,Mr. Clegg,Mr. Clegg,
65-HS1-834228961-62-HQ-83894-SUB-A.pdf,109,PERSON,Mr. Tracy,Mr. Tracy,
65-HS1-834228961-62-HQ-83894-SUB-A.pdf,109,PERSON,Mr. Carson,Mr. Carson,
65-HS1-834228961-62-HQ-83894-SUB-A.pdf,109,PERSON,Mr. Mr. Mr. Mr,Mr. Mr. Mr. Mr,
65-HS1-834228961-62-HQ-83894-SUB-A.pdf,109,PERSON,Mr. Pe,Mr. Pe,
65-HS1-834228961-62-HQ-83894-SUB-A.pdf,109,PERSON,Mr. Qu,Mr. Qu,
65-HS1-834228961-62-HQ-83894-SUB-A.pdf,109,PERSON,Mr. Nea,Mr. Nea,
65-HS1-834228961-62-HQ-83894-SUB-A.pdf,109,ORG,FBI,FBI,
65-HS1-834228961-62-HQ-83894-SUB-A.pdf,110,PERSON,Mr. Tol,Mr. Tol,
65-HS1-834228961-62-HQ-83894-SUB-A.pdf,110,PERSON,Mr. Clegg Mr. Glavin Mr,Mr. Clegg Mr. Glavin Mr,
65-HS1-834228961-62-HQ-83894-SUB-A.pdf,110,PERSON,Mr. Rosen Mr,Mr. Rosen Mr,
65-HS1-834228961-62-HQ-83894-SUB-A.pdf,110,PERSON,Mr. Egan Mr,Mr. Egan Mr,
65-HS1-834228961-62-HQ-83894-SUB-A.pdf,110,PERSON,Mr. Hendon,Mr. Hendon,
65-HS1-834228961-62-HQ-83894-SUB-A.pdf,110,PERSON,Mr. Pennington,Mr. Pennington,
65-HS1-834228961-62-HQ-83894-SUB-A.pdf,110,PERSON,Mr. Nease,Mr. Nease,
65-HS1-834228961-62-HQ-83894-SUB-A.pdf,111,PERSON,Mr. Egan,Mr. Egan,
65-HS1-834228961-62-HQ-83894-SUB-A.pdf,111,PERSON,Mr. Hendon Mr,Mr. Hendon Mr,
65-HS1-834228961-62-HQ-83894-SUB-A.pdf,111,PERSON,Mr. Quinn Tamm,Mr. Quinn Tamm,
65-HS1-834228961-62-HQ-83894-SUB-A.pdf,111,PERSON,Mr. Hood,Mr. Hood,
65-HS1-834228961-62-HQ-83894-SUB-A.pdf,111,PERSON,Mr. Long,Mr. Long,
65-HS1-834228961-62-HQ-83894-SUB-A.pdf,111,ORG,FBI,FBI,
65-HS1-834228961-62-HQ-83894-SUB-A.pdf,112,PERSON,Mr. Coff,Mr. Coff,
65-HS1-834228961-62-HQ-83894-SUB-A.pdf,112,PERSON,Mr. Ro,Mr. Ro,
65-HS1-834228961-62-HQ-83894-SUB-A.pdf,112,PERSON,Mr. Tracy,Mr. Tracy,
65-HS1-834228961-62-HQ-83894-SUB-A.pdf,112,PERSON,Mr. Cars,Mr. Cars,
65-HS1-834228961-62-HQ-83894-SUB-A.pdf,112,PERSON,Mr. Egan,Mr. Egan,
65-HS1-834228961-62-HQ-83894-SUB-A.pdf,112,PERSON,Mr. Hendon,Mr. Hendon,
65-HS1-834228961-62-HQ-83894-SUB-A.pdf,112,PERSON,Mr. Penn,Mr. Penn,
65-HS1-834228961-62-HQ-83894-SUB-A.pdf,112,PERSON,Mr. Nease,Mr. Nease,
65-HS1-834228961-62-HQ-83894-SUB-A.pdf,112,PERSON,Dr. L. R. Haf,Dr. L. R. Haf,
65-HS1-834228961-62-HQ-83894-SUB-A.pdf,112,PERSON,Dr. Jesse Sprowls,Dr. Jesse Sprowls,
65-HS1-834228961-62-HQ-83894-SUB-A.pdf,112,PERSON,Dr. Ivan E. McDougle,Dr. Ivan E. McDougle,
65-HS1-834228961-62-HQ-83894-SUB-A.pdf,113,PERSON,Mrs. Bessie Dunbar,Mrs. Bessie Dunbar,
65-HS1-834228961-62-HQ-83894-SUB-A.pdf,113,PERSON,Prof. A. M. Low. The,Prof. A. M. Low. The,
65-HS1-834228961-62-HQ-83894-SUB-A.pdf,113,ORG,FBI,FBI,
65-HS1-834228961-62-HQ-83894-SUB-A.pdf,113,MARKING,secret,SECRET,MARKING
65-HS1-834228961-62-HQ-83894-SUB-A.pdf,115,PERSON,Mr. Tolson,Mr. Tolson,
65-HS1-834228961-62-HQ-83894-SUB-A.pdf,115,PERSON,Mr. Glavin,Mr. Glavin,
65-HS1-834228961-62-HQ-83894-SUB-A.pdf,115,PERSON,Mr. Ladd,Mr. Ladd,
65-HS1-834228961-62-HQ-83894-SUB-A.pdf,115,PERSON,Mr. Gurne,Mr. Gurne,
65-HS1-834228961-62-HQ-83894-SUB-A.pdf,115,PERSON,Mr. Jones,Mr. Jones,
65-HS1-834228961-62-HQ-83894-SUB-A.pdf,115,PERSON,Mr. Leonard,Mr. Leonard,
65-HS1-834228961-62-HQ-83894-SUB-A.pdf,115,ORG,FBI,FBI,
65-HS1-834228961-62-HQ-83894-SUB-A.pdf,116,PERSON,Mr. Atamian,Mr. Atamian,
65-HS1-834228961-62-HQ-83894-SUB-A.pdf,116,PERSON,Capt. Tom Brown,Capt Tom Brown,RANK
65-HS1-834228961-62-HQ-83894-SUB-A.pdf,116,PERSON,Mrs. Walter Johnson. Di,Mrs. Walter Johnson. Di,
65-HS1-834228961-62-HQ-83894-SUB-A.pdf,116,PERSON,Mrs. Johnson,Mrs. Johnson,
65-HS1-834228961-62-HQ-83894-SUB-A.pdf,117,PERSON,Mr. Trucy,Mr. Trucy,
65-HS1-834228961-62-HQ-83894-SUB-A.pdf,117,PERSON,Mr. Neasa,Mr. Neasa,
65-HS1-834228961-62-HQ-83894-SUB-A.pdf,117,PERSON,Capt. Tom Brown,Capt Tom Brown,RANK
65-HS1-834228961-62-HQ-83894-SUB-A.pdf,117,ORG,FBI,FBI,
65-HS1-834228961-62-HQ-83894-SUB-A.pdf,118,PERSON,Dr. Overholser,Dr. Overholser,
65-HS1-834228961-62-HQ-83894-SUB-A.pdf,118,PERSON,Mrs. Mad-,Mrs. Mad-,
65-HS1-834228961-62-HQ-83894-SUB-A.pdf,118,PERSON,Dr. Wmfred,Dr. Wmfred,
65-HS1-834228961-62-HQ-83894-SUB-A.pdf,118,PERSON,Maj. Gen. Curtis E. LeMay,Maj Gen Curtis E. LeMay,RANK
65-HS1-834228961-62-HQ-83894-SUB-A.pdf,118,PERSON,Maj. Alexander,Maj Alexander,RANK
65-HS1-834228961-62-HQ-83894-SUB-A.pdf,118,ORG,FBI,FBI,
65-HS1-834228961-62-HQ-83894-SUB-A.pdf,119,PERSON,Mrs. Kole,Mrs. Kole,
65-HS1-834228961-62-HQ-83894-SUB-A.pdf,119,PERSON,Dr. Harold Urey,Dr. Harold Urey,
65-HS1-834228961-62-HQ-83894-SUB-A.pdf,119,PERSON,Col. F,Col F,RANK
65-HS1-834228961-62-HQ-83894-SUB-A.pdf,119,MARKING,Secret,SECRET,MARKING
65-HS1-834228961-62-HQ-83894-SUB-A.pdf,120,PERSON,Mr. Glavin,Mr. Glavin,
65-HS1-834228961-62-HQ-83894-SUB-A.pdf,120,PERSON,Mr. Rosen-,Mr. Rosen-,
65-HS1-834228961-62-HQ-83894-SUB-A.pdf,120,PERSON,Mr. Ca,Mr. Ca,
65-HS1-834228961-62-HQ-83894-SUB-A.pdf,120,PERSON,Mr. Egan Mr,Mr. Egan Mr,
65-HS1-834228961-62-HQ-83894-SUB-A.pdf,120,PERSON,Mr. Jones By JAMES COLLIGAN,Mr. Jones By JAMES COLLIGAN,
65-HS1-834228961-62-HQ-83894-SUB-A.pdf,120,PERSON,Mr. Penn,Mr. Penn,
65-HS1-834228961-62-HQ-83894-SUB-A.pdf,120,PERSON,Mr. Nease,Mr. Nease,
65-HS1-834228961-62-HQ-83894-SUB-A.pdf,120,PERSON,Mrs. Mai,Mrs. Mai,
65-HS1-834228961-62-HQ-83894-SUB-A.pdf,121,PERSON,Mr. Nichols,Mr. Nichols,
65-HS1-834228961-62-HQ-83894-SUB-A.pdf,121,PERSON,Mr. Harbo Mr,Mr. Harbo Mr,
65-HS1-834228961-62-HQ-83894-SUB-A.pdf,121,PERSON,Mr. Pennington,Mr. Pennington,
65-HS1-834228961-62-HQ-83894-SUB-A.pdf,121,PERSON,Dr. Works In,Dr. Works In,
65-HS1-834228961-62-HQ-83894-SUB-A.pdf,121,PERSON,Dr. Oliver Lee,Dr. Oliver Lee,
65-HS1-834228961-62-HQ-83894-SUB-A.pdf,121,PERSON,Dr. Lee,Dr. Lee,
65-HS1-834228961-62-HQ-83894-SUB-A.pdf,121,PERSON,Capt. Smith,Capt Smith,RANK
65-HS1-834228961-62-HQ-83894-SUB-A.pdf,121,PERSON,Capt. A,Capt A,RANK
65-HS1-834228961-62-HQ-83894-SUB-A.pdf,122,PERSON,Mr. Rosen Mr. Tracy,Mr. Rosen Mr. Tracy,
65-HS1-834228961-62-HQ-83894-SUB-A.pdf,122,PERSON,Mr. Carson Mr. Egan,Mr. Carson Mr. Egan,
65-HS1-834228961-62-HQ-83894-SUB-A.pdf,122,PERSON,Mr. Harbo The,Mr. Harbo The,
65-HS1-834228961-62-HQ-83894-SUB-A.pdf,122,PERSON,Dr. M. K. Leis,Dr. M. K. Leis,
65-HS1-834228961-62-HQ-83894-SUB-A.pdf,122,PERSON,Dr. Leisk In,Dr. Leisk In,
65-HS1-834228961-62-HQ-83894-SUB-A.pdf,122,PERSON,Dr. Describing,Dr. Describing,
65-HS1-834228961-62-HQ-83894-SUB-A.pdf,122,PERSON,Capt. E,Capt E,RANK
65-HS1-834228961-62-HQ-83894-SUB-A.pdf,123,PERSON,Mr. Cl,Mr. Cl,
65-HS1-834228961-62-HQ-83894-SUB-A.pdf,123,PERSON,Mr. Gl,Mr. Gl,
65-HS1-834228961-62-HQ-83894-SUB-A.pdf,123,PERSON,Mr. Ladd Mr,Mr. Ladd Mr,
65-HS1-834228961-62-HQ-83894-SUB-A.pdf,123,PERSON,Mr. Rose,Mr. Rose,
65-HS1-834228961-62-HQ-83894-SUB-A.pdf,123,PERSON,Mr. Egan,Mr. Egan,
65-HS1-834228961-62-HQ-83894-SUB-A.pdf,123,PERSON,Mr. Gurne,Mr. Gurne,
65-HS1-834228961-62-HQ-83894-SUB-A.pdf,123,PERSON,Mr. Hendon Saucers There- Mr,Mr. Hendon Saucers There- Mr,
65-HS1-834228961-62-HQ-83894-SUB-A.pdf,123,PERSON,Mr. Quinn,Mr. Quinn,
65-HS1-834228961-62-HQ-83894-SUB-A.pdf,123,PERSON,Mr. Nease,Mr. Nease,
65-HS1-834228961-62-HQ-83894-SUB-A.pdf,124,PERSON,Dr. M. K. Leisy,Dr. M. K. Leisy,
65-HS1-834228961-62-HQ-83894-Section-1.pdf,1,ORG,FBI,FBI,
65-HS1-834228961-62-HQ-83894-Section-1.pdf,2,PERSON,Mr. Coffey,Mr. Coffey,
65-HS1-834228961-62-HQ-83894-Section-1.pdf,2,PERSON,Mr. Ros,Mr. Ros,
65-HS1-834228961-62-HQ-83894-Section-1.pdf,2,PERSON,Mr. Ca,Mr. Ca,
65-HS1-834228961-62-HQ-83894-Section-1.pdf,2,PERSON,Mr. He,Mr. He,
65-HS1-834228961-62-HQ-83894-Section-1.pdf,2,PERSON,Mr. Penn,Mr. Penn,
65-HS1-834228961-62-HQ-83894-Section-1.pdf,2,PERSON,Mr. Qui,Mr. Qui,
65-HS1-834228961-62-HQ-83894-Section-1.pdf,2,PERSON,Mr. Chicago,Mr. Chicago,
65-HS1-834228961-62-HQ-83894-Section-1.pdf,2,PERSON,Capt. Tom Bi,Capt Tom Bi,RANK
65-HS1-834228961-62-HQ-83894-Section-1.pdf,2,ORG,FBI,FBI,
65-HS1-834228961-62-HQ-83894-Section-1.pdf,4,PERSON,Dr. Winfred Overholser,Dr. Winfred Overholser,
65-HS1-834228961-62-HQ-83894-Section-1.pdf,4,PERSON,Dr. Overholser,Dr. Overholser,
65-HS1-834228961-62-HQ-83894-Section-1.pdf,4,PERSON,Gen. Curt,Gen Curt,RANK
65-HS1-834228961-62-HQ-83894-Section-1.pdf,8,ORG,FBI,FBI,
65-HS1-834228961-62-HQ-83894-Section-1.pdf,10,DATE,"August 5, 1947","August 5, 1947",
65-HS1-834228961-62-HQ-83894-Section-1.pdf,15,PERSON,Dr. C. L. Kenny,Dr. C. L. Kenny,
65-HS1-834228961-62-HQ-83894-Section-1.pdf,15,PERSON,Dr. Kenny,Dr. Kenny,
65-HS1-834228961-62-HQ-83894-Section-1.pdf,20,DATE,"July 11, 1947","July 11, 1947",
65-HS1-834228961-62-HQ-83894-Section-1.pdf,20,MARKING,secret,SECRET,MARKING
65-HS1-834228961-62-HQ-83894-Section-1.pdf,24,PERSON,Mr. Johnson,Mr. Johnson,
65-HS1-834228961-62-HQ-83894-Section-1.pdf,24,ORG,SAC,SAC,
65-HS1-834228961-62-HQ-83894-Section-1.pdf,34,PERSON,Mrs. Va,Mrs. Va,
65-HS1-834228961-62-HQ-83894-Section-1.pdf,34,PERSON,Mr. Cash,Mr. Cash,
65-HS1-834228961-62-HQ-83894-Section-1.pdf,34,PERSON,Mrs. Kay Craft,Mrs. Kay Craft,
65-HS1-834228961-62-HQ-83894-Section-1.pdf,35,MARKING,secret,SECRET,MARKING
65-HS1-834228961-62-HQ-83894-Section-1.pdf,44,PERSON,Mr. Gl,Mr. Gl,
65-HS1-834228961-62-HQ-83894-Section-1.pdf,44,PERSON,Mr. Ladd,Mr. Ladd,
65-HS1-834228961-62-HQ-83894-Section-1.pdf,46,PERSON,Mrs. Hoffman. Disk Found Is,Mrs. Hoffman. Disk Found Is,
65-HS1-834228961-62-HQ-83894-Section-1.pdf,46,PERSON,Mrs. Hoffman,Mrs. Hoffman,
65-HS1-834228961-62-HQ-83894-Section-1.pdf,46,PERSON,Mrs. Alva Sie,Mrs. Alva Sie,
65-HS1-834228961-62-HQ-83894-Section-1.pdf,46,PERSON,Mrs. Howard Roth,Mrs. Howard Roth,
65-HS1-834228961-62-HQ-83894-Section-1.pdf,46,PERSON,Mrs. Anthony Hoff-,Mrs. Anthony Hoff-,
65-HS1-834228961-62-HQ-83894-Section-1.pdf,46,ORG,FBI,FBI,
65-HS1-834228961-62-HQ-83894-Section-1.pdf,47,PERSON,Dr. Aurel,Dr. Aurel,
65-HS1-834228961-62-HQ-83894-Section-1.pdf,47,PERSON,Mrs. L. A. Davis,Mrs. L. A. Davis,
65-HS1-834228961-62-HQ-83894-Section-1.pdf,47,PERSON,Dr. Aczel,Dr. Aczel,
65-HS1-834228961-62-HQ-83894-Section-1.pdf,50,PERSON,Mrs. Walter Johnson,Mrs. Walter Johnson,
65-HS1-834228961-62-HQ-83894-Section-1.pdf,51,PERSON,Col. G. R. Dodson,Col G. R. Dodson,RANK
65-HS1-834228961-62-HQ-83894-Section-1.pdf,51,PERSON,Capt. Tom Brown,Capt Tom Brown,RANK
65-HS1-834228961-62-HQ-83894-Section-1.pdf,52,PERSON,Mrs. W,Mrs. W,
65-HS1-834228961-62-HQ-83894-Section-1.pdf,52,PERSON,Mrs. Walter Johnson,Mrs. Walter Johnson,
65-HS1-834228961-62-HQ-83894-Section-1.pdf,52,PERSON,Mrs. Illusions Or Jokes,Mrs. Illusions Or Jokes,
65-HS1-834228961-62-HQ-83894-Section-1.pdf,53,PERSON,Capt. Tom Brown,Capt Tom Brown,RANK
65-HS1-834228961-62-HQ-83894-Section-1.pdf,54,ORG,FBI,FBI,
65-HS1-834228961-62-HQ-83894-Section-1.pdf,56,PERSON,Mr. What,Mr. What,
65-HS1-834228961-62-HQ-83894-Section-1.pdf,56,PERSON,Mrs. Al Sievert,Mrs. Al Sievert,
65-HS1-834228961-62-HQ-83894-Section-1.pdf,59,ORG,FBI,FBI,
65-HS1-834228961-62-HQ-83894-Section-1.pdf,59,DATE,"July 8, 1947","July 8, 1947",
65-HS1-834228961-62-HQ-83894-Section-1.pdf,59,DATE,7/7/47,7/7/47,
65-HS1-834228961-62-HQ-83894-Section-1.pdf,59,DATE,"July 7, 1947","July 7, 1947",
65-HS1-834228961-62-HQ-83894-Section-1.pdf,66,PERSON,Mr. Nichols,Mr. Nichols,
65-HS1-834228961-62-HQ-83894-Section-1.pdf,67,PERSON,Mr. Johnson,Mr. Johnson,
65-HS1-834228961-62-HQ-83894-Section-1.pdf,67,ORG,SAC,SAC,
65-HS1-834228961-62-HQ-83894-Section-1.pdf,67,ORG,FBI,FBI,
65-HS1-834228961-62-HQ-83894-Section-1.pdf,68,PERSON,Mr. Ladd Mr,Mr. Ladd Mr,
65-HS1-834228961-62-HQ-83894-Section-1.pdf,68,PERSON,Mr. Carson,Mr. Carson,
65-HS1-834228961-62-HQ-83894-Section-1.pdf,68,PERSON,Mr. F.gan,Mr. F.gan,
65-HS1-834228961-62-HQ-83894-Section-1.pdf,68,PERSON,Mr. Howe's,Mr. Howe's,
65-HS1-834228961-62-HQ-83894-Section-1.pdf,70,ORG,FBI,FBI,
65-HS1-834228961-62-HQ-83894-Section-1.pdf,70,ORG,SAC,SAC,
65-HS1-834228961-62-HQ-83894-Section-1.pdf,79,PERSON,Mrs. Fr,Mrs. Fr,
65-HS1-834228961-62-HQ-83894-Section-1.pdf,79,PERSON,Mr. Bannister,Mr. Bannister,
65-HS1-834228961-62-HQ-83894-Section-1.pdf,79,ORG,SAC,SAC,
65-HS1-834228961-62-HQ-83894-Section-1.pdf,85,PERSON,Mr. Hood,Mr. Hood,
65-HS1-834228961-62-HQ-83894-Section-1.pdf,85,PERSON,Mr. Hood's,Mr. Hood's,
65-HS1-834228961-62-HQ-83894-Section-1.pdf,85,ORG,SAC,SAC,
65-HS1-834228961-62-HQ-83894-Section-1.pdf,94,ORG,FBI,FBI,
65-HS1-834228961-62-HQ-83894-Section-1.pdf,94,ORG,SAC,SAC,
65-HS1-834228961-62-HQ-83894-Section-1.pdf,94,DATE,"July 17, 1947","July 17, 1947",
65-HS1-834228961-62-HQ-83894-Section-1.pdf,94,DATE,"July 9, 1947","July 9, 1947",
65-HS1-834228961-62-HQ-83894-Section-1.pdf,96,ORG,FBI,FBI,
65-HS1-834228961-62-HQ-83894-Section-1.pdf,96,DATE,"July 17, 1947","July 17, 1947",
65-HS1-834228961-62-HQ-83894-Section-1.pdf,96,DATE,"July 10, 1947","July 10, 1947",
65-HS1-834228961-62-HQ-83894-Section-1.pdf,97,PERSON,Mr. DA'VE-',Mr. DA'VE-',
65-HS1-834228961-62-HQ-83894-Section-1.pdf,97,PERSON,Mr. JCIDlSON,Mr. JCIDlSON,
65-HS1-834228961-62-HQ-83894-Section-1.pdf,97,ORG,FBI,FBI,
65-HS1-834228961-62-HQ-83894-Section-1.pdf,97,ORG,SAC,SAC,
65-HS1-834228961-62-HQ-83894-Section-1.pdf,103,PERSON,Mr. BAILEY,Mr. BAILEY,
65-HS1-834228961-62-HQ-83894-Section-1.pdf,103,ORG,FBI,FBI,
65-HS1-834228961-62-HQ-83894-Section-1.pdf,103,ORG,SAC,SAC,
65-HS1-834228961-62-HQ-83894-Section-1.pdf,105,PERSON,Mr. BAILEY,Mr. BAILEY,
65-HS1-834228961-62-HQ-83894-Section-1.pdf,105,PERSON,Mr. PERKIN,Mr. PERKIN,
65-HS1-834228961-62-HQ-83894-Section-1.pdf,105,ORG,FBI,FBI,
65-HS1-834228961-62-HQ-83894-Section-1.pdf,106,PERSON,Mr. Tracy JeibE,Mr. Tracy JeibE,
65-HS1-834228961-62-HQ-83894-Section-1.pdf,106,PERSON,Mr Gnnaea,Mr Gnnaea,
65-HS1-834228961-62-HQ-83894-Section-1.pdf,106,PERSON,Mr. Pennlni,Mr. Pennlni,
65-HS1-834228961-62-HQ-83894-Section-1.pdf,110,DATE,"July 23, 1947","July 23, 1947",
65-HS1-834228961-62-HQ-83894-Section-1.pdf,112,PERSON,Mr. J. Edgar Hoover,Mr. J. Edgar Hoover,
65-HS1-834228961-62-HQ-83894-Section-1.pdf,112,PERSON,Mr. Hoover,Mr. Hoover,
65-HS1-834228961-62-HQ-83894-Section-1.pdf,112,PERSON,Mr. Neose,Mr. Neose,
65-HS1-834228961-62-HQ-83894-Section-1.pdf,112,PERSON,Mr. Clark,Mr. Clark,
65-HS1-834228961-62-HQ-83894-Section-1.pdf,112,PERSON,Mrs. J.M,Mrs. J.M,
65-HS1-834228961-62-HQ-83894-Section-1.pdf,114,DATE,"July 11, 1947","July 11, 1947",
65-HS1-834228961-62-HQ-83894-Section-1.pdf,114,MARKING,secret,SECRET,MARKING
65-HS1-834228961-62-HQ-83894-Section-1.pdf,115,DATE,"July 7, 1947","July 7, 1947",
65-HS1-834228961-62-HQ-83894-Section-1.pdf,119,ORG,FBI,FBI,
65-HS1-834228961-62-HQ-83894-Section-1.pdf,125,PERSON,Mr. Reynolds,Mr. Reynolds,
65-HS1-834228961-62-HQ-83894-Section-1.pdf,125,PERSON,Mr. Reynold,Mr. Reynold,
65-HS1-834228961-62-HQ-83894-Section-1.pdf,125,DATE,"July 9, 1947","July 9, 1947",
65-HS1-834228961-62-HQ-83894-Section-1.pdf,125,MARKING,secret,SECRET,MARKING
65-HS1-834228961-62-HQ-83894-Section-1.pdf,127,PERSON,Mr. Ladd,Mr. Ladd,
65-HS1-834228961-62-HQ-83894-Section-1.pdf,127,PERSON,Mr. Reynolds,Mr. Reynolds,
65-HS1-834228961-62-HQ-83894-Section-1.pdf,127,ORG,FBI,FBI,
65-HS1-834228961-62-HQ-83894-Section-1.pdf,128,DATE,"July 30, 1947","July 30, 1947",
65-HS1-834228961-62-HQ-83894-Section-1.pdf,128,DATE,"July 14, 1947","July 14, 1947",
65-HS1-834228961-62-HQ-83894-Section-1.pdf,130,DATE,7/23/47,7/23/47,
65-HS1-834228961-62-HQ-83894-Section-1.pdf,131,PERSON,Mr. Reynolds,Mr. Reynolds,
65-HS1-834228961-62-HQ-83894-Section-1.pdf,131,PERSON,Mr. Raynolds,Mr. Raynolds,
65-HS1-834228961-62-HQ-83894-Section-1.pdf,131,ORG,FBI,FBI,
65-HS1-834228961-62-HQ-83894-Section-1.pdf,131,DATE,7/21/47,7/21/47,
65-HS1-834228961-62-HQ-83894-Section-1.pdf,131,DATE,"July 10, 1947","July 10, 1947",
65-HS1-834228961-62-HQ-83894-Section-1.pdf,132,PERSON,Mrs. GWYNNE,Mrs. GWYNNE,
65-HS1-834228961-62-HQ-83894-Section-1.pdf,132,PERSON,Mrs. GWYNNE M. MERCHANT,Mrs. GWYNNE M. MERCHANT,
65-HS1-834228961-62-HQ-83894-Section-1.pdf,132,PERSON,Mrs. MERCHANT,Mrs. MERCHANT,
65-HS1-834228961-62-HQ-83894-Section-1.pdf,132,PERSON,Mr. SIDNEY NEWBURGER,Mr. SIDNEY NEWBURGER,
65-HS1-834228961-62-HQ-83894-Section-1.pdf,132,PERSON,Mr. WINCHELL,Mr. WINCHELL,
65-HS1-834228961-62-HQ-83894-Section-1.pdf,132,ORG,FBI,FBI,
65-HS1-834228961-62-HQ-83894-Section-1.pdf,132,DATE,"July 22, 1947","July 22, 1947",
65-HS1-834228961-62-HQ-83894-Section-1.pdf,134,PERSON,Mr. Rosen,Mr. Rosen,
65-HS1-834228961-62-HQ-83894-Section-1.pdf,134,PERSON,Mr. Weeks,Mr. Weeks,
65-HS1-834228961-62-HQ-83894-Section-1.pdf,134,ORG,SAC,SAC,
65-HS1-834228961-62-HQ-83894-Section-1.pdf,134,ORG,FBI,FBI,
65-HS1-834228961-62-HQ-83894-Section-1.pdf,136,PERSON,Lt William G,Lt William G,
65-HS1-834228961-62-HQ-83894-Section-1.pdf,136,PERSON,Lt McGinty,Lt McGinty,
65-HS1-834228961-62-HQ-83894-Section-1.pdf,136,DATE,7 July 1947,7 July 1947,
65-HS1-834228961-62-HQ-83894-Section-1.pdf,136,DATE,1 July 1947,1 July 1947,
65-HS1-834228961-62-HQ-83894-Section-1.pdf,136,DATE,30 June 1947,30 June 1947,
65-HS1-834228961-62-HQ-83894-Section-1.pdf,139,PERSON,Mr. To,Mr. To,
65-HS1-834228961-62-HQ-83894-Section-1.pdf,139,PERSON,Mr. Glavin,Mr. Glavin,
65-HS1-834228961-62-HQ-83894-Section-1.pdf,139,PERSON,Mr. Daan,Mr. Daan,
65-HS1-834228961-62-HQ-83894-Section-1.pdf,139,PERSON,Mr. Mohr,Mr. Mohr,
65-HS1-834228961-62-HQ-83894-Section-1.pdf,139,PERSON,Mr. Qti,Mr. Qti,
65-HS1-834228961-62-HQ-83894-Section-1.pdf,141,ORG,FBI,FBI,
65-HS1-834228961-62-HQ-83894-Section-1.pdf,143,PERSON,Mr. TrlMl,Mr. TrlMl,
65-HS1-834228961-62-HQ-83894-Section-1.pdf,143,PERSON,Mr. Mohr,Mr. Mohr,
65-HS1-834228961-62-HQ-83894-Section-1.pdf,143,ORG,FBI,FBI,
65-HS1-834228961-62-HQ-83894-Section-1.pdf,143,ORG,SAC,SAC,
65-HS1-834228961-62-HQ-83894-Section-1.pdf,143,ORG,IDA,IDA,
65-HS1-834228961-62-HQ-83894-Section-1.pdf,145,PERSON,Mr. Arnold,Mr. Arnold,
65-HS1-834228961-62-HQ-83894-Section-1.pdf,145,DATE,"August 6, 1947","August 6, 1947",
65-HS1-834228961-62-HQ-83894-Section-1.pdf,145,MARKING,top secret,TOP SECRET,MARKING
65-HS1-834228961-62-HQ-83894-Section-1.pdf,149,PERSON,Mr. Harbo,Mr. Harbo,
65-HS1-834228961-62-HQ-83894-Section-1.pdf,149,PERSON,Mr. Sizoo,Mr. Sizoo,
65-HS1-834228961-62-HQ-83894-Section-1.pdf,153,ORG,SAC,SAC,
65-HS1-834228961-62-HQ-83894-Section-1.pdf,153,ORG,FBI,FBI,
65-HS1-834228961-62-HQ-83894-Section-1.pdf,157,PERSON,Mr. BROWN,Mr. BROWN,
65-HS1-834228961-62-HQ-83894-Section-1.pdf,157,ORG,FBI,FBI,
65-HS1-834228961-62-HQ-83894-Section-1.pdf,157,ORG,SAC,SAC,
65-HS1-834228961-62-HQ-83894-Section-1.pdf,157,DATE,"August 8, 1947","August 8, 1947",
65-HS1-834228961-62-HQ-83894-Section-1.pdf,157,DATE,"July 30, 1947","July 30, 1947",
65-HS1-834228961-62-HQ-83894-Section-1.pdf,157,DATE,"July 8, 1947","July 8, 1947",
65-HS1-834228961-62-HQ-83894-Section-1.pdf,159,ORG,FBI,FBI,
65-HS1-834228961-62-HQ-83894-Section-1.pdf,159,DATE,"August 8, 1947","August 8, 1947",
65-HS1-834228961-62-HQ-83894-Section-1.pdf,163,PERSON,Mr. Tolson,Mr. Tolson,
65-HS1-834228961-62-HQ-83894-Section-1.pdf,163,PERSON,Mr. E. A. Tamm,Mr. E. A. Tamm,
65-HS1-834228961-62-HQ-83894-Section-1.pdf,163,PERSON,Mr. Chee,Mr. Chee,
65-HS1-834228961-62-HQ-83894-Section-1.pdf,163,PERSON,Mr. Coffey,Mr. Coffey,
65-HS1-834228961-62-HQ-83894-Section-1.pdf,163,PERSON,Mr. Glavin,Mr. Glavin,
65-HS1-834228961-62-HQ-83894-Section-1.pdf,163,PERSON,Mr. Ladd,Mr. Ladd,
65-HS1-834228961-62-HQ-83894-Section-1.pdf,163,PERSON,Mr. Rosen,Mr. Rosen,
65-HS1-834228961-62-HQ-83894-Section-1.pdf,163,PERSON,Mr. Tracy,Mr. Tracy,
65-HS1-834228961-62-HQ-83894-Section-1.pdf,163,PERSON,Mr. Canon,Mr. Canon,
65-HS1-834228961-62-HQ-83894-Section-1.pdf,163,PERSON,Mr. Hendon,Mr. Hendon,
65-HS1-834228961-62-HQ-83894-Section-1.pdf,163,PERSON,Mr. Pennincton,Mr. Pennincton,
65-HS1-834228961-62-HQ-83894-Section-1.pdf,163,PERSON,Mr. Quinn Tamm,Mr. Quinn Tamm,
65-HS1-834228961-62-HQ-83894-Section-1.pdf,163,PERSON,Mr. Neaae,Mr. Neaae,
65-HS1-834228961-62-HQ-83894-Section-1.pdf,163,ORG,SAC,SAC,
65-HS1-834228961-62-HQ-83894-Section-1.pdf,167,ORG,FBI,FBI,
65-HS1-834228961-62-HQ-83894-Section-1.pdf,169,PERSON,Mr. J'l.etcher,Mr. J'l.etcher,
65-HS1-834228961-62-HQ-83894-Section-1.pdf,169,ORG,SAC,SAC,
65-HS1-834228961-62-HQ-83894-Section-1.pdf,169,DATE,"August 12, 1947","August 12, 1947",
65-HS1-834228961-62-HQ-83894-Section-1.pdf,169,DATE,"July 30, 1947","July 30, 1947",
65-HS1-834228961-62-HQ-83894-Section-1.pdf,169,DATE,"July 7, 1947","July 7, 1947",
65-HS1-834228961-62-HQ-83894-Section-1.pdf,169,DATE,"July 8, 1947","July 8, 1947",
65-HS1-834228961-62-HQ-83894-Section-1.pdf,169,DATE,"July 11, 1947","July 11, 1947",
65-HS1-834228961-62-HQ-83894-Section-1.pdf,171,PERSON,Mr. Fred,Mr. Fred,
65-HS1-834228961-62-HQ-83894-Section-1.pdf,171,DATE,"August 5, 1947","August 5, 1947",
65-HS1-834228961-62-HQ-83894-Section-1.pdf,171,DATE,"July 10, 1947","July 10, 1947",
65-HS1-834228961-62-HQ-83894-Section-1.pdf,185,MARKING,CONFIDENTIAL,CONFIDENTIAL,
65-HS1-834228961-62-HQ-83894-Section-10.pdf,4,PERSON,Mrs. Levi J. Dow Very,Mrs. Levi J. Dow Very,
65-HS1-834228961-62-HQ-83894-Section-10.pdf,4,ORG,AFSC,AFSC,
65-HS1-834228961-62-HQ-83894-Section-10.pdf,4,DATE,"August 31, 1966","August 31, 1966",
65-HS1-834228961-62-HQ-83894-Section-10.pdf,8,PERSON,Dr. Daniel W. Fry,Dr. Daniel W. Fry,
65-HS1-834228961-62-HQ-83894-Section-10.pdf,8,PERSON,Dr. George King,Dr. George King,
65-HS1-834228961-62-HQ-83894-Section-10.pdf,8,PERSON,Dr. Frank E. Stranges,Dr. Frank E. Stranges,
65-HS1-834228961-62-HQ-83894-Section-10.pdf,8,ORG,AFSC,AFSC,
65-HS1-834228961-62-HQ-83894-Section-10.pdf,9,PERSON,Dr. Raymond Bernard,Dr. Raymond Bernard,
65-HS1-834228961-62-HQ-83894-Section-10.pdf,9,PERSON,Dr. Frank E. Stranges',Dr. Frank E. Stranges',
65-HS1-834228961-62-HQ-83894-Section-10.pdf,9,PERSON,Dr. Daniel W. Fry's Man,Dr. Daniel W. Fry's Man,
65-HS1-834228961-62-HQ-83894-Section-10.pdf,9,PERSON,Mrs. Maud Willsie,Mrs. Maud Willsie,
65-HS1-834228961-62-HQ-83894-Section-10.pdf,9,PERSON,Mrs. Willsie,Mrs. Willsie,
65-HS1-834228961-62-HQ-83894-Section-10.pdf,9,PERSON,Mrs. Roberta T. International Headquarters,Mrs. Roberta T. International Headquarters,
65-HS1-834228961-62-HQ-83894-Section-10.pdf,9,PERSON,Mr. Leverett G. Inglewood,Mr. Leverett G. Inglewood,
65-HS1-834228961-62-HQ-83894-Section-10.pdf,9,PERSON,Mrs. Lee Yates. Phone,Mrs. Lee Yates. Phone,
65-HS1-834228961-62-HQ-83894-Section-10.pdf,9,ORG,AFSC,AFSC,
65-HS1-834228961-62-HQ-83894-Section-10.pdf,9,DATE,"May 4, 1966","May 4, 1966",
65-HS1-834228961-62-HQ-83894-Section-10.pdf,9,DATE,"June 4, 1966","June 4, 1966",
65-HS1-834228961-62-HQ-83894-Section-10.pdf,9,DATE,"June 23, 1966","June 23, 1966",
65-HS1-834228961-62-HQ-83894-Section-10.pdf,9,DATE,"April 24, 1964","April 24, 1964",
65-HS1-834228961-62-HQ-83894-Section-10.pdf,9,LOCATOR,Room 325,Room 325,
65-HS1-834228961-62-HQ-83894-Section-10.pdf,9,MARKING,SECRET,SECRET,
65-HS1-834228961-62-HQ-83894-Section-10.pdf,10,PERSON,Mrs. Lorena Vogt,Mrs. Lorena Vogt,
65-HS1-834228961-62-HQ-83894-Section-10.pdf,10,PERSON,Dr. Maria Elliott,Dr. Maria Elliott,
65-HS1-834228961-62-HQ-83894-Section-10.pdf,10,PERSON,Dr. King,Dr. King,
65-HS1-834228961-62-HQ-83894-Section-10.pdf,10,ORG,AFSC,AFSC,
65-HS1-834228961-62-HQ-83894-Section-10.pdf,10,DATE,"October 25, 1965","October 25, 1965",
65-HS1-834228961-62-HQ-83894-Section-10.pdf,10,DATE,"Sept. 10, 1965","Sept. 10, 1965",
65-HS1-834228961-62-HQ-83894-Section-10.pdf,10,DATE,"March 5, 1966","March 5, 1966",
65-HS1-834228961-62-HQ-83894-Section-10.pdf,11,PERSON,Mr. Reynolda,Mr. Reynolda,
65-HS1-834228961-62-HQ-83894-Section-10.pdf,11,PERSON,Mrs. Elmo Otis,Mrs. Elmo Otis,
65-HS1-834228961-62-HQ-83894-Section-10.pdf,11,PERSON,Mrs. Russell Scrivner,Mrs. Russell Scrivner,
65-HS1-834228961-62-HQ-83894-Section-10.pdf,11,PERSON,Mrs. Jack A. Zolar,Mrs. Jack A. Zolar,
65-HS1-834228961-62-HQ-83894-Section-10.pdf,11,PERSON,Mrs. James E. Simington,Mrs. James E. Simington,
65-HS1-834228961-62-HQ-83894-Section-10.pdf,11,PERSON,Mrs. Neal Reth,Mrs. Neal Reth,
65-HS1-834228961-62-HQ-83894-Section-10.pdf,11,PERSON,Mrs. Lloyd Hurley,Mrs. Lloyd Hurley,
65-HS1-834228961-62-HQ-83894-Section-10.pdf,11,DATE,"Mardi 21, 1168","Mardi 21, 1168",
65-HS1-834228961-62-HQ-83894-Section-10.pdf,12,PERSON,Mrs. Thoma,Mrs. Thoma,
65-HS1-834228961-62-HQ-83894-Section-10.pdf,12,PERSON,Mr. Smith,Mr. Smith,
65-HS1-834228961-62-HQ-83894-Section-10.pdf,12,PERSON,Mr. Emery,Mr. Emery,
65-HS1-834228961-62-HQ-83894-Section-10.pdf,12,ORG,AFSC,AFSC,
65-HS1-834228961-62-HQ-83894-Section-10.pdf,12,DATE,"March 26, 1968","March 26, 1968",
65-HS1-834228961-62-HQ-83894-Section-10.pdf,13,PERSON,Mr. Salisbury,Mr. Salisbury,
65-HS1-834228961-62-HQ-83894-Section-10.pdf,13,PERSON,Mr. Bressette,Mr. Bressette,
65-HS1-834228961-62-HQ-83894-Section-10.pdf,13,PERSON,Mr. Green,Mr. Green,
65-HS1-834228961-62-HQ-83894-Section-10.pdf,13,PERSON,Sgt. David Tellotson,Sgt David Tellotson,RANK
65-HS1-834228961-62-HQ-83894-Section-10.pdf,13,PERSON,Dr. Daniel W. Fry,Dr. Daniel W. Fry,
65-HS1-834228961-62-HQ-83894-Section-10.pdf,13,PERSON,Mr. Menzel,Mr. Menzel,
65-HS1-834228961-62-HQ-83894-Section-10.pdf,13,ORG,Project Blue Book,Project Blue Book,
65-HS1-834228961-62-HQ-83894-Section-10.pdf,13,ORG,NICAP,NICAP,
65-HS1-834228961-62-HQ-83894-Section-10.pdf,14,PERSON,Dr. George White,Dr. George White,
65-HS1-834228961-62-HQ-83894-Section-10.pdf,14,PERSON,Dr. John,Dr. John,
65-HS1-834228961-62-HQ-83894-Section-10.pdf,14,PERSON,Dr Allan,Dr Allan,
65-HS1-834228961-62-HQ-83894-Section-10.pdf,14,ORG,IDA,IDA,
65-HS1-834228961-62-HQ-83894-Section-10.pdf,14,ORG,NICAP,NICAP,
65-HS1-834228961-62-HQ-83894-Section-10.pdf,14,ORG,AFSC,AFSC,
65-HS1-834228961-62-HQ-83894-Section-10.pdf,15,PERSON,Mrs. Ernest Lee,Mrs. Ernest Lee,
65-HS1-834228961-62-HQ-83894-Section-10.pdf,15,DATE,"May 9, 1966","May 9, 1966",
65-HS1-834228961-62-HQ-83894-Section-10.pdf,18,PERSON,Mr. JARVIS,Mr. JARVIS,
65-HS1-834228961-62-HQ-83894-Section-10.pdf,18,PERSON,Mr. COOPER,Mr. COOPER,
65-HS1-834228961-62-HQ-83894-Section-10.pdf,18,ORG,FBI,FBI,
65-HS1-834228961-62-HQ-83894-Section-10.pdf,18,ORG,SAC,SAC,
65-HS1-834228961-62-HQ-83894-Section-10.pdf,18,DATE,10/3/66,10/3/66,
65-HS1-834228961-62-HQ-83894-Section-10.pdf,18,DATE,9/22/66,9/22/66,
65-HS1-834228961-62-HQ-83894-Section-10.pdf,18,DATE,9/19/66,9/19/66,
65-HS1-834228961-62-HQ-83894-Section-10.pdf,18,DATE,5/4/66,5/4/66,
65-HS1-834228961-62-HQ-83894-Section-10.pdf,20,PERSON,Mr. Paul,Mr. Paul,
65-HS1-834228961-62-HQ-83894-Section-10.pdf,20,PERSON,Mr. Wright,Mr. Wright,
65-HS1-834228961-62-HQ-83894-Section-10.pdf,20,ORG,FBI,FBI,
65-HS1-834228961-62-HQ-83894-Section-10.pdf,20,DATE,"October 17, 1966","October 17, 1966",
65-HS1-834228961-62-HQ-83894-Section-10.pdf,25,ORG,FBI,FBI,
65-HS1-834228961-62-HQ-83894-Section-10.pdf,25,ORG,SAC,SAC,
65-HS1-834228961-62-HQ-83894-Section-10.pdf,25,DATE,10/19/66,10/19/66,
65-HS1-834228961-62-HQ-83894-Section-10.pdf,25,DATE,10/1/47,10/1/47,
65-HS1-834228961-62-HQ-83894-Section-10.pdf,25,DATE,3/25/49,3/25/49,
65-HS1-834228961-62-HQ-83894-Section-10.pdf,25,DATE,"October 16, 1966","October 16, 1966",
65-HS1-834228961-62-HQ-83894-Section-10.pdf,28,PERSON,Dr. EDWARD,Dr. EDWARD,
65-HS1-834228961-62-HQ-83894-Section-10.pdf,30,PERSON,Dr. Ed,Dr. Ed,
65-HS1-834228961-62-HQ-83894-Section-10.pdf,30,ORG,Project Blue Book,Project Blue Book,
65-HS1-834228961-62-HQ-83894-Section-10.pdf,31,PERSON,Mr. DeLoach,Mr. DeLoach,
65-HS1-834228961-62-HQ-83894-Section-10.pdf,31,PERSON,Mr. Wick,Mr. Wick,
65-HS1-834228961-62-HQ-83894-Section-10.pdf,31,ORG,FBI,FBI,
65-HS1-834228961-62-HQ-83894-Section-10.pdf,31,DATE,"October 21, 1966","October 21, 1966",
65-HS1-834228961-62-HQ-83894-Section-10.pdf,31,MARKING,confidential,CONFIDENTIAL,MARKING
65-HS1-834228961-62-HQ-83894-Section-10.pdf,32,ORG,FBI,FBI,
65-HS1-834228961-62-HQ-83894-Section-10.pdf,33,DATE,"January 26, 1965","January 26, 1965",
65-HS1-834228961-62-HQ-83894-Section-10.pdf,35,ORG,FBI,FBI,
65-HS1-834228961-62-HQ-83894-Section-10.pdf,37,ORG,FBI,FBI,
65-HS1-834228961-62-HQ-83894-Section-10.pdf,38,DATE,"April 24, 1964","April 24, 1964",
65-HS1-834228961-62-HQ-83894-Section-10.pdf,39,ORG,SAC,SAC,
65-HS1-834228961-62-HQ-83894-Section-10.pdf,39,ORG,OSI,OSI,
65-HS1-834228961-62-HQ-83894-Section-10.pdf,39,DATE,"December 21, 1966","December 21, 1966",
65-HS1-834228961-62-HQ-83894-Section-10.pdf,42,ORG,FBI,FBI,
65-HS1-834228961-62-HQ-83894-Section-10.pdf,42,DATE,"December 27, 1966","December 27, 1966",
65-HS1-834228961-62-HQ-83894-Section-10.pdf,44,PERSON,Mr. J. Edgar Hoover TELE,Mr. J. Edgar Hoover TELE,
65-HS1-834228961-62-HQ-83894-Section-10.pdf,44,PERSON,Mr. Hoover,Mr. Hoover,
65-HS1-834228961-62-HQ-83894-Section-10.pdf,44,DATE,"December 23, 1966","December 23, 1966",
65-HS1-834228961-62-HQ-83894-Section-10.pdf,44,MARKING,secret,SECRET,MARKING
65-HS1-834228961-62-HQ-83894-Section-10.pdf,47,ORG,FBI,FBI,
65-HS1-834228961-62-HQ-83894-Section-10.pdf,51,PERSON,Mr. DeLoach Mr. Gale Liaison,Mr. DeLoach Mr. Gale Liaison,
65-HS1-834228961-62-HQ-83894-Section-10.pdf,51,PERSON,Mr. McAndrews,Mr. McAndrews,
65-HS1-834228961-62-HQ-83894-Section-10.pdf,51,PERSON,Mr. Ware January,Mr. Ware January,
65-HS1-834228961-62-HQ-83894-Section-10.pdf,51,ORG,FBI,FBI,
65-HS1-834228961-62-HQ-83894-Section-10.pdf,51,DATE,"January 18, 1987","January 18, 1987",
65-HS1-834228961-62-HQ-83894-Section-10.pdf,57,LOCATOR,Room 6S27,Room 6S27,
65-HS1-834228961-62-HQ-83894-Section-10.pdf,57,LOCATOR,Room 6524,Room 6524,
65-HS1-834228961-62-HQ-83894-Section-10.pdf,57,MARKING,Restricted,RESTRICTED,MARKING
65-HS1-834228961-62-HQ-83894-Section-10.pdf,62,ORG,FBI,FBI,
65-HS1-834228961-62-HQ-83894-Section-10.pdf,62,ORG,SAC,SAC,
65-HS1-834228961-62-HQ-83894-Section-10.pdf,62,DATE,"July 4, 1961","July 4, 1961",
65-HS1-834228961-62-HQ-83894-Section-10.pdf,63,DATE,"June 8, 1967","June 8, 1967",
65-HS1-834228961-62-HQ-83894-Section-10.pdf,63,DATE,"April 26, 1967","April 26, 1967",
65-HS1-834228961-62-HQ-83894-Section-10.pdf,63,MARKING,top secret,TOP SECRET,MARKING
65-HS1-834228961-62-HQ-83894-Section-10.pdf,64,ORG,FBI,FBI,
65-HS1-834228961-62-HQ-83894-Section-10.pdf,64,DATE,"March 14, 1945","March 14, 1945",
65-HS1-834228961-62-HQ-83894-Section-10.pdf,64,DATE,"December 26, 1951","December 26, 1951",
65-HS1-834228961-62-HQ-83894-Section-10.pdf,64,DATE,"January 7, 1952","January 7, 1952",
65-HS1-834228961-62-HQ-83894-Section-10.pdf,65,DATE,"June 8, 1967","June 8, 1967",
65-HS1-834228961-62-HQ-83894-Section-10.pdf,65,DATE,"April 16, 1967","April 16, 1967",
65-HS1-834228961-62-HQ-83894-Section-10.pdf,65,MARKING,top secret,TOP SECRET,MARKING
65-HS1-834228961-62-HQ-83894-Section-10.pdf,68,DATE,"April 26, 1967","April 26, 1967",
65-HS1-834228961-62-HQ-83894-Section-10.pdf,68,MARKING,top secret,TOP SECRET,MARKING
65-HS1-834228961-62-HQ-83894-Section-10.pdf,72,ORG,FBI,FBI,
65-HS1-834228961-62-HQ-83894-Section-10.pdf,72,ORG,SAC,SAC,
65-HS1-834228961-62-HQ-83894-Section-10.pdf,72,ORG,CIA,CIA,
65-HS1-834228961-62-HQ-83894-Section-10.pdf,72,DATE,7/25/67,7/25/67,
65-HS1-834228961-62-HQ-83894-Section-10.pdf,73,PERSON,Mr. Theodore Gray,Mr. Theodore Gray,
65-HS1-834228961-62-HQ-83894-Section-10.pdf,73,PERSON,Mr. Hullett,Mr. Hullett,
65-HS1-834228961-62-HQ-83894-Section-10.pdf,73,PERSON,Mr. Hoover,Mr. Hoover,
65-HS1-834228961-62-HQ-83894-Section-10.pdf,73,ORG,FBI,FBI,
65-HS1-834228961-62-HQ-83894-Section-10.pdf,73,DATE,"August 24, 1967","August 24, 1967",
65-HS1-834228961-62-HQ-83894-Section-10.pdf,75,PERSON,Mr. Callahan,Mr. Callahan,
65-HS1-834228961-62-HQ-83894-Section-10.pdf,75,PERSON,Mr. Conrad,Mr. Conrad,
65-HS1-834228961-62-HQ-83894-Section-10.pdf,75,PERSON,Mr. Gale,Mr. Gale,
65-HS1-834228961-62-HQ-83894-Section-10.pdf,75,PERSON,Mr. Rosen,Mr. Rosen,
65-HS1-834228961-62-HQ-83894-Section-10.pdf,75,PERSON,Mr. Sull,Mr. Sull,
65-HS1-834228961-62-HQ-83894-Section-10.pdf,75,PERSON,Mr. TaveL,Mr. TaveL,
65-HS1-834228961-62-HQ-83894-Section-10.pdf,75,PERSON,Mr. Hoover,Mr. Hoover,
65-HS1-834228961-62-HQ-83894-Section-10.pdf,75,DATE,"August 19, 1967","August 19, 1967",
65-HS1-834228961-62-HQ-83894-Section-10.pdf,79,PERSON,Mr. Ad,Mr. Ad,
65-HS1-834228961-62-HQ-83894-Section-10.pdf,79,PERSON,Mr. Fred Steckl,Mr. Fred Steckl,
65-HS1-834228961-62-HQ-83894-Section-10.pdf,79,PERSON,Mr Rona,Mr Rona,
65-HS1-834228961-62-HQ-83894-Section-10.pdf,79,PERSON,Mr. Geo,Mr. Geo,
65-HS1-834228961-62-HQ-83894-Section-10.pdf,79,PERSON,Lt Colonel,Lt Col,RANK
65-HS1-834228961-62-HQ-83894-Section-10.pdf,79,ORG,USAF,USAF,
65-HS1-834228961-62-HQ-83894-Section-10.pdf,79,MARKING,secret,SECRET,MARKING
65-HS1-834228961-62-HQ-83894-Section-10.pdf,80,PERSON,Dr. Fred Hoyl,Dr. Fred Hoyl,
65-HS1-834228961-62-HQ-83894-Section-10.pdf,80,MARKING,secret,SECRET,MARKING
65-HS1-834228961-62-HQ-83894-Section-10.pdf,81,PERSON,Mr. Smith,Mr. Smith,
65-HS1-834228961-62-HQ-83894-Section-10.pdf,81,PERSON,Mr. Adamski,Mr. Adamski,
65-HS1-834228961-62-HQ-83894-Section-10.pdf,81,PERSON,Mr. George Adamski,Mr. George Adamski,
65-HS1-834228961-62-HQ-83894-Section-10.pdf,81,PERSON,Mrs. Fred Steck,Mrs. Fred Steck,
65-HS1-834228961-62-HQ-83894-Section-10.pdf,81,ORG,NASA,NASA,
65-HS1-834228961-62-HQ-83894-Section-10.pdf,81,MARKING,confidential,CONFIDENTIAL,MARKING
65-HS1-834228961-62-HQ-83894-Section-10.pdf,82,PERSON,Dr. The,Dr. The,
65-HS1-834228961-62-HQ-83894-Section-10.pdf,82,PERSON,Mrs. Suzy Peeters,Mrs. Suzy Peeters,
65-HS1-834228961-62-HQ-83894-Section-10.pdf,82,PERSON,Dr. Johnson,Dr. Johnson,
65-HS1-834228961-62-HQ-83894-Section-10.pdf,82,PERSON,Mrs. Merna Lindermayor,Mrs. Merna Lindermayor,
65-HS1-834228961-62-HQ-83894-Section-10.pdf,83,PERSON,Dr. Johnson,Dr. Johnson,
65-HS1-834228961-62-HQ-83894-Section-10.pdf,84,PERSON,Dr. Pau,Dr. Pau,
65-HS1-834228961-62-HQ-83894-Section-10.pdf,84,PERSON,Dr. Lowman,Dr. Lowman,
65-HS1-834228961-62-HQ-83894-Section-10.pdf,84,PERSON,Mr. Fred Steckling,Mr. Fred Steckling,
65-HS1-834228961-62-HQ-83894-Section-10.pdf,84,PERSON,Mr. Steck,Mr. Steck,
65-HS1-834228961-62-HQ-83894-Section-10.pdf,84,PERSON,Mr. Pen,Mr. Pen,
65-HS1-834228961-62-HQ-83894-Section-10.pdf,84,PERSON,Mr. Cramp,Mr. Cramp,
65-HS1-834228961-62-HQ-83894-Section-10.pdf,84,PERSON,Mr. Of,Mr. Of,
65-HS1-834228961-62-HQ-83894-Section-10.pdf,84,PERSON,Dr. Hynek. His,Dr. Hynek. His,
65-HS1-834228961-62-HQ-83894-Section-10.pdf,84,ORG,NASA,NASA,
65-HS1-834228961-62-HQ-83894-Section-10.pdf,84,DATE,Feb. 20 1967,Feb. 20 1967,
65-HS1-834228961-62-HQ-83894-Section-10.pdf,85,PERSON,Mr. Steckling,Mr. Steckling,
65-HS1-834228961-62-HQ-83894-Section-10.pdf,85,PERSON,Lt. Colonel,Lt Col,RANK
65-HS1-834228961-62-HQ-83894-Section-10.pdf,85,PERSON,Mr. Fred Steckling,Mr. Fred Steckling,
65-HS1-834228961-62-HQ-83894-Section-10.pdf,85,PERSON,Mr. Cramp,Mr. Cramp,
65-HS1-834228961-62-HQ-83894-Section-10.pdf,85,ORG,NASA,NASA,
65-HS1-834228961-62-HQ-83894-Section-10.pdf,85,ORG,Project Blue Book,Project Blue Book,
65-HS1-834228961-62-HQ-83894-Section-10.pdf,85,ORG,USAF,USAF,
65-HS1-834228961-62-HQ-83894-Section-10.pdf,85,DATE,"March 10, 1967","March 10, 1967",
65-HS1-834228961-62-HQ-83894-Section-10.pdf,85,DATE,Mar 17 1967,Mar 17 1967,
65-HS1-834228961-62-HQ-83894-Section-10.pdf,86,PERSON,Dr. Lanuza,Dr. Lanuza,
65-HS1-834228961-62-HQ-83894-Section-10.pdf,86,PERSON,Mr. Reyes,Mr. Reyes,
65-HS1-834228961-62-HQ-83894-Section-10.pdf,86,PERSON,Mrs. Maria Cristina,Mrs. Maria Cristina,
65-HS1-834228961-62-HQ-83894-Section-10.pdf,86,PERSON,Dr. Jose A. Lanuza,Dr. Jose A. Lanuza,
65-HS1-834228961-62-HQ-83894-Section-10.pdf,86,PERSON,Dr. Lanuza County,Dr. Lanuza County,
65-HS1-834228961-62-HQ-83894-Section-10.pdf,86,ORG,NASA,NASA,
65-HS1-834228961-62-HQ-83894-Section-10.pdf,87,PERSON,Capt. Frank J. Morris,Capt Frank J. Morris,RANK
65-HS1-834228961-62-HQ-83894-Section-10.pdf,87,ORG,NASA,NASA,
65-HS1-834228961-62-HQ-83894-Section-10.pdf,88,PERSON,Mr. George Adamski,Mr. George Adamski,
65-HS1-834228961-62-HQ-83894-Section-10.pdf,88,PERSON,Mr. Ad,Mr. Ad,
65-HS1-834228961-62-HQ-83894-Section-10.pdf,88,PERSON,Mr. Adamski,Mr. Adamski,
65-HS1-834228961-62-HQ-83894-Section-10.pdf,88,PERSON,Mrs. Jane McEvoy,Mrs. Jane McEvoy,
65-HS1-834228961-62-HQ-83894-Section-10.pdf,88,MARKING,secret,SECRET,MARKING
65-HS1-834228961-62-HQ-83894-Section-10.pdf,89,PERSON,Lt. General Schaper,Lt Gen Schaper,RANK
65-HS1-834228961-62-HQ-83894-Section-10.pdf,89,PERSON,Dr. M. Rooy,Dr. M. Rooy,
65-HS1-834228961-62-HQ-83894-Section-10.pdf,89,PERSON,Mr. Kolff,Mr. Kolff,
65-HS1-834228961-62-HQ-83894-Section-10.pdf,89,PERSON,Mr. Kolff. Seated,Mr. Kolff. Seated,
65-HS1-834228961-62-HQ-83894-Section-10.pdf,89,MARKING,secret,SECRET,MARKING
65-HS1-834228961-62-HQ-83894-Section-10.pdf,89,MARKING,confidential,CONFIDENTIAL,MARKING
65-HS1-834228961-62-HQ-83894-Section-10.pdf,91,PERSON,Prof. Dr. Hermann Oberth,Prof. Dr. Hermann Oberth,
65-HS1-834228961-62-HQ-83894-Section-10.pdf,91,PERSON,Dr. Kurt Waldheim,Dr. Kurt Waldheim,
65-HS1-834228961-62-HQ-83894-Section-10.pdf,92,PERSON,Prof. Dr. Hermann Th,Prof. Dr. Hermann Th,
65-HS1-834228961-62-HQ-83894-Section-10.pdf,92,PERSON,Prof. Dr. Herm,Prof. Dr. Herm,
65-HS1-834228961-62-HQ-83894-Section-10.pdf,92,PERSON,Prof. Dr. Gabriel Alvial,Prof. Dr. Gabriel Alvial,
65-HS1-834228961-62-HQ-83894-Section-10.pdf,92,PERSON,Prof. Dr. Alexander Kazantsev Soviet,Prof. Dr. Alexander Kazantsev Soviet,
65-HS1-834228961-62-HQ-83894-Section-10.pdf,92,PERSON,Prof. Dr. Carl Sagan,Prof. Dr. Carl Sagan,
65-HS1-834228961-62-HQ-83894-Section-10.pdf,92,PERSON,Prof. Dr. Mitrovan Zverer,Prof. Dr. Mitrovan Zverer,
65-HS1-834228961-62-HQ-83894-Section-10.pdf,92,ORG,NASA,NASA,
65-HS1-834228961-62-HQ-83894-Section-10.pdf,92,MARKING,Confidential,CONFIDENTIAL,MARKING
65-HS1-834228961-62-HQ-83894-Section-10.pdf,93,PERSON,Prof. Dr. Allen J. Hyn,Prof. Dr. Allen J. Hyn,
65-HS1-834228961-62-HQ-83894-Section-10.pdf,93,ORG,NICAP,NICAP,
65-HS1-834228961-62-HQ-83894-Section-10.pdf,93,ORG,APRO,APRO,
65-HS1-834228961-62-HQ-83894-Section-10.pdf,93,MARKING,secret,SECRET,MARKING
65-HS1-834228961-62-HQ-83894-Section-10.pdf,94,PERSON,Mr. Ra,Mr. Ra,
65-HS1-834228961-62-HQ-83894-Section-10.pdf,94,PERSON,Mr. Robinson,Mr. Robinson,
65-HS1-834228961-62-HQ-83894-Section-10.pdf,94,ORG,FBI,FBI,
65-HS1-834228961-62-HQ-83894-Section-10.pdf,94,DATE,"October 3, 1967","October 3, 1967",
65-HS1-834228961-62-HQ-83894-Section-10.pdf,100,ORG,FBI,FBI,
65-HS1-834228961-62-HQ-83894-Section-10.pdf,100,ORG,OSI,OSI,
65-HS1-834228961-62-HQ-83894-Section-10.pdf,100,DATE,10/10/67,10/10/67,
65-HS1-834228961-62-HQ-83894-Section-10.pdf,100,DATE,10/9/67,10/9/67,
65-HS1-834228961-62-HQ-83894-Section-10.pdf,102,ORG,FBI,FBI,
65-HS1-834228961-62-HQ-83894-Section-10.pdf,102,DATE,"October 10, 1967","October 10, 1967",
65-HS1-834228961-62-HQ-83894-Section-10.pdf,102,DATE,"October 9, 1967","October 9, 1967",
65-HS1-834228961-62-HQ-83894-Section-10.pdf,102,DATE,"August 21, 1967","August 21, 1967",
65-HS1-834228961-62-HQ-83894-Section-10.pdf,102,DATE,"May 22, 1962","May 22, 1962",
65-HS1-834228961-62-HQ-83894-Section-10.pdf,102,DATE,"August 6, 1967","August 6, 1967",
65-HS1-834228961-62-HQ-83894-Section-10.pdf,102,DATE,"August 20, 1967","August 20, 1967",
65-HS1-834228961-62-HQ-83894-Section-10.pdf,104,ORG,FBI,FBI,
65-HS1-834228961-62-HQ-83894-Section-10.pdf,105,DATE,"October 10, 1987","October 10, 1987",
65-HS1-834228961-62-HQ-83894-Section-10.pdf,105,DATE,"October 9, 1987","October 9, 1987",
65-HS1-834228961-62-HQ-83894-Section-10.pdf,105,DATE,"May 22, 1962","May 22, 1962",
65-HS1-834228961-62-HQ-83894-Section-10.pdf,107,ORG,FBI,FBI,
65-HS1-834228961-62-HQ-83894-Section-10.pdf,107,DATE,"October 10, 1961","October 10, 1961",
65-HS1-834228961-62-HQ-83894-Section-10.pdf,107,DATE,"October 9, 1967","October 9, 1967",
65-HS1-834228961-62-HQ-83894-Section-10.pdf,107,DATE,"May 22, 1962","May 22, 1962",
65-HS1-834228961-62-HQ-83894-Section-10.pdf,109,ORG,FBI,FBI,
65-HS1-834228961-62-HQ-83894-Section-10.pdf,109,DATE,"August 21, 1967","August 21, 1967",
65-HS1-834228961-62-HQ-83894-Section-10.pdf,109,DATE,"Auguat 20, 1987","Auguat 20, 1987",
65-HS1-834228961-62-HQ-83894-Section-10.pdf,111,PERSON,Mr. ROBERT,Mr. ROBERT,
65-HS1-834228961-62-HQ-83894-Section-10.pdf,111,PERSON,Mr. EDWARDS,Mr. EDWARDS,
65-HS1-834228961-62-HQ-83894-Section-10.pdf,111,ORG,NICAP,NICAP,
65-HS1-834228961-62-HQ-83894-Section-10.pdf,111,ORG,OSI,OSI,
65-HS1-834228961-62-HQ-83894-Section-10.pdf,111,DATE,11/20/67,11/20/67,
65-HS1-834228961-62-HQ-83894-Section-10.pdf,111,DATE,1/17/68,1/17/68,
65-HS1-834228961-62-HQ-83894-Section-10.pdf,113,ORG,NICAP,NICAP,
65-HS1-834228961-62-HQ-83894-Section-10.pdf,113,DATE,20 November 1967,20 November 1967,
65-HS1-834228961-62-HQ-83894-Section-10.pdf,114,PERSON,Mr. Gle,Mr. Gle,
65-HS1-834228961-62-HQ-83894-Section-10.pdf,114,PERSON,Mr. Evans,Mr. Evans,
65-HS1-834228961-62-HQ-83894-Section-10.pdf,114,ORG,FBI,FBI,
65-HS1-834228961-62-HQ-83894-Section-10.pdf,114,DATE,"March 19, 1968","March 19, 1968",
65-HS1-834228961-62-HQ-83894-Section-10.pdf,116,ORG,FBI,FBI,
65-HS1-834228961-62-HQ-83894-Section-10.pdf,121,ORG,FBI,FBI,
65-HS1-834228961-62-HQ-83894-Section-10.pdf,121,DATE,"March 18, 1968","March 18, 1968",
65-HS1-834228961-62-HQ-83894-Section-10.pdf,127,PERSON,Mr. J. F.d.gar Hoover,Mr. J. F.d.gar Hoover,
65-HS1-834228961-62-HQ-83894-Section-10.pdf,127,PERSON,Mr. Hoover,Mr. Hoover,
65-HS1-834228961-62-HQ-83894-Section-10.pdf,127,PERSON,Mr. John,Mr. John,
65-HS1-834228961-62-HQ-83894-Section-10.pdf,127,DATE,"March 19, 1969","March 19, 1969",
65-HS1-834228961-62-HQ-83894-Section-10.pdf,127,DATE,"December 1, 1963","December 1, 1963",
65-HS1-834228961-62-HQ-83894-Section-10.pdf,127,DATE,"December 8, 1963","December 8, 1963",
65-HS1-834228961-62-HQ-83894-Section-10.pdf,129,DATE,"July 18, 1964","July 18, 1964",
65-HS1-834228961-62-HQ-83894-Section-10.pdf,131,PERSON,Mr. Edward A. Stewart,Mr. Edward A. Stewart,
65-HS1-834228961-62-HQ-83894-Section-10.pdf,131,PERSON,Mr. Stewart,Mr. Stewart,
65-HS1-834228961-62-HQ-83894-Section-10.pdf,131,DATE,"July 28, 1964","July 28, 1964",
65-HS1-834228961-62-HQ-83894-Section-10.pdf,132,PERSON,Mr. Cerame,Mr. Cerame,
65-HS1-834228961-62-HQ-83894-Section-10.pdf,132,ORG,FBI,FBI,
65-HS1-834228961-62-HQ-83894-Section-10.pdf,132,DATE,"May 7, 1969","May 7, 1969",
65-HS1-834228961-62-HQ-83894-Section-10.pdf,134,DATE,"April 30, 1969","April 30, 1969",
65-HS1-834228961-62-HQ-83894-Section-10.pdf,136,PERSON,Mr. Gale,Mr. Gale,
65-HS1-834228961-62-HQ-83894-Section-10.pdf,136,PERSON,Mr. Wood,Mr. Wood,
65-HS1-834228961-62-HQ-83894-Section-10.pdf,136,PERSON,Mr. Hoover,Mr. Hoover,
65-HS1-834228961-62-HQ-83894-Section-10.pdf,136,PERSON,Mr. DeLoach,Mr. DeLoach,
65-HS1-834228961-62-HQ-83894-Section-10.pdf,136,PERSON,Mr. Cleveland,Mr. Cleveland,
65-HS1-834228961-62-HQ-83894-Section-10.pdf,136,PERSON,Mr. Mcinerney,Mr. Mcinerney,
65-HS1-834228961-62-HQ-83894-Section-10.pdf,136,ORG,CIA,CIA,
65-HS1-834228961-62-HQ-83894-Section-10.pdf,136,DATE,5/16/69,5/16/69,
65-HS1-834228961-62-HQ-83894-Section-10.pdf,138,PERSON,Mr. Stephens,Mr. Stephens,
65-HS1-834228961-62-HQ-83894-Section-10.pdf,138,PERSON,Mr. Hoover,Mr. Hoover,
65-HS1-834228961-62-HQ-83894-Section-10.pdf,138,ORG,FBI,FBI,
65-HS1-834228961-62-HQ-83894-Section-10.pdf,138,ORG,SAC,SAC,
65-HS1-834228961-62-HQ-83894-Section-10.pdf,138,DATE,"May 21, 1969","May 21, 1969",
65-HS1-834228961-62-HQ-83894-Section-10.pdf,140,PERSON,Mr. Larr,Mr. Larr,
65-HS1-834228961-62-HQ-83894-Section-10.pdf,140,ORG,FBI,FBI,
65-HS1-834228961-62-HQ-83894-Section-10.pdf,140,DATE,"May 14, 1969","May 14, 1969",
65-HS1-834228961-62-HQ-83894-Section-10.pdf,140,MARKING,secret,SECRET,MARKING
65-HS1-834228961-62-HQ-83894-Section-10.pdf,145,PERSON,Mr. Paul Brassington VFO Astronomer,Mr. Paul Brassington VFO Astronomer,
65-HS1-834228961-62-HQ-83894-Section-10.pdf,145,ORG,FBI,FBI,
65-HS1-834228961-62-HQ-83894-Section-10.pdf,145,DATE,30 October 13,30 October 13,
65-HS1-834228961-62-HQ-83894-Section-10.pdf,151,MARKING,secret,SECRET,MARKING
65-HS1-834228961-62-HQ-83894-Section-10.pdf,152,ORG,FBI,FBI,
65-HS1-834228961-62-HQ-83894-Section-10.pdf,152,DATE,"February 23, 1972","February 23, 1972",
65-HS1-834228961-62-HQ-83894-Section-10.pdf,154,PERSON,Mr. Hoover,Mr. Hoover,
65-HS1-834228961-62-HQ-83894-Section-10.pdf,154,DATE,"February 15, 1972","February 15, 1972",
65-HS1-834228961-62-HQ-83894-Section-10.pdf,157,ORG,FBI,FBI,
65-HS1-834228961-62-HQ-83894-Section-10.pdf,157,ORG,CIA,CIA,
65-HS1-834228961-62-HQ-83894-Section-10.pdf,157,ORG,OSI,OSI,
65-HS1-834228961-62-HQ-83894-Section-10.pdf,157,DATE,23 July 1971,23 July 1971,
65-HS1-834228961-62-HQ-83894-Section-10.pdf,157,DATE,21 Jan 71,21 Jan 71,
65-HS1-834228961-62-HQ-83894-Section-10.pdf,159,ORG,FBI,FBI,
65-HS1-834228961-62-HQ-83894-Section-10.pdf,161,ORG,FBI,FBI,
65-HS1-834228961-62-HQ-83894-Section-10.pdf,161,MARKING,Top Secret,TOP SECRET,MARKING
65-HS1-834228961-62-HQ-83894-Section-10.pdf,162,ORG,FBI,FBI,
65-HS1-834228961-62-HQ-83894-Section-10.pdf,162,MARKING,Top Secret,TOP SECRET,MARKING
65-HS1-834228961-62-HQ-83894-Section-10.pdf,163,ORG,FBI,FBI,
65-HS1-834228961-62-HQ-83894-Section-10.pdf,163,MARKING,Top Secret,TOP SECRET,MARKING
65-HS1-834228961-62-HQ-83894-Section-10.pdf,164,PERSON,Mr. Fraide,Mr. Fraide,
65-HS1-834228961-62-HQ-83894-Section-10.pdf,164,PERSON,Gen. Inv,Gen Inv,RANK
65-HS1-834228961-62-HQ-83894-Section-10.pdf,164,ORG,FBI,FBI,
65-HS1-834228961-62-HQ-83894-Section-10.pdf,164,DATE,"October 25, 1973","October 25, 1973",
65-HS1-834228961-62-HQ-83894-Section-10.pdf,167,PERSON,Mr. Mintz,Mr. Mintz,
65-HS1-834228961-62-HQ-83894-Section-10.pdf,167,PERSON,Mr. Larry Wt Bryant Apartment,Mr. Larry Wt Bryant Apartment,
65-HS1-834228961-62-HQ-83894-Section-10.pdf,167,PERSON,Mr. Bryant,Mr. Bryant,
65-HS1-834228961-62-HQ-83894-Section-10.pdf,167,ORG,FBI,FBI,
65-HS1-834228961-62-HQ-83894-Section-10.pdf,167,DATE,"April 15, 1974","April 15, 1974",
65-HS1-834228961-62-HQ-83894-Section-10.pdf,169,PERSON,Mr. John,Mr. John,
65-HS1-834228961-62-HQ-83894-Section-10.pdf,169,PERSON,Mr. Castles,Mr. Castles,
65-HS1-834228961-62-HQ-83894-Section-10.pdf,169,PERSON,Mr. Castles',Mr. Castles',
65-HS1-834228961-62-HQ-83894-Section-10.pdf,169,ORG,FBI,FBI,
65-HS1-834228961-62-HQ-83894-Section-10.pdf,169,DATE,"March 31, 1974","March 31, 1974",
65-HS1-834228961-62-HQ-83894-Section-10.pdf,169,DATE,"September 17, 1963","September 17, 1963",
65-HS1-834228961-62-HQ-83894-Section-10.pdf,172,PERSON,Mr. W.R. Wannall Assoc. Dir,Mr. W.R. Wannall Assoc. Dir,
65-HS1-834228961-62-HQ-83894-Section-10.pdf,172,ORG,FBI,FBI,
65-HS1-834228961-62-HQ-83894-Section-10.pdf,172,DATE,8/22/74,8/22/74,
65-HS1-834228961-62-HQ-83894-Section-10.pdf,172,DATE,8/21/74,8/21/74,
65-HS1-834228961-62-HQ-83894-Section-10.pdf,174,PERSON,Lt Col,Lt Col,
65-HS1-834228961-62-HQ-83894-Section-10.pdf,174,PERSON,Mr. Malmfeldt,Mr. Malmfeldt,
65-HS1-834228961-62-HQ-83894-Section-10.pdf,174,ORG,Project Blue Book,Project Blue Book,
65-HS1-834228961-62-HQ-83894-Section-10.pdf,174,ORG,USAF,USAF,
65-HS1-834228961-62-HQ-83894-Section-10.pdf,174,LOCATOR,Room 7825,Room 7825,
65-HS1-834228961-62-HQ-83894-Section-10.pdf,177,ORG,Project Blue Book,Project Blue Book,
65-HS1-834228961-62-HQ-83894-Section-10.pdf,177,DATE,"December 17, 1969","December 17, 1969",
65-HS1-834228961-62-HQ-83894-Section-10.pdf,180,PERSON,Mr. Malmfeldt,Mr. Malmfeldt,
65-HS1-834228961-62-HQ-83894-Section-10.pdf,180,DATE,"Januarv 24, 1977","Januarv 24, 1977",
65-HS1-834228961-62-HQ-83894-Section-10.pdf,182,PERSON,Mr. Stanley Schneider,Mr. Stanley Schneider,
65-HS1-834228961-62-HQ-83894-Section-10.pdf,182,PERSON,Adm. Se,Adm. Se,
65-HS1-834228961-62-HQ-83894-Section-10.pdf,182,ORG,FBI,FBI,
65-HS1-834228961-62-HQ-83894-Section-10.pdf,182,DATE,"June 15, 1977","June 15, 1977",
65-HS1-834228961-62-HQ-83894-Section-10.pdf,183,PERSON,Adm. Sorv. Crim,Adm. Sorv. Crim,
65-HS1-834228961-62-HQ-83894-Section-10.pdf,183,PERSON,Adm. Serv,Adm. Serv,
65-HS1-834228961-62-HQ-83894-Section-10.pdf,183,PERSON,Mr. Adams,Mr. Adams,
65-HS1-834228961-62-HQ-83894-Section-10.pdf,183,PERSON,Mr. Boynton,Mr. Boynton,
65-HS1-834228961-62-HQ-83894-Section-10.pdf,183,ORG,FBI,FBI,
65-HS1-834228961-62-HQ-83894-Section-10.pdf,183,DATE,6/14/77,6/14/77,
65-HS1-834228961-62-HQ-83894-Section-2.pdf,1,ORG,FBI,FBI,
65-HS1-834228961-62-HQ-83894-Section-2.pdf,2,ORG,FBI,FBI,
65-HS1-834228961-62-HQ-83894-Section-2.pdf,2,ORG,SAC,SAC,
65-HS1-834228961-62-HQ-83894-Section-2.pdf,2,DATE,"July 28, 1947","July 28, 1947",
65-HS1-834228961-62-HQ-83894-Section-2.pdf,4,ORG,SAC,SAC,
65-HS1-834228961-62-HQ-83894-Section-2.pdf,6,DATE,"August 13, 1947","August 13, 1947",
65-HS1-834228961-62-HQ-83894-Section-2.pdf,6,DATE,"August 3, 1947","August 3, 1947",
65-HS1-834228961-62-HQ-83894-Section-2.pdf,8,PERSON,Mr. Qla,Mr. Qla,
65-HS1-834228961-62-HQ-83894-Section-2.pdf,8,PERSON,Mr. Ladd,Mr. Ladd,
65-HS1-834228961-62-HQ-83894-Section-2.pdf,8,PERSON,Mr. Ntrhol,Mr. Ntrhol,
65-HS1-834228961-62-HQ-83894-Section-2.pdf,8,PERSON,Mr. Rosen,Mr. Rosen,
65-HS1-834228961-62-HQ-83894-Section-2.pdf,8,PERSON,Mr. Tran,Mr. Tran,
65-HS1-834228961-62-HQ-83894-Section-2.pdf,8,ORG,FBI,FBI,
65-HS1-834228961-62-HQ-83894-Section-2.pdf,10,ORG,FBI,FBI,
65-HS1-834228961-62-HQ-83894-Section-2.pdf,12,PERSON,Mr. Ladd FROM,Mr. Ladd FROM,
65-HS1-834228961-62-HQ-83894-Section-2.pdf,12,PERSON,Mrs. Laura,Mrs. Laura,
65-HS1-834228961-62-HQ-83894-Section-2.pdf,12,PERSON,Mrs. Laura Lane,Mrs. Laura Lane,
65-HS1-834228961-62-HQ-83894-Section-2.pdf,14,ORG,FBI,FBI,
65-HS1-834228961-62-HQ-83894-Section-2.pdf,17,PERSON,Mr. Reynolds,Mr. Reynolds,
65-HS1-834228961-62-HQ-83894-Section-2.pdf,18,PERSON,Mr. Pennington,Mr. Pennington,
65-HS1-834228961-62-HQ-83894-Section-2.pdf,18,ORG,SAC,SAC,
65-HS1-834228961-62-HQ-83894-Section-2.pdf,18,ORG,FBI,FBI,
65-HS1-834228961-62-HQ-83894-Section-2.pdf,19,PERSON,Mr ShaveRbe,Mr ShaveRbe,
65-HS1-834228961-62-HQ-83894-Section-2.pdf,19,ORG,OAR,OAR,
65-HS1-834228961-62-HQ-83894-Section-2.pdf,19,ORG,FBI,FBI,
65-HS1-834228961-62-HQ-83894-Section-2.pdf,19,DATE,16 July 47,16 July 47,
65-HS1-834228961-62-HQ-83894-Section-2.pdf,19,DATE,9 July 1947,9 July 1947,
65-HS1-834228961-62-HQ-83894-Section-2.pdf,24,PERSON,Mr. Tolaou,Mr. Tolaou,
65-HS1-834228961-62-HQ-83894-Section-2.pdf,24,PERSON,Mr. Onntea,Mr. Onntea,
65-HS1-834228961-62-HQ-83894-Section-2.pdf,24,PERSON,Mr. KLS,Mr. KLS,
65-HS1-834228961-62-HQ-83894-Section-2.pdf,24,ORG,FBI,FBI,
65-HS1-834228961-62-HQ-83894-Section-2.pdf,24,ORG,SAFETY,SAFETY,
65-HS1-834228961-62-HQ-83894-Section-2.pdf,26,ORG,IDA,IDA,
65-HS1-834228961-62-HQ-83894-Section-2.pdf,26,ORG,FBI,FBI,
65-HS1-834228961-62-HQ-83894-Section-2.pdf,28,ORG,SAC,SAC,
65-HS1-834228961-62-HQ-83894-Section-2.pdf,28,DATE,"August 14, 1947","August 14, 1947",
65-HS1-834228961-62-HQ-83894-Section-2.pdf,31,DATE,"July 9, 1947","July 9, 1947",
65-HS1-834228961-62-HQ-83894-Section-2.pdf,38,ORG,FBI,FBI,
65-HS1-834228961-62-HQ-83894-Section-2.pdf,44,DATE,"July 10, 1947","July 10, 1947",
65-HS1-834228961-62-HQ-83894-Section-2.pdf,46,ORG,FBI,FBI,
65-HS1-834228961-62-HQ-83894-Section-2.pdf,46,DATE,"August 15, 1947","August 15, 1947",
65-HS1-834228961-62-HQ-83894-Section-2.pdf,48,MARKING,secret,SECRET,MARKING
65-HS1-834228961-62-HQ-83894-Section-2.pdf,49,ORG,FBI,FBI,
65-HS1-834228961-62-HQ-83894-Section-2.pdf,50,PERSON,Mr. D. M. Ladd,Mr. D. M. Ladd,
65-HS1-834228961-62-HQ-83894-Section-2.pdf,52,PERSON,Mr. NOBLE ELLISON,Mr. NOBLE ELLISON,
65-HS1-834228961-62-HQ-83894-Section-2.pdf,52,DATE,"August 12, 1947","August 12, 1947",
65-HS1-834228961-62-HQ-83894-Section-2.pdf,55,PERSON,Mr. Laughlin,Mr. Laughlin,
65-HS1-834228961-62-HQ-83894-Section-2.pdf,55,PERSON,Mr. Nease,Mr. Nease,
65-HS1-834228961-62-HQ-83894-Section-2.pdf,55,PERSON,Mr. Tyler,Mr. Tyler,
65-HS1-834228961-62-HQ-83894-Section-2.pdf,57,ORG,FBI,FBI,
65-HS1-834228961-62-HQ-83894-Section-2.pdf,57,ORG,IDA,IDA,
65-HS1-834228961-62-HQ-83894-Section-2.pdf,61,ORG,FBI,FBI,
65-HS1-834228961-62-HQ-83894-Section-2.pdf,63,ORG,SAC,SAC,
65-HS1-834228961-62-HQ-83894-Section-2.pdf,63,ORG,IDA,IDA,
65-HS1-834228961-62-HQ-83894-Section-2.pdf,66,ORG,SAC,SAC,
65-HS1-834228961-62-HQ-83894-Section-2.pdf,68,PERSON,Mr. JOHN BARTL,Mr. JOHN BARTL,
65-HS1-834228961-62-HQ-83894-Section-2.pdf,68,PERSON,Mr. BAR,Mr. BAR,
65-HS1-834228961-62-HQ-83894-Section-2.pdf,68,PERSON,Mr. BARrL,Mr. BARrL,
65-HS1-834228961-62-HQ-83894-Section-2.pdf,68,PERSON,Mr. BARI'L,Mr. BARI'L,
65-HS1-834228961-62-HQ-83894-Section-2.pdf,68,ORG,SAC,SAC,
65-HS1-834228961-62-HQ-83894-Section-2.pdf,68,DATE,"September 5, 1947","September 5, 1947",
65-HS1-834228961-62-HQ-83894-Section-2.pdf,68,DATE,"August 15, 1947","August 15, 1947",
65-HS1-834228961-62-HQ-83894-Section-2.pdf,68,DATE,"August 7, 1947","August 7, 1947",
65-HS1-834228961-62-HQ-83894-Section-2.pdf,75,ORG,FBI,FBI,
65-HS1-834228961-62-HQ-83894-Section-2.pdf,75,ORG,SAC,SAC,
65-HS1-834228961-62-HQ-83894-Section-2.pdf,75,DATE,"July 30, 1947","July 30, 1947",
65-HS1-834228961-62-HQ-83894-Section-2.pdf,75,DATE,"July 26, 1947","July 26, 1947",
65-HS1-834228961-62-HQ-83894-Section-2.pdf,91,ORG,SAC,SAC,
65-HS1-834228961-62-HQ-83894-Section-2.pdf,91,ORG,FBI,FBI,
65-HS1-834228961-62-HQ-83894-Section-2.pdf,91,DATE,"September 5, 1947","September 5, 1947",
65-HS1-834228961-62-HQ-83894-Section-2.pdf,91,DATE,"August 20, 1947","August 20, 1947",
65-HS1-834228961-62-HQ-83894-Section-2.pdf,92,ORG,FBI,FBI,
65-HS1-834228961-62-HQ-83894-Section-2.pdf,94,PERSON,Mrs. HAYMO,Mrs. HAYMO,
65-HS1-834228961-62-HQ-83894-Section-2.pdf,94,PERSON,Mrs. DUPUIS,Mrs. DUPUIS,
65-HS1-834228961-62-HQ-83894-Section-2.pdf,94,ORG,SAC,SAC,
65-HS1-834228961-62-HQ-83894-Section-2.pdf,96,PERSON,Mr. Tolson,Mr. Tolson,
65-HS1-834228961-62-HQ-83894-Section-2.pdf,96,PERSON,Mr. Clegg,Mr. Clegg,
65-HS1-834228961-62-HQ-83894-Section-2.pdf,96,PERSON,Mr. Griffee,Mr. Griffee,
65-HS1-834228961-62-HQ-83894-Section-2.pdf,96,DATE,"August 22, 1947","August 22, 1947",
65-HS1-834228961-62-HQ-83894-Section-2.pdf,96,DATE,"August 19, 1947","August 19, 1947",
65-HS1-834228961-62-HQ-83894-Section-2.pdf,98,DATE,"September 26, 1947","September 26, 1947",
65-HS1-834228961-62-HQ-83894-Section-2.pdf,99,ORG,SAC,SAC,
65-HS1-834228961-62-HQ-83894-Section-2.pdf,99,ORG,FBI,FBI,
65-HS1-834228961-62-HQ-83894-Section-2.pdf,102,PERSON,Mr. Tracy Mr. Carson Mr,Mr. Tracy Mr. Carson Mr,
65-HS1-834228961-62-HQ-83894-Section-2.pdf,102,PERSON,Mr. Gurnea,Mr. Gurnea,
65-HS1-834228961-62-HQ-83894-Section-2.pdf,102,PERSON,Mr. Harbo Winchell. Mr. Hendon,Mr. Harbo Winchell. Mr. Hendon,
65-HS1-834228961-62-HQ-83894-Section-2.pdf,102,PERSON,Mr. Jones Mr. Pennington,Mr. Jones Mr. Pennington,
65-HS1-834228961-62-HQ-83894-Section-2.pdf,102,PERSON,Mr. Nease,Mr. Nease,
65-HS1-834228961-62-HQ-83894-Section-2.pdf,106,PERSON,Gen. Nathan,Gen Nathan,RANK
65-HS1-834228961-62-HQ-83894-Section-2.pdf,106,PERSON,Gen. Patrick Hurlev,Gen Patrick Hurlev,RANK
65-HS1-834228961-62-HQ-83894-Section-2.pdf,111,DATE,"August 28, 1947","August 28, 1947",
65-HS1-834228961-62-HQ-83894-Section-2.pdf,111,DATE,"August 14, 1947","August 14, 1947",
65-HS1-834228961-62-HQ-83894-Section-2.pdf,113,PERSON,Mr. Harbo,Mr. Harbo,
65-HS1-834228961-62-HQ-83894-Section-2.pdf,113,PERSON,Mrs. J,Mrs. J,
65-HS1-834228961-62-HQ-83894-Section-2.pdf,113,PERSON,Mrs. Jlixon,Mrs. Jlixon,
65-HS1-834228961-62-HQ-83894-Section-2.pdf,113,DATE,"August 28, 1947","August 28, 1947",
65-HS1-834228961-62-HQ-83894-Section-2.pdf,114,PERSON,Lt Wd OJ Lk,Lt Wd OJ Lk,
65-HS1-834228961-62-HQ-83894-Section-2.pdf,115,PERSON,Mr. GEORGE FUGATE,Mr. GEORGE FUGATE,
65-HS1-834228961-62-HQ-83894-Section-2.pdf,115,PERSON,Mr. FUGATE,Mr. FUGATE,
65-HS1-834228961-62-HQ-83894-Section-2.pdf,115,PERSON,Mr. KIMBALL,Mr. KIMBALL,
65-HS1-834228961-62-HQ-83894-Section-2.pdf,115,ORG,FBI,FBI,
65-HS1-834228961-62-HQ-83894-Section-2.pdf,115,ORG,SAC,SAC,
65-HS1-834228961-62-HQ-83894-Section-2.pdf,115,DATE,"August 28, 1947","August 28, 1947",
65-HS1-834228961-62-HQ-83894-Section-2.pdf,115,DATE,"September 2, 1947","September 2, 1947",
65-HS1-834228961-62-HQ-83894-Section-2.pdf,117,PERSON,Mr. RHODES,Mr. RHODES,
65-HS1-834228961-62-HQ-83894-Section-2.pdf,117,PERSON,Mr. RHODF.S,Mr. RHODF.S,
65-HS1-834228961-62-HQ-83894-Section-2.pdf,117,PERSON,Mr. RHODFS,Mr. RHODFS,
65-HS1-834228961-62-HQ-83894-Section-2.pdf,117,DATE,"August 4, 1947","August 4, 1947",
65-HS1-834228961-62-HQ-83894-Section-2.pdf,118,PERSON,Mr. RHODES,Mr. RHODES,
65-HS1-834228961-62-HQ-83894-Section-2.pdf,118,PERSON,Mr. BROWER,Mr. BROWER,
65-HS1-834228961-62-HQ-83894-Section-2.pdf,118,PERSON,Mr. FUGATE,Mr. FUGATE,
65-HS1-834228961-62-HQ-83894-Section-2.pdf,118,PERSON,Mr. RHODE.S,Mr. RHODE.S,
65-HS1-834228961-62-HQ-83894-Section-2.pdf,118,PERSON,Mr. RHODF.S,Mr. RHODF.S,
65-HS1-834228961-62-HQ-83894-Section-2.pdf,118,PERSON,Mr. FUGATE'S,Mr. FUGATE'S,
65-HS1-834228961-62-HQ-83894-Section-2.pdf,118,ORG,FBI,FBI,
65-HS1-834228961-62-HQ-83894-Section-2.pdf,118,MARKING,top secret,TOP SECRET,MARKING
65-HS1-834228961-62-HQ-83894-Section-2.pdf,119,PERSON,Mr. RHODES,Mr. RHODES,
65-HS1-834228961-62-HQ-83894-Section-2.pdf,119,DATE,"August 30, 1947","August 30, 1947",
65-HS1-834228961-62-HQ-83894-Section-2.pdf,120,ORG,FBI,FBI,
65-HS1-834228961-62-HQ-83894-Section-2.pdf,122,ORG,FBI,FBI,
65-HS1-834228961-62-HQ-83894-Section-2.pdf,124,MARKING,CONFIDENTIAL,CONFIDENTIAL,
65-HS1-834228961-62-HQ-83894-Section-2.pdf,125,PERSON,Mr. ReJD,Mr. ReJD,
65-HS1-834228961-62-HQ-83894-Section-2.pdf,125,DATE,9/16/47,9/16/47,
65-HS1-834228961-62-HQ-83894-Section-2.pdf,127,PERSON,Mr. JOHNSOO,Mr. JOHNSOO,
65-HS1-834228961-62-HQ-83894-Section-2.pdf,127,ORG,FBI,FBI,
65-HS1-834228961-62-HQ-83894-Section-2.pdf,127,DATE,"September 4, 1947","September 4, 1947",
65-HS1-834228961-62-HQ-83894-Section-2.pdf,127,DATE,"June 24, 1947","June 24, 1947",
65-HS1-834228961-62-HQ-83894-Section-2.pdf,129,PERSON,Mr. Reynolds,Mr. Reynolds,
65-HS1-834228961-62-HQ-83894-Section-2.pdf,129,ORG,FBI,FBI,
65-HS1-834228961-62-HQ-83894-Section-2.pdf,131,PERSON,Mr. Reynolds,Mr. Reynolds,
65-HS1-834228961-62-HQ-83894-Section-2.pdf,131,ORG,FBI,FBI,
65-HS1-834228961-62-HQ-83894-Section-2.pdf,134,PERSON,Mr. Pennington,Mr. Pennington,
65-HS1-834228961-62-HQ-83894-Section-2.pdf,138,PERSON,Mr. Ei,Mr. Ei,
65-HS1-834228961-62-HQ-83894-Section-2.pdf,138,ORG,FBI,FBI,
65-HS1-834228961-62-HQ-83894-Section-2.pdf,138,ORG,SAC,SAC,
65-HS1-834228961-62-HQ-83894-Section-2.pdf,138,ORG,IDA,IDA,
65-HS1-834228961-62-HQ-83894-Section-2.pdf,140,ORG,SAFETY,SAFETY,
65-HS1-834228961-62-HQ-83894-Section-2.pdf,142,ORG,IDA,IDA,
65-HS1-834228961-62-HQ-83894-Section-2.pdf,144,ORG,IDA,IDA,
65-HS1-834228961-62-HQ-83894-Section-2.pdf,144,ORG,FBI,FBI,
65-HS1-834228961-62-HQ-83894-Section-2.pdf,146,ORG,FBI,FBI,
65-HS1-834228961-62-HQ-83894-Section-2.pdf,146,ORG,SAC,SAC,
65-HS1-834228961-62-HQ-83894-Section-2.pdf,146,ORG,IDA,IDA,
65-HS1-834228961-62-HQ-83894-Section-2.pdf,148,ORG,IDA,IDA,
65-HS1-834228961-62-HQ-83894-Section-2.pdf,148,ORG,FBI,FBI,
65-HS1-834228961-62-HQ-83894-Section-2.pdf,150,PERSON,Mr Cun,Mr Cun,
65-HS1-834228961-62-HQ-83894-Section-2.pdf,154,PERSON,Mrs. A,Mrs. A,
65-HS1-834228961-62-HQ-83894-Section-2.pdf,154,PERSON,Mr. ALTSCHUL,Mr. ALTSCHUL,
65-HS1-834228961-62-HQ-83894-Section-2.pdf,154,ORG,FBI,FBI,
65-HS1-834228961-62-HQ-83894-Section-2.pdf,154,DATE,"September 4, 1947","September 4, 1947",
65-HS1-834228961-62-HQ-83894-Section-2.pdf,157,PERSON,Mr. J. P. Coy DATE,Mr. J. P. Coy DATE,
65-HS1-834228961-62-HQ-83894-Section-2.pdf,157,PERSON,Mr. Tolson,Mr. Tolson,
65-HS1-834228961-62-HQ-83894-Section-2.pdf,157,PERSON,Mr. Clegg Mr. Glav,Mr. Clegg Mr. Glav,
65-HS1-834228961-62-HQ-83894-Section-2.pdf,157,PERSON,Mr. Egan,Mr. Egan,
65-HS1-834228961-62-HQ-83894-Section-2.pdf,157,PERSON,Mr. Gurnea,Mr. Gurnea,
65-HS1-834228961-62-HQ-83894-Section-2.pdf,157,PERSON,Mrs. Sarbanis,Mrs. Sarbanis,
65-HS1-834228961-62-HQ-83894-Section-2.pdf,157,ORG,FBI,FBI,
65-HS1-834228961-62-HQ-83894-Section-2.pdf,157,DATE,9/17/47,9/17/47,
65-HS1-834228961-62-HQ-83894-Section-2.pdf,157,DATE,"September 4, 1947","September 4, 1947",
65-HS1-834228961-62-HQ-83894-Section-2.pdf,159,PERSON,Mr. KENNETH RNOLD,Mr. KENNETH RNOLD,
65-HS1-834228961-62-HQ-83894-Section-2.pdf,159,PERSON,Mr. ARNOLD,Mr. ARNOLD,
65-HS1-834228961-62-HQ-83894-Section-2.pdf,159,ORG,FBI,FBI,
65-HS1-834228961-62-HQ-83894-Section-2.pdf,159,ORG,SAC,SAC,
65-HS1-834228961-62-HQ-83894-Section-2.pdf,159,DATE,"July 12, 1947","July 12, 1947",
65-HS1-834228961-62-HQ-83894-Section-2.pdf,160,ORG,ADC,ADC,
65-HS1-834228961-62-HQ-83894-Section-2.pdf,160,DATE,24 June 1947,24 June 1947,
65-HS1-834228961-62-HQ-83894-Section-2.pdf,160,DATE,9 July 1947,9 July 1947,
65-HS1-834228961-62-HQ-83894-Section-2.pdf,160,DATE,4 July 1947,4 July 1947,
65-HS1-834228961-62-HQ-83894-Section-2.pdf,160,DATE,5 July 1947,5 July 1947,
65-HS1-834228961-62-HQ-83894-Section-2.pdf,161,DATE,16 July 1947,16 July 1947,
65-HS1-834228961-62-HQ-83894-Section-2.pdf,161,DATE,12 July 1947,12 July 1947,
65-HS1-834228961-62-HQ-83894-Section-2.pdf,166,PERSON,Capt Smith,Capt Smith,
65-HS1-834228961-62-HQ-83894-Section-2.pdf,167,ORG,FBI,FBI,
65-HS1-834228961-62-HQ-83894-Section-2.pdf,168,PERSON,Mr. Kenneth Arnold,Mr. Kenneth Arnold,
65-HS1-834228961-62-HQ-83894-Section-2.pdf,168,PERSON,Mr. Arnold,Mr. Arnold,
65-HS1-834228961-62-HQ-83894-Section-2.pdf,168,PERSON,Mr. Johnson,Mr. Johnson,
65-HS1-834228961-62-HQ-83894-Section-2.pdf,168,PERSON,Mr. Arnol,Mr. Arnol,
65-HS1-834228961-62-HQ-83894-Section-2.pdf,168,DATE,26 June 1947,26 June 1947,
65-HS1-834228961-62-HQ-83894-Section-2.pdf,171,PERSON,Mr. Brown,Mr. Brown,
65-HS1-834228961-62-HQ-83894-Section-2.pdf,174,DATE,16 July 1947,16 July 1947,
65-HS1-834228961-62-HQ-83894-Section-2.pdf,174,DATE,12 July 1947,12 July 1947,
65-HS1-834228961-62-HQ-83894-Section-2.pdf,175,DATE,14 July 1947,14 July 1947,
65-HS1-834228961-62-HQ-83894-Section-2.pdf,176,PERSON,Sgt Edward,Sgt Edward,
65-HS1-834228961-62-HQ-83894-Section-2.pdf,176,PERSON,Sgt Baker,Sgt Baker,
65-HS1-834228961-62-HQ-83894-Section-2.pdf,176,DATE,15 July 1947,15 July 1947,
65-HS1-834228961-62-HQ-83894-Section-2.pdf,176,DATE,8 July 1947,8 July 1947,
65-HS1-834228961-62-HQ-83894-Section-2.pdf,177,PERSON,Mr. H. H,Mr. H. H,
65-HS1-834228961-62-HQ-83894-Section-2.pdf,177,PERSON,Mr. HEDSTROM,Mr. HEDSTROM,
65-HS1-834228961-62-HQ-83894-Section-2.pdf,177,PERSON,Mrs. HENRY SHULTZ,Mrs. HENRY SHULTZ,
65-HS1-834228961-62-HQ-83894-Section-2.pdf,177,PERSON,Mrs. HEDSTROM,Mrs. HEDSTROM,
65-HS1-834228961-62-HQ-83894-Section-2.pdf,177,PERSON,Mrs. SHULTZ,Mrs. SHULTZ,
65-HS1-834228961-62-HQ-83894-Section-2.pdf,177,PERSON,Mrs. HEDSTR,Mrs. HEDSTR,
65-HS1-834228961-62-HQ-83894-Section-2.pdf,177,PERSON,Mr. FRAZIER,Mr. FRAZIER,
65-HS1-834228961-62-HQ-83894-Section-2.pdf,177,PERSON,Mrs. SHULTZ. Mrs. SHULTZ,Mrs. SHULTZ. Mrs. SHULTZ,
65-HS1-834228961-62-HQ-83894-Section-2.pdf,177,ORG,FBI,FBI,
65-HS1-834228961-62-HQ-83894-Section-2.pdf,177,ORG,SAC,SAC,
65-HS1-834228961-62-HQ-83894-Section-2.pdf,177,DATE,"September 2, 1947","September 2, 1947",
65-HS1-834228961-62-HQ-83894-Section-2.pdf,177,DATE,"August 20, 1947","August 20, 1947",
65-HS1-834228961-62-HQ-83894-Section-2.pdf,177,DATE,"August 19, 1947","August 19, 1947",
65-HS1-834228961-62-HQ-83894-Section-2.pdf,179,PERSON,Mr. HEDSTROM,Mr. HEDSTROM,
65-HS1-834228961-62-HQ-83894-Section-2.pdf,179,PERSON,Mr. FRAZIER,Mr. FRAZIER,
65-HS1-834228961-62-HQ-83894-Section-2.pdf,180,PERSON,Lt. Col. OONALD L. SPRmGER,Lt Col OONALD L. SPRmGER,RANK
65-HS1-834228961-62-HQ-83894-Section-2.pdf,180,ORG,FBI,FBI,
65-HS1-834228961-62-HQ-83894-Section-2.pdf,180,ORG,SAC,SAC,
65-HS1-834228961-62-HQ-83894-Section-2.pdf,180,DATE,"Septenber 4, 1947","Septenber 4, 1947",
65-HS1-834228961-62-HQ-83894-Section-2.pdf,180,DATE,"August 28, 1947","August 28, 1947",
65-HS1-834228961-62-HQ-83894-Section-2.pdf,180,DATE,"July 30, 1947","July 30, 1947",
65-HS1-834228961-62-HQ-83894-Section-2.pdf,180,DATE,"August 4, 1947","August 4, 1947",
65-HS1-834228961-62-HQ-83894-Section-2.pdf,182,ORG,FBI,FBI,
65-HS1-834228961-62-HQ-83894-Section-2.pdf,182,DATE,19 August 1947,19 August 1947,
65-HS1-834228961-62-HQ-83894-Section-2.pdf,182,LOCATOR,Room 422,Room 422,
65-HS1-834228961-62-HQ-83894-Section-2.pdf,184,ORG,FBI,FBI,
65-HS1-834228961-62-HQ-83894-Section-2.pdf,184,ORG,SAC,SAC,
65-HS1-834228961-62-HQ-83894-Section-2.pdf,184,DATE,"July 15, 1947","July 15, 1947",
65-HS1-834228961-62-HQ-83894-Section-2.pdf,186,MARKING,DECLASSIFIED,DECLASSIFIED,
65-HS1-834228961-62-HQ-83894-Section-2.pdf,190,ORG,FBI,FBI,
65-HS1-834228961-62-HQ-83894-Section-2.pdf,190,ORG,SAC,SAC,
65-HS1-834228961-62-HQ-83894-Section-2.pdf,190,DATE,"August 27, 1947","August 27, 1947",
65-HS1-834228961-62-HQ-83894-Section-2.pdf,192,PERSON,Mr. WENYON,Mr. WENYON,
65-HS1-834228961-62-HQ-83894-Section-2.pdf,193,PERSON,Mr. WENYON,Mr. WENYON,
65-HS1-834228961-62-HQ-83894-Section-2.pdf,193,PERSON,Mr. WENYON. No,Mr. WENYON. No,
65-HS1-834228961-62-HQ-83894-Section-2.pdf,193,ORG,FBI,FBI,
65-HS1-834228961-62-HQ-83894-Section-2.pdf,193,DATE,9/4/47,9/4/47,
65-HS1-834228961-62-HQ-83894-Section-2.pdf,194,PERSON,Mr. Later,Mr. Later,
65-HS1-834228961-62-HQ-83894-Section-2.pdf,194,PERSON,Mr. But,Mr. But,
65-HS1-834228961-62-HQ-83894-Section-2.pdf,194,PERSON,Mr. Wenyon,Mr. Wenyon,
65-HS1-834228961-62-HQ-83894-Section-2.pdf,194,PERSON,Gen. Cari Spaatz,Gen Cari Spaatz,RANK
65-HS1-834228961-62-HQ-83894-Section-2.pdf,194,PERSON,Mr. Wenyon's,Mr. Wenyon's,
65-HS1-834228961-62-HQ-83894-Section-2.pdf,194,MARKING,secret,SECRET,MARKING
65-HS1-834228961-62-HQ-83894-Section-3.pdf,2,PERSON,Lt. Col.. DONALD L. SPRINGER,Lt Col.. DONALD L. SPRINGER,RANK
65-HS1-834228961-62-HQ-83894-Section-3.pdf,2,PERSON,Col. SPRINGER,Col SPRINGER,RANK
65-HS1-834228961-62-HQ-83894-Section-3.pdf,2,PERSON,Mr. JOHNSON,Mr. JOHNSON,
65-HS1-834228961-62-HQ-83894-Section-3.pdf,2,PERSON,Mr. F,Mr. F,
65-HS1-834228961-62-HQ-83894-Section-3.pdf,2,PERSON,Mr. F. M. JOHNSON,Mr. F. M. JOHNSON,
65-HS1-834228961-62-HQ-83894-Section-3.pdf,2,ORG,FBI,FBI,
65-HS1-834228961-62-HQ-83894-Section-3.pdf,2,ORG,SAC,SAC,
65-HS1-834228961-62-HQ-83894-Section-3.pdf,2,DATE,"August 25, 1947","August 25, 1947",
65-HS1-834228961-62-HQ-83894-Section-3.pdf,2,DATE,"July 30, 1947","July 30, 1947",
65-HS1-834228961-62-HQ-83894-Section-3.pdf,2,DATE,"June 24, 1947","June 24, 1947",
65-HS1-834228961-62-HQ-83894-Section-3.pdf,3,PERSON,Mr. Johnson,Mr. Johnson,
65-HS1-834228961-62-HQ-83894-Section-3.pdf,3,PERSON,Lt. Colonel,Lt Col,RANK
65-HS1-834228961-62-HQ-83894-Section-3.pdf,3,ORG,FBI,FBI,
65-HS1-834228961-62-HQ-83894-Section-3.pdf,3,LOCATOR,Room 422,Room 422,
65-HS1-834228961-62-HQ-83894-Section-3.pdf,4,PERSON,Lt. Col. Donald L. Springer,Lt Col Donald L. Springer,RANK
65-HS1-834228961-62-HQ-83894-Section-3.pdf,4,MARKING,CONFIDENTIAL,CONFIDENTIAL,
65-HS1-834228961-62-HQ-83894-Section-3.pdf,5,PERSON,Lt. Col. DONALD L. SPRINGER,Lt Col DONALD L. SPRINGER,RANK
65-HS1-834228961-62-HQ-83894-Section-3.pdf,5,ORG,FBI,FBI,
65-HS1-834228961-62-HQ-83894-Section-3.pdf,5,ORG,SAC,SAC,
65-HS1-834228961-62-HQ-83894-Section-3.pdf,5,DATE,"Septanber 4, 1937","Septanber 4, 1937",
65-HS1-834228961-62-HQ-83894-Section-3.pdf,5,DATE,"August 27, 1947","August 27, 1947",
65-HS1-834228961-62-HQ-83894-Section-3.pdf,8,PERSON,Lt. Colonel,Lt Col,RANK
65-HS1-834228961-62-HQ-83894-Section-3.pdf,8,ORG,FBI,FBI,
65-HS1-834228961-62-HQ-83894-Section-3.pdf,8,LOCATOR,Room 422,Room 422,
65-HS1-834228961-62-HQ-83894-Section-3.pdf,9,PERSON,Lt. Colonel,Lt Col,RANK
65-HS1-834228961-62-HQ-83894-Section-3.pdf,9,ORG,FBI,FBI,
65-HS1-834228961-62-HQ-83894-Section-3.pdf,9,DATE,27 August 1947,27 August 1947,
65-HS1-834228961-62-HQ-83894-Section-3.pdf,10,MARKING,CONFIDENTIAL,CONFIDENTIAL,
65-HS1-834228961-62-HQ-83894-Section-3.pdf,12,MARKING,CONFIDENTIAL,CONFIDENTIAL,
65-HS1-834228961-62-HQ-83894-Section-3.pdf,14,PERSON,Lt. Offl'l,Lt Offl'l,RANK
65-HS1-834228961-62-HQ-83894-Section-3.pdf,14,PERSON,Capt. Da-r,Capt Da-r,RANK
65-HS1-834228961-62-HQ-83894-Section-3.pdf,14,PERSON,Capt. Smi,Capt Smi,RANK
65-HS1-834228961-62-HQ-83894-Section-3.pdf,17,MARKING,CONFIDENTIAL,CONFIDENTIAL,
65-HS1-834228961-62-HQ-83894-Section-3.pdf,26,DATE,"July 18, 1947","July 18, 1947",
65-HS1-834228961-62-HQ-83894-Section-3.pdf,29,ORG,FBI,FBI,
65-HS1-834228961-62-HQ-83894-Section-3.pdf,29,ORG,IDA,IDA,
65-HS1-834228961-62-HQ-83894-Section-3.pdf,31,PERSON,Mr. D. M. Ladd,Mr. D. M. Ladd,
65-HS1-834228961-62-HQ-83894-Section-3.pdf,33,DATE,"August 14, 1947","August 14, 1947",
65-HS1-834228961-62-HQ-83894-Section-3.pdf,33,DATE,"August 1, 1947","August 1, 1947",
65-HS1-834228961-62-HQ-83894-Section-3.pdf,33,DATE,"August 7, 1947","August 7, 1947",
65-HS1-834228961-62-HQ-83894-Section-3.pdf,33,DATE,"July 31, 1947","July 31, 1947",
65-HS1-834228961-62-HQ-83894-Section-3.pdf,35,ORG,FBI,FBI,
65-HS1-834228961-62-HQ-83894-Section-3.pdf,35,DATE,"August 18, 1947","August 18, 1947",
65-HS1-834228961-62-HQ-83894-Section-3.pdf,35,DATE,"August 1, 1947","August 1, 1947",
65-HS1-834228961-62-HQ-83894-Section-3.pdf,35,DATE,"July 30, 1947","July 30, 1947",
65-HS1-834228961-62-HQ-83894-Section-3.pdf,36,DATE,"August 19, 1947","August 19, 1947",
65-HS1-834228961-62-HQ-83894-Section-3.pdf,36,DATE,"July 31, 1947","July 31, 1947",
65-HS1-834228961-62-HQ-83894-Section-3.pdf,36,DATE,"August 1, 1947","August 1, 1947",
65-HS1-834228961-62-HQ-83894-Section-3.pdf,36,DATE,"August 2, 1947","August 2, 1947",
65-HS1-834228961-62-HQ-83894-Section-3.pdf,37,PERSON,Mr. VOGEL,Mr. VOGEL,
65-HS1-834228961-62-HQ-83894-Section-3.pdf,37,PERSON,Mr. VOGSL,Mr. VOGSL,
65-HS1-834228961-62-HQ-83894-Section-3.pdf,37,DATE,4 August 19,4 August 19,
65-HS1-834228961-62-HQ-83894-Section-3.pdf,37,DATE,"July 31, 1947","July 31, 1947",
65-HS1-834228961-62-HQ-83894-Section-3.pdf,38,DATE,"August 19, 1947","August 19, 1947",
65-HS1-834228961-62-HQ-83894-Section-3.pdf,38,MARKING,confidential,CONFIDENTIAL,MARKING
65-HS1-834228961-62-HQ-83894-Section-3.pdf,39,DATE,"August 19, 1947","August 19, 1947",
65-HS1-834228961-62-HQ-83894-Section-3.pdf,40,DATE,"August 19, 1947","August 19, 1947",
65-HS1-834228961-62-HQ-83894-Section-3.pdf,40,MARKING,top secret,TOP SECRET,MARKING
65-HS1-834228961-62-HQ-83894-Section-3.pdf,41,DATE,"August 19, 1947","August 19, 1947",
65-HS1-834228961-62-HQ-83894-Section-3.pdf,41,DATE,"August 5, 1947","August 5, 1947",
65-HS1-834228961-62-HQ-83894-Section-3.pdf,42,DATE,"August 19, 1947","August 19, 1947",
65-HS1-834228961-62-HQ-83894-Section-3.pdf,43,DATE,"August 19, 1947","August 19, 1947",
65-HS1-834228961-62-HQ-83894-Section-3.pdf,43,DATE,"August 12, 1947","August 12, 1947",
65-HS1-834228961-62-HQ-83894-Section-3.pdf,44,DATE,"August 19, 1947","August 19, 1947",
65-HS1-834228961-62-HQ-83894-Section-3.pdf,45,ORG,SAC,SAC,
65-HS1-834228961-62-HQ-83894-Section-3.pdf,45,DATE,"August 19, 1947","August 19, 1947",
65-HS1-834228961-62-HQ-83894-Section-3.pdf,45,DATE,"August 1, 1947","August 1, 1947",
65-HS1-834228961-62-HQ-83894-Section-3.pdf,46,DATE,"August 19, 1947","August 19, 1947",
65-HS1-834228961-62-HQ-83894-Section-3.pdf,47,DATE,"August 19, 1947","August 19, 1947",
65-HS1-834228961-62-HQ-83894-Section-3.pdf,47,MARKING,confidential,CONFIDENTIAL,MARKING
65-HS1-834228961-62-HQ-83894-Section-3.pdf,48,DATE,"August 19, 1947","August 19, 1947",
65-HS1-834228961-62-HQ-83894-Section-3.pdf,48,DATE,"August 3, 1947","August 3, 1947",
65-HS1-834228961-62-HQ-83894-Section-3.pdf,49,DATE,"August 19, 1947","August 19, 1947",
65-HS1-834228961-62-HQ-83894-Section-3.pdf,49,DATE,"August 8, 1947","August 8, 1947",
65-HS1-834228961-62-HQ-83894-Section-3.pdf,52,PERSON,Mr. Dahl,Mr. Dahl,
65-HS1-834228961-62-HQ-83894-Section-3.pdf,52,LOCATOR,Room 502,Room 502,
65-HS1-834228961-62-HQ-83894-Section-3.pdf,53,PERSON,Mr. Dahl. At,Mr. Dahl. At,
65-HS1-834228961-62-HQ-83894-Section-3.pdf,53,PERSON,Mr. Dahl,Mr. Dahl,
65-HS1-834228961-62-HQ-83894-Section-3.pdf,53,PERSON,Mr. Arnold,Mr. Arnold,
65-HS1-834228961-62-HQ-83894-Section-3.pdf,54,PERSON,Mr. Arnold,Mr. Arnold,
65-HS1-834228961-62-HQ-83894-Section-3.pdf,54,PERSON,Mr. Crinmon,Mr. Crinmon,
65-HS1-834228961-62-HQ-83894-Section-3.pdf,54,PERSON,Mr. Dahl,Mr. Dahl,
65-HS1-834228961-62-HQ-83894-Section-3.pdf,54,PERSON,Mr. Brown,Mr. Brown,
65-HS1-834228961-62-HQ-83894-Section-3.pdf,54,PERSON,Mr. Crismon,Mr. Crismon,
65-HS1-834228961-62-HQ-83894-Section-3.pdf,55,PERSON,Mr. Crismon,Mr. Crismon,
65-HS1-834228961-62-HQ-83894-Section-3.pdf,55,PERSON,Mr. Arnold,Mr. Arnold,
65-HS1-834228961-62-HQ-83894-Section-3.pdf,55,PERSON,Mr. Dahl,Mr. Dahl,
65-HS1-834228961-62-HQ-83894-Section-3.pdf,55,PERSON,Mr. Lantz,Mr. Lantz,
65-HS1-834228961-62-HQ-83894-Section-3.pdf,56,PERSON,Mr. Lantz,Mr. Lantz,
65-HS1-834228961-62-HQ-83894-Section-3.pdf,56,PERSON,Mr. Marlllo,Mr. Marlllo,
65-HS1-834228961-62-HQ-83894-Section-3.pdf,56,PERSON,Mr. Smith,Mr. Smith,
65-HS1-834228961-62-HQ-83894-Section-3.pdf,56,PERSON,Mr. Arnold,Mr. Arnold,
65-HS1-834228961-62-HQ-83894-Section-3.pdf,56,PERSON,Mr. Arnold's,Mr. Arnold's,
65-HS1-834228961-62-HQ-83894-Section-3.pdf,60,PERSON,Mr. R,Mr. R,
65-HS1-834228961-62-HQ-83894-Section-3.pdf,60,PERSON,Mr. RAY A,Mr. RAY A,
65-HS1-834228961-62-HQ-83894-Section-3.pdf,60,ORG,FBI,FBI,
65-HS1-834228961-62-HQ-83894-Section-3.pdf,60,ORG,SAC,SAC,
65-HS1-834228961-62-HQ-83894-Section-3.pdf,60,DATE,"August 26, 1947","August 26, 1947",
65-HS1-834228961-62-HQ-83894-Section-3.pdf,60,DATE,"August 18, 1947","August 18, 1947",
65-HS1-834228961-62-HQ-83894-Section-3.pdf,60,DATE,"August 20, 1947","August 20, 1947",
65-HS1-834228961-62-HQ-83894-Section-3.pdf,60,DATE,"August 14, 1947","August 14, 1947",
65-HS1-834228961-62-HQ-83894-Section-3.pdf,77,PERSON,Lt. Colonel DONALD L. SPRE,Lt Col DONALD L. SPRE,RANK
65-HS1-834228961-62-HQ-83894-Section-3.pdf,77,ORG,SAC,SAC,
65-HS1-834228961-62-HQ-83894-Section-3.pdf,77,DATE,"August 26, 1947","August 26, 1947",
65-HS1-834228961-62-HQ-83894-Section-3.pdf,77,DATE,"September 10, 1947","September 10, 1947",
65-HS1-834228961-62-HQ-83894-Section-3.pdf,85,ORG,FBI,FBI,
65-HS1-834228961-62-HQ-83894-Section-3.pdf,85,ORG,IDA,IDA,
65-HS1-834228961-62-HQ-83894-Section-3.pdf,87,PERSON,Lt. Colonel DONALD SPRINGER,Lt Col DONALD SPRINGER,RANK
65-HS1-834228961-62-HQ-83894-Section-3.pdf,87,PERSON,Mr. FUGATE,Mr. FUGATE,
65-HS1-834228961-62-HQ-83894-Section-3.pdf,87,PERSON,Mr. RHOADS,Mr. RHOADS,
65-HS1-834228961-62-HQ-83894-Section-3.pdf,87,ORG,FBI,FBI,
65-HS1-834228961-62-HQ-83894-Section-3.pdf,87,ORG,SAC,SAC,
65-HS1-834228961-62-HQ-83894-Section-3.pdf,87,DATE,"August 27, 1947","August 27, 1947",
65-HS1-834228961-62-HQ-83894-Section-3.pdf,87,DATE,"July 7, 1947","July 7, 1947",
65-HS1-834228961-62-HQ-83894-Section-3.pdf,87,DATE,"August 8, 1947","August 8, 1947",
65-HS1-834228961-62-HQ-83894-Section-3.pdf,87,DATE,"August 4, 1947","August 4, 1947",
65-HS1-834228961-62-HQ-83894-Section-3.pdf,89,ORG,FBI,FBI,
65-HS1-834228961-62-HQ-83894-Section-3.pdf,89,ORG,SAC,SAC,
65-HS1-834228961-62-HQ-83894-Section-3.pdf,89,DATE,"June 26, 1947","June 26, 1947",
65-HS1-834228961-62-HQ-83894-Section-3.pdf,89,DATE,"July 30, 1947","July 30, 1947",
65-HS1-834228961-62-HQ-83894-Section-3.pdf,91,ORG,FBI,FBI,
65-HS1-834228961-62-HQ-83894-Section-3.pdf,91,DATE,"August 27, 1947","August 27, 1947",
65-HS1-834228961-62-HQ-83894-Section-3.pdf,91,DATE,"June 21, 1947","June 21, 1947",
65-HS1-834228961-62-HQ-83894-Section-3.pdf,92,ORG,FBI,FBI,
65-HS1-834228961-62-HQ-83894-Section-3.pdf,92,DATE,"August 27, 1947","August 27, 1947",
65-HS1-834228961-62-HQ-83894-Section-3.pdf,92,DATE,"July 31, 1947","July 31, 1947",
65-HS1-834228961-62-HQ-83894-Section-3.pdf,93,ORG,FBI,FBI,
65-HS1-834228961-62-HQ-83894-Section-3.pdf,93,DATE,"August 27, 1947","August 27, 1947",
65-HS1-834228961-62-HQ-83894-Section-3.pdf,94,ORG,FBI,FBI,
65-HS1-834228961-62-HQ-83894-Section-3.pdf,94,DATE,"August 27, 1947","August 27, 1947",
65-HS1-834228961-62-HQ-83894-Section-3.pdf,94,DATE,"August 5, 1947","August 5, 1947",
65-HS1-834228961-62-HQ-83894-Section-3.pdf,95,ORG,FBI,FBI,
65-HS1-834228961-62-HQ-83894-Section-3.pdf,95,DATE,"August 27, 1947","August 27, 1947",
65-HS1-834228961-62-HQ-83894-Section-3.pdf,98,PERSON,Mr. Kenneth Arnold,Mr. Kenneth Arnold,
65-HS1-834228961-62-HQ-83894-Section-3.pdf,99,PERSON,Mr. Maurice Roddy,Mr. Maurice Roddy,
65-HS1-834228961-62-HQ-83894-Section-3.pdf,99,PERSON,Mr. Sir,Mr. Sir,
65-HS1-834228961-62-HQ-83894-Section-3.pdf,102,PERSON,Mr. Kenneth Arnold,Mr. Kenneth Arnold,
65-HS1-834228961-62-HQ-83894-Section-3.pdf,102,PERSON,Mr. Arnold,Mr. Arnold,
65-HS1-834228961-62-HQ-83894-Section-3.pdf,114,ORG,IDA,IDA,
65-HS1-834228961-62-HQ-83894-Section-3.pdf,115,ORG,FBI,FBI,
65-HS1-834228961-62-HQ-83894-Section-3.pdf,117,PERSON,Mr. Oleg,Mr. Oleg,
65-HS1-834228961-62-HQ-83894-Section-3.pdf,117,ORG,FBI,FBI,
65-HS1-834228961-62-HQ-83894-Section-3.pdf,119,PERSON,Mr. I',Mr. I',
65-HS1-834228961-62-HQ-83894-Section-3.pdf,119,ORG,FBI,FBI,
65-HS1-834228961-62-HQ-83894-Section-3.pdf,120,ORG,FBI,FBI,
65-HS1-834228961-62-HQ-83894-Section-3.pdf,123,ORG,FBI,FBI,
65-HS1-834228961-62-HQ-83894-Section-3.pdf,123,ORG,SAC,SAC,
65-HS1-834228961-62-HQ-83894-Section-3.pdf,123,DATE,"August 20, 1947","August 20, 1947",
65-HS1-834228961-62-HQ-83894-Section-3.pdf,123,DATE,"August 13, 1947","August 13, 1947",
65-HS1-834228961-62-HQ-83894-Section-3.pdf,128,ORG,IDA,IDA,
65-HS1-834228961-62-HQ-83894-Section-3.pdf,129,PERSON,Mrs. Phil A. Snow. School,Mrs. Phil A. Snow. School,
65-HS1-834228961-62-HQ-83894-Section-3.pdf,129,PERSON,Mrs. Rudy Wageman,Mrs. Rudy Wageman,
65-HS1-834228961-62-HQ-83894-Section-3.pdf,129,PERSON,Mrs. Rolls,Mrs. Rolls,
65-HS1-834228961-62-HQ-83894-Section-3.pdf,129,PERSON,Mrs. Robert Van Engelen,Mrs. Robert Van Engelen,
65-HS1-834228961-62-HQ-83894-Section-3.pdf,129,PERSON,Mrs. H. B. Hogue. Mrs,Mrs. H. B. Hogue. Mrs,
65-HS1-834228961-62-HQ-83894-Section-3.pdf,129,PERSON,Mrs. John Hawes,Mrs. John Hawes,
65-HS1-834228961-62-HQ-83894-Section-3.pdf,129,PERSON,Mrs. Robert Swanson,Mrs. Robert Swanson,
65-HS1-834228961-62-HQ-83894-Section-3.pdf,129,PERSON,Mrs. WENDELL,Mrs. WENDELL,
65-HS1-834228961-62-HQ-83894-Section-3.pdf,129,PERSON,Mrs. Swanson,Mrs. Swanson,
65-HS1-834228961-62-HQ-83894-Section-3.pdf,129,PERSON,Mrs. Kenneth Ems,Mrs. Kenneth Ems,
65-HS1-834228961-62-HQ-83894-Section-3.pdf,129,PERSON,Mrs. Mel,Mrs. Mel,
65-HS1-834228961-62-HQ-83894-Section-3.pdf,129,PERSON,Mrs. Geor,Mrs. Geor,
65-HS1-834228961-62-HQ-83894-Section-3.pdf,129,PERSON,Mrs. Clifton Refreshments,Mrs. Clifton Refreshments,
65-HS1-834228961-62-HQ-83894-Section-3.pdf,129,PERSON,Mrs. Ernie Vldun,Mrs. Ernie Vldun,
65-HS1-834228961-62-HQ-83894-Section-3.pdf,129,PERSON,Mrs. Norma Lou Veneman,Mrs. Norma Lou Veneman,
65-HS1-834228961-62-HQ-83894-Section-3.pdf,129,PERSON,Mrs. Sarah Adams,Mrs. Sarah Adams,
65-HS1-834228961-62-HQ-83894-Section-3.pdf,129,PERSON,Mrs. Harry Piper,Mrs. Harry Piper,
65-HS1-834228961-62-HQ-83894-Section-3.pdf,129,PERSON,Mrs. Lyman,Mrs. Lyman,
65-HS1-834228961-62-HQ-83894-Section-3.pdf,129,PERSON,Mrs. Orvil Adams,Mrs. Orvil Adams,
65-HS1-834228961-62-HQ-83894-Section-3.pdf,129,PERSON,Mrs. Howard Adams,Mrs. Howard Adams,
65-HS1-834228961-62-HQ-83894-Section-3.pdf,129,PERSON,Mr. Claimed,Mr. Claimed,
65-HS1-834228961-62-HQ-83894-Section-3.pdf,129,PERSON,Mrs. Ellsworth Adams,Mrs. Ellsworth Adams,
65-HS1-834228961-62-HQ-83894-Section-3.pdf,129,PERSON,Mrs. Alice Miller,Mrs. Alice Miller,
65-HS1-834228961-62-HQ-83894-Section-3.pdf,129,PERSON,Mr. Piper,Mr. Piper,
65-HS1-834228961-62-HQ-83894-Section-3.pdf,129,PERSON,Mrs. Lake City,Mrs. Lake City,
65-HS1-834228961-62-HQ-83894-Section-3.pdf,129,PERSON,Mrs. Harry Kinter,Mrs. Harry Kinter,
65-HS1-834228961-62-HQ-83894-Section-3.pdf,129,PERSON,Mrs. James F. Percha,Mrs. James F. Percha,
65-HS1-834228961-62-HQ-83894-Section-3.pdf,129,ORG,IDA,IDA,
65-HS1-834228961-62-HQ-83894-Section-3.pdf,129,DATE,"June 6, 1875","June 6, 1875",
65-HS1-834228961-62-HQ-83894-Section-3.pdf,131,ORG,FBI,FBI,
65-HS1-834228961-62-HQ-83894-Section-3.pdf,135,DATE,"August. 20, 1947","August. 20, 1947",
65-HS1-834228961-62-HQ-83894-Section-3.pdf,136,DATE,24 July 1947,24 July 1947,
65-HS1-834228961-62-HQ-83894-Section-3.pdf,136,DATE,23 July 1947,23 July 1947,
65-HS1-834228961-62-HQ-83894-Section-3.pdf,136,DATE,21 May 1947,21 May 1947,
65-HS1-834228961-62-HQ-83894-Section-3.pdf,138,PERSON,Mr. Arnold,Mr. Arnold,
65-HS1-834228961-62-HQ-83894-Section-3.pdf,138,PERSON,Mr. Arnold's,Mr. Arnold's,
65-HS1-834228961-62-HQ-83894-Section-3.pdf,138,PERSON,Mr. Arnol,Mr. Arnol,
65-HS1-834228961-62-HQ-83894-Section-3.pdf,138,PERSON,Mr. Jrnold,Mr. Jrnold,
65-HS1-834228961-62-HQ-83894-Section-3.pdf,138,PERSON,Mr. P.rnold,Mr. P.rnold,
65-HS1-834228961-62-HQ-83894-Section-3.pdf,138,DATE,16 July 1947,16 July 1947,
65-HS1-834228961-62-HQ-83894-Section-3.pdf,138,DATE,12 July 1947,12 July 1947,
65-HS1-834228961-62-HQ-83894-Section-3.pdf,143,ORG,FBI,FBI,
65-HS1-834228961-62-HQ-83894-Section-3.pdf,145,ORG,FBI,FBI,
65-HS1-834228961-62-HQ-83894-Section-3.pdf,147,ORG,FBI,FBI,
65-HS1-834228961-62-HQ-83894-Section-3.pdf,147,ORG,SAC,SAC,
65-HS1-834228961-62-HQ-83894-Section-3.pdf,147,DATE,"September 20, 1947","September 20, 1947",
65-HS1-834228961-62-HQ-83894-Section-3.pdf,147,DATE,"June 24, 1947","June 24, 1947",
65-HS1-834228961-62-HQ-83894-Section-3.pdf,149,ORG,FBI,FBI,
65-HS1-834228961-62-HQ-83894-Section-3.pdf,149,DATE,"September 20, 1947","September 20, 1947",
65-HS1-834228961-62-HQ-83894-Section-3.pdf,149,DATE,"August 1, 1947","August 1, 1947",
65-HS1-834228961-62-HQ-83894-Section-3.pdf,150,ORG,FBI,FBI,
65-HS1-834228961-62-HQ-83894-Section-3.pdf,150,DATE,"July 30, 1947","July 30, 1947",
65-HS1-834228961-62-HQ-83894-Section-3.pdf,152,ORG,FBI,FBI,
65-HS1-834228961-62-HQ-83894-Section-3.pdf,153,ORG,FBI,FBI,
65-HS1-834228961-62-HQ-83894-Section-3.pdf,153,ORG,SAC,SAC,
65-HS1-834228961-62-HQ-83894-Section-3.pdf,153,DATE,"August 6, 1947","August 6, 1947",
65-HS1-834228961-62-HQ-83894-Section-3.pdf,153,LOCATOR,Room 1140,Room 1140,
65-HS1-834228961-62-HQ-83894-Section-3.pdf,155,ORG,FBI,FBI,
65-HS1-834228961-62-HQ-83894-Section-3.pdf,155,DATE,"September 18, 1947","September 18, 1947",
65-HS1-834228961-62-HQ-83894-Section-3.pdf,155,DATE,"August 6, 1947","August 6, 1947",
65-HS1-834228961-62-HQ-83894-Section-3.pdf,156,ORG,FBI,FBI,
65-HS1-834228961-62-HQ-83894-Section-3.pdf,157,ORG,FBI,FBI,
65-HS1-834228961-62-HQ-83894-Section-3.pdf,159,ORG,SAC,SAC,
65-HS1-834228961-62-HQ-83894-Section-3.pdf,159,ORG,FBI,FBI,
65-HS1-834228961-62-HQ-83894-Section-3.pdf,159,ORG,ADC,ADC,
65-HS1-834228961-62-HQ-83894-Section-3.pdf,159,DATE,"September 25, 1947","September 25, 1947",
65-HS1-834228961-62-HQ-83894-Section-3.pdf,159,DATE,"July 30, 1947","July 30, 1947",
65-HS1-834228961-62-HQ-83894-Section-3.pdf,159,DATE,"September 19, 1947","September 19, 1947",
65-HS1-834228961-62-HQ-83894-Section-3.pdf,159,MARKING,secret,SECRET,MARKING
65-HS1-834228961-62-HQ-83894-Section-3.pdf,159,MARKING,restricted,RESTRICTED,MARKING
65-HS1-834228961-62-HQ-83894-Section-3.pdf,161,ORG,FBI,FBI,
65-HS1-834228961-62-HQ-83894-Section-3.pdf,161,ORG,ADC,ADC,
65-HS1-834228961-62-HQ-83894-Section-3.pdf,161,DATE,3 September 1947,3 September 1947,
65-HS1-834228961-62-HQ-83894-Section-3.pdf,162,PERSON,Mr. Harbo,Mr. Harbo,
65-HS1-834228961-62-HQ-83894-Section-3.pdf,162,PERSON,Mrs. Whedon,Mrs. Whedon,
65-HS1-834228961-62-HQ-83894-Section-3.pdf,162,MARKING,Top Secret,TOP SECRET,MARKING
65-HS1-834228961-62-HQ-83894-Section-3.pdf,164,PERSON,Lt Cvl George OGJTOtt,Lt Cvl George OGJTOtt,
65-HS1-834228961-62-HQ-83894-Section-3.pdf,164,PERSON,Lt. Col Oarret.t,Lt Col Oarret.t,RANK
65-HS1-834228961-62-HQ-83894-Section-3.pdf,164,ORG,FBI,FBI,
65-HS1-834228961-62-HQ-83894-Section-3.pdf,164,DATE,25 August 1947,25 August 1947,
65-HS1-834228961-62-HQ-83894-Section-3.pdf,169,PERSON,Mr. KEITH HUGHES,Mr. KEITH HUGHES,
65-HS1-834228961-62-HQ-83894-Section-3.pdf,169,PERSON,Mrs. BES KS,Mrs. BES KS,
65-HS1-834228961-62-HQ-83894-Section-3.pdf,169,ORG,FBI,FBI,
65-HS1-834228961-62-HQ-83894-Section-3.pdf,169,ORG,SAC,SAC,
65-HS1-834228961-62-HQ-83894-Section-3.pdf,169,DATE,"September 10, 1947","September 10, 1947",
65-HS1-834228961-62-HQ-83894-Section-3.pdf,169,DATE,"September 8, 1947","September 8, 1947",
65-HS1-834228961-62-HQ-83894-Section-3.pdf,171,PERSON,Mrs. BESSIE HFNDRICKS,Mrs. BESSIE HFNDRICKS,
65-HS1-834228961-62-HQ-83894-Section-3.pdf,174,DATE,"September 19, 1947","September 19, 1947",
65-HS1-834228961-62-HQ-83894-Section-3.pdf,175,ORG,FBI,FBI,
65-HS1-834228961-62-HQ-83894-Section-3.pdf,175,ORG,SAC,SAC,
65-HS1-834228961-62-HQ-83894-Section-3.pdf,175,DATE,8/8/47,8/8/47,
65-HS1-834228961-62-HQ-83894-Section-3.pdf,178,PERSON,Mr. BEN HAGER,Mr. BEN HAGER,
65-HS1-834228961-62-HQ-83894-Section-3.pdf,178,PERSON,Mr. KEN GRPNT,Mr. KEN GRPNT,
65-HS1-834228961-62-HQ-83894-Section-3.pdf,178,PERSON,Mr. GRANT,Mr. GRANT,
65-HS1-834228961-62-HQ-83894-Section-3.pdf,178,ORG,FBI,FBI,
65-HS1-834228961-62-HQ-83894-Section-3.pdf,178,ORG,SAC,SAC,
65-HS1-834228961-62-HQ-83894-Section-3.pdf,178,DATE,"August 12, 1947","August 12, 1947",
65-HS1-834228961-62-HQ-83894-Section-3.pdf,180,PERSON,Mr. GRANT,Mr. GRANT,
65-HS1-834228961-62-HQ-83894-Section-3.pdf,180,PERSON,Mr. M. A. NICHOLS,Mr. M. A. NICHOLS,
65-HS1-834228961-62-HQ-83894-Section-3.pdf,180,PERSON,Mrs. GEORGE KROGSTADT,Mrs. GEORGE KROGSTADT,
65-HS1-834228961-62-HQ-83894-Section-3.pdf,180,PERSON,Mr. THQi,Mr. THQi,
65-HS1-834228961-62-HQ-83894-Section-3.pdf,180,PERSON,Mr. GERMAIN,Mr. GERMAIN,
65-HS1-834228961-62-HQ-83894-Section-3.pdf,180,ORG,FBI,FBI,
65-HS1-834228961-62-HQ-83894-Section-3.pdf,180,DATE,8/26/47,8/26/47,
65-HS1-834228961-62-HQ-83894-Section-3.pdf,181,ORG,FBI,FBI,
65-HS1-834228961-62-HQ-83894-Section-3.pdf,181,DATE,"September 19, 1947","September 19, 1947",
65-HS1-834228961-62-HQ-83894-Section-3.pdf,181,DATE,"September 3, 1947","September 3, 1947",
65-HS1-834228961-62-HQ-83894-Section-3.pdf,183,ORG,FBI,FBI,
65-HS1-834228961-62-HQ-83894-Section-3.pdf,183,DATE,9/19/47,9/19/47,
65-HS1-834228961-62-HQ-83894-Section-3.pdf,184,ORG,FBI,FBI,
65-HS1-834228961-62-HQ-83894-Section-3.pdf,184,ORG,ADC,ADC,
65-HS1-834228961-62-HQ-83894-Section-3.pdf,184,DATE,3 September 1947,3 September 1947,
65-HS1-834228961-62-HQ-83894-Section-3.pdf,185,DATE,"July 30, 1947","July 30, 1947",
65-HS1-834228961-62-HQ-83894-Section-3.pdf,186,PERSON,Mr. H. R. PETERSON,Mr. H. R. PETERSON,
65-HS1-834228961-62-HQ-83894-Section-3.pdf,186,ORG,FBI,FBI,
65-HS1-834228961-62-HQ-83894-Section-3.pdf,186,DATE,"September 27, 1947","September 27, 1947",
65-HS1-834228961-62-HQ-83894-Section-4.pdf,1,ORG,FBI,FBI,
65-HS1-834228961-62-HQ-83894-Section-4.pdf,2,ORG,FBI,FBI,
65-HS1-834228961-62-HQ-83894-Section-4.pdf,2,ORG,SAC,SAC,
65-HS1-834228961-62-HQ-83894-Section-4.pdf,2,DATE,"October 9, 1947","October 9, 1947",
65-HS1-834228961-62-HQ-83894-Section-4.pdf,2,DATE,"September 11, 1947","September 11, 1947",
65-HS1-834228961-62-HQ-83894-Section-4.pdf,4,DATE,"September 11, 1947","September 11, 1947",
65-HS1-834228961-62-HQ-83894-Section-4.pdf,4,DATE,"September 12, 1947","September 12, 1947",
65-HS1-834228961-62-HQ-83894-Section-4.pdf,5,PERSON,Mr. PECK,Mr. PECK,
65-HS1-834228961-62-HQ-83894-Section-4.pdf,5,PERSON,Mr. DALY,Mr. DALY,
65-HS1-834228961-62-HQ-83894-Section-4.pdf,5,ORG,FBI,FBI,
65-HS1-834228961-62-HQ-83894-Section-4.pdf,5,ORG,SAC,SAC,
65-HS1-834228961-62-HQ-83894-Section-4.pdf,5,DATE,10/18/47,10/18/47,
65-HS1-834228961-62-HQ-83894-Section-4.pdf,6,PERSON,Mr. PECK,Mr. PECK,
65-HS1-834228961-62-HQ-83894-Section-4.pdf,6,PERSON,Mr. DALY,Mr. DALY,
65-HS1-834228961-62-HQ-83894-Section-4.pdf,7,PERSON,Mr. A. COURXNEY PARKER,Mr. A. COURXNEY PARKER,
65-HS1-834228961-62-HQ-83894-Section-4.pdf,7,ORG,FBI,FBI,
65-HS1-834228961-62-HQ-83894-Section-4.pdf,7,ORG,SAC,SAC,
65-HS1-834228961-62-HQ-83894-Section-4.pdf,7,DATE,9/25/47,9/25/47,
65-HS1-834228961-62-HQ-83894-Section-4.pdf,14,PERSON,Mrs. A,Mrs. A,
65-HS1-834228961-62-HQ-83894-Section-4.pdf,17,PERSON,Mrs. Milo,Mrs. Milo,
65-HS1-834228961-62-HQ-83894-Section-4.pdf,17,PERSON,Mrs. Durand,Mrs. Durand,
65-HS1-834228961-62-HQ-83894-Section-4.pdf,17,DATE,"November 5, 1947","November 5, 1947",
65-HS1-834228961-62-HQ-83894-Section-4.pdf,19,ORG,FBI,FBI,
65-HS1-834228961-62-HQ-83894-Section-4.pdf,20,PERSON,Mr. Tols,Mr. Tols,
65-HS1-834228961-62-HQ-83894-Section-4.pdf,21,PERSON,Dr. Cranwell,Dr. Cranwell,
65-HS1-834228961-62-HQ-83894-Section-4.pdf,28,ORG,FBI,FBI,
65-HS1-834228961-62-HQ-83894-Section-4.pdf,28,DATE,"January 14, 1948","January 14, 1948",
65-HS1-834228961-62-HQ-83894-Section-4.pdf,28,DATE,"January 5, 1948","January 5, 1948",
65-HS1-834228961-62-HQ-83894-Section-4.pdf,33,PERSON,Mr. Rosen,Mr. Rosen,
65-HS1-834228961-62-HQ-83894-Section-4.pdf,35,ORG,FBI,FBI,
65-HS1-834228961-62-HQ-83894-Section-4.pdf,35,DATE,"February 12, 1948","February 12, 1948",
65-HS1-834228961-62-HQ-83894-Section-4.pdf,35,DATE,"February 4, 1948","February 4, 1948",
65-HS1-834228961-62-HQ-83894-Section-4.pdf,37,ORG,USAF,USAF,
65-HS1-834228961-62-HQ-83894-Section-4.pdf,37,ORG,FBI,FBI,
65-HS1-834228961-62-HQ-83894-Section-4.pdf,37,DATE,4 February 1948,4 February 1948,
65-HS1-834228961-62-HQ-83894-Section-4.pdf,37,DATE,3 September 1947,3 September 1947,
65-HS1-834228961-62-HQ-83894-Section-4.pdf,38,ORG,USAF,USAF,
65-HS1-834228961-62-HQ-83894-Section-4.pdf,38,MARKING,CONFIDENTIAL,CONFIDENTIAL,
65-HS1-834228961-62-HQ-83894-Section-4.pdf,39,ORG,SAC,SAC,
65-HS1-834228961-62-HQ-83894-Section-4.pdf,39,ORG,FBI,FBI,
65-HS1-834228961-62-HQ-83894-Section-4.pdf,39,DATE,"February 20, 1948","February 20, 1948",
65-HS1-834228961-62-HQ-83894-Section-4.pdf,39,DATE,"February 12, 1948","February 12, 1948",
65-HS1-834228961-62-HQ-83894-Section-4.pdf,39,DATE,"October 1, 1947","October 1, 1947",
65-HS1-834228961-62-HQ-83894-Section-4.pdf,41,PERSON,Mr. Ladd,Mr. Ladd,
65-HS1-834228961-62-HQ-83894-Section-4.pdf,41,ORG,FBI,FBI,
65-HS1-834228961-62-HQ-83894-Section-4.pdf,41,DATE,3/1/48,3/1/48,
65-HS1-834228961-62-HQ-83894-Section-4.pdf,41,DATE,1 February 19,1 February 19,
65-HS1-834228961-62-HQ-83894-Section-4.pdf,41,DATE,"February 4, 1948","February 4, 1948",
65-HS1-834228961-62-HQ-83894-Section-4.pdf,43,PERSON,Mr. D. M,Mr. D. M,
65-HS1-834228961-62-HQ-83894-Section-4.pdf,43,DATE,"February 12, 1948","February 12, 1948",
65-HS1-834228961-62-HQ-83894-Section-4.pdf,45,PERSON,Mr. Hoover,Mr. Hoover,
65-HS1-834228961-62-HQ-83894-Section-4.pdf,45,ORG,IDA,IDA,
65-HS1-834228961-62-HQ-83894-Section-4.pdf,45,DATE,"March 22, 1948","March 22, 1948",
65-HS1-834228961-62-HQ-83894-Section-4.pdf,46,PERSON,Mr. Kenneth Wherry United States,Mr. Kenneth Wherry United States,
65-HS1-834228961-62-HQ-83894-Section-4.pdf,52,PERSON,Mr. Hoover,Mr. Hoover,
65-HS1-834228961-62-HQ-83894-Section-4.pdf,52,DATE,"April 1, 1948","April 1, 1948",
65-HS1-834228961-62-HQ-83894-Section-4.pdf,53,DATE,"August 10, 1948","August 10, 1948",
65-HS1-834228961-62-HQ-83894-Section-4.pdf,56,ORG,FBI,FBI,
65-HS1-834228961-62-HQ-83894-Section-4.pdf,56,DATE,9 September 1948,9 September 1948,
65-HS1-834228961-62-HQ-83894-Section-4.pdf,57,ORG,USAF,USAF,
65-HS1-834228961-62-HQ-83894-Section-4.pdf,57,DATE,9 Sept 1948,9 Sept 1948,
65-HS1-834228961-62-HQ-83894-Section-4.pdf,58,ORG,FBI,FBI,
65-HS1-834228961-62-HQ-83894-Section-4.pdf,59,ORG,CIA,CIA,
65-HS1-834228961-62-HQ-83894-Section-4.pdf,59,DATE,9/22/48,9/22/48,
65-HS1-834228961-62-HQ-83894-Section-4.pdf,65,PERSON,Mr. Barbo,Mr. Barbo,
65-HS1-834228961-62-HQ-83894-Section-4.pdf,65,PERSON,Mr. Conrad,Mr. Conrad,
65-HS1-834228961-62-HQ-83894-Section-4.pdf,65,PERSON,Mr. Downing,Mr. Downing,
65-HS1-834228961-62-HQ-83894-Section-4.pdf,65,PERSON,Mr. Sizoo,Mr. Sizoo,
65-HS1-834228961-62-HQ-83894-Section-4.pdf,65,PERSON,Mr. Baughman,Mr. Baughman,
65-HS1-834228961-62-HQ-83894-Section-4.pdf,66,ORG,SAC,SAC,
65-HS1-834228961-62-HQ-83894-Section-4.pdf,70,ORG,FBI,FBI,
65-HS1-834228961-62-HQ-83894-Section-4.pdf,72,PERSON,Mr. Tr,Mr. Tr,
65-HS1-834228961-62-HQ-83894-Section-4.pdf,72,PERSON,Mr. Harl,Mr. Harl,
65-HS1-834228961-62-HQ-83894-Section-4.pdf,72,PERSON,Mr. QU,Mr. QU,
65-HS1-834228961-62-HQ-83894-Section-4.pdf,72,ORG,SAC,SAC,
65-HS1-834228961-62-HQ-83894-Section-4.pdf,72,DATE,"December 28, 1948","December 28, 1948",
65-HS1-834228961-62-HQ-83894-Section-4.pdf,74,PERSON,Mr. Tolson,Mr. Tolson,
65-HS1-834228961-62-HQ-83894-Section-4.pdf,74,ORG,SAC,SAC,
65-HS1-834228961-62-HQ-83894-Section-4.pdf,75,ORG,FBI,FBI,
65-HS1-834228961-62-HQ-83894-Section-4.pdf,76,ORG,OSI,OSI,
65-HS1-834228961-62-HQ-83894-Section-4.pdf,76,ORG,SAC,SAC,
65-HS1-834228961-62-HQ-83894-Section-4.pdf,78,ORG,FBI,FBI,
65-HS1-834228961-62-HQ-83894-Section-4.pdf,80,PERSON,Mr. ToJaon,Mr. ToJaon,
65-HS1-834228961-62-HQ-83894-Section-4.pdf,80,PERSON,Mr. Ce,Mr. Ce,
65-HS1-834228961-62-HQ-83894-Section-4.pdf,80,PERSON,Mr. Ladd,Mr. Ladd,
65-HS1-834228961-62-HQ-83894-Section-4.pdf,80,PERSON,Mr. Nichol,Mr. Nichol,
65-HS1-834228961-62-HQ-83894-Section-4.pdf,80,PERSON,Mr. Rosou,Mr. Rosou,
65-HS1-834228961-62-HQ-83894-Section-4.pdf,80,PERSON,Mr. PenuiDJton,Mr. PenuiDJton,
65-HS1-834228961-62-HQ-83894-Section-4.pdf,80,PERSON,Mr. Qiunn Tiurun,Mr. Qiunn Tiurun,
65-HS1-834228961-62-HQ-83894-Section-4.pdf,82,PERSON,Mr. Peph,Mr. Peph,
65-HS1-834228961-62-HQ-83894-Section-4.pdf,82,PERSON,Mr. Person,Mr. Person,
65-HS1-834228961-62-HQ-83894-Section-4.pdf,82,PERSON,Mr. Hood,Mr. Hood,
65-HS1-834228961-62-HQ-83894-Section-4.pdf,82,PERSON,Mr. Nathan Smith,Mr. Nathan Smith,
65-HS1-834228961-62-HQ-83894-Section-4.pdf,82,PERSON,Mr. Smith,Mr. Smith,
65-HS1-834228961-62-HQ-83894-Section-4.pdf,82,PERSON,Mr. Willis,Mr. Willis,
65-HS1-834228961-62-HQ-83894-Section-4.pdf,82,ORG,SAC,SAC,
65-HS1-834228961-62-HQ-83894-Section-4.pdf,82,DATE,"December 28, 1948","December 28, 1948",
65-HS1-834228961-62-HQ-83894-Section-4.pdf,84,PERSON,Mr. RATHMAN,Mr. RATHMAN,
65-HS1-834228961-62-HQ-83894-Section-4.pdf,84,PERSON,Mr. RA,Mr. RA,
65-HS1-834228961-62-HQ-83894-Section-4.pdf,84,PERSON,Mr. RA'IBMAN,Mr. RA'IBMAN,
65-HS1-834228961-62-HQ-83894-Section-4.pdf,84,PERSON,Mr. RAmMAN,Mr. RAmMAN,
65-HS1-834228961-62-HQ-83894-Section-4.pdf,84,ORG,FBI,FBI,
65-HS1-834228961-62-HQ-83894-Section-4.pdf,86,PERSON,Mr. RATEMAN'e,Mr. RATEMAN'e,
65-HS1-834228961-62-HQ-83894-Section-4.pdf,89,PERSON,Mr. FULLER,Mr. FULLER,
65-HS1-834228961-62-HQ-83894-Section-4.pdf,89,PERSON,Mr. NOACK's,Mr. NOACK's,
65-HS1-834228961-62-HQ-83894-Section-4.pdf,89,PERSON,Mr. NOACK,Mr. NOACK,
65-HS1-834228961-62-HQ-83894-Section-4.pdf,89,PERSON,Mr. Robert B. Fleming,Mr. Robert B. Fleming,
65-HS1-834228961-62-HQ-83894-Section-4.pdf,89,PERSON,Mr. NO,Mr. NO,
65-HS1-834228961-62-HQ-83894-Section-4.pdf,89,ORG,FBI,FBI,
65-HS1-834228961-62-HQ-83894-Section-4.pdf,89,DATE,12/28/48,12/28/48,
65-HS1-834228961-62-HQ-83894-Section-4.pdf,89,DATE,12/27/48,12/27/48,
65-HS1-834228961-62-HQ-83894-Section-4.pdf,91,PERSON,Mr. NOACK,Mr. NOACK,
65-HS1-834228961-62-HQ-83894-Section-4.pdf,91,PERSON,Mrs. ROSE C. ROTSEL,Mrs. ROSE C. ROTSEL,
65-HS1-834228961-62-HQ-83894-Section-4.pdf,91,PERSON,Mr. Fleming,Mr. Fleming,
65-HS1-834228961-62-HQ-83894-Section-4.pdf,91,ORG,FBI,FBI,
65-HS1-834228961-62-HQ-83894-Section-4.pdf,91,DATE,12/28/48,12/28/48,
65-HS1-834228961-62-HQ-83894-Section-4.pdf,92,PERSON,Mr. PERSON,Mr. PERSON,
65-HS1-834228961-62-HQ-83894-Section-4.pdf,92,PERSON,Mr. NOACK,Mr. NOACK,
65-HS1-834228961-62-HQ-83894-Section-4.pdf,92,ORG,SAC,SAC,
65-HS1-834228961-62-HQ-83894-Section-4.pdf,92,ORG,FBI,FBI,
65-HS1-834228961-62-HQ-83894-Section-4.pdf,92,DATE,12/28/48,12/28/48,
65-HS1-834228961-62-HQ-83894-Section-4.pdf,95,PERSON,Mr. YfATHAlf SJII'l'H,Mr. YfATHAlf SJII'l'H,
65-HS1-834228961-62-HQ-83894-Section-4.pdf,95,PERSON,Mr. PERSON,Mr. PERSON,
65-HS1-834228961-62-HQ-83894-Section-4.pdf,95,PERSON,Mr. SIIIITB,Mr. SIIIITB,
65-HS1-834228961-62-HQ-83894-Section-4.pdf,95,PERSON,Mr. PERSOX,Mr. PERSOX,
65-HS1-834228961-62-HQ-83894-Section-4.pdf,95,PERSON,Mr. PERSOK,Mr. PERSOK,
65-HS1-834228961-62-HQ-83894-Section-4.pdf,95,ORG,OSI,OSI,
65-HS1-834228961-62-HQ-83894-Section-4.pdf,95,DATE,"December 6, 1948","December 6, 1948",
65-HS1-834228961-62-HQ-83894-Section-4.pdf,96,PERSON,Mr. PER.SOR,Mr. PER.SOR,
65-HS1-834228961-62-HQ-83894-Section-4.pdf,96,DATE,"December 7, 1948","December 7, 1948",
65-HS1-834228961-62-HQ-83894-Section-4.pdf,98,PERSON,Mr. PER.SOK,Mr. PER.SOK,
65-HS1-834228961-62-HQ-83894-Section-4.pdf,98,PERSON,Mr. Fleming',Mr. Fleming',
65-HS1-834228961-62-HQ-83894-Section-4.pdf,98,DATE,"December 13, 1948","December 13, 1948",
65-HS1-834228961-62-HQ-83894-Section-4.pdf,99,PERSON,Mr. PEJtSOlf,Mr. PEJtSOlf,
65-HS1-834228961-62-HQ-83894-Section-4.pdf,99,PERSON,Mr. R,Mr. R,
65-HS1-834228961-62-HQ-83894-Section-4.pdf,99,ORG,OSI,OSI,
65-HS1-834228961-62-HQ-83894-Section-4.pdf,101,ORG,FBI,FBI,
65-HS1-834228961-62-HQ-83894-Section-4.pdf,103,MARKING,confidential,CONFIDENTIAL,MARKING
65-HS1-834228961-62-HQ-83894-Section-4.pdf,106,ORG,OSI,OSI,
65-HS1-834228961-62-HQ-83894-Section-4.pdf,106,DATE,31 January 1949,31 January 1949,
65-HS1-834228961-62-HQ-83894-Section-4.pdf,106,DATE,30 Jan 49,30 Jan 49,
65-HS1-834228961-62-HQ-83894-Section-4.pdf,107,PERSON,Mr. Tracy,Mr. Tracy,
65-HS1-834228961-62-HQ-83894-Section-4.pdf,107,PERSON,Mr. Rosen Mr. Egan,Mr. Rosen Mr. Egan,
65-HS1-834228961-62-HQ-83894-Section-4.pdf,107,PERSON,Mr. Guroea,Mr. Guroea,
65-HS1-834228961-62-HQ-83894-Section-4.pdf,107,PERSON,Mr. Harbo,Mr. Harbo,
65-HS1-834228961-62-HQ-83894-Section-4.pdf,107,PERSON,Mr. Mohr Mr. Mohr,Mr. Mohr Mr. Mohr,
65-HS1-834228961-62-HQ-83894-Section-4.pdf,107,PERSON,Mr. Carlson Mr. Peonlogton,Mr. Carlson Mr. Peonlogton,
65-HS1-834228961-62-HQ-83894-Section-4.pdf,107,PERSON,Mr. Nease,Mr. Nease,
65-HS1-834228961-62-HQ-83894-Section-4.pdf,107,LOCATOR,Room 5744,Room 5744,
65-HS1-834228961-62-HQ-83894-Section-4.pdf,109,PERSON,Mr. G. J. RATHMAN,Mr. G. J. RATHMAN,
65-HS1-834228961-62-HQ-83894-Section-4.pdf,109,ORG,FBI,FBI,
65-HS1-834228961-62-HQ-83894-Section-4.pdf,109,ORG,SAC,SAC,
65-HS1-834228961-62-HQ-83894-Section-4.pdf,109,ORG,USAF,USAF,
65-HS1-834228961-62-HQ-83894-Section-4.pdf,109,DATE,"February 18, 1949","February 18, 1949",
65-HS1-834228961-62-HQ-83894-Section-4.pdf,112,PERSON,Mr. Rathman Thie,Mr. Rathman Thie,
65-HS1-834228961-62-HQ-83894-Section-4.pdf,112,PERSON,Mr. William Presley,Mr. William Presley,
65-HS1-834228961-62-HQ-83894-Section-4.pdf,112,DATE,16 December 1948,16 December 1948,
65-HS1-834228961-62-HQ-83894-Section-4.pdf,113,PERSON,Mr. G. J. Rathman,Mr. G. J. Rathman,
65-HS1-834228961-62-HQ-83894-Section-4.pdf,113,PERSON,Mr. Presley,Mr. Presley,
65-HS1-834228961-62-HQ-83894-Section-4.pdf,113,PERSON,Mr. C. C. McSwain,Mr. C. C. McSwain,
65-HS1-834228961-62-HQ-83894-Section-4.pdf,113,DATE,10 February 1949,10 February 1949,
65-HS1-834228961-62-HQ-83894-Section-4.pdf,113,DATE,16 December 1948,16 December 1948,
65-HS1-834228961-62-HQ-83894-Section-4.pdf,114,PERSON,Mr. Harbo,Mr. Harbo,
65-HS1-834228961-62-HQ-83894-Section-4.pdf,114,PERSON,Mr. Conrad,Mr. Conrad,
65-HS1-834228961-62-HQ-83894-Section-4.pdf,114,ORG,SAC,SAC,
65-HS1-834228961-62-HQ-83894-Section-4.pdf,115,ORG,FBI,FBI,
65-HS1-834228961-62-HQ-83894-Section-4.pdf,115,ORG,OSI,OSI,
65-HS1-834228961-62-HQ-83894-Section-4.pdf,116,ORG,FBI,FBI,
65-HS1-834228961-62-HQ-83894-Section-4.pdf,117,ORG,FBI,FBI,
65-HS1-834228961-62-HQ-83894-Section-4.pdf,117,DATE,1/31/49,1/31/49,
65-HS1-834228961-62-HQ-83894-Section-4.pdf,118,PERSON,Mr. Fletche,Mr. Fletche,
65-HS1-834228961-62-HQ-83894-Section-4.pdf,118,PERSON,Mr. Egan,Mr. Egan,
65-HS1-834228961-62-HQ-83894-Section-4.pdf,118,PERSON,Mr. Quinn Te.a,Mr. Quinn Te.a,
65-HS1-834228961-62-HQ-83894-Section-4.pdf,118,PERSON,Mr. Nease,Mr. Nease,
65-HS1-834228961-62-HQ-83894-Section-4.pdf,118,ORG,SAC,SAC,
65-HS1-834228961-62-HQ-83894-Section-4.pdf,118,DATE,"March 14, 1949","March 14, 1949",
65-HS1-834228961-62-HQ-83894-Section-4.pdf,118,DATE,"October 1, 1947","October 1, 1947",
65-HS1-834228961-62-HQ-83894-Section-4.pdf,120,PERSON,Dr. LilTCOLM Lf,Dr. LilTCOLM Lf,
65-HS1-834228961-62-HQ-83894-Section-4.pdf,120,ORG,FBI,FBI,
65-HS1-834228961-62-HQ-83894-Section-4.pdf,120,ORG,SAC,SAC,
65-HS1-834228961-62-HQ-83894-Section-4.pdf,120,ORG,OSI,OSI,
65-HS1-834228961-62-HQ-83894-Section-4.pdf,120,DATE,"January 31, 1949","January 31, 1949",
65-HS1-834228961-62-HQ-83894-Section-4.pdf,120,DATE,"December 5, 1948","December 5, 1948",
65-HS1-834228961-62-HQ-83894-Section-4.pdf,120,MARKING,secret,SECRET,MARKING
65-HS1-834228961-62-HQ-83894-Section-4.pdf,121,ORG,FBI,FBI,
65-HS1-834228961-62-HQ-83894-Section-4.pdf,121,DATE,"March 22, 1949","March 22, 1949",
65-HS1-834228961-62-HQ-83894-Section-4.pdf,121,MARKING,secret,SECRET,MARKING
65-HS1-834228961-62-HQ-83894-Section-4.pdf,122,ORG,CIA,CIA,
65-HS1-834228961-62-HQ-83894-Section-4.pdf,122,DATE,3/30/49,3/30/49,
65-HS1-834228961-62-HQ-83894-Section-4.pdf,122,DATE,12/29/48,12/29/48,
65-HS1-834228961-62-HQ-83894-Section-4.pdf,123,DATE,12/28/48,12/28/48,
65-HS1-834228961-62-HQ-83894-Section-4.pdf,123,DATE,12/29/48,12/29/48,
65-HS1-834228961-62-HQ-83894-Section-4.pdf,124,ORG,CIA,CIA,
65-HS1-834228961-62-HQ-83894-Section-4.pdf,124,ORG,USAF,USAF,
65-HS1-834228961-62-HQ-83894-Section-4.pdf,124,DATE,"January 7, 1949","January 7, 1949",
65-HS1-834228961-62-HQ-83894-Section-4.pdf,125,DATE,"October 1, 1947","October 1, 1947",
65-HS1-834228961-62-HQ-83894-Section-4.pdf,125,DATE,"February 15, 1949","February 15, 1949",
65-HS1-834228961-62-HQ-83894-Section-4.pdf,125,MARKING,confidential,CONFIDENTIAL,MARKING
65-HS1-834228961-62-HQ-83894-Section-4.pdf,125,MARKING,restricted,RESTRICTED,MARKING
65-HS1-834228961-62-HQ-83894-Section-4.pdf,126,ORG,FBI,FBI,
65-HS1-834228961-62-HQ-83894-Section-4.pdf,126,ORG,OSI,OSI,
65-HS1-834228961-62-HQ-83894-Section-4.pdf,128,ORG,OSI,OSI,
65-HS1-834228961-62-HQ-83894-Section-4.pdf,128,DATE,10 Nov 47,10 Nov 47,
65-HS1-834228961-62-HQ-83894-Section-4.pdf,130,PERSON,Mr. Pennl,Mr. Pennl,
65-HS1-834228961-62-HQ-83894-Section-4.pdf,130,ORG,FBI,FBI,
65-HS1-834228961-62-HQ-83894-Section-4.pdf,130,ORG,SAC,SAC,
65-HS1-834228961-62-HQ-83894-Section-4.pdf,130,DATE,"May 4, 1949","May 4, 1949",
65-HS1-834228961-62-HQ-83894-Section-4.pdf,130,DATE,"April 5, 1949","April 5, 1949",
65-HS1-834228961-62-HQ-83894-Section-4.pdf,130,DATE,"March 25, 1949","March 25, 1949",
65-HS1-834228961-62-HQ-83894-Section-4.pdf,131,ORG,FBI,FBI,
65-HS1-834228961-62-HQ-83894-Section-4.pdf,131,ORG,SAC,SAC,
65-HS1-834228961-62-HQ-83894-Section-4.pdf,131,DATE,"April 5, 1949","April 5, 1949",
65-HS1-834228961-62-HQ-83894-Section-4.pdf,131,DATE,"February 15, 1949","February 15, 1949",
65-HS1-834228961-62-HQ-83894-Section-4.pdf,133,ORG,FBI,FBI,
65-HS1-834228961-62-HQ-83894-Section-4.pdf,133,DATE,"April 16, 1949","April 16, 1949",
65-HS1-834228961-62-HQ-83894-Section-4.pdf,133,DATE,"April 15, 1949","April 15, 1949",
65-HS1-834228961-62-HQ-83894-Section-4.pdf,135,ORG,OSI,OSI,
65-HS1-834228961-62-HQ-83894-Section-4.pdf,135,DATE,"April 17, 1949","April 17, 1949",
65-HS1-834228961-62-HQ-83894-Section-4.pdf,136,DATE,"April 17, 1949","April 17, 1949",
65-HS1-834228961-62-HQ-83894-Section-4.pdf,137,PERSON,Mr. Tobon,Mr. Tobon,
65-HS1-834228961-62-HQ-83894-Section-4.pdf,137,PERSON,Mr. Clegg,Mr. Clegg,
65-HS1-834228961-62-HQ-83894-Section-4.pdf,137,PERSON,Mr. Gurne,Mr. Gurne,
65-HS1-834228961-62-HQ-83894-Section-4.pdf,137,PERSON,Mr. Barbo,Mr. Barbo,
65-HS1-834228961-62-HQ-83894-Section-4.pdf,137,PERSON,Mr. Mohr,Mr. Mohr,
65-HS1-834228961-62-HQ-83894-Section-4.pdf,137,PERSON,Mr. Nea,Mr. Nea,
65-HS1-834228961-62-HQ-83894-Section-4.pdf,139,PERSON,Mr. Tolson,Mr. Tolson,
65-HS1-834228961-62-HQ-83894-Section-4.pdf,139,PERSON,Mr. IIOhr,Mr. IIOhr,
65-HS1-834228961-62-HQ-83894-Section-4.pdf,139,PERSON,Mr. PeMlngWn,Mr. PeMlngWn,
65-HS1-834228961-62-HQ-83894-Section-4.pdf,141,DATE,"April 10, 1949","April 10, 1949",
65-HS1-834228961-62-HQ-83894-Section-4.pdf,143,ORG,SAC,SAC,
65-HS1-834228961-62-HQ-83894-Section-4.pdf,143,ORG,FBI,FBI,
65-HS1-834228961-62-HQ-83894-Section-4.pdf,143,MARKING,confidential,CONFIDENTIAL,MARKING
65-HS1-834228961-62-HQ-83894-Section-4.pdf,145,PERSON,Lt. DAVIS,Lt DAVIS,RANK
65-HS1-834228961-62-HQ-83894-Section-4.pdf,145,ORG,FBI,FBI,
65-HS1-834228961-62-HQ-83894-Section-4.pdf,145,ORG,SAC,SAC,
65-HS1-834228961-62-HQ-83894-Section-4.pdf,145,ORG,CIA,CIA,
65-HS1-834228961-62-HQ-83894-Section-4.pdf,145,DATE,"March 22, 1949","March 22, 1949",
65-HS1-834228961-62-HQ-83894-Section-4.pdf,145,DATE,"March 31, 1949","March 31, 1949",
65-HS1-834228961-62-HQ-83894-Section-4.pdf,145,DATE,"April 3, 1949","April 3, 1949",
65-HS1-834228961-62-HQ-83894-Section-4.pdf,145,DATE,"April 4, 1949","April 4, 1949",
65-HS1-834228961-62-HQ-83894-Section-4.pdf,147,PERSON,Mr. WINCHELL,Mr. WINCHELL,
65-HS1-834228961-62-HQ-83894-Section-4.pdf,147,DATE,"April 4, 1949","April 4, 1949",
65-HS1-834228961-62-HQ-83894-Section-4.pdf,148,PERSON,Mr. Gumea,Mr. Gumea,
65-HS1-834228961-62-HQ-83894-Section-4.pdf,150,PERSON,Capt. Thomas,Capt Thomas,RANK
65-HS1-834228961-62-HQ-83894-Section-4.pdf,156,PERSON,Mr. Tolson,Mr. Tolson,
65-HS1-834228961-62-HQ-83894-Section-4.pdf,156,PERSON,Mr. Cloirlf,Mr. Cloirlf,
65-HS1-834228961-62-HQ-83894-Section-4.pdf,156,PERSON,Mr. Glavin,Mr. Glavin,
65-HS1-834228961-62-HQ-83894-Section-4.pdf,156,PERSON,Mr. Clegg Mr,Mr. Clegg Mr,
65-HS1-834228961-62-HQ-83894-Section-4.pdf,156,PERSON,Mr. Nichols,Mr. Nichols,
65-HS1-834228961-62-HQ-83894-Section-4.pdf,156,PERSON,Mr. Roaen,Mr. Roaen,
65-HS1-834228961-62-HQ-83894-Section-4.pdf,156,PERSON,Mr. Trocy,Mr. Trocy,
65-HS1-834228961-62-HQ-83894-Section-4.pdf,156,PERSON,Mr. Cpn.........-,Mr. Cpn.........-,
65-HS1-834228961-62-HQ-83894-Section-4.pdf,156,PERSON,Mr. Moh,Mr. Moh,
65-HS1-834228961-62-HQ-83894-Section-4.pdf,156,PERSON,Mr. Pemllnirtc,Mr. Pemllnirtc,
65-HS1-834228961-62-HQ-83894-Section-4.pdf,156,PERSON,Mr. QalnnTamm,Mr. QalnnTamm,
65-HS1-834228961-62-HQ-83894-Section-4.pdf,156,PERSON,Mrs. Skillman See Me For,Mrs. Skillman See Me For,
65-HS1-834228961-62-HQ-83894-Section-4.pdf,156,LOCATOR,Room 5744,Room 5744,
65-HS1-834228961-62-HQ-83894-Section-4.pdf,157,PERSON,Mr. MEL HODELL,Mr. MEL HODELL,
65-HS1-834228961-62-HQ-83894-Section-4.pdf,157,PERSON,Lt. Col. STANLEY JACOBS,Lt Col STANLEY JACOBS,RANK
65-HS1-834228961-62-HQ-83894-Section-4.pdf,157,PERSON,Mr. HODELL,Mr. HODELL,
65-HS1-834228961-62-HQ-83894-Section-4.pdf,157,PERSON,Mr. GEORGE BREMER,Mr. GEORGE BREMER,
65-HS1-834228961-62-HQ-83894-Section-4.pdf,157,PERSON,Mr. BREHER,Mr. BREHER,
65-HS1-834228961-62-HQ-83894-Section-4.pdf,157,PERSON,Lt. Col,Lt Col,RANK
65-HS1-834228961-62-HQ-83894-Section-4.pdf,157,PERSON,Mr. WILLIAM H. PARROTT,Mr. WILLIAM H. PARROTT,
65-HS1-834228961-62-HQ-83894-Section-4.pdf,157,ORG,FBI,FBI,
65-HS1-834228961-62-HQ-83894-Section-4.pdf,157,ORG,USAF,USAF,
65-HS1-834228961-62-HQ-83894-Section-4.pdf,157,DATE,"May 13, 1949","May 13, 1949",
65-HS1-834228961-62-HQ-83894-Section-4.pdf,157,DATE,"May 5, 1949","May 5, 1949",
65-HS1-834228961-62-HQ-83894-Section-4.pdf,157,DATE,"April 4, 1949","April 4, 1949",
65-HS1-834228961-62-HQ-83894-Section-4.pdf,159,PERSON,Mr. PARRCYI'T,Mr. PARRCYI'T,
65-HS1-834228961-62-HQ-83894-Section-4.pdf,159,PERSON,Mr. BREMER,Mr. BREMER,
65-HS1-834228961-62-HQ-83894-Section-4.pdf,159,ORG,USAF,USAF,
65-HS1-834228961-62-HQ-83894-Section-4.pdf,160,PERSON,Mr. PeMln,Mr. PeMln,
65-HS1-834228961-62-HQ-83894-Section-4.pdf,160,PERSON,Mr. Nease,Mr. Nease,
65-HS1-834228961-62-HQ-83894-Section-4.pdf,160,PERSON,Mr. Winchell,Mr. Winchell,
65-HS1-834228961-62-HQ-83894-Section-4.pdf,160,PERSON,Mr. Ripley,Mr. Ripley,
65-HS1-834228961-62-HQ-83894-Section-4.pdf,160,PERSON,Mr. Winchell. RID,Mr. Winchell. RID,
65-HS1-834228961-62-HQ-83894-Section-4.pdf,160,ORG,USAF,USAF,
65-HS1-834228961-62-HQ-83894-Section-4.pdf,160,DATE,"April 27, 1949","April 27, 1949",
65-HS1-834228961-62-HQ-83894-Section-4.pdf,165,PERSON,Mr. Tol,Mr. Tol,
65-HS1-834228961-62-HQ-83894-Section-4.pdf,165,PERSON,Mr. Clegg,Mr. Clegg,
65-HS1-834228961-62-HQ-83894-Section-4.pdf,165,PERSON,Mr. Barbo,Mr. Barbo,
65-HS1-834228961-62-HQ-83894-Section-4.pdf,165,PERSON,Mr. Jones The,Mr. Jones The,
65-HS1-834228961-62-HQ-83894-Section-4.pdf,165,PERSON,Mr. Neue,Mr. Neue,
65-HS1-834228961-62-HQ-83894-Section-4.pdf,165,DATE,"April 25, 1949","April 25, 1949",
65-HS1-834228961-62-HQ-83894-Section-4.pdf,167,PERSON,Mr. H. B. Fletcher,Mr. H. B. Fletcher,
65-HS1-834228961-62-HQ-83894-Section-4.pdf,167,ORG,FBI,FBI,
65-HS1-834228961-62-HQ-83894-Section-4.pdf,167,DATE,"May 20, 1949","May 20, 1949",
65-HS1-834228961-62-HQ-83894-Section-4.pdf,167,MARKING,confidential,CONFIDENTIAL,MARKING
65-HS1-834228961-62-HQ-83894-Section-4.pdf,169,ORG,FBI,FBI,
65-HS1-834228961-62-HQ-83894-Section-4.pdf,169,ORG,SAC,SAC,
65-HS1-834228961-62-HQ-83894-Section-4.pdf,169,DATE,"June 2, 1949","June 2, 1949",
65-HS1-834228961-62-HQ-83894-Section-4.pdf,171,PERSON,Mr. Clegg,Mr. Clegg,
65-HS1-834228961-62-HQ-83894-Section-4.pdf,171,PERSON,Mr. Glavi,Mr. Glavi,
65-HS1-834228961-62-HQ-83894-Section-4.pdf,171,PERSON,Mr. Ladd Mr,Mr. Ladd Mr,
65-HS1-834228961-62-HQ-83894-Section-4.pdf,171,PERSON,Mr. Ro,Mr. Ro,
65-HS1-834228961-62-HQ-83894-Section-4.pdf,171,PERSON,Mr. Tracy Mr. Egan Mr,Mr. Tracy Mr. Egan Mr,
65-HS1-834228961-62-HQ-83894-Section-4.pdf,171,PERSON,Mr. The,Mr. The,
65-HS1-834228961-62-HQ-83894-Section-4.pdf,171,PERSON,Mr. Di,Mr. Di,
65-HS1-834228961-62-HQ-83894-Section-4.pdf,171,PERSON,Mr. Mohr,Mr. Mohr,
65-HS1-834228961-62-HQ-83894-Section-4.pdf,171,PERSON,Mr. Pennington,Mr. Pennington,
65-HS1-834228961-62-HQ-83894-Section-4.pdf,171,PERSON,Mr. Nease,Mr. Nease,
65-HS1-834228961-62-HQ-83894-Section-4.pdf,179,PERSON,Capt. C. S. Chiles,Capt C. S. Chiles,RANK
65-HS1-834228961-62-HQ-83894-Section-4.pdf,179,DATE,7/25/48,7/25/48,
65-HS1-834228961-62-HQ-83894-Section-4.pdf,180,PERSON,Mr. McKelvie,Mr. McKelvie,
65-HS1-834228961-62-HQ-83894-Section-4.pdf,180,PERSON,Mr. McK,Mr. McK,
65-HS1-834228961-62-HQ-83894-Section-4.pdf,180,PERSON,Gen. George C. Kenney,Gen George C. Kenney,RANK
65-HS1-834228961-62-HQ-83894-Section-4.pdf,180,PERSON,Mr. Allen,Mr. Allen,
65-HS1-834228961-62-HQ-83894-Section-4.pdf,180,DATE,7/25/48,7/25/48,
65-HS1-834228961-62-HQ-83894-Section-4.pdf,181,PERSON,Mrs. Delk,Mrs. Delk,
65-HS1-834228961-62-HQ-83894-Section-4.pdf,181,PERSON,Mrs. Richard P. Sellers,Mrs. Richard P. Sellers,
65-HS1-834228961-62-HQ-83894-Section-4.pdf,181,PERSON,Mrs. A. C,Mrs. A. C,
65-HS1-834228961-62-HQ-83894-Section-4.pdf,181,DATE,7/27/48,7/27/48,
65-HS1-834228961-62-HQ-83894-Section-4.pdf,182,PERSON,Mrs. Atltinson,Mrs. Atltinson,
65-HS1-834228961-62-HQ-83894-Section-4.pdf,182,PERSON,Mr. Bowles,Mr. Bowles,
65-HS1-834228961-62-HQ-83894-Section-4.pdf,182,DATE,7/26/48,7/26/48,
65-HS1-834228961-62-HQ-83894-Section-4.pdf,182,MARKING,secret,SECRET,MARKING
65-HS1-834228961-62-HQ-83894-Section-4.pdf,183,DATE,"Aug. 5, 1948","Aug. 5, 1948",
65-HS1-834228961-62-HQ-83894-Section-4.pdf,183,DATE,"July 24, 1948","July 24, 1948",
65-HS1-834228961-62-HQ-83894-Section-4.pdf,185,PERSON,Gen. Thomas T,Gen Thomas T,RANK
65-HS1-834228961-62-HQ-83894-Section-4.pdf,187,ORG,FBI,FBI,
65-HS1-834228961-62-HQ-83894-Section-4.pdf,191,ORG,FBI,FBI,
65-HS1-834228961-62-HQ-83894-Section-4.pdf,192,PERSON,Mrs. Alfred Tolley,Mrs. Alfred Tolley,
65-HS1-834228961-62-HQ-83894-Section-4.pdf,192,PERSON,Mrs. James D. Heinline,Mrs. James D. Heinline,
65-HS1-834228961-62-HQ-83894-Section-4.pdf,192,ORG,FBI,FBI,
65-HS1-834228961-62-HQ-83894-Section-4.pdf,193,ORG,FBI,FBI,
65-HS1-834228961-62-HQ-83894-Section-4.pdf,199,DATE,"April 21, 1949","April 21, 1949",
65-HS1-834228961-62-HQ-83894-Section-4.pdf,201,PERSON,Dr. EDWARD BURKE,Dr. EDWARD BURKE,
65-HS1-834228961-62-HQ-83894-Section-4.pdf,203,PERSON,Mr. ToJs,Mr. ToJs,
65-HS1-834228961-62-HQ-83894-Section-4.pdf,203,ORG,FBI,FBI,
65-HS1-834228961-62-HQ-83894-Section-4.pdf,205,PERSON,Mr. A,Mr. A,
65-HS1-834228961-62-HQ-83894-Section-4.pdf,205,PERSON,Mr. DeANGELO,Mr. DeANGELO,
65-HS1-834228961-62-HQ-83894-Section-4.pdf,205,ORG,FBI,FBI,
65-HS1-834228961-62-HQ-83894-Section-4.pdf,205,ORG,SAC,SAC,
65-HS1-834228961-62-HQ-83894-Section-4.pdf,205,DATE,"July 21, 1949","July 21, 1949",
65-HS1-834228961-62-HQ-83894-Section-4.pdf,207,ORG,SAC,SAC,
65-HS1-834228961-62-HQ-83894-Section-4.pdf,207,ORG,FBI,FBI,
65-HS1-834228961-62-HQ-83894-Section-4.pdf,207,DATE,"Juno 8, 1949","Juno 8, 1949",
65-HS1-834228961-62-HQ-83894-Section-4.pdf,207,DATE,"Septvmber 9, 1947","Septvmber 9, 1947",
65-HS1-834228961-62-HQ-83894-Section-4.pdf,209,PERSON,Mr. H.B. Fletcbe,Mr. H.B. Fletcbe,
65-HS1-834228961-62-HQ-83894-Section-4.pdf,209,PERSON,Mr. Lynn C. Aldrich,Mr. Lynn C. Aldrich,
65-HS1-834228961-62-HQ-83894-Section-4.pdf,209,PERSON,Mr. Fugate,Mr. Fugate,
65-HS1-834228961-62-HQ-83894-Section-4.pdf,209,PERSON,Mr. Aldrich,Mr. Aldrich,
65-HS1-834228961-62-HQ-83894-Section-4.pdf,209,ORG,OSI,OSI,
65-HS1-834228961-62-HQ-83894-Section-4.pdf,209,DATE,"June 30, 1949","June 30, 1949",
65-HS1-834228961-62-HQ-83894-Section-4.pdf,211,PERSON,Mr. LYNN C. ALDRICH,Mr. LYNN C. ALDRICH,
65-HS1-834228961-62-HQ-83894-Section-4.pdf,211,PERSON,Mr. ALDRICH,Mr. ALDRICH,
65-HS1-834228961-62-HQ-83894-Section-4.pdf,211,ORG,FBI,FBI,
65-HS1-834228961-62-HQ-83894-Section-4.pdf,211,ORG,OSI,OSI,
65-HS1-834228961-62-HQ-83894-Section-4.pdf,211,DATE,"June 8, 1949","June 8, 1949",
65-HS1-834228961-62-HQ-83894-Section-4.pdf,211,DATE,"September 9, 1947","September 9, 1947",
65-HS1-834228961-62-HQ-83894-Section-4.pdf,211,DATE,"June 7, 1949","June 7, 1949",
65-HS1-834228961-62-HQ-83894-Section-4.pdf,213,PERSON,Mr. Cuneo,Mr. Cuneo,
65-HS1-834228961-62-HQ-83894-Section-5.pdf,3,ORG,FBI,FBI,
65-HS1-834228961-62-HQ-83894-Section-5.pdf,3,ORG,SAC,SAC,
65-HS1-834228961-62-HQ-83894-Section-5.pdf,3,DATE,"July 26, 1949","July 26, 1949",
65-HS1-834228961-62-HQ-83894-Section-5.pdf,3,DATE,"July 15, 1949","July 15, 1949",
65-HS1-834228961-62-HQ-83894-Section-5.pdf,3,DATE,"July 10, 1949","July 10, 1949",
65-HS1-834228961-62-HQ-83894-Section-5.pdf,5,PERSON,Mr. Rosen,Mr. Rosen,
65-HS1-834228961-62-HQ-83894-Section-5.pdf,5,PERSON,Mr. Tracy,Mr. Tracy,
65-HS1-834228961-62-HQ-83894-Section-5.pdf,5,PERSON,Mr. Egan,Mr. Egan,
65-HS1-834228961-62-HQ-83894-Section-5.pdf,5,PERSON,Mr. Gurnea,Mr. Gurnea,
65-HS1-834228961-62-HQ-83894-Section-5.pdf,5,PERSON,Mr. Harbo,Mr. Harbo,
65-HS1-834228961-62-HQ-83894-Section-5.pdf,5,PERSON,Mr. Jones,Mr. Jones,
65-HS1-834228961-62-HQ-83894-Section-5.pdf,5,PERSON,Mr. Nease,Mr. Nease,
65-HS1-834228961-62-HQ-83894-Section-5.pdf,5,PERSON,Mr. Ladd,Mr. Ladd,
65-HS1-834228961-62-HQ-83894-Section-5.pdf,7,PERSON,Mr Record,Mr Record,
65-HS1-834228961-62-HQ-83894-Section-5.pdf,7,PERSON,Mr. Mr,Mr. Mr,
65-HS1-834228961-62-HQ-83894-Section-5.pdf,7,PERSON,Mr. Mr. Mr. Mr. Ernesthneo,Mr. Mr. Mr. Mr. Ernesthneo,
65-HS1-834228961-62-HQ-83894-Section-5.pdf,7,PERSON,Mr. Jones,Mr. Jones,
65-HS1-834228961-62-HQ-83894-Section-5.pdf,7,PERSON,Mr. Hoover,Mr. Hoover,
65-HS1-834228961-62-HQ-83894-Section-5.pdf,7,PERSON,Mr. Ladd,Mr. Ladd,
65-HS1-834228961-62-HQ-83894-Section-5.pdf,7,PERSON,Mr. Indd,Mr. Indd,
65-HS1-834228961-62-HQ-83894-Section-5.pdf,7,PERSON,Mr. Cuneo,Mr. Cuneo,
65-HS1-834228961-62-HQ-83894-Section-5.pdf,8,ORG,FBI,FBI,
65-HS1-834228961-62-HQ-83894-Section-5.pdf,9,PERSON,Mr. Nease,Mr. Nease,
65-HS1-834228961-62-HQ-83894-Section-5.pdf,10,DATE,"July 12, 1949","July 12, 1949",
65-HS1-834228961-62-HQ-83894-Section-5.pdf,11,ORG,SAC,SAC,
65-HS1-834228961-62-HQ-83894-Section-5.pdf,13,PERSON,Mr. Fletcher,Mr. Fletcher,
65-HS1-834228961-62-HQ-83894-Section-5.pdf,13,LOCATOR,Room 5744,Room 5744,
65-HS1-834228961-62-HQ-83894-Section-5.pdf,15,ORG,FBI,FBI,
65-HS1-834228961-62-HQ-83894-Section-5.pdf,15,ORG,SAC,SAC,
65-HS1-834228961-62-HQ-83894-Section-5.pdf,15,DATE,"July 13, 1949","July 13, 1949",
65-HS1-834228961-62-HQ-83894-Section-5.pdf,15,DATE,"July 12, 1949","July 12, 1949",
65-HS1-834228961-62-HQ-83894-Section-5.pdf,17,ORG,SAC,SAC,
65-HS1-834228961-62-HQ-83894-Section-5.pdf,21,PERSON,Mr. Cuneo,Mr. Cuneo,
65-HS1-834228961-62-HQ-83894-Section-5.pdf,21,DATE,"July 9, 1949","July 9, 1949",
65-HS1-834228961-62-HQ-83894-Section-5.pdf,23,PERSON,Mr. Donohue,Mr. Donohue,
65-HS1-834228961-62-HQ-83894-Section-5.pdf,23,PERSON,Mr. Clegg,Mr. Clegg,
65-HS1-834228961-62-HQ-83894-Section-5.pdf,23,PERSON,Mr. Glavin,Mr. Glavin,
65-HS1-834228961-62-HQ-83894-Section-5.pdf,23,PERSON,Mr. Harbo,Mr. Harbo,
65-HS1-834228961-62-HQ-83894-Section-5.pdf,23,PERSON,Mr. Fletcher,Mr. Fletcher,
65-HS1-834228961-62-HQ-83894-Section-5.pdf,23,PERSON,Mr. Nichols,Mr. Nichols,
65-HS1-834228961-62-HQ-83894-Section-5.pdf,23,PERSON,Mr. Tracy,Mr. Tracy,
65-HS1-834228961-62-HQ-83894-Section-5.pdf,23,LOCATOR,Room 5644,Room 5644,
65-HS1-834228961-62-HQ-83894-Section-5.pdf,26,DATE,11 May 1949,11 May 1949,
65-HS1-834228961-62-HQ-83894-Section-5.pdf,31,ORG,FBI,FBI,
65-HS1-834228961-62-HQ-83894-Section-5.pdf,31,ORG,SAC,SAC,
65-HS1-834228961-62-HQ-83894-Section-5.pdf,31,DATE,"August 16, 1949","August 16, 1949",
65-HS1-834228961-62-HQ-83894-Section-5.pdf,32,PERSON,Mr. Ck U. S. DUAlrTMEHT,Mr. Ck U. S. DUAlrTMEHT,
65-HS1-834228961-62-HQ-83894-Section-5.pdf,32,PERSON,Mr. RoaQQ,Mr. RoaQQ,
65-HS1-834228961-62-HQ-83894-Section-5.pdf,32,PERSON,Mr. Uarbo,Mr. Uarbo,
65-HS1-834228961-62-HQ-83894-Section-5.pdf,32,ORG,OSI,OSI,
65-HS1-834228961-62-HQ-83894-Section-5.pdf,34,PERSON,Mr. Newby Mr. Sanders Mr,Mr. Newby Mr. Sanders Mr,
65-HS1-834228961-62-HQ-83894-Section-5.pdf,34,PERSON,Mr. Fletcher FE,Mr. Fletcher FE,
65-HS1-834228961-62-HQ-83894-Section-5.pdf,34,ORG,SAC,SAC,
65-HS1-834228961-62-HQ-83894-Section-5.pdf,35,PERSON,Dr. PA,Dr. PA,
65-HS1-834228961-62-HQ-83894-Section-5.pdf,35,PERSON,Dr. PAmllSH,Dr. PAmllSH,
65-HS1-834228961-62-HQ-83894-Section-5.pdf,35,ORG,SAC,SAC,
65-HS1-834228961-62-HQ-83894-Section-5.pdf,35,ORG,OSI,OSI,
65-HS1-834228961-62-HQ-83894-Section-5.pdf,35,ORG,FBI,FBI,
65-HS1-834228961-62-HQ-83894-Section-5.pdf,35,DATE,"Septernber 6, 1949","Septernber 6, 1949",
65-HS1-834228961-62-HQ-83894-Section-5.pdf,37,DATE,"October 12, 1949","October 12, 1949",
65-HS1-834228961-62-HQ-83894-Section-5.pdf,38,ORG,FBI,FBI,
65-HS1-834228961-62-HQ-83894-Section-5.pdf,39,PERSON,Mr. SPROUSE,Mr. SPROUSE,
65-HS1-834228961-62-HQ-83894-Section-5.pdf,39,ORG,SAC,SAC,
65-HS1-834228961-62-HQ-83894-Section-5.pdf,39,ORG,FBI,FBI,
65-HS1-834228961-62-HQ-83894-Section-5.pdf,39,DATE,"October 2, 1949","October 2, 1949",
65-HS1-834228961-62-HQ-83894-Section-5.pdf,39,DATE,"September 26, 1949","September 26, 1949",
65-HS1-834228961-62-HQ-83894-Section-5.pdf,39,DATE,"September 25, 1949","September 25, 1949",
65-HS1-834228961-62-HQ-83894-Section-5.pdf,42,DATE,"October 19, 1949","October 19, 1949",
65-HS1-834228961-62-HQ-83894-Section-5.pdf,42,DATE,"September 25, 1949","September 25, 1949",
65-HS1-834228961-62-HQ-83894-Section-5.pdf,44,ORG,OSI,OSI,
65-HS1-834228961-62-HQ-83894-Section-5.pdf,44,ORG,USAF,USAF,
65-HS1-834228961-62-HQ-83894-Section-5.pdf,44,DATE,6 January 1950,6 January 1950,
65-HS1-834228961-62-HQ-83894-Section-5.pdf,44,MARKING,secret,SECRET,MARKING
65-HS1-834228961-62-HQ-83894-Section-5.pdf,45,ORG,OSI,OSI,
65-HS1-834228961-62-HQ-83894-Section-5.pdf,45,ORG,USAF,USAF,
65-HS1-834228961-62-HQ-83894-Section-5.pdf,45,DATE,16 Jan 50,16 Jan 50,
65-HS1-834228961-62-HQ-83894-Section-5.pdf,46,ORG,OSI,OSI,
65-HS1-834228961-62-HQ-83894-Section-5.pdf,46,DATE,7 Jan 50,7 Jan 50,
65-HS1-834228961-62-HQ-83894-Section-5.pdf,46,DATE,18 Jan 50,18 Jan 50,
65-HS1-834228961-62-HQ-83894-Section-5.pdf,46,MARKING,Confidential,CONFIDENTIAL,MARKING
65-HS1-834228961-62-HQ-83894-Section-5.pdf,48,DATE,"Januory 24, 1950","Januory 24, 1950",
65-HS1-834228961-62-HQ-83894-Section-5.pdf,54,ORG,FBI,FBI,
65-HS1-834228961-62-HQ-83894-Section-5.pdf,54,ORG,OSI,OSI,
65-HS1-834228961-62-HQ-83894-Section-5.pdf,56,ORG,SAC,SAC,
65-HS1-834228961-62-HQ-83894-Section-5.pdf,57,PERSON,Col Nunamaker Tennessee Military District,Col Nunamaker Tennessee Military District,
65-HS1-834228961-62-HQ-83894-Section-5.pdf,57,MARKING,CONFIDENTIAL,CONFIDENTIAL,
65-HS1-834228961-62-HQ-83894-Section-5.pdf,58,PERSON,Lt Col Nunamaker,Lt Col Nunamaker,
65-HS1-834228961-62-HQ-83894-Section-5.pdf,58,DATE,3 Mar 50,3 Mar 50,
65-HS1-834228961-62-HQ-83894-Section-5.pdf,58,MARKING,CONFIDENTIAL,CONFIDENTIAL,
65-HS1-834228961-62-HQ-83894-Section-5.pdf,66,ORG,FBI,FBI,
65-HS1-834228961-62-HQ-83894-Section-5.pdf,68,PERSON,Mr. HOWE,Mr. HOWE,
65-HS1-834228961-62-HQ-83894-Section-5.pdf,68,ORG,FBI,FBI,
65-HS1-834228961-62-HQ-83894-Section-5.pdf,68,ORG,SAC,SAC,
65-HS1-834228961-62-HQ-83894-Section-5.pdf,70,ORG,CIA,CIA,
65-HS1-834228961-62-HQ-83894-Section-5.pdf,70,ORG,FBI,FBI,
65-HS1-834228961-62-HQ-83894-Section-5.pdf,70,DATE,3 Mar 50,3 Mar 50,
65-HS1-834228961-62-HQ-83894-Section-5.pdf,70,MARKING,CONFIDENTIAL,CONFIDENTIAL,
65-HS1-834228961-62-HQ-83894-Section-5.pdf,71,PERSON,Lt Col Nunamaker,Lt Col Nunamaker,
65-HS1-834228961-62-HQ-83894-Section-5.pdf,71,DATE,3 Mar 50,3 Mar 50,
65-HS1-834228961-62-HQ-83894-Section-5.pdf,71,MARKING,CONFIDENTIAL,CONFIDENTIAL,
65-HS1-834228961-62-HQ-83894-Section-5.pdf,72,PERSON,Lt Col Nunamaker Tennessee Military District,Lt Col Nunamaker Tennessee Military District,
65-HS1-834228961-62-HQ-83894-Section-5.pdf,72,DATE,2 Mar 50,2 Mar 50,
65-HS1-834228961-62-HQ-83894-Section-5.pdf,73,PERSON,Mr. Tolson,Mr. Tolson,
65-HS1-834228961-62-HQ-83894-Section-5.pdf,73,PERSON,Mr. Clegg,Mr. Clegg,
65-HS1-834228961-62-HQ-83894-Section-5.pdf,73,PERSON,Mr. Glavi,Mr. Glavi,
65-HS1-834228961-62-HQ-83894-Section-5.pdf,73,PERSON,Mr. Ladd,Mr. Ladd,
65-HS1-834228961-62-HQ-83894-Section-5.pdf,73,PERSON,Mr. Rosen,Mr. Rosen,
65-HS1-834228961-62-HQ-83894-Section-5.pdf,73,PERSON,Mr. Tracy,Mr. Tracy,
65-HS1-834228961-62-HQ-83894-Section-5.pdf,73,PERSON,Mr. Gurne,Mr. Gurne,
65-HS1-834228961-62-HQ-83894-Section-5.pdf,73,PERSON,Mr. Harbo,Mr. Harbo,
65-HS1-834228961-62-HQ-83894-Section-5.pdf,73,PERSON,Mr. Mohr,Mr. Mohr,
65-HS1-834228961-62-HQ-83894-Section-5.pdf,73,PERSON,Mr. Nease,Mr. Nease,
65-HS1-834228961-62-HQ-83894-Section-5.pdf,75,DATE,"March 28, 1950","March 28, 1950",
65-HS1-834228961-62-HQ-83894-Section-5.pdf,75,DATE,3/28/50,3/28/50,
65-HS1-834228961-62-HQ-83894-Section-5.pdf,77,ORG,FBI,FBI,
65-HS1-834228961-62-HQ-83894-Section-5.pdf,77,DATE,"March 31, 1950","March 31, 1950",
65-HS1-834228961-62-HQ-83894-Section-5.pdf,78,ORG,FBI,FBI,
65-HS1-834228961-62-HQ-83894-Section-5.pdf,80,PERSON,Mr. Robey,Mr. Robey,
65-HS1-834228961-62-HQ-83894-Section-5.pdf,80,PERSON,Mr. Adcock. At,Mr. Adcock. At,
65-HS1-834228961-62-HQ-83894-Section-5.pdf,80,ORG,SAC,SAC,
65-HS1-834228961-62-HQ-83894-Section-5.pdf,80,ORG,CIA,CIA,
65-HS1-834228961-62-HQ-83894-Section-5.pdf,82,PERSON,Mr. Gurnea,Mr. Gurnea,
65-HS1-834228961-62-HQ-83894-Section-5.pdf,82,ORG,SAC,SAC,
65-HS1-834228961-62-HQ-83894-Section-5.pdf,82,ORG,OSI,OSI,
65-HS1-834228961-62-HQ-83894-Section-5.pdf,82,ORG,CIA,CIA,
65-HS1-834228961-62-HQ-83894-Section-5.pdf,82,DATE,"March 6, 1950","March 6, 1950",
65-HS1-834228961-62-HQ-83894-Section-5.pdf,84,ORG,FBI,FBI,
65-HS1-834228961-62-HQ-83894-Section-5.pdf,84,ORG,ADC,ADC,
65-HS1-834228961-62-HQ-83894-Section-5.pdf,84,ORG,USAF,USAF,
65-HS1-834228961-62-HQ-83894-Section-5.pdf,84,ORG,OSI,OSI,
65-HS1-834228961-62-HQ-83894-Section-5.pdf,84,ORG,CIA,CIA,
65-HS1-834228961-62-HQ-83894-Section-5.pdf,86,ORG,ADC,ADC,
65-HS1-834228961-62-HQ-83894-Section-5.pdf,88,DATE,9 Mar 50,9 Mar 50,
65-HS1-834228961-62-HQ-83894-Section-5.pdf,88,MARKING,CONFIDENTIAL,CONFIDENTIAL,
65-HS1-834228961-62-HQ-83894-Section-5.pdf,89,ORG,FBI,FBI,
65-HS1-834228961-62-HQ-83894-Section-5.pdf,91,ORG,ADC,ADC,
65-HS1-834228961-62-HQ-83894-Section-5.pdf,92,ORG,ADC,ADC,
65-HS1-834228961-62-HQ-83894-Section-5.pdf,92,DATE,"Mardh 3, 1950","Mardh 3, 1950",
65-HS1-834228961-62-HQ-83894-Section-5.pdf,93,PERSON,Mr. FRANr,Mr. FRANr,
65-HS1-834228961-62-HQ-83894-Section-5.pdf,93,ORG,ADC,ADC,
65-HS1-834228961-62-HQ-83894-Section-5.pdf,93,ORG,OSI,OSI,
65-HS1-834228961-62-HQ-83894-Section-5.pdf,93,ORG,FBI,FBI,
65-HS1-834228961-62-HQ-83894-Section-5.pdf,94,ORG,ADC,ADC,
65-HS1-834228961-62-HQ-83894-Section-5.pdf,94,ORG,FBI,FBI,
65-HS1-834228961-62-HQ-83894-Section-5.pdf,95,PERSON,Mr Fores,Mr Fores,
65-HS1-834228961-62-HQ-83894-Section-5.pdf,95,ORG,ADC,ADC,
65-HS1-834228961-62-HQ-83894-Section-5.pdf,96,PERSON,Mr. BalARD WOOM,Mr. BalARD WOOM,
65-HS1-834228961-62-HQ-83894-Section-5.pdf,96,PERSON,Mr Force,Mr Force,
65-HS1-834228961-62-HQ-83894-Section-5.pdf,102,MARKING,Restricted,RESTRICTED,MARKING
65-HS1-834228961-62-HQ-83894-Section-5.pdf,103,ORG,FBI,FBI,
65-HS1-834228961-62-HQ-83894-Section-5.pdf,103,ORG,SAC,SAC,
65-HS1-834228961-62-HQ-83894-Section-5.pdf,103,ORG,CIA,CIA,
65-HS1-834228961-62-HQ-83894-Section-5.pdf,103,DATE,"April 11, 1950","April 11, 1950",
65-HS1-834228961-62-HQ-83894-Section-5.pdf,103,DATE,"April 7, 1950","April 7, 1950",
65-HS1-834228961-62-HQ-83894-Section-5.pdf,103,DATE,"March 19, 1950","March 19, 1950",
65-HS1-834228961-62-HQ-83894-Section-5.pdf,109,DATE,"April 4, 1950","April 4, 1950",
65-HS1-834228961-62-HQ-83894-Section-5.pdf,111,PERSON,Mr. V. P. Keay,Mr. V. P. Keay,
65-HS1-834228961-62-HQ-83894-Section-5.pdf,111,DATE,"April 8, 1950","April 8, 1950",
65-HS1-834228961-62-HQ-83894-Section-5.pdf,113,PERSON,Mr. Cleqq Mr. Gara Ur,Mr. Cleqq Mr. Gara Ur,
65-HS1-834228961-62-HQ-83894-Section-5.pdf,113,PERSON,Mr. Roun APR,Mr. Roun APR,
65-HS1-834228961-62-HQ-83894-Section-5.pdf,113,ORG,FBI,FBI,
65-HS1-834228961-62-HQ-83894-Section-5.pdf,115,PERSON,Mr. Nl,Mr. Nl,
65-HS1-834228961-62-HQ-83894-Section-5.pdf,115,ORG,FBI,FBI,
65-HS1-834228961-62-HQ-83894-Section-5.pdf,117,ORG,FBI,FBI,
65-HS1-834228961-62-HQ-83894-Section-5.pdf,117,DATE,"April 11, 1950","April 11, 1950",
65-HS1-834228961-62-HQ-83894-Section-5.pdf,117,DATE,"April 4, 1950","April 4, 1950",
65-HS1-834228961-62-HQ-83894-Section-5.pdf,119,PERSON,Mr. RHODES,Mr. RHODES,
65-HS1-834228961-62-HQ-83894-Section-5.pdf,119,ORG,FBI,FBI,
65-HS1-834228961-62-HQ-83894-Section-5.pdf,119,ORG,OSI,OSI,
65-HS1-834228961-62-HQ-83894-Section-5.pdf,119,DATE,4/18/50,4/18/50,
65-HS1-834228961-62-HQ-83894-Section-5.pdf,119,DATE,6/30/49,6/30/49,
65-HS1-834228961-62-HQ-83894-Section-5.pdf,119,DATE,4/17/50,4/17/50,
65-HS1-834228961-62-HQ-83894-Section-5.pdf,119,DATE,8/30/47,8/30/47,
65-HS1-834228961-62-HQ-83894-Section-5.pdf,132,DATE,"April 17, 1950","April 17, 1950",
65-HS1-834228961-62-HQ-83894-Section-5.pdf,145,ORG,FBI,FBI,
65-HS1-834228961-62-HQ-83894-Section-5.pdf,147,PERSON,Lt Sr.d,Lt Sr.d,
65-HS1-834228961-62-HQ-83894-Section-5.pdf,147,PERSON,Lt. SriJ.t.h,Lt SriJ.t.h,RANK
65-HS1-834228961-62-HQ-83894-Section-5.pdf,147,PERSON,Lt C,Lt C,
65-HS1-834228961-62-HQ-83894-Section-5.pdf,149,DATE,"May 31, 1950","May 31, 1950",
65-HS1-834228961-62-HQ-83894-Section-5.pdf,149,DATE,"May 24, 1950","May 24, 1950",
65-HS1-834228961-62-HQ-83894-Section-5.pdf,157,ORG,USAF,USAF,
65-HS1-834228961-62-HQ-83894-Section-5.pdf,160,PERSON,Mr. Hoover,Mr. Hoover,
65-HS1-834228961-62-HQ-83894-Section-5.pdf,163,PERSON,Mr. WARD,Mr. WARD,
65-HS1-834228961-62-HQ-83894-Section-5.pdf,163,PERSON,Mr. R. E. MCCARTHY,Mr. R. E. MCCARTHY,
65-HS1-834228961-62-HQ-83894-Section-5.pdf,163,PERSON,Mr. WARD. Mr,Mr. WARD. Mr,
65-HS1-834228961-62-HQ-83894-Section-5.pdf,163,PERSON,Mr. R. A. CHRISTIANSEN,Mr. R. A. CHRISTIANSEN,
65-HS1-834228961-62-HQ-83894-Section-5.pdf,163,PERSON,Mr. CHRISTIANSEN,Mr. CHRISTIANSEN,
65-HS1-834228961-62-HQ-83894-Section-5.pdf,163,PERSON,Mr. WAPJ,Mr. WAPJ,
65-HS1-834228961-62-HQ-83894-Section-5.pdf,163,ORG,FBI,FBI,
65-HS1-834228961-62-HQ-83894-Section-5.pdf,163,ORG,SAC,SAC,
65-HS1-834228961-62-HQ-83894-Section-5.pdf,163,DATE,"June 15, 1950","June 15, 1950",
65-HS1-834228961-62-HQ-83894-Section-5.pdf,164,ORG,FBI,FBI,
65-HS1-834228961-62-HQ-83894-Section-5.pdf,164,ORG,SAC,SAC,
65-HS1-834228961-62-HQ-83894-Section-5.pdf,164,DATE,7/19/50,7/19/50,
65-HS1-834228961-62-HQ-83894-Section-5.pdf,164,DATE,"May 25, 1950","May 25, 1950",
65-HS1-834228961-62-HQ-83894-Section-5.pdf,165,ORG,CIA,CIA,
65-HS1-834228961-62-HQ-83894-Section-5.pdf,165,ORG,USAF,USAF,
65-HS1-834228961-62-HQ-83894-Section-5.pdf,166,ORG,FBI,FBI,
65-HS1-834228961-62-HQ-83894-Section-5.pdf,166,ORG,SAC,SAC,
65-HS1-834228961-62-HQ-83894-Section-5.pdf,166,DATE,"June 29, 1950","June 29, 1950",
65-HS1-834228961-62-HQ-83894-Section-5.pdf,166,DATE,"June 25, 1950","June 25, 1950",
65-HS1-834228961-62-HQ-83894-Section-5.pdf,168,ORG,SAC,SAC,
65-HS1-834228961-62-HQ-83894-Section-5.pdf,168,ORG,FBI,FBI,
65-HS1-834228961-62-HQ-83894-Section-5.pdf,168,ORG,OSI,OSI,
65-HS1-834228961-62-HQ-83894-Section-5.pdf,169,PERSON,Mr. TAG,Mr. TAG,
65-HS1-834228961-62-HQ-83894-Section-5.pdf,169,PERSON,Mr. STENSI,Mr. STENSI,
65-HS1-834228961-62-HQ-83894-Section-5.pdf,169,ORG,FBI,FBI,
65-HS1-834228961-62-HQ-83894-Section-5.pdf,169,ORG,SAC,SAC,
65-HS1-834228961-62-HQ-83894-Section-5.pdf,169,DATE,"July 11, 1950","July 11, 1950",
65-HS1-834228961-62-HQ-83894-Section-5.pdf,169,DATE,"July 4, 1950","July 4, 1950",
65-HS1-834228961-62-HQ-83894-Section-5.pdf,170,PERSON,Mr. Ladd Mt. Cl,Mr. Ladd Mt. Cl,
65-HS1-834228961-62-HQ-83894-Section-5.pdf,170,ORG,OSI,OSI,
65-HS1-834228961-62-HQ-83894-Section-5.pdf,174,ORG,FBI,FBI,
65-HS1-834228961-62-HQ-83894-Section-5.pdf,174,ORG,SAC,SAC,
65-HS1-834228961-62-HQ-83894-Section-5.pdf,174,DATE,"July 18, 1950","July 18, 1950",
65-HS1-834228961-62-HQ-83894-Section-5.pdf,174,DATE,"July 1, 1950","July 1, 1950",
65-HS1-834228961-62-HQ-83894-Section-5.pdf,175,ORG,SAC,SAC,
65-HS1-834228961-62-HQ-83894-Section-5.pdf,175,ORG,FBI,FBI,
65-HS1-834228961-62-HQ-83894-Section-5.pdf,175,ORG,OSI,OSI,
65-HS1-834228961-62-HQ-83894-Section-5.pdf,175,DATE,"July 28, 1950","July 28, 1950",
65-HS1-834228961-62-HQ-83894-Section-5.pdf,175,DATE,"July 18, 1950","July 18, 1950",
65-HS1-834228961-62-HQ-83894-Section-5.pdf,176,ORG,FBI,FBI,
65-HS1-834228961-62-HQ-83894-Section-5.pdf,178,PERSON,Mr. Moh,Mr. Moh,
65-HS1-834228961-62-HQ-83894-Section-5.pdf,178,ORG,FBI,FBI,
65-HS1-834228961-62-HQ-83894-Section-5.pdf,178,LOCATOR,Room --,Room --,
65-HS1-834228961-62-HQ-83894-Section-5.pdf,180,PERSON,Mr. Gla'ri,Mr. Gla'ri,
65-HS1-834228961-62-HQ-83894-Section-5.pdf,180,PERSON,Mr. Ha,Mr. Ha,
65-HS1-834228961-62-HQ-83894-Section-5.pdf,180,ORG,FBI,FBI,
65-HS1-834228961-62-HQ-83894-Section-5.pdf,180,ORG,OSI,OSI,
65-HS1-834228961-62-HQ-83894-Section-5.pdf,186,ORG,FBI,FBI,
65-HS1-834228961-62-HQ-83894-Section-5.pdf,186,DATE,"July 11, 1950","July 11, 1950",
65-HS1-834228961-62-HQ-83894-Section-5.pdf,186,DATE,"July 3, 1950","July 3, 1950",
65-HS1-834228961-62-HQ-83894-Section-5.pdf,187,ORG,FBI,FBI,
65-HS1-834228961-62-HQ-83894-Section-5.pdf,187,ORG,SAC,SAC,
65-HS1-834228961-62-HQ-83894-Section-5.pdf,187,DATE,8/2/50,8/2/50,
65-HS1-834228961-62-HQ-83894-Section-5.pdf,189,ORG,FBI,FBI,
65-HS1-834228961-62-HQ-83894-Section-5.pdf,189,DATE,"July 28, 1950","July 28, 1950",
65-HS1-834228961-62-HQ-83894-Section-5.pdf,189,DATE,"July 29, 1950","July 29, 1950",
65-HS1-834228961-62-HQ-83894-Section-5.pdf,191,DATE,"June 28, 1950","June 28, 1950",
65-HS1-834228961-62-HQ-83894-Section-5.pdf,192,ORG,FBI,FBI,
65-HS1-834228961-62-HQ-83894-Section-5.pdf,192,ORG,SAC,SAC,
65-HS1-834228961-62-HQ-83894-Section-5.pdf,192,DATE,"July 28, 1950","July 28, 1950",
65-HS1-834228961-62-HQ-83894-Section-5.pdf,192,DATE,"July 18, 1950","July 18, 1950",
65-HS1-834228961-62-HQ-83894-Section-5.pdf,192,DATE,"July 31, 1950","July 31, 1950",
65-HS1-834228961-62-HQ-83894-Section-5.pdf,194,PERSON,Mr. ROBERT R. PE'IRONE,Mr. ROBERT R. PE'IRONE,
65-HS1-834228961-62-HQ-83894-Section-5.pdf,194,ORG,FBI,FBI,
65-HS1-834228961-62-HQ-83894-Section-5.pdf,194,ORG,SAC,SAC,
65-HS1-834228961-62-HQ-83894-Section-5.pdf,194,DATE,"July 31, 1950","July 31, 1950",
65-HS1-834228961-62-HQ-83894-Section-5.pdf,194,DATE,"July 28, 1950","July 28, 1950",
65-HS1-834228961-62-HQ-83894-Section-5.pdf,194,DATE,"July 25, 1950","July 25, 1950",
65-HS1-834228961-62-HQ-83894-Section-5.pdf,194,MARKING,secret,SECRET,MARKING
65-HS1-834228961-62-HQ-83894-Section-5.pdf,196,PERSON,Mr. PETRONE,Mr. PETRONE,
65-HS1-834228961-62-HQ-83894-Section-5.pdf,196,ORG,FBI,FBI,
65-HS1-834228961-62-HQ-83894-Section-5.pdf,196,DATE,7/31/50,7/31/50,
65-HS1-834228961-62-HQ-83894-Section-5.pdf,196,MARKING,confidential,CONFIDENTIAL,MARKING
65-HS1-834228961-62-HQ-83894-Section-5.pdf,207,DATE,"August 29, 1950","August 29, 1950",
65-HS1-834228961-62-HQ-83894-Section-5.pdf,208,DATE,"August 29, 1950","August 29, 1950",
65-HS1-834228961-62-HQ-83894-Section-6.pdf,1,ORG,FBI,FBI,
65-HS1-834228961-62-HQ-83894-Section-6.pdf,2,PERSON,Dr. LaPa,Dr. LaPa,
65-HS1-834228961-62-HQ-83894-Section-6.pdf,2,ORG,OSI,OSI,
65-HS1-834228961-62-HQ-83894-Section-6.pdf,4,PERSON,Dr. LaPaz,Dr. LaPaz,
65-HS1-834228961-62-HQ-83894-Section-6.pdf,4,ORG,OSI,OSI,
65-HS1-834228961-62-HQ-83894-Section-6.pdf,4,DATE,"May 23, 1950","May 23, 1950",
65-HS1-834228961-62-HQ-83894-Section-6.pdf,4,DATE,"July 19, 1950","July 19, 1950",
65-HS1-834228961-62-HQ-83894-Section-6.pdf,4,DATE,"May 24, 1950","May 24, 1950",
65-HS1-834228961-62-HQ-83894-Section-6.pdf,5,DATE,"August 10, 1950","August 10, 1950",
65-HS1-834228961-62-HQ-83894-Section-6.pdf,6,DATE,"August 29, 1950","August 29, 1950",
65-HS1-834228961-62-HQ-83894-Section-6.pdf,8,ORG,SAC,SAC,
65-HS1-834228961-62-HQ-83894-Section-6.pdf,8,ORG,OSI,OSI,
65-HS1-834228961-62-HQ-83894-Section-6.pdf,10,PERSON,Hon. J. Edgar Hoover Director,Hon. J. Edgar Hoover Director,
65-HS1-834228961-62-HQ-83894-Section-6.pdf,10,ORG,USAF,USAF,
65-HS1-834228961-62-HQ-83894-Section-6.pdf,11,DATE,8 September 1950,8 September 1950,
65-HS1-834228961-62-HQ-83894-Section-6.pdf,12,ORG,USAF,USAF,
65-HS1-834228961-62-HQ-83894-Section-6.pdf,12,ORG,CIA,CIA,
65-HS1-834228961-62-HQ-83894-Section-6.pdf,13,PERSON,Dr. Anthony,Dr. Anthony,
65-HS1-834228961-62-HQ-83894-Section-6.pdf,13,ORG,OAR,OAR,
65-HS1-834228961-62-HQ-83894-Section-6.pdf,13,ORG,Project Twinkle,Project Twinkle,
65-HS1-834228961-62-HQ-83894-Section-6.pdf,13,ORG,OSI,OSI,
65-HS1-834228961-62-HQ-83894-Section-6.pdf,13,DATE,"October 9, 1950","October 9, 1950",
65-HS1-834228961-62-HQ-83894-Section-6.pdf,15,ORG,OSI,OSI,
65-HS1-834228961-62-HQ-83894-Section-6.pdf,15,DATE,"October 9, 1950","October 9, 1950",
65-HS1-834228961-62-HQ-83894-Section-6.pdf,17,ORG,OSI,OSI,
65-HS1-834228961-62-HQ-83894-Section-6.pdf,18,PERSON,Mr. LAUGHLIN,Mr. LAUGHLIN,
65-HS1-834228961-62-HQ-83894-Section-6.pdf,18,ORG,FBI,FBI,
65-HS1-834228961-62-HQ-83894-Section-6.pdf,18,ORG,SAC,SAC,
65-HS1-834228961-62-HQ-83894-Section-6.pdf,18,ORG,OSI,OSI,
65-HS1-834228961-62-HQ-83894-Section-6.pdf,18,DATE,"October 2, 1950","October 2, 1950",
65-HS1-834228961-62-HQ-83894-Section-6.pdf,22,PERSON,Mr. Ep,Mr. Ep,
65-HS1-834228961-62-HQ-83894-Section-6.pdf,22,ORG,SAC,SAC,
65-HS1-834228961-62-HQ-83894-Section-6.pdf,24,ORG,USAF,USAF,
65-HS1-834228961-62-HQ-83894-Section-6.pdf,25,PERSON,Lt Col Rees,Lt Col Rees,
65-HS1-834228961-62-HQ-83894-Section-6.pdf,25,ORG,USAF,USAF,
65-HS1-834228961-62-HQ-83894-Section-6.pdf,25,DATE,17 February 1949,17 February 1949,
65-HS1-834228961-62-HQ-83894-Section-6.pdf,25,DATE,14 October 1949,14 October 1949,
65-HS1-834228961-62-HQ-83894-Section-6.pdf,25,DATE,23 May 50,23 May 50,
65-HS1-834228961-62-HQ-83894-Section-6.pdf,26,ORG,USAF,USAF,
65-HS1-834228961-62-HQ-83894-Section-6.pdf,26,DATE,25 May 1950,25 May 1950,
65-HS1-834228961-62-HQ-83894-Section-6.pdf,33,PERSON,Dr. LaPaz,Dr. LaPaz,
65-HS1-834228961-62-HQ-83894-Section-6.pdf,33,DATE,25 Feb 1950,25 Feb 1950,
65-HS1-834228961-62-HQ-83894-Section-6.pdf,43,ORG,OSI,OSI,
65-HS1-834228961-62-HQ-83894-Section-6.pdf,47,ORG,OSI,OSI,
65-HS1-834228961-62-HQ-83894-Section-6.pdf,47,DATE,11 Jul 2110,11 Jul 2110,
65-HS1-834228961-62-HQ-83894-Section-6.pdf,48,ORG,OSI,OSI,
65-HS1-834228961-62-HQ-83894-Section-6.pdf,50,ORG,OSI,OSI,
65-HS1-834228961-62-HQ-83894-Section-6.pdf,51,ORG,OSI,OSI,
65-HS1-834228961-62-HQ-83894-Section-6.pdf,52,ORG,OSI,OSI,
65-HS1-834228961-62-HQ-83894-Section-6.pdf,55,ORG,OSI,OSI,
65-HS1-834228961-62-HQ-83894-Section-6.pdf,57,ORG,OSI,OSI,
65-HS1-834228961-62-HQ-83894-Section-6.pdf,58,ORG,OSI,OSI,
65-HS1-834228961-62-HQ-83894-Section-6.pdf,59,ORG,OSI,OSI,
65-HS1-834228961-62-HQ-83894-Section-6.pdf,60,ORG,OSI,OSI,
65-HS1-834228961-62-HQ-83894-Section-6.pdf,61,ORG,OSI,OSI,
65-HS1-834228961-62-HQ-83894-Section-6.pdf,66,ORG,OSI,OSI,
65-HS1-834228961-62-HQ-83894-Section-6.pdf,71,ORG,OSI,OSI,
65-HS1-834228961-62-HQ-83894-Section-6.pdf,72,PERSON,Mr. Nea,Mr. Nea,
65-HS1-834228961-62-HQ-83894-Section-6.pdf,72,ORG,SAC,SAC,
65-HS1-834228961-62-HQ-83894-Section-6.pdf,72,DATE,10/18/50,10/18/50,
65-HS1-834228961-62-HQ-83894-Section-6.pdf,74,PERSON,Mr. D. M. Brown,Mr. D. M. Brown,
65-HS1-834228961-62-HQ-83894-Section-6.pdf,74,PERSON,Mr. Connell,Mr. Connell,
65-HS1-834228961-62-HQ-83894-Section-6.pdf,74,PERSON,Mr. Foley,Mr. Foley,
65-HS1-834228961-62-HQ-83894-Section-6.pdf,74,PERSON,Mrs. Schwab,Mrs. Schwab,
65-HS1-834228961-62-HQ-83894-Section-6.pdf,74,PERSON,Mr. Lawrence Identification Division-h,Mr. Lawrence Identification Division-h,
65-HS1-834228961-62-HQ-83894-Section-6.pdf,74,LOCATOR,Room 5533,Room 5533,
65-HS1-834228961-62-HQ-83894-Section-6.pdf,74,LOCATOR,Room 5531,Room 5531,
65-HS1-834228961-62-HQ-83894-Section-6.pdf,79,ORG,SAC,SAC,
65-HS1-834228961-62-HQ-83894-Section-6.pdf,79,DATE,"October 17, 1950","October 17, 1950",
65-HS1-834228961-62-HQ-83894-Section-6.pdf,81,ORG,OSI,OSI,
65-HS1-834228961-62-HQ-83894-Section-6.pdf,86,MARKING,confidential,CONFIDENTIAL,MARKING
65-HS1-834228961-62-HQ-83894-Section-6.pdf,87,PERSON,Mr. AARON L. HITCP..ENS,Mr. AARON L. HITCP..ENS,
65-HS1-834228961-62-HQ-83894-Section-6.pdf,87,PERSON,Mr. HITCHENS,Mr. HITCHENS,
65-HS1-834228961-62-HQ-83894-Section-6.pdf,87,ORG,FBI,FBI,
65-HS1-834228961-62-HQ-83894-Section-6.pdf,87,ORG,SAC,SAC,
65-HS1-834228961-62-HQ-83894-Section-6.pdf,87,DATE,"March 25, 1949","March 25, 1949",
65-HS1-834228961-62-HQ-83894-Section-6.pdf,87,DATE,"October 20, 1950","October 20, 1950",
65-HS1-834228961-62-HQ-83894-Section-6.pdf,89,PERSON,Mr. HITCHENS,Mr. HITCHENS,
65-HS1-834228961-62-HQ-83894-Section-6.pdf,90,PERSON,Mr. AARON L. HITCHENS,Mr. AARON L. HITCHENS,
65-HS1-834228961-62-HQ-83894-Section-6.pdf,90,PERSON,Mr. HITCHENS,Mr. HITCHENS,
65-HS1-834228961-62-HQ-83894-Section-6.pdf,90,ORG,SAC,SAC,
65-HS1-834228961-62-HQ-83894-Section-6.pdf,90,DATE,"March 25, 1949","March 25, 1949",
65-HS1-834228961-62-HQ-83894-Section-6.pdf,90,DATE,"October 20, 1950","October 20, 1950",
65-HS1-834228961-62-HQ-83894-Section-6.pdf,91,PERSON,Mr. HITCHENS,Mr. HITCHENS,
65-HS1-834228961-62-HQ-83894-Section-6.pdf,92,ORG,SAC,SAC,
65-HS1-834228961-62-HQ-83894-Section-6.pdf,92,ORG,FBI,FBI,
65-HS1-834228961-62-HQ-83894-Section-6.pdf,92,ORG,USAF,USAF,
65-HS1-834228961-62-HQ-83894-Section-6.pdf,93,ORG,FBI,FBI,
65-HS1-834228961-62-HQ-83894-Section-6.pdf,93,ORG,SAC,SAC,
65-HS1-834228961-62-HQ-83894-Section-6.pdf,94,PERSON,Mr. TrC'ey,Mr. TrC'ey,
65-HS1-834228961-62-HQ-83894-Section-6.pdf,94,ORG,FBI,FBI,
65-HS1-834228961-62-HQ-83894-Section-6.pdf,94,MARKING,CONFIDENTIAL,CONFIDENTIAL,
65-HS1-834228961-62-HQ-83894-Section-6.pdf,96,ORG,SAC,SAC,
65-HS1-834228961-62-HQ-83894-Section-6.pdf,97,DATE,15 Dec 50,15 Dec 50,
65-HS1-834228961-62-HQ-83894-Section-6.pdf,97,MARKING,CONFIDENTIAL,CONFIDENTIAL,
65-HS1-834228961-62-HQ-83894-Section-6.pdf,100,ORG,SAC,SAC,
65-HS1-834228961-62-HQ-83894-Section-6.pdf,101,PERSON,Dr. A. J. MUler,Dr. A. J. MUler,
65-HS1-834228961-62-HQ-83894-Section-6.pdf,101,PERSON,Mr. A,Mr. A,
65-HS1-834228961-62-HQ-83894-Section-6.pdf,101,PERSON,Mr. F. T. BlJr,Mr. F. T. BlJr,
65-HS1-834228961-62-HQ-83894-Section-6.pdf,101,PERSON,Lt. Col. John R. Hood,Lt Col John R. Hood,RANK
65-HS1-834228961-62-HQ-83894-Section-6.pdf,101,PERSON,Maj. Walter L. Cara,Maj Walter L. Cara,RANK
65-HS1-834228961-62-HQ-83894-Section-6.pdf,101,ORG,IDA,IDA,
65-HS1-834228961-62-HQ-83894-Section-6.pdf,101,DATE,15 November 1950,15 November 1950,
65-HS1-834228961-62-HQ-83894-Section-6.pdf,103,PERSON,Lt. Col.. Jobn R,Lt Col.. Jobn R,RANK
65-HS1-834228961-62-HQ-83894-Section-6.pdf,103,PERSON,Cdr. E. W. Hribar,Cmdr E. W. Hribar,RANK
65-HS1-834228961-62-HQ-83894-Section-6.pdf,103,PERSON,Mr. Jamee R. Grq Mr,Mr. Jamee R. Grq Mr,
65-HS1-834228961-62-HQ-83894-Section-6.pdf,103,PERSON,Mr. Grq,Mr. Grq,
65-HS1-834228961-62-HQ-83894-Section-6.pdf,103,PERSON,Col. Hood,Col Hood,RANK
65-HS1-834228961-62-HQ-83894-Section-6.pdf,103,PERSON,Mr. Fre,Mr. Fre,
65-HS1-834228961-62-HQ-83894-Section-6.pdf,103,PERSON,Col. Hood's,Col Hood's,RANK
65-HS1-834228961-62-HQ-83894-Section-6.pdf,103,PERSON,Mr. Gray,Mr. Gray,
65-HS1-834228961-62-HQ-83894-Section-6.pdf,103,PERSON,Lt. Col. USAF,Lt Col USAF,RANK
65-HS1-834228961-62-HQ-83894-Section-6.pdf,103,ORG,USAF,USAF,
65-HS1-834228961-62-HQ-83894-Section-6.pdf,104,PERSON,Mr. William G,Mr. William G,
65-HS1-834228961-62-HQ-83894-Section-6.pdf,104,PERSON,Dr. A. J. Miller Dr,Dr. A. J. Miller Dr,
65-HS1-834228961-62-HQ-83894-Section-6.pdf,104,PERSON,Mr. J,Mr. J,
65-HS1-834228961-62-HQ-83894-Section-6.pdf,104,PERSON,Mr. F. T. Bly,Mr. F. T. Bly,
65-HS1-834228961-62-HQ-83894-Section-6.pdf,104,PERSON,Dr. Calkins,Dr. Calkins,
65-HS1-834228961-62-HQ-83894-Section-6.pdf,104,DATE,"December 19, 1950","December 19, 1950",
65-HS1-834228961-62-HQ-83894-Section-6.pdf,104,DATE,"December 18, 1950","December 18, 1950",
65-HS1-834228961-62-HQ-83894-Section-6.pdf,105,PERSON,Mr. William G. Fre,Mr. William G. Fre,
65-HS1-834228961-62-HQ-83894-Section-6.pdf,105,ORG,SAC,SAC,
65-HS1-834228961-62-HQ-83894-Section-6.pdf,105,DATE,"December 18, 1950","December 18, 1950",
65-HS1-834228961-62-HQ-83894-Section-6.pdf,106,DATE,20 Januarr 1951,20 Januarr 1951,
65-HS1-834228961-62-HQ-83894-Section-6.pdf,106,DATE,20 December 19,20 December 19,
65-HS1-834228961-62-HQ-83894-Section-6.pdf,109,DATE,16 January 1951,16 January 1951,
65-HS1-834228961-62-HQ-83894-Section-6.pdf,111,DATE,"February 26, 1951","February 26, 1951",
65-HS1-834228961-62-HQ-83894-Section-6.pdf,114,PERSON,Dr. Liddel,Dr. Liddel,
65-HS1-834228961-62-HQ-83894-Section-6.pdf,114,PERSON,Dr. Liddel's,Dr. Liddel's,
65-HS1-834228961-62-HQ-83894-Section-6.pdf,114,PERSON,Dr. Urner Liddel,Dr. Urner Liddel,
65-HS1-834228961-62-HQ-83894-Section-6.pdf,114,ORG,FBI,FBI,
65-HS1-834228961-62-HQ-83894-Section-6.pdf,114,ORG,ONR,ONR,
65-HS1-834228961-62-HQ-83894-Section-6.pdf,114,MARKING,secret,SECRET,MARKING
65-HS1-834228961-62-HQ-83894-Section-6.pdf,115,PERSON,Dr. Liddel,Dr. Liddel,
65-HS1-834228961-62-HQ-83894-Section-6.pdf,115,PERSON,Dr. Liddel. His,Dr. Liddel. His,
65-HS1-834228961-62-HQ-83894-Section-6.pdf,115,PERSON,Dr. Lid,Dr. Lid,
65-HS1-834228961-62-HQ-83894-Section-6.pdf,115,PERSON,Capt. Thomas F. Mantell,Capt Thomas F. Mantell,RANK
65-HS1-834228961-62-HQ-83894-Section-6.pdf,115,PERSON,Dr. Lidd,Dr. Lidd,
65-HS1-834228961-62-HQ-83894-Section-6.pdf,116,PERSON,Dr. Liddel's,Dr. Liddel's,
65-HS1-834228961-62-HQ-83894-Section-6.pdf,116,PERSON,Dr. Robert A. Milli,Dr. Robert A. Milli,
65-HS1-834228961-62-HQ-83894-Section-6.pdf,116,ORG,ONR,ONR,
65-HS1-834228961-62-HQ-83894-Section-6.pdf,117,DATE,12 Feb 51,12 Feb 51,
65-HS1-834228961-62-HQ-83894-Section-6.pdf,117,MARKING,CONFIDENTIAL,CONFIDENTIAL,
65-HS1-834228961-62-HQ-83894-Section-6.pdf,118,PERSON,Lt AoL,Lt AoL,
65-HS1-834228961-62-HQ-83894-Section-6.pdf,118,PERSON,Lt N.OoPo Koger,Lt N.OoPo Koger,
65-HS1-834228961-62-HQ-83894-Section-6.pdf,119,DATE,"February 14, 1951","February 14, 1951",
65-HS1-834228961-62-HQ-83894-Section-6.pdf,129,ORG,FBI (62-83894),FBI (62-83894),
65-HS1-834228961-62-HQ-83894-Section-6.pdf,129,ORG,SAC,SAC,
65-HS1-834228961-62-HQ-83894-Section-6.pdf,129,DATE,"March 21, 1952","March 21, 1952",
65-HS1-834228961-62-HQ-83894-Section-6.pdf,129,DATE,"March 11, 1952","March 11, 1952",
65-HS1-834228961-62-HQ-83894-Section-6.pdf,130,DATE,10 September 1951,10 September 1951,
65-HS1-834228961-62-HQ-83894-Section-6.pdf,130,DATE,11 September 1951,11 September 1951,
65-HS1-834228961-62-HQ-83894-Section-6.pdf,131,PERSON,Lt. Commander MELVIN MICHAEL KUHN,Lt Commander MELVIN MICHAEL KUHN,RANK
65-HS1-834228961-62-HQ-83894-Section-6.pdf,131,PERSON,Mr. KUHN,Mr. KUHN,
65-HS1-834228961-62-HQ-83894-Section-6.pdf,131,PERSON,Lt. KUHN,Lt KUHN,RANK
65-HS1-834228961-62-HQ-83894-Section-6.pdf,131,ORG,FBI,FBI,
65-HS1-834228961-62-HQ-83894-Section-6.pdf,133,DATE,"April 17, 1952","April 17, 1952",
65-HS1-834228961-62-HQ-83894-Section-6.pdf,133,DATE,"April 7, 1952","April 7, 1952",
65-HS1-834228961-62-HQ-83894-Section-6.pdf,137,PERSON,Mr. J. Edgar Hoover,Mr. J. Edgar Hoover,
65-HS1-834228961-62-HQ-83894-Section-6.pdf,137,PERSON,Mr. Hoover,Mr. Hoover,
65-HS1-834228961-62-HQ-83894-Section-6.pdf,137,DATE,"May 7, 1952","May 7, 1952",
65-HS1-834228961-62-HQ-83894-Section-6.pdf,140,ORG,FBI,FBI,
65-HS1-834228961-62-HQ-83894-Section-6.pdf,142,ORG,FBI,FBI,
65-HS1-834228961-62-HQ-83894-Section-6.pdf,144,ORG,FBI,FBI,
65-HS1-834228961-62-HQ-83894-Section-6.pdf,146,ORG,FBI,FBI,
65-HS1-834228961-62-HQ-83894-Section-6.pdf,150,ORG,FBI,FBI,
65-HS1-834228961-62-HQ-83894-Section-6.pdf,152,PERSON,Mr. Donald Stewart,Mr. Donald Stewart,
65-HS1-834228961-62-HQ-83894-Section-6.pdf,152,DATE,29 Mar 52,29 Mar 52,
65-HS1-834228961-62-HQ-83894-Section-6.pdf,152,DATE,"May 12, 1952","May 12, 1952",
65-HS1-834228961-62-HQ-83894-Section-6.pdf,152,DATE,12 May 52,12 May 52,
65-HS1-834228961-62-HQ-83894-Section-6.pdf,153,ORG,OSI,OSI,
65-HS1-834228961-62-HQ-83894-Section-6.pdf,153,ORG,USAF,USAF,
65-HS1-834228961-62-HQ-83894-Section-6.pdf,153,DATE,29 March 1952,29 March 1952,
65-HS1-834228961-62-HQ-83894-Section-6.pdf,154,ORG,FBI,FBI,
65-HS1-834228961-62-HQ-83894-Section-6.pdf,155,PERSON,Lt. Co,Lt Co,RANK
65-HS1-834228961-62-HQ-83894-Section-6.pdf,155,PERSON,Col. TAYLOR,Col TAYLOR,RANK
65-HS1-834228961-62-HQ-83894-Section-6.pdf,155,PERSON,Lt. Col,Lt Col,RANK
65-HS1-834228961-62-HQ-83894-Section-6.pdf,155,ORG,OSI,OSI,
65-HS1-834228961-62-HQ-83894-Section-6.pdf,155,ORG,Project Blue Book,Project Blue Book,
65-HS1-834228961-62-HQ-83894-Section-6.pdf,155,DATE,19 April 1952,19 April 1952,
65-HS1-834228961-62-HQ-83894-Section-6.pdf,157,ORG,FBI,FBI,
65-HS1-834228961-62-HQ-83894-Section-6.pdf,158,PERSON,Mr. STEWART,Mr. STEWART,
65-HS1-834228961-62-HQ-83894-Section-6.pdf,159,DATE,10 May 1952,10 May 1952,
65-HS1-834228961-62-HQ-83894-Section-6.pdf,160,DATE,19 April 1952,19 April 1952,
65-HS1-834228961-62-HQ-83894-Section-6.pdf,170,ORG,OSI,OSI,
65-HS1-834228961-62-HQ-83894-Section-6.pdf,170,ORG,SAC,SAC,
65-HS1-834228961-62-HQ-83894-Section-6.pdf,170,ORG,FBI,FBI,
65-HS1-834228961-62-HQ-83894-Section-6.pdf,170,DATE,"August 29, 1947","August 29, 1947",
65-HS1-834228961-62-HQ-83894-Section-6.pdf,170,DATE,"July 7, 1947","July 7, 1947",
65-HS1-834228961-62-HQ-83894-Section-6.pdf,170,DATE,"September 4, 1947","September 4, 1947",
65-HS1-834228961-62-HQ-83894-Section-6.pdf,170,DATE,"August 30, 1947","August 30, 1947",
65-HS1-834228961-62-HQ-83894-Section-6.pdf,172,PERSON,Mr. Fre,Mr. Fre,
65-HS1-834228961-62-HQ-83894-Section-6.pdf,172,PERSON,Mr. Rhodes,Mr. Rhodes,
65-HS1-834228961-62-HQ-83894-Section-6.pdf,172,ORG,OSI,OSI,
65-HS1-834228961-62-HQ-83894-Section-6.pdf,172,ORG,FBI,FBI,
65-HS1-834228961-62-HQ-83894-Section-6.pdf,172,DATE,"April 17, 1950","April 17, 1950",
65-HS1-834228961-62-HQ-83894-Section-6.pdf,172,DATE,"June 8, 1949","June 8, 1949",
65-HS1-834228961-62-HQ-83894-Section-6.pdf,172,DATE,"June 4, 1952","June 4, 1952",
65-HS1-834228961-62-HQ-83894-Section-6.pdf,173,ORG,FBI,FBI,
65-HS1-834228961-62-HQ-83894-Section-6.pdf,173,ORG,OSI,OSI,
65-HS1-834228961-62-HQ-83894-Section-6.pdf,174,ORG,OSI,OSI,
65-HS1-834228961-62-HQ-83894-Section-6.pdf,174,DATE,"June 17, 1952","June 17, 1952",
65-HS1-834228961-62-HQ-83894-Section-6.pdf,174,DATE,"June 10, 1952","June 10, 1952",
65-HS1-834228961-62-HQ-83894-Section-6.pdf,177,DATE,"July 6, 1952","July 6, 1952",
65-HS1-834228961-62-HQ-83894-Section-6.pdf,178,PERSON,Mrs Long,Mrs Long,
65-HS1-834228961-62-HQ-83894-Section-6.pdf,178,DATE,"July 6, 1952","July 6, 1952",
65-HS1-834228961-62-HQ-83894-Section-6.pdf,178,MARKING,secret,SECRET,MARKING
65-HS1-834228961-62-HQ-83894-Section-6.pdf,179,PERSON,Mr. CaJhlihan,Mr. CaJhlihan,
65-HS1-834228961-62-HQ-83894-Section-6.pdf,179,ORG,CIA,CIA,
65-HS1-834228961-62-HQ-83894-Section-6.pdf,179,DATE,"July 6, 1052","July 6, 1052",
65-HS1-834228961-62-HQ-83894-Section-6.pdf,180,ORG,FBI,FBI,
65-HS1-834228961-62-HQ-83894-Section-6.pdf,180,DATE,"August 29, 1947","August 29, 1947",
65-HS1-834228961-62-HQ-83894-Section-6.pdf,180,DATE,"September 4, 1947","September 4, 1947",
65-HS1-834228961-62-HQ-83894-Section-6.pdf,182,PERSON,Mr. Lyrrn C. Aldrich,Mr. Lyrrn C. Aldrich,
65-HS1-834228961-62-HQ-83894-Section-6.pdf,182,ORG,FBI,FBI,
65-HS1-834228961-62-HQ-83894-Section-6.pdf,182,ORG,OSI,OSI,
65-HS1-834228961-62-HQ-83894-Section-6.pdf,182,DATE,"April 17, 1950","April 17, 1950",
65-HS1-834228961-62-HQ-83894-Section-6.pdf,182,DATE,"August 30, 1947","August 30, 1947",
65-HS1-834228961-62-HQ-83894-Section-6.pdf,184,PERSON,Mr. Tolson L. B. JHohols,Mr. Tolson L. B. JHohols,
65-HS1-834228961-62-HQ-83894-Section-6.pdf,184,PERSON,Dr. W. A. Rhodes,Dr. W. A. Rhodes,
65-HS1-834228961-62-HQ-83894-Section-6.pdf,184,PERSON,Dr. Rhodea,Dr. Rhodea,
65-HS1-834228961-62-HQ-83894-Section-6.pdf,184,PERSON,Dr. Rhodes,Dr. Rhodes,
65-HS1-834228961-62-HQ-83894-Section-6.pdf,184,ORG,FBI,FBI,
65-HS1-834228961-62-HQ-83894-Section-6.pdf,184,ORG,SAC,SAC,
65-HS1-834228961-62-HQ-83894-Section-6.pdf,184,DATE,"July 7, 1947","July 7, 1947",
65-HS1-834228961-62-HQ-83894-Section-6.pdf,185,PERSON,Mr. Tolson On,Mr. Tolson On,
65-HS1-834228961-62-HQ-83894-Section-6.pdf,185,PERSON,Mr. Fugat,Mr. Fugat,
65-HS1-834228961-62-HQ-83894-Section-6.pdf,185,PERSON,Mr. Rhodes,Mr. Rhodes,
65-HS1-834228961-62-HQ-83894-Section-6.pdf,185,PERSON,Mr. Lynn C. Aldrich,Mr. Lynn C. Aldrich,
65-HS1-834228961-62-HQ-83894-Section-6.pdf,185,ORG,FBI,FBI,
65-HS1-834228961-62-HQ-83894-Section-6.pdf,185,ORG,OSI,OSI,
65-HS1-834228961-62-HQ-83894-Section-6.pdf,185,DATE,"August 30, 1947","August 30, 1947",
65-HS1-834228961-62-HQ-83894-Section-6.pdf,185,DATE,"April 17, 1950","April 17, 1950",
65-HS1-834228961-62-HQ-83894-Section-6.pdf,185,DATE,"June 8, 1949","June 8, 1949",
65-HS1-834228961-62-HQ-83894-Section-6.pdf,186,ORG,FBI,FBI,
65-HS1-834228961-62-HQ-83894-Section-6.pdf,186,DATE,"July 15, 1952","July 15, 1952",
65-HS1-834228961-62-HQ-83894-Section-6.pdf,186,DATE,"July 8, 1952","July 8, 1952",
65-HS1-834228961-62-HQ-83894-Section-6.pdf,188,PERSON,Mr. Tolson,Mr. Tolson,
65-HS1-834228961-62-HQ-83894-Section-6.pdf,188,PERSON,Mr. NHl,Mr. NHl,
65-HS1-834228961-62-HQ-83894-Section-6.pdf,188,PERSON,Mr. Clegg,Mr. Clegg,
65-HS1-834228961-62-HQ-83894-Section-6.pdf,188,PERSON,Mr. Harbo Mr,Mr. Harbo Mr,
65-HS1-834228961-62-HQ-83894-Section-6.pdf,188,PERSON,Mr. Laughlin,Mr. Laughlin,
65-HS1-834228961-62-HQ-83894-Section-6.pdf,188,PERSON,Mr. Mohr,Mr. Mohr,
65-HS1-834228961-62-HQ-83894-Section-6.pdf,188,PERSON,Mr. Holloman,Mr. Holloman,
65-HS1-834228961-62-HQ-83894-Section-6.pdf,188,PERSON,Mr. Hoovers Perhaps,Mr. Hoovers Perhaps,
65-HS1-834228961-62-HQ-83894-Section-6.pdf,188,DATE,"July 8, 1952","July 8, 1952",
65-HS1-834228961-62-HQ-83894-Section-6.pdf,190,ORG,FBI,FBI,
65-HS1-834228961-62-HQ-83894-Section-6.pdf,190,ORG,SAC,SAC,
65-HS1-834228961-62-HQ-83894-Section-6.pdf,190,ORG,OSI,OSI,
65-HS1-834228961-62-HQ-83894-Section-6.pdf,190,DATE,"July 29, 1952","July 29, 1952",
65-HS1-834228961-62-HQ-83894-Section-6.pdf,190,DATE,"July 28, 1952","July 28, 1952",
65-HS1-834228961-62-HQ-83894-Section-6.pdf,192,ORG,FBI,FBI,
65-HS1-834228961-62-HQ-83894-Section-6.pdf,192,ORG,SAC,SAC,
65-HS1-834228961-62-HQ-83894-Section-6.pdf,192,DATE,"July 30, 1952","July 30, 1952",
65-HS1-834228961-62-HQ-83894-Section-6.pdf,192,DATE,"July 27, 1952","July 27, 1952",
65-HS1-834228961-62-HQ-83894-Section-6.pdf,193,PERSON,Mr. Glenn H. Be-thel,Mr. Glenn H. Be-thel,
65-HS1-834228961-62-HQ-83894-Section-6.pdf,193,PERSON,Dr. Mcindoo,Dr. Mcindoo,
65-HS1-834228961-62-HQ-83894-Section-6.pdf,195,PERSON,Dr. Jloindoo,Dr. Jloindoo,
65-HS1-834228961-62-HQ-83894-Section-6.pdf,196,DATE,"July 29, 1952","July 29, 1952",
65-HS1-834228961-62-HQ-83894-Section-6.pdf,204,ORG,OSI,OSI,
65-HS1-834228961-62-HQ-83894-Section-6.pdf,211,MARKING,secret,SECRET,MARKING
65-HS1-834228961-62-HQ-83894-Section-6.pdf,212,DATE,"July 31, 1952","July 31, 1952",
65-HS1-834228961-62-HQ-83894-Section-6.pdf,213,DATE,"July 31, 1952","July 31, 1952",
65-HS1-834228961-62-HQ-83894-Section-6.pdf,215,MARKING,Restricted,RESTRICTED,MARKING
65-HS1-834228961-62-HQ-83894-Section-6.pdf,221,DATE,"August 1, 1952","August 1, 1952",
65-HS1-834228961-62-HQ-83894-Section-6.pdf,223,ORG,FBI,FBI,
65-HS1-834228961-62-HQ-83894-Section-6.pdf,223,ORG,SAC,SAC,
65-HS1-834228961-62-HQ-83894-Section-6.pdf,231,DATE,"Auguat 4, 1952","Auguat 4, 1952",
65-HS1-834228961-62-HQ-83894-Section-6.pdf,239,PERSON,Mr. Jennings,Mr. Jennings,
65-HS1-834228961-62-HQ-83894-Section-6.pdf,239,DATE,"August 13, 1952","August 13, 1952",
65-HS1-834228961-62-HQ-83894-Section-6.pdf,245,MARKING,Restricted,RESTRICTED,MARKING
65-HS1-834228961-62-HQ-83894-Section-6.pdf,246,ORG,SAC,SAC,
65-HS1-834228961-62-HQ-83894-Section-6.pdf,246,ORG,OSI,OSI,
65-HS1-834228961-62-HQ-83894-Section-6.pdf,246,DATE,8/7/52,8/7/52,
65-HS1-834228961-62-HQ-83894-Section-6.pdf,246,DATE,"August 5, 1952","August 5, 1952",
65-HS1-834228961-62-HQ-83894-Section-6.pdf,247,ORG,SAC,SAC,
65-HS1-834228961-62-HQ-83894-Section-6.pdf,247,ORG,FBI,FBI,
65-HS1-834228961-62-HQ-83894-Section-6.pdf,247,ORG,OSI,OSI,
65-HS1-834228961-62-HQ-83894-Section-6.pdf,249,DATE,"August 5, 1952","August 5, 1952",
65-HS1-834228961-62-HQ-83894-Section-6.pdf,249,DATE,"Julv 30, 1952","Julv 30, 1952",
65-HS1-834228961-62-HQ-83894-Section-6.pdf,256,PERSON,Dr. DONALD H. MENZEL SUPPOSE,Dr. DONALD H. MENZEL SUPPOSE,
65-HS1-834228961-62-HQ-83894-Section-6.pdf,257,DATE,"Aug. 30, 1951","Aug. 30, 1951",
65-HS1-834228961-62-HQ-83894-Section-6.pdf,258,PERSON,Mrs. Rob,Mrs. Rob,
65-HS1-834228961-62-HQ-83894-Section-6.pdf,259,PERSON,Prof. Fred L. Whipple,Prof. Fred L. Whipple,
65-HS1-834228961-62-HQ-83894-Section-6.pdf,259,MARKING,secret,SECRET,MARKING
65-HS1-834228961-62-HQ-83894-Section-6.pdf,261,PERSON,Dr. Menzel,Dr. Menzel,
65-HS1-834228961-62-HQ-83894-Section-6.pdf,261,PERSON,Dr. Menzel's,Dr. Menzel's,
65-HS1-834228961-62-HQ-83894-Section-6.pdf,261,DATE,"May 25, 1893","May 25, 1893",
65-HS1-834228961-62-HQ-83894-Section-6.pdf,262,ORG,FBI,FBI,
65-HS1-834228961-62-HQ-83894-Section-6.pdf,262,DATE,"Julu 27, 1952","Julu 27, 1952",
65-HS1-834228961-62-HQ-83894-Section-6.pdf,268,DATE,3 August 12,3 August 12,
65-HS1-834228961-62-HQ-83894-Section-6.pdf,269,MARKING,Restricted,RESTRICTED,MARKING
65-HS1-834228961-62-HQ-83894-Section-6.pdf,270,ORG,SAC,SAC,
65-HS1-834228961-62-HQ-83894-Section-7.pdf,3,ORG,FBI,FBI,
65-HS1-834228961-62-HQ-83894-Section-7.pdf,5,DATE,"August 11, 1952","August 11, 1952",
65-HS1-834228961-62-HQ-83894-Section-7.pdf,7,ORG,FBI,FBI,
65-HS1-834228961-62-HQ-83894-Section-7.pdf,7,DATE,1 August 195,1 August 195,
65-HS1-834228961-62-HQ-83894-Section-7.pdf,9,ORG,FBI,FBI,
65-HS1-834228961-62-HQ-83894-Section-7.pdf,9,DATE,"August 12, 1952","August 12, 1952",
65-HS1-834228961-62-HQ-83894-Section-7.pdf,9,DATE,"July 31, 1952","July 31, 1952",
65-HS1-834228961-62-HQ-83894-Section-7.pdf,11,DATE,"Auguai 5, 1952","Auguai 5, 1952",
65-HS1-834228961-62-HQ-83894-Section-7.pdf,13,DATE,"Julu 31, 1952","Julu 31, 1952",
65-HS1-834228961-62-HQ-83894-Section-7.pdf,15,PERSON,Mrs. Haufe,Mrs. Haufe,
65-HS1-834228961-62-HQ-83894-Section-7.pdf,17,MARKING,Restricted,RESTRICTED,MARKING
65-HS1-834228961-62-HQ-83894-Section-7.pdf,18,ORG,OAR,OAR,
65-HS1-834228961-62-HQ-83894-Section-7.pdf,18,DATE,"August 6, 1952","August 6, 1952",
65-HS1-834228961-62-HQ-83894-Section-7.pdf,23,ORG,FBI,FBI,
65-HS1-834228961-62-HQ-83894-Section-7.pdf,23,ORG,SAC,SAC,
65-HS1-834228961-62-HQ-83894-Section-7.pdf,29,PERSON,Mr Hoover,Mr Hoover,
65-HS1-834228961-62-HQ-83894-Section-7.pdf,29,DATE,"Aug 2, 1952","Aug 2, 1952",
65-HS1-834228961-62-HQ-83894-Section-7.pdf,30,DATE,11 August 20,11 August 20,
65-HS1-834228961-62-HQ-83894-Section-7.pdf,30,DATE,"August 12, 1952","August 12, 1952",
65-HS1-834228961-62-HQ-83894-Section-7.pdf,33,ORG,FBI,FBI,
65-HS1-834228961-62-HQ-83894-Section-7.pdf,33,DATE,"August 5, 1952","August 5, 1952",
65-HS1-834228961-62-HQ-83894-Section-7.pdf,34,PERSON,Mr. OHM,Mr. OHM,
65-HS1-834228961-62-HQ-83894-Section-7.pdf,34,ORG,FBI,FBI,
65-HS1-834228961-62-HQ-83894-Section-7.pdf,35,DATE,"August 25, 1952","August 25, 1952",
65-HS1-834228961-62-HQ-83894-Section-7.pdf,35,DATE,"August 14, 1952","August 14, 1952",
65-HS1-834228961-62-HQ-83894-Section-7.pdf,39,ORG,SAC,SAC,
65-HS1-834228961-62-HQ-83894-Section-7.pdf,39,ORG,OSI,OSI,
65-HS1-834228961-62-HQ-83894-Section-7.pdf,39,DATE,"August 22, 1952","August 22, 1952",
65-HS1-834228961-62-HQ-83894-Section-7.pdf,39,DATE,10/1/47,10/1/47,
65-HS1-834228961-62-HQ-83894-Section-7.pdf,39,DATE,3/25/49,3/25/49,
65-HS1-834228961-62-HQ-83894-Section-7.pdf,41,ORG,OSI,OSI,
65-HS1-834228961-62-HQ-83894-Section-7.pdf,41,DATE,"August 18, 1952","August 18, 1952",
65-HS1-834228961-62-HQ-83894-Section-7.pdf,43,ORG,SAC,SAC,
65-HS1-834228961-62-HQ-83894-Section-7.pdf,43,ORG,OSI,OSI,
65-HS1-834228961-62-HQ-83894-Section-7.pdf,43,DATE,"October 1, 1947","October 1, 1947",
65-HS1-834228961-62-HQ-83894-Section-7.pdf,46,DATE,"September 6, 1952","September 6, 1952",
65-HS1-834228961-62-HQ-83894-Section-7.pdf,61,PERSON,Mr. A,Mr. A,
65-HS1-834228961-62-HQ-83894-Section-7.pdf,61,PERSON,Mr. Plaxico,Mr. Plaxico,
65-HS1-834228961-62-HQ-83894-Section-7.pdf,61,ORG,FBI,FBI,
65-HS1-834228961-62-HQ-83894-Section-7.pdf,61,DATE,"September 20, 1952","September 20, 1952",
65-HS1-834228961-62-HQ-83894-Section-7.pdf,63,ORG,FBI,FBI,
65-HS1-834228961-62-HQ-83894-Section-7.pdf,63,ORG,SAC,SAC,
65-HS1-834228961-62-HQ-83894-Section-7.pdf,63,ORG,USAF,USAF,
65-HS1-834228961-62-HQ-83894-Section-7.pdf,63,ORG,OSI,OSI,
65-HS1-834228961-62-HQ-83894-Section-7.pdf,63,DATE,10/3/52,10/3/52,
65-HS1-834228961-62-HQ-83894-Section-7.pdf,63,DATE,"July 31, 1952","July 31, 1952",
65-HS1-834228961-62-HQ-83894-Section-7.pdf,63,DATE,8/29/52,8/29/52,
65-HS1-834228961-62-HQ-83894-Section-7.pdf,65,PERSON,Mr Bailey Rm,Mr Bailey Rm,
65-HS1-834228961-62-HQ-83894-Section-7.pdf,65,PERSON,Mr Bailey,Mr Bailey,
65-HS1-834228961-62-HQ-83894-Section-7.pdf,67,ORG,FBI,FBI,
65-HS1-834228961-62-HQ-83894-Section-7.pdf,67,ORG,OSI,OSI,
65-HS1-834228961-62-HQ-83894-Section-7.pdf,69,PERSON,Mr. Lang,Mr. Lang,
65-HS1-834228961-62-HQ-83894-Section-7.pdf,69,PERSON,Mr. Al Chop,Mr. Al Chop,
65-HS1-834228961-62-HQ-83894-Section-7.pdf,69,ORG,ATIC,ATIC,
65-HS1-834228961-62-HQ-83894-Section-7.pdf,69,ORG,FBI,FBI,
65-HS1-834228961-62-HQ-83894-Section-7.pdf,69,DATE,30 September 1952,30 September 1952,
65-HS1-834228961-62-HQ-83894-Section-7.pdf,69,DATE,"Sept 6, 1952","Sept 6, 1952",
65-HS1-834228961-62-HQ-83894-Section-7.pdf,71,DATE,"December 27, 1949","December 27, 1949",
65-HS1-834228961-62-HQ-83894-Section-7.pdf,74,MARKING,secret,SECRET,MARKING
65-HS1-834228961-62-HQ-83894-Section-7.pdf,75,DATE,January 22 1948,January 22 1948,
65-HS1-834228961-62-HQ-83894-Section-7.pdf,75,MARKING,secret,SECRET,MARKING
65-HS1-834228961-62-HQ-83894-Section-7.pdf,76,PERSON,Dr. Paul,Dr. Paul,
65-HS1-834228961-62-HQ-83894-Section-7.pdf,76,MARKING,secret,SECRET,MARKING
65-HS1-834228961-62-HQ-83894-Section-7.pdf,77,MARKING,secret,SECRET,MARKING
65-HS1-834228961-62-HQ-83894-Section-7.pdf,78,PERSON,Dr. Fitts,Dr. Fitts,
65-HS1-834228961-62-HQ-83894-Section-7.pdf,80,PERSON,Dr. Irving Langmuir,Dr. Irving Langmuir,
65-HS1-834228961-62-HQ-83894-Section-7.pdf,81,PERSON,Dr. George Valley,Dr. George Valley,
65-HS1-834228961-62-HQ-83894-Section-7.pdf,83,MARKING,secret,SECRET,MARKING
65-HS1-834228961-62-HQ-83894-Section-7.pdf,84,MARKING,secret,SECRET,MARKING
65-HS1-834228961-62-HQ-83894-Section-7.pdf,85,PERSON,Mr. Gilbert R. Levy List,Mr. Gilbert R. Levy List,
65-HS1-834228961-62-HQ-83894-Section-7.pdf,85,PERSON,Mr. Harbo,Mr. Harbo,
65-HS1-834228961-62-HQ-83894-Section-7.pdf,85,PERSON,Mr. Conrad,Mr. Conrad,
65-HS1-834228961-62-HQ-83894-Section-7.pdf,85,PERSON,Mr. Downing,Mr. Downing,
65-HS1-834228961-62-HQ-83894-Section-7.pdf,85,PERSON,Mr. Bowles,Mr. Bowles,
65-HS1-834228961-62-HQ-83894-Section-7.pdf,85,PERSON,Mr. Parsons,Mr. Parsons,
65-HS1-834228961-62-HQ-83894-Section-7.pdf,85,DATE,"October 6, 1952","October 6, 1952",
65-HS1-834228961-62-HQ-83894-Section-7.pdf,90,PERSON,Mr. Lang,Mr. Lang,
65-HS1-834228961-62-HQ-83894-Section-7.pdf,90,ORG,FBI,FBI,
65-HS1-834228961-62-HQ-83894-Section-7.pdf,90,ORG,OSI,OSI,
65-HS1-834228961-62-HQ-83894-Section-7.pdf,90,DATE,"September 30, 1952","September 30, 1952",
65-HS1-834228961-62-HQ-83894-Section-7.pdf,92,PERSON,Mr. Albert Chop,Mr. Albert Chop,
65-HS1-834228961-62-HQ-83894-Section-7.pdf,92,ORG,FBI,FBI,
65-HS1-834228961-62-HQ-83894-Section-7.pdf,92,DATE,10/8/52,10/8/52,
65-HS1-834228961-62-HQ-83894-Section-7.pdf,93,PERSON,Mr. A. H. Belmont,Mr. A. H. Belmont,
65-HS1-834228961-62-HQ-83894-Section-7.pdf,93,DATE,10/8/52,10/8/52,
65-HS1-834228961-62-HQ-83894-Section-7.pdf,96,PERSON,Mr. A,Mr. A,
65-HS1-834228961-62-HQ-83894-Section-7.pdf,104,ORG,CIA,CIA,
65-HS1-834228961-62-HQ-83894-Section-7.pdf,105,DATE,"Januaru 20, 1953","Januaru 20, 1953",
65-HS1-834228961-62-HQ-83894-Section-7.pdf,106,ORG,FBI,FBI,
65-HS1-834228961-62-HQ-83894-Section-7.pdf,109,PERSON,Mr. J. Edgar Hoover Director,Mr. J. Edgar Hoover Director,
65-HS1-834228961-62-HQ-83894-Section-7.pdf,109,DATE,20 January 1953,20 January 1953,
65-HS1-834228961-62-HQ-83894-Section-7.pdf,113,PERSON,Mr. Co,Mr. Co,
65-HS1-834228961-62-HQ-83894-Section-7.pdf,114,PERSON,Mr PJun,Mr PJun,
65-HS1-834228961-62-HQ-83894-Section-7.pdf,114,PERSON,Mr Loui,Mr Loui,
65-HS1-834228961-62-HQ-83894-Section-7.pdf,114,PERSON,Mr. Rolxrt,Mr. Rolxrt,
65-HS1-834228961-62-HQ-83894-Section-7.pdf,114,PERSON,Mr Frahm,Mr Frahm,
65-HS1-834228961-62-HQ-83894-Section-7.pdf,114,PERSON,Mr. Moore,Mr. Moore,
65-HS1-834228961-62-HQ-83894-Section-7.pdf,114,MARKING,secret,SECRET,MARKING
65-HS1-834228961-62-HQ-83894-Section-7.pdf,115,DATE,"Oct. 16, 1952","Oct. 16, 1952",
65-HS1-834228961-62-HQ-83894-Section-7.pdf,115,DATE,"Oct. 29, 1952","Oct. 29, 1952",
65-HS1-834228961-62-HQ-83894-Section-7.pdf,115,DATE,"Oct. 17, 1952","Oct. 17, 1952",
65-HS1-834228961-62-HQ-83894-Section-7.pdf,116,PERSON,Mr R. J. La.van,Mr R. J. La.van,
65-HS1-834228961-62-HQ-83894-Section-7.pdf,119,MARKING,secret,SECRET,MARKING
65-HS1-834228961-62-HQ-83894-Section-7.pdf,120,PERSON,Mr. Louts Frahm,Mr. Louts Frahm,
65-HS1-834228961-62-HQ-83894-Section-7.pdf,120,PERSON,Mr. Root,Mr. Root,
65-HS1-834228961-62-HQ-83894-Section-7.pdf,120,PERSON,Mr. Broadd,Mr. Broadd,
65-HS1-834228961-62-HQ-83894-Section-7.pdf,120,PERSON,Mr. Luhring,Mr. Luhring,
65-HS1-834228961-62-HQ-83894-Section-7.pdf,120,PERSON,Mr. Daw,Mr. Daw,
65-HS1-834228961-62-HQ-83894-Section-7.pdf,122,PERSON,Capt. Edgar,Capt Edgar,RANK
65-HS1-834228961-62-HQ-83894-Section-7.pdf,124,PERSON,Mr. Faw,Mr. Faw,
65-HS1-834228961-62-HQ-83894-Section-7.pdf,125,PERSON,Mr. Plunkett,Mr. Plunkett,
65-HS1-834228961-62-HQ-83894-Section-7.pdf,125,DATE,"December 26, 1903","December 26, 1903",
65-HS1-834228961-62-HQ-83894-Section-7.pdf,125,DATE,"June 1, 1940","June 1, 1940",
65-HS1-834228961-62-HQ-83894-Section-7.pdf,126,ORG,FBI,FBI,
65-HS1-834228961-62-HQ-83894-Section-7.pdf,126,DATE,"February 17, 1953","February 17, 1953",
65-HS1-834228961-62-HQ-83894-Section-7.pdf,126,DATE,"February 14, 1953","February 14, 1953",
65-HS1-834228961-62-HQ-83894-Section-7.pdf,135,PERSON,Dr. LINKE,Dr. LINKE,
65-HS1-834228961-62-HQ-83894-Section-7.pdf,135,DATE,"March 4, 1953","March 4, 1953",
65-HS1-834228961-62-HQ-83894-Section-7.pdf,135,DATE,"March 12, 1953","March 12, 1953",
65-HS1-834228961-62-HQ-83894-Section-7.pdf,137,PERSON,Dr. LINKE,Dr. LINKE,
65-HS1-834228961-62-HQ-83894-Section-7.pdf,139,PERSON,Dr. Linke,Dr. Linke,
65-HS1-834228961-62-HQ-83894-Section-7.pdf,139,PERSON,Dr. Lin,Dr. Lin,
65-HS1-834228961-62-HQ-83894-Section-7.pdf,139,PERSON,Dr. Julius Linko,Dr. Julius Linko,
65-HS1-834228961-62-HQ-83894-Section-7.pdf,142,ORG,FBI,FBI,
65-HS1-834228961-62-HQ-83894-Section-7.pdf,142,ORG,SAC,SAC,
65-HS1-834228961-62-HQ-83894-Section-7.pdf,142,DATE,4/28/53,4/28/53,
65-HS1-834228961-62-HQ-83894-Section-7.pdf,142,DATE,4/8/53,4/8/53,
65-HS1-834228961-62-HQ-83894-Section-7.pdf,149,ORG,SAC,SAC,
65-HS1-834228961-62-HQ-83894-Section-7.pdf,149,DATE,"July 9, 1953","July 9, 1953",
65-HS1-834228961-62-HQ-83894-Section-7.pdf,154,ORG,FBI,FBI,
65-HS1-834228961-62-HQ-83894-Section-7.pdf,156,ORG,OSI,OSI,
65-HS1-834228961-62-HQ-83894-Section-7.pdf,156,ORG,FBI,FBI,
65-HS1-834228961-62-HQ-83894-Section-7.pdf,157,ORG,FBI,FBI,
65-HS1-834228961-62-HQ-83894-Section-7.pdf,158,ORG,OSI,OSI,
65-HS1-834228961-62-HQ-83894-Section-7.pdf,158,ORG,FBI,FBI,
65-HS1-834228961-62-HQ-83894-Section-7.pdf,159,DATE,7/9/53,7/9/53,
65-HS1-834228961-62-HQ-83894-Section-7.pdf,161,ORG,FBI,FBI,
65-HS1-834228961-62-HQ-83894-Section-7.pdf,163,DATE,"July 9, 1953","July 9, 1953",
65-HS1-834228961-62-HQ-83894-Section-7.pdf,164,ORG,FBI,FBI,
65-HS1-834228961-62-HQ-83894-Section-7.pdf,164,DATE,"July 24, 1953","July 24, 1953",
65-HS1-834228961-62-HQ-83894-Section-7.pdf,164,DATE,"June 30, 1953","June 30, 1953",
65-HS1-834228961-62-HQ-83894-Section-7.pdf,164,DATE,"July 15, 1953","July 15, 1953",
65-HS1-834228961-62-HQ-83894-Section-7.pdf,166,PERSON,Mr. BRUCE STEVENSON,Mr. BRUCE STEVENSON,
65-HS1-834228961-62-HQ-83894-Section-7.pdf,166,PERSON,Mr. STEVENSON,Mr. STEVENSON,
65-HS1-834228961-62-HQ-83894-Section-7.pdf,166,PERSON,Mr. STEVENSON. Sheriff RADCLIFF,Mr. STEVENSON. Sheriff RADCLIFF,
65-HS1-834228961-62-HQ-83894-Section-7.pdf,166,PERSON,Mr. BffiJ,Mr. BffiJ,
65-HS1-834228961-62-HQ-83894-Section-7.pdf,166,ORG,FBI,FBI,
65-HS1-834228961-62-HQ-83894-Section-7.pdf,166,ORG,SAC,SAC,
65-HS1-834228961-62-HQ-83894-Section-7.pdf,166,DATE,"July 15, 1953","July 15, 1953",
65-HS1-834228961-62-HQ-83894-Section-7.pdf,169,ORG,FBI,FBI,
65-HS1-834228961-62-HQ-83894-Section-7.pdf,169,ORG,SAC,SAC,
65-HS1-834228961-62-HQ-83894-Section-7.pdf,169,DATE,4/12/54,4/12/54,
65-HS1-834228961-62-HQ-83894-Section-7.pdf,174,PERSON,Mr. ALOIS PIWETZ,Mr. ALOIS PIWETZ,
65-HS1-834228961-62-HQ-83894-Section-7.pdf,174,PERSON,Mr. PIWETZ,Mr. PIWETZ,
65-HS1-834228961-62-HQ-83894-Section-7.pdf,175,PERSON,Mr. PiiVETZ,Mr. PiiVETZ,
65-HS1-834228961-62-HQ-83894-Section-7.pdf,176,PERSON,Mr. PIWETZ,Mr. PIWETZ,
65-HS1-834228961-62-HQ-83894-Section-7.pdf,178,MARKING,secret,SECRET,MARKING
65-HS1-834228961-62-HQ-83894-Section-7.pdf,179,ORG,FBI,FBI,
65-HS1-834228961-62-HQ-83894-Section-7.pdf,179,DATE,"December 20, 1953","December 20, 1953",
65-HS1-834228961-62-HQ-83894-Section-7.pdf,179,DATE,"March 29, 1952","March 29, 1952",
65-HS1-834228961-62-HQ-83894-Section-7.pdf,179,MARKING,confidential,CONFIDENTIAL,MARKING
65-HS1-834228961-62-HQ-83894-Section-7.pdf,180,PERSON,Mrs. PIVEC,Mrs. PIVEC,
65-HS1-834228961-62-HQ-83894-Section-7.pdf,181,DATE,"April 12, 1954","April 12, 1954",
65-HS1-834228961-62-HQ-83894-Section-7.pdf,182,LOCATOR,Room 6523,Room 6523,
65-HS1-834228961-62-HQ-83894-Section-7.pdf,182,LOCATOR,Room 6524,Room 6524,
65-HS1-834228961-62-HQ-83894-Section-7.pdf,183,LOCATOR,Room 6524,Room 6524,
65-HS1-834228961-62-HQ-83894-Section-7.pdf,187,ORG,FBI,FBI,
65-HS1-834228961-62-HQ-83894-Section-7.pdf,187,DATE,"April 27, 1954","April 27, 1954",
65-HS1-834228961-62-HQ-83894-Section-7.pdf,192,PERSON,Mr. EICKfDFF,Mr. EICKfDFF,
65-HS1-834228961-62-HQ-83894-Section-7.pdf,192,PERSON,Mr. EICKHOFF,Mr. EICKHOFF,
65-HS1-834228961-62-HQ-83894-Section-7.pdf,192,ORG,FBI,FBI,
65-HS1-834228961-62-HQ-83894-Section-7.pdf,194,PERSON,Mr. EICKHOFF,Mr. EICKHOFF,
65-HS1-834228961-62-HQ-83894-Section-7.pdf,194,DATE,"June 8, 1954","June 8, 1954",
65-HS1-834228961-62-HQ-83894-Section-7.pdf,195,PERSON,Mr. EICKHOFF,Mr. EICKHOFF,
65-HS1-834228961-62-HQ-83894-Section-7.pdf,195,DATE,"June 8, 1954","June 8, 1954",
65-HS1-834228961-62-HQ-83894-Section-7.pdf,196,PERSON,Mr. MANSPEAKER,Mr. MANSPEAKER,
65-HS1-834228961-62-HQ-83894-Section-7.pdf,196,PERSON,Mr. EICKHOFF,Mr. EICKHOFF,
65-HS1-834228961-62-HQ-83894-Section-7.pdf,196,PERSON,Mr. STRINGFIELD,Mr. STRINGFIELD,
65-HS1-834228961-62-HQ-83894-Section-7.pdf,196,PERSON,Mr. EICKHOFF. He,Mr. EICKHOFF. He,
65-HS1-834228961-62-HQ-83894-Section-7.pdf,196,ORG,FBI,FBI,
65-HS1-834228961-62-HQ-83894-Section-7.pdf,196,DATE,"June 8, 1954","June 8, 1954",
65-HS1-834228961-62-HQ-83894-Section-7.pdf,197,PERSON,Lt. Col. JOHN O'MARA. The,Lt Col JOHN O'MARA. The,RANK
65-HS1-834228961-62-HQ-83894-Section-7.pdf,197,DATE,"June 8, 1954","June 8, 1954",
65-HS1-834228961-62-HQ-83894-Section-7.pdf,198,ORG,SAC,SAC,
65-HS1-834228961-62-HQ-83894-Section-7.pdf,198,ORG,FBI,FBI,
65-HS1-834228961-62-HQ-83894-Section-7.pdf,198,ORG,OSI,OSI,
65-HS1-834228961-62-HQ-83894-Section-7.pdf,198,DATE,"June 22, 1954","June 22, 1954",
65-HS1-834228961-62-HQ-83894-Section-7.pdf,198,DATE,6/8/54,6/8/54,
65-HS1-834228961-62-HQ-83894-Section-7.pdf,199,ORG,FBI,FBI,
65-HS1-834228961-62-HQ-83894-Section-7.pdf,199,ORG,SAC,SAC,
65-HS1-834228961-62-HQ-83894-Section-7.pdf,199,ORG,OSI,OSI,
65-HS1-834228961-62-HQ-83894-Section-7.pdf,199,ORG,USAF,USAF,
65-HS1-834228961-62-HQ-83894-Section-7.pdf,200,ORG,FBI,FBI,
65-HS1-834228961-62-HQ-83894-Section-7.pdf,200,ORG,SAC,SAC,
65-HS1-834228961-62-HQ-83894-Section-7.pdf,200,ORG,OSI,OSI,
65-HS1-834228961-62-HQ-83894-Section-7.pdf,200,MARKING,CONFIDENTIAL,CONFIDENTIAL,
65-HS1-834228961-62-HQ-83894-Section-7.pdf,202,ORG,FBI,FBI,
65-HS1-834228961-62-HQ-83894-Section-7.pdf,202,DATE,"Juno 25, 1954","Juno 25, 1954",
65-HS1-834228961-62-HQ-83894-Section-7.pdf,202,DATE,"June 21, 1954","June 21, 1954",
65-HS1-834228961-62-HQ-83894-Section-7.pdf,204,DATE,6/21/54,6/21/54,
65-HS1-834228961-62-HQ-83894-Section-8.pdf,1,ORG,FBI,FBI,
65-HS1-834228961-62-HQ-83894-Section-8.pdf,3,ORG,FBI (62-83894),FBI (62-83894),
65-HS1-834228961-62-HQ-83894-Section-8.pdf,3,ORG,SAC,SAC,
65-HS1-834228961-62-HQ-83894-Section-8.pdf,3,DATE,7/22/54,7/22/54,
65-HS1-834228961-62-HQ-83894-Section-8.pdf,3,DATE,6/8/54,6/8/54,
65-HS1-834228961-62-HQ-83894-Section-8.pdf,3,DATE,6/22/54,6/22/54,
65-HS1-834228961-62-HQ-83894-Section-8.pdf,3,DATE,"June 8, 1954","June 8, 1954",
65-HS1-834228961-62-HQ-83894-Section-8.pdf,3,DATE,"June 7, 1954","June 7, 1954",
65-HS1-834228961-62-HQ-83894-Section-8.pdf,5,PERSON,Mr. Thomas Eickhoff,Mr. Thomas Eickhoff,
65-HS1-834228961-62-HQ-83894-Section-8.pdf,5,PERSON,Mr. Eickhoff,Mr. Eickhoff,
65-HS1-834228961-62-HQ-83894-Section-8.pdf,5,DATE,"June 7, 1954","June 7, 1954",
65-HS1-834228961-62-HQ-83894-Section-8.pdf,5,DATE,"June 3, 1954","June 3, 1954",
65-HS1-834228961-62-HQ-83894-Section-8.pdf,5,DATE,"June 11, 1954","June 11, 1954",
65-HS1-834228961-62-HQ-83894-Section-8.pdf,5,DATE,"June 4, 1954","June 4, 1954",
65-HS1-834228961-62-HQ-83894-Section-8.pdf,6,PERSON,Mr. Eickhoff,Mr. Eickhoff,
65-HS1-834228961-62-HQ-83894-Section-8.pdf,6,DATE,"June 4, 1954","June 4, 1954",
65-HS1-834228961-62-HQ-83894-Section-8.pdf,6,DATE,"June 7, 1954","June 7, 1954",
65-HS1-834228961-62-HQ-83894-Section-8.pdf,7,PERSON,Mr. Eickhoff,Mr. Eickhoff,
65-HS1-834228961-62-HQ-83894-Section-8.pdf,7,DATE,"February 6, 1954","February 6, 1954",
65-HS1-834228961-62-HQ-83894-Section-8.pdf,7,DATE,"February 13, 1954","February 13, 1954",
65-HS1-834228961-62-HQ-83894-Section-8.pdf,7,DATE,"June 6, 1954","June 6, 1954",
65-HS1-834228961-62-HQ-83894-Section-8.pdf,8,PERSON,Mr. Manspeaker,Mr. Manspeaker,
65-HS1-834228961-62-HQ-83894-Section-8.pdf,8,PERSON,Mr. Eickhoff,Mr. Eickhoff,
65-HS1-834228961-62-HQ-83894-Section-8.pdf,8,PERSON,Mr. Stringfield,Mr. Stringfield,
65-HS1-834228961-62-HQ-83894-Section-8.pdf,8,DATE,"June 7, 1954","June 7, 1954",
65-HS1-834228961-62-HQ-83894-Section-8.pdf,9,PERSON,Mr. Pelley,Mr. Pelley,
65-HS1-834228961-62-HQ-83894-Section-8.pdf,9,DATE,"July 2, 1954","July 2, 1954",
65-HS1-834228961-62-HQ-83894-Section-8.pdf,11,PERSON,Mr. CARL,Mr. CARL,
65-HS1-834228961-62-HQ-83894-Section-8.pdf,11,PERSON,Mr. KEYSER,Mr. KEYSER,
65-HS1-834228961-62-HQ-83894-Section-8.pdf,11,ORG,FBI,FBI,
65-HS1-834228961-62-HQ-83894-Section-8.pdf,11,ORG,SAC,SAC,
65-HS1-834228961-62-HQ-83894-Section-8.pdf,11,DATE,8/2/54,8/2/54,
65-HS1-834228961-62-HQ-83894-Section-8.pdf,11,DATE,7/23/54,7/23/54,
65-HS1-834228961-62-HQ-83894-Section-8.pdf,12,ORG,FBI,FBI,
65-HS1-834228961-62-HQ-83894-Section-8.pdf,12,ORG,SAC,SAC,
65-HS1-834228961-62-HQ-83894-Section-8.pdf,12,DATE,6/2/54,6/2/54,
65-HS1-834228961-62-HQ-83894-Section-8.pdf,12,DATE,6/1/54,6/1/54,
65-HS1-834228961-62-HQ-83894-Section-8.pdf,12,DATE,6/7/54,6/7/54,
65-HS1-834228961-62-HQ-83894-Section-8.pdf,12,LOCATOR,Room 2912,Room 2912,
65-HS1-834228961-62-HQ-83894-Section-8.pdf,14,PERSON,Mrs. SWAN,Mrs. SWAN,
65-HS1-834228961-62-HQ-83894-Section-8.pdf,22,DATE,"August 7, 1954","August 7, 1954",
65-HS1-834228961-62-HQ-83894-Section-8.pdf,26,ORG,SAC,SAC,
65-HS1-834228961-62-HQ-83894-Section-8.pdf,30,PERSON,Mr. Otto,Mr. Otto,
65-HS1-834228961-62-HQ-83894-Section-8.pdf,33,PERSON,Mr. President,Mr. President,
65-HS1-834228961-62-HQ-83894-Section-8.pdf,34,ORG,FBI,FBI,
65-HS1-834228961-62-HQ-83894-Section-8.pdf,34,ORG,SAC,SAC,
65-HS1-834228961-62-HQ-83894-Section-8.pdf,34,DATE,11/2/54,11/2/54,
65-HS1-834228961-62-HQ-83894-Section-8.pdf,34,DATE,7/22/54,7/22/54,
65-HS1-834228961-62-HQ-83894-Section-8.pdf,34,DATE,9/21/54,9/21/54,
65-HS1-834228961-62-HQ-83894-Section-8.pdf,36,DATE,10/20/54,10/20/54,
65-HS1-834228961-62-HQ-83894-Section-8.pdf,37,DATE,"October 1, 1954","October 1, 1954",
65-HS1-834228961-62-HQ-83894-Section-8.pdf,37,DATE,6/8/54,6/8/54,
65-HS1-834228961-62-HQ-83894-Section-8.pdf,37,MARKING,secret,SECRET,MARKING
65-HS1-834228961-62-HQ-83894-Section-8.pdf,38,ORG,OSI,OSI,
65-HS1-834228961-62-HQ-83894-Section-8.pdf,38,DATE,6/6/54,6/6/54,
65-HS1-834228961-62-HQ-83894-Section-8.pdf,38,DATE,11/13/54,11/13/54,
65-HS1-834228961-62-HQ-83894-Section-8.pdf,38,DATE,9/13/54,9/13/54,
65-HS1-834228961-62-HQ-83894-Section-8.pdf,38,MARKING,confidential,CONFIDENTIAL,MARKING
65-HS1-834228961-62-HQ-83894-Section-8.pdf,40,PERSON,Col. O'Mara,Col O'Mara,RANK
65-HS1-834228961-62-HQ-83894-Section-8.pdf,40,DATE,"October 1, 1954","October 1, 1954",
65-HS1-834228961-62-HQ-83894-Section-8.pdf,40,DATE,9/21/54,9/21/54,
65-HS1-834228961-62-HQ-83894-Section-8.pdf,40,MARKING,secret,SECRET,MARKING
65-HS1-834228961-62-HQ-83894-Section-8.pdf,41,PERSON,Capt. Orrego,Capt Orrego,RANK
65-HS1-834228961-62-HQ-83894-Section-8.pdf,41,PERSON,Capt. Augusto Orrego,Capt Augusto Orrego,RANK
65-HS1-834228961-62-HQ-83894-Section-8.pdf,41,ORG,ATIC,ATIC,
65-HS1-834228961-62-HQ-83894-Section-8.pdf,41,ORG,Project Blue Book,Project Blue Book,
65-HS1-834228961-62-HQ-83894-Section-8.pdf,41,DATE,"December 23, 1953","December 23, 1953",
65-HS1-834228961-62-HQ-83894-Section-8.pdf,42,PERSON,Lt. Col. O'Mara's,Lt Col O'Mara's,RANK
65-HS1-834228961-62-HQ-83894-Section-8.pdf,42,PERSON,Dr. Lincoln La Paz,Dr. Lincoln LaPaz,LAPAZ
65-HS1-834228961-62-HQ-83894-Section-8.pdf,42,PERSON,Dr. La Paz,Dr. LaPaz,LAPAZ
65-HS1-834228961-62-HQ-83894-Section-8.pdf,42,PERSON,Dr. LaPaz,Dr. LaPaz,
65-HS1-834228961-62-HQ-83894-Section-8.pdf,43,PERSON,Mrs. John German,Mrs. John German,
65-HS1-834228961-62-HQ-83894-Section-8.pdf,43,PERSON,Dr. Lincoln La Paz,Dr. Lincoln LaPaz,LAPAZ
65-HS1-834228961-62-HQ-83894-Section-8.pdf,43,PERSON,Dr. J. Stewart Williams,Dr. J. Stewart Williams,
65-HS1-834228961-62-HQ-83894-Section-8.pdf,43,PERSON,Dr. Clyde T. Hardy. On,Dr. Clyde T. Hardy. On,
65-HS1-834228961-62-HQ-83894-Section-8.pdf,43,PERSON,Dr. La Paz,Dr. LaPaz,LAPAZ
65-HS1-834228961-62-HQ-83894-Section-8.pdf,43,PERSON,Dr. Clyde T.Hardy,Dr. Clyde T.Hardy,
65-HS1-834228961-62-HQ-83894-Section-8.pdf,43,PERSON,Dr. Hardy's,Dr. Hardy's,
65-HS1-834228961-62-HQ-83894-Section-8.pdf,43,DATE,"May 7, 1954","May 7, 1954",
65-HS1-834228961-62-HQ-83894-Section-8.pdf,43,DATE,"Sept. 11, 1954","Sept. 11, 1954",
65-HS1-834228961-62-HQ-83894-Section-8.pdf,44,PERSON,Capt. Mantell. But,Capt Mantell. But,RANK
65-HS1-834228961-62-HQ-83894-Section-8.pdf,44,PERSON,Col. Milton F. Summerfelt,Col Milton F. Summerfelt,RANK
65-HS1-834228961-62-HQ-83894-Section-8.pdf,44,DATE,"July 2, 1954","July 2, 1954",
65-HS1-834228961-62-HQ-83894-Section-8.pdf,45,PERSON,Mr. Meany,Mr. Meany,
65-HS1-834228961-62-HQ-83894-Section-8.pdf,45,DATE,"August 26, 1954","August 26, 1954",
65-HS1-834228961-62-HQ-83894-Section-8.pdf,46,PERSON,Dr. Hughes,Dr. Hughes,
65-HS1-834228961-62-HQ-83894-Section-8.pdf,46,DATE,9/5/54,9/5/54,
65-HS1-834228961-62-HQ-83894-Section-8.pdf,47,DATE,9/18/54,9/18/54,
65-HS1-834228961-62-HQ-83894-Section-8.pdf,48,DATE,10/1/54,10/1/54,
65-HS1-834228961-62-HQ-83894-Section-8.pdf,49,PERSON,Lt. Col,Lt Col,RANK
65-HS1-834228961-62-HQ-83894-Section-8.pdf,49,PERSON,Lt. Col. O'Mara,Lt Col O'Mara,RANK
65-HS1-834228961-62-HQ-83894-Section-8.pdf,49,PERSON,Col. O'Mara,Col O'Mara,RANK
65-HS1-834228961-62-HQ-83894-Section-8.pdf,49,MARKING,secret,SECRET,MARKING
65-HS1-834228961-62-HQ-83894-Section-8.pdf,51,DATE,11/2/54,11/2/54,
65-HS1-834228961-62-HQ-83894-Section-8.pdf,53,ORG,FBI,FBI,
65-HS1-834228961-62-HQ-83894-Section-8.pdf,53,DATE,11/22/54,11/22/54,
65-HS1-834228961-62-HQ-83894-Section-8.pdf,53,DATE,11/12/54,11/12/54,
65-HS1-834228961-62-HQ-83894-Section-8.pdf,53,DATE,11/2/54,11/2/54,
65-HS1-834228961-62-HQ-83894-Section-8.pdf,54,ORG,OSI,OSI,
65-HS1-834228961-62-HQ-83894-Section-8.pdf,55,DATE,"October 1, 1954","October 1, 1954",
65-HS1-834228961-62-HQ-83894-Section-8.pdf,55,DATE,"September 21, 1954","September 21, 1954",
65-HS1-834228961-62-HQ-83894-Section-8.pdf,55,DATE,"September 28, 1954","September 28, 1954",
65-HS1-834228961-62-HQ-83894-Section-8.pdf,56,DATE,"October 1, 1954","October 1, 1954",
65-HS1-834228961-62-HQ-83894-Section-8.pdf,57,MARKING,secret,SECRET,MARKING
65-HS1-834228961-62-HQ-83894-Section-8.pdf,58,LOCATOR,Room MM,Room MM,
65-HS1-834228961-62-HQ-83894-Section-8.pdf,60,PERSON,Dr. Farlnetti,Dr. Farlnetti,
65-HS1-834228961-62-HQ-83894-Section-8.pdf,60,DATE,"September 28, 1954","September 28, 1954",
65-HS1-834228961-62-HQ-83894-Section-8.pdf,61,DATE,"October 17, 1954","October 17, 1954",
65-HS1-834228961-62-HQ-83894-Section-8.pdf,69,ORG,FBI,FBI,
65-HS1-834228961-62-HQ-83894-Section-8.pdf,70,ORG,FBI,FBI,
65-HS1-834228961-62-HQ-83894-Section-8.pdf,70,DATE,October 13 1954,October 13 1954,
65-HS1-834228961-62-HQ-83894-Section-8.pdf,71,DATE,"September 30, 1954","September 30, 1954",
65-HS1-834228961-62-HQ-83894-Section-8.pdf,72,ORG,FBI,FBI,
65-HS1-834228961-62-HQ-83894-Section-8.pdf,73,ORG,FBI,FBI,
65-HS1-834228961-62-HQ-83894-Section-8.pdf,74,ORG,FBI,FBI,
65-HS1-834228961-62-HQ-83894-Section-8.pdf,88,ORG,FBI,FBI,
65-HS1-834228961-62-HQ-83894-Section-8.pdf,88,DATE,1/5/55,1/5/55,
65-HS1-834228961-62-HQ-83894-Section-8.pdf,88,DATE,1/15/55,1/15/55,
65-HS1-834228961-62-HQ-83894-Section-8.pdf,89,ORG,FBI,FBI,
65-HS1-834228961-62-HQ-83894-Section-8.pdf,90,ORG,SAC,SAC,
65-HS1-834228961-62-HQ-83894-Section-8.pdf,90,DATE,1/5/55,1/5/55,
65-HS1-834228961-62-HQ-83894-Section-8.pdf,90,DATE,1/15/55,1/15/55,
65-HS1-834228961-62-HQ-83894-Section-8.pdf,91,ORG,FBI,FBI,
65-HS1-834228961-62-HQ-83894-Section-8.pdf,92,ORG,FBI,FBI,
65-HS1-834228961-62-HQ-83894-Section-8.pdf,92,ORG,OSI,OSI,
65-HS1-834228961-62-HQ-83894-Section-8.pdf,92,DATE,1/18/55,1/18/55,
65-HS1-834228961-62-HQ-83894-Section-8.pdf,94,ORG,FBI (62-83894),FBI (62-83894),
65-HS1-834228961-62-HQ-83894-Section-8.pdf,94,ORG,FBI,FBI,
65-HS1-834228961-62-HQ-83894-Section-8.pdf,95,ORG,USAF,USAF,
65-HS1-834228961-62-HQ-83894-Section-8.pdf,97,MARKING,CONFIDENTIAL,CONFIDENTIAL,
65-HS1-834228961-62-HQ-83894-Section-8.pdf,99,ORG,OSI,OSI,
65-HS1-834228961-62-HQ-83894-Section-8.pdf,100,PERSON,Mr. Daniel J. Sulli,Mr. Daniel J. Sulli,
65-HS1-834228961-62-HQ-83894-Section-8.pdf,100,PERSON,Dr. Xemiidy,Dr. Xemiidy,
65-HS1-834228961-62-HQ-83894-Section-8.pdf,100,PERSON,Dr. Iermid,Dr. Iermid,
65-HS1-834228961-62-HQ-83894-Section-8.pdf,100,PERSON,Mr. Small,Mr. Small,
65-HS1-834228961-62-HQ-83894-Section-8.pdf,100,ORG,OSI,OSI,
65-HS1-834228961-62-HQ-83894-Section-8.pdf,107,LOCATOR,Room 6523,Room 6523,
65-HS1-834228961-62-HQ-83894-Section-8.pdf,107,LOCATOR,Room 652,Room 652,
65-HS1-834228961-62-HQ-83894-Section-8.pdf,112,DATE,"July 24, 1955","July 24, 1955",
65-HS1-834228961-62-HQ-83894-Section-8.pdf,118,PERSON,Mr. Harbo Hr. Mohr M.r,Mr. Harbo Hr. Mohr M.r,
65-HS1-834228961-62-HQ-83894-Section-8.pdf,118,PERSON,Mr. Jones Mr,Mr. Jones Mr,
65-HS1-834228961-62-HQ-83894-Section-8.pdf,118,PERSON,Mr. Winterrowd,Mr. Winterrowd,
65-HS1-834228961-62-HQ-83894-Section-8.pdf,118,PERSON,Mr. Hol,Mr. Hol,
65-HS1-834228961-62-HQ-83894-Section-8.pdf,120,PERSON,Mr. Gros,Mr. Gros,
65-HS1-834228961-62-HQ-83894-Section-8.pdf,120,ORG,CIA,CIA,
65-HS1-834228961-62-HQ-83894-Section-8.pdf,125,ORG,CIA,CIA,
65-HS1-834228961-62-HQ-83894-Section-8.pdf,132,DATE,"April 13, 1956","April 13, 1956",
65-HS1-834228961-62-HQ-83894-Section-8.pdf,132,DATE,"April 9, 1956","April 9, 1956",
65-HS1-834228961-62-HQ-83894-Section-8.pdf,132,DATE,"April 6, 1956","April 6, 1956",
65-HS1-834228961-62-HQ-83894-Section-8.pdf,132,DATE,"Apr 12, 1956","Apr 12, 1956",
65-HS1-834228961-62-HQ-83894-Section-8.pdf,133,PERSON,Mr. Morrts,Mr. Morrts,
65-HS1-834228961-62-HQ-83894-Section-8.pdf,133,DATE,4/9/56,4/9/56,
65-HS1-834228961-62-HQ-83894-Section-8.pdf,133,DATE,4/5/56,4/5/56,
65-HS1-834228961-62-HQ-83894-Section-8.pdf,133,DATE,4/6/56,4/6/56,
65-HS1-834228961-62-HQ-83894-Section-8.pdf,136,ORG,FBI,FBI,
65-HS1-834228961-62-HQ-83894-Section-8.pdf,137,PERSON,Mr. A. H. Belmon DATB,Mr. A. H. Belmon DATB,
65-HS1-834228961-62-HQ-83894-Section-8.pdf,137,PERSON,Mr. L,Mr. L,
65-HS1-834228961-62-HQ-83894-Section-8.pdf,137,PERSON,Mr. Thom Ga.mble,Mr. Thom Ga.mble,
65-HS1-834228961-62-HQ-83894-Section-8.pdf,137,PERSON,Mr. Branigan,Mr. Branigan,
65-HS1-834228961-62-HQ-83894-Section-8.pdf,137,ORG,OSI,OSI,
65-HS1-834228961-62-HQ-83894-Section-8.pdf,139,ORG,OSI,OSI,
65-HS1-834228961-62-HQ-83894-Section-8.pdf,139,DATE,"May 4, 1956","May 4, 1956",
65-HS1-834228961-62-HQ-83894-Section-8.pdf,144,PERSON,Lt. LOUIS SAUTER,Lt LOUIS SAUTER,RANK
65-HS1-834228961-62-HQ-83894-Section-8.pdf,144,PERSON,Sgt. CHARLES M. HOWARD,Sgt CHARLES M. HOWARD,RANK
65-HS1-834228961-62-HQ-83894-Section-8.pdf,144,PERSON,Lt. SAUTER,Lt SAUTER,RANK
65-HS1-834228961-62-HQ-83894-Section-8.pdf,144,ORG,FBI,FBI,
65-HS1-834228961-62-HQ-83894-Section-8.pdf,144,DATE,8/15/56,8/15/56,
65-HS1-834228961-62-HQ-83894-Section-8.pdf,144,DATE,8/14/56,8/14/56,
65-HS1-834228961-62-HQ-83894-Section-8.pdf,144,DATE,7/16/56,7/16/56,
65-HS1-834228961-62-HQ-83894-Section-8.pdf,144,DATE,7/30/56,7/30/56,
65-HS1-834228961-62-HQ-83894-Section-8.pdf,145,ORG,FBI,FBI,
65-HS1-834228961-62-HQ-83894-Section-8.pdf,145,DATE,8/15/56,8/15/56,
65-HS1-834228961-62-HQ-83894-Section-8.pdf,146,ORG,FBI,FBI,
65-HS1-834228961-62-HQ-83894-Section-8.pdf,147,ORG,FBI,FBI,
65-HS1-834228961-62-HQ-83894-Section-8.pdf,147,ORG,SAC,SAC,
65-HS1-834228961-62-HQ-83894-Section-8.pdf,147,DATE,9/7/56,9/7/56,
65-HS1-834228961-62-HQ-83894-Section-8.pdf,147,DATE,"August 31, 1956","August 31, 1956",
65-HS1-834228961-62-HQ-83894-Section-8.pdf,149,PERSON,Mr. O'Connor,Mr. O'Connor,
65-HS1-834228961-62-HQ-83894-Section-8.pdf,156,PERSON,Mr. J. Edgar Hoover Director,Mr. J. Edgar Hoover Director,
65-HS1-834228961-62-HQ-83894-Section-8.pdf,156,PERSON,Mr. Hoover,Mr. Hoover,
65-HS1-834228961-62-HQ-83894-Section-8.pdf,156,DATE,"October 5, 1956","October 5, 1956",
65-HS1-834228961-62-HQ-83894-Section-8.pdf,165,ORG,FBI,FBI,
65-HS1-834228961-62-HQ-83894-Section-8.pdf,165,ORG,SAC,SAC,
65-HS1-834228961-62-HQ-83894-Section-8.pdf,165,ORG,OSI,OSI,
65-HS1-834228961-62-HQ-83894-Section-8.pdf,165,DATE,1/11/57,1/11/57,
65-HS1-834228961-62-HQ-83894-Section-8.pdf,167,PERSON,Mrs. Blunt,Mrs. Blunt,
65-HS1-834228961-62-HQ-83894-Section-8.pdf,167,DATE,"January 11, 1957","January 11, 1957",
65-HS1-834228961-62-HQ-83894-Section-8.pdf,167,DATE,"January 2, 1957","January 2, 1957",
65-HS1-834228961-62-HQ-83894-Section-8.pdf,168,DATE,"January 11, 1957","January 11, 1957",
65-HS1-834228961-62-HQ-83894-Section-8.pdf,169,ORG,FBI,FBI,
65-HS1-834228961-62-HQ-83894-Section-8.pdf,169,ORG,OSI,OSI,
65-HS1-834228961-62-HQ-83894-Section-8.pdf,170,DATE,"February 5, 1957","February 5, 1957",
65-HS1-834228961-62-HQ-83894-Section-8.pdf,173,MARKING,confidential,CONFIDENTIAL,MARKING
65-HS1-834228961-62-HQ-83894-Section-8.pdf,174,PERSON,Mr. Tolson March,Mr. Tolson March,
65-HS1-834228961-62-HQ-83894-Section-8.pdf,174,PERSON,Mr. Boardman,Mr. Boardman,
65-HS1-834228961-62-HQ-83894-Section-8.pdf,174,PERSON,Mr. Belmont,Mr. Belmont,
65-HS1-834228961-62-HQ-83894-Section-8.pdf,174,ORG,FBI,FBI,
65-HS1-834228961-62-HQ-83894-Section-8.pdf,174,DATE,"March 15, 1957","March 15, 1957",
65-HS1-834228961-62-HQ-83894-Section-8.pdf,174,DATE,"March 14, 1957","March 14, 1957",
65-HS1-834228961-62-HQ-83894-Section-8.pdf,176,PERSON,Mr. Martin's,Mr. Martin's,
65-HS1-834228961-62-HQ-83894-Section-8.pdf,176,DATE,"March 15, 1957","March 15, 1957",
65-HS1-834228961-62-HQ-83894-Section-8.pdf,177,PERSON,Mr. Parsons,Mr. Parsons,
65-HS1-834228961-62-HQ-83894-Section-8.pdf,177,PERSON,Mr. Rosen,Mr. Rosen,
65-HS1-834228961-62-HQ-83894-Section-8.pdf,177,PERSON,Mr. Tamm,Mr. Tamm,
65-HS1-834228961-62-HQ-83894-Section-8.pdf,177,PERSON,Mr. Trotter,Mr. Trotter,
65-HS1-834228961-62-HQ-83894-Section-8.pdf,177,PERSON,Mr. Nease,Mr. Nease,
65-HS1-834228961-62-HQ-83894-Section-8.pdf,177,PERSON,Mr. Holloman,Mr. Holloman,
65-HS1-834228961-62-HQ-83894-Section-8.pdf,179,PERSON,Mr. Boardma Mr. Belmont Mr,Mr. Boardma Mr. Belmont Mr,
65-HS1-834228961-62-HQ-83894-Section-8.pdf,179,PERSON,Mr. Parson Mr. Rosen,Mr. Parson Mr. Rosen,
65-HS1-834228961-62-HQ-83894-Section-8.pdf,179,PERSON,Mr. Tamm,Mr. Tamm,
65-HS1-834228961-62-HQ-83894-Section-8.pdf,179,PERSON,Mr. Trotter,Mr. Trotter,
65-HS1-834228961-62-HQ-83894-Section-8.pdf,179,PERSON,Mr. Ne,Mr. Ne,
65-HS1-834228961-62-HQ-83894-Section-8.pdf,179,PERSON,Mr. Holloman,Mr. Holloman,
65-HS1-834228961-62-HQ-83894-Section-8.pdf,181,PERSON,Mrs. WILLIAM,Mrs. WILLIAM,
65-HS1-834228961-62-HQ-83894-Section-8.pdf,181,ORG,FBI (62-83894),FBI (62-83894),
65-HS1-834228961-62-HQ-83894-Section-8.pdf,181,ORG,SAC,SAC,
65-HS1-834228961-62-HQ-83894-Section-8.pdf,181,DATE,4/18/57,4/18/57,
65-HS1-834228961-62-HQ-83894-Section-8.pdf,181,DATE,4/12/57,4/12/57,
65-HS1-834228961-62-HQ-83894-Section-8.pdf,183,PERSON,Mrs. WILLIAM,Mrs. WILLIAM,
65-HS1-834228961-62-HQ-83894-Section-8.pdf,183,ORG,FBI (62-83894),FBI (62-83894),
65-HS1-834228961-62-HQ-83894-Section-8.pdf,183,ORG,SAC,SAC,
65-HS1-834228961-62-HQ-83894-Section-8.pdf,183,ORG,FBI,FBI,
65-HS1-834228961-62-HQ-83894-Section-8.pdf,183,DATE,4/12/57,4/12/57,
65-HS1-834228961-62-HQ-83894-Section-8.pdf,183,DATE,"March 12, 1957","March 12, 1957",
65-HS1-834228961-62-HQ-83894-Section-8.pdf,185,PERSON,Mr. STRINGFIELD,Mr. STRINGFIELD,
65-HS1-834228961-62-HQ-83894-Section-8.pdf,185,PERSON,Dr. REICH,Dr. REICH,
65-HS1-834228961-62-HQ-83894-Section-8.pdf,185,ORG,FBI,FBI,
65-HS1-834228961-62-HQ-83894-Section-8.pdf,185,DATE,"March 19, 1957","March 19, 1957",
65-HS1-834228961-62-HQ-83894-Section-8.pdf,186,ORG,SAC,SAC,
65-HS1-834228961-62-HQ-83894-Section-8.pdf,186,ORG,FBI (62-83894),FBI (62-83894),
65-HS1-834228961-62-HQ-83894-Section-8.pdf,189,PERSON,Dr. Reioh,Dr. Reioh,
65-HS1-834228961-62-HQ-83894-Section-8.pdf,189,ORG,USAF,USAF,
65-HS1-834228961-62-HQ-83894-Section-8.pdf,189,MARKING,Secret,SECRET,MARKING
65-HS1-834228961-62-HQ-83894-Section-8.pdf,190,ORG,ATIC,ATIC,
65-HS1-834228961-62-HQ-83894-Section-8.pdf,190,ORG,CIA,CIA,
65-HS1-834228961-62-HQ-83894-Section-8.pdf,190,ORG,FBI,FBI,
65-HS1-834228961-62-HQ-83894-Section-8.pdf,193,ORG,FBI,FBI,
65-HS1-834228961-62-HQ-83894-Section-8.pdf,193,DATE,4/24/57,4/24/57,
65-HS1-834228961-62-HQ-83894-Section-8.pdf,193,DATE,4/18/57,4/18/57,
65-HS1-834228961-62-HQ-83894-Section-8.pdf,193,DATE,3/28/57,3/28/57,
65-HS1-834228961-62-HQ-83894-Section-8.pdf,195,ORG,SAC,SAC,
65-HS1-834228961-62-HQ-83894-Section-8.pdf,195,ORG,OSI,OSI,
65-HS1-834228961-62-HQ-83894-Section-8.pdf,197,ORG,FBI,FBI,
65-HS1-834228961-62-HQ-83894-Section-8.pdf,197,ORG,USAF,USAF,
65-HS1-834228961-62-HQ-83894-Section-8.pdf,199,ORG,SAC,SAC,
65-HS1-834228961-62-HQ-83894-Section-8.pdf,199,ORG,OSI,OSI,
65-HS1-834228961-62-HQ-83894-Section-8.pdf,201,ORG,SAC,SAC,
65-HS1-834228961-62-HQ-83894-Section-8.pdf,203,DATE,"November 5, 1957","November 5, 1957",
65-HS1-834228961-62-HQ-83894-Section-8.pdf,206,ORG,SAC,SAC,
65-HS1-834228961-62-HQ-83894-Section-8.pdf,208,PERSON,Mr. Mr,Mr. Mr,
65-HS1-834228961-62-HQ-83894-Section-8.pdf,208,PERSON,Mr. Trotttr,Mr. Trotttr,
65-HS1-834228961-62-HQ-83894-Section-8.pdf,208,ORG,SAC,SAC,
65-HS1-834228961-62-HQ-83894-Section-8.pdf,208,ORG,FBI,FBI,
65-HS1-834228961-62-HQ-83894-Section-8.pdf,209,PERSON,Mr. Boardman,Mr. Boardman,
65-HS1-834228961-62-HQ-83894-Section-8.pdf,209,PERSON,Mr. Sanders,Mr. Sanders,
65-HS1-834228961-62-HQ-83894-Section-8.pdf,211,PERSON,Mr. Belmo,Mr. Belmo,
65-HS1-834228961-62-HQ-83894-Section-8.pdf,211,PERSON,Mr. Parsons,Mr. Parsons,
65-HS1-834228961-62-HQ-83894-Section-8.pdf,211,PERSON,Mr. Roi.en,Mr. Roi.en,
65-HS1-834228961-62-HQ-83894-Section-8.pdf,211,PERSON,Mr. Clayton,Mr. Clayton,
65-HS1-834228961-62-HQ-83894-Section-8.pdf,211,PERSON,Mr. Holloman,Mr. Holloman,
65-HS1-834228961-62-HQ-83894-Section-8.pdf,211,ORG,FBI,FBI,
65-HS1-834228961-62-HQ-83894-Section-9.pdf,2,ORG,FBI,FBI,
65-HS1-834228961-62-HQ-83894-Section-9.pdf,2,ORG,OSI,OSI,
65-HS1-834228961-62-HQ-83894-Section-9.pdf,4,ORG,FBI,FBI,
65-HS1-834228961-62-HQ-83894-Section-9.pdf,4,ORG,OAR,OAR,
65-HS1-834228961-62-HQ-83894-Section-9.pdf,4,DATE,"November 20, 1957","November 20, 1957",
65-HS1-834228961-62-HQ-83894-Section-9.pdf,4,DATE,"November 12, 1957","November 12, 1957",
65-HS1-834228961-62-HQ-83894-Section-9.pdf,6,PERSON,Mr. Belmont,Mr. Belmont,
65-HS1-834228961-62-HQ-83894-Section-9.pdf,6,PERSON,Mr. Baumgardner,Mr. Baumgardner,
65-HS1-834228961-62-HQ-83894-Section-9.pdf,6,PERSON,Mr. Whitson,Mr. Whitson,
65-HS1-834228961-62-HQ-83894-Section-9.pdf,6,DATE,"November 12, 1957","November 12, 1957",
65-HS1-834228961-62-HQ-83894-Section-9.pdf,6,DATE,"October 10, 1957","October 10, 1957",
65-HS1-834228961-62-HQ-83894-Section-9.pdf,9,PERSON,Mr. Wa,Mr. Wa,
65-HS1-834228961-62-HQ-83894-Section-9.pdf,14,ORG,FBI,FBI,
65-HS1-834228961-62-HQ-83894-Section-9.pdf,14,DATE,1/6/58,1/6/58,
65-HS1-834228961-62-HQ-83894-Section-9.pdf,14,DATE,12/20/57,12/20/57,
65-HS1-834228961-62-HQ-83894-Section-9.pdf,17,ORG,FBI,FBI,
65-HS1-834228961-62-HQ-83894-Section-9.pdf,26,ORG,FBI,FBI,
65-HS1-834228961-62-HQ-83894-Section-9.pdf,38,ORG,USAF,USAF,
65-HS1-834228961-62-HQ-83894-Section-9.pdf,38,ORG,OSI,OSI,
65-HS1-834228961-62-HQ-83894-Section-9.pdf,38,DATE,"October 2, 1958","October 2, 1958",
65-HS1-834228961-62-HQ-83894-Section-9.pdf,38,DATE,"September 22, 1958","September 22, 1958",
65-HS1-834228961-62-HQ-83894-Section-9.pdf,38,DATE,5 December 19,5 December 19,
65-HS1-834228961-62-HQ-83894-Section-9.pdf,38,DATE,"July 9, 1958","July 9, 1958",
65-HS1-834228961-62-HQ-83894-Section-9.pdf,38,DATE,"July 3, 1958","July 3, 1958",
65-HS1-834228961-62-HQ-83894-Section-9.pdf,40,ORG,OSI,OSI,
65-HS1-834228961-62-HQ-83894-Section-9.pdf,40,DATE,5 December 1957,5 December 1957,
65-HS1-834228961-62-HQ-83894-Section-9.pdf,44,ORG,OSI,OSI,
65-HS1-834228961-62-HQ-83894-Section-9.pdf,44,DATE,"October 2, 1958","October 2, 1958",
65-HS1-834228961-62-HQ-83894-Section-9.pdf,44,DATE,"September 22, 1958","September 22, 1958",
65-HS1-834228961-62-HQ-83894-Section-9.pdf,44,DATE,"September 26, 1958","September 26, 1958",
65-HS1-834228961-62-HQ-83894-Section-9.pdf,45,PERSON,Mr. Nichols,Mr. Nichols,
65-HS1-834228961-62-HQ-83894-Section-9.pdf,45,PERSON,Mr. NicholG',Mr. NicholG',
65-HS1-834228961-62-HQ-83894-Section-9.pdf,45,ORG,FBI,FBI,
65-HS1-834228961-62-HQ-83894-Section-9.pdf,45,DATE,9/22/58,9/22/58,
65-HS1-834228961-62-HQ-83894-Section-9.pdf,46,PERSON,Mr. Mr. Donahoe,Mr. Mr. Donahoe,
65-HS1-834228961-62-HQ-83894-Section-9.pdf,46,DATE,"September 22, 1900","September 22, 1900",
65-HS1-834228961-62-HQ-83894-Section-9.pdf,46,DATE,9/26/58,9/26/58,
65-HS1-834228961-62-HQ-83894-Section-9.pdf,47,DATE,"September 22, 1958","September 22, 1958",
65-HS1-834228961-62-HQ-83894-Section-9.pdf,48,ORG,FBI,FBI,
65-HS1-834228961-62-HQ-83894-Section-9.pdf,48,ORG,SAC,SAC,
65-HS1-834228961-62-HQ-83894-Section-9.pdf,48,ORG,OSI,OSI,
65-HS1-834228961-62-HQ-83894-Section-9.pdf,50,ORG,SAC,SAC,
65-HS1-834228961-62-HQ-83894-Section-9.pdf,50,ORG,OSI,OSI,
65-HS1-834228961-62-HQ-83894-Section-9.pdf,51,LOCATOR,Room 6523,Room 6523,
65-HS1-834228961-62-HQ-83894-Section-9.pdf,51,LOCATOR,Room 6524,Room 6524,
65-HS1-834228961-62-HQ-83894-Section-9.pdf,51,MARKING,Restricted,RESTRICTED,MARKING
65-HS1-834228961-62-HQ-83894-Section-9.pdf,52,PERSON,Mr. Tolson DATE,Mr. Tolson DATE,
65-HS1-834228961-62-HQ-83894-Section-9.pdf,52,PERSON,Mr. BelmonJ,Mr. BelmonJ,
65-HS1-834228961-62-HQ-83894-Section-9.pdf,52,PERSON,Mr. Jones,Mr. Jones,
65-HS1-834228961-62-HQ-83894-Section-9.pdf,52,ORG,SAC,SAC,
65-HS1-834228961-62-HQ-83894-Section-9.pdf,52,ORG,FBI,FBI,
65-HS1-834228961-62-HQ-83894-Section-9.pdf,52,DATE,11/17/58,11/17/58,
65-HS1-834228961-62-HQ-83894-Section-9.pdf,52,DATE,"April 30, 1947","April 30, 1947",
65-HS1-834228961-62-HQ-83894-Section-9.pdf,52,DATE,"August 30, 1947","August 30, 1947",
65-HS1-834228961-62-HQ-83894-Section-9.pdf,52,DATE,"April 17, 1950","April 17, 1950",
65-HS1-834228961-62-HQ-83894-Section-9.pdf,54,PERSON,Mr. James Maney,Mr. James Maney,
65-HS1-834228961-62-HQ-83894-Section-9.pdf,54,PERSON,Mr. Maney,Mr. Maney,
65-HS1-834228961-62-HQ-83894-Section-9.pdf,54,ORG,FBI,FBI,
65-HS1-834228961-62-HQ-83894-Section-9.pdf,54,ORG,SAC,SAC,
65-HS1-834228961-62-HQ-83894-Section-9.pdf,54,DATE,"December 2, 1958","December 2, 1958",
65-HS1-834228961-62-HQ-83894-Section-9.pdf,54,DATE,"November 22, 1958","November 22, 1958",
65-HS1-834228961-62-HQ-83894-Section-9.pdf,56,DATE,22 November 1958,22 November 1958,
65-HS1-834228961-62-HQ-83894-Section-9.pdf,56,MARKING,secret,SECRET,MARKING
65-HS1-834228961-62-HQ-83894-Section-9.pdf,58,PERSON,Mr. M,Mr. M,
65-HS1-834228961-62-HQ-83894-Section-9.pdf,58,ORG,OSI,OSI,
65-HS1-834228961-62-HQ-83894-Section-9.pdf,58,DATE,"December 11, 1958","December 11, 1958",
65-HS1-834228961-62-HQ-83894-Section-9.pdf,58,DATE,"December 3, 1958","December 3, 1958",
65-HS1-834228961-62-HQ-83894-Section-9.pdf,60,DATE,"December 3, 1958","December 3, 1958",
65-HS1-834228961-62-HQ-83894-Section-9.pdf,62,DATE,5/1/57,5/1/57,
65-HS1-834228961-62-HQ-83894-Section-9.pdf,63,DATE,"January 1, 1954","January 1, 1954",
65-HS1-834228961-62-HQ-83894-Section-9.pdf,64,LOCATOR,Room 6523,Room 6523,
65-HS1-834228961-62-HQ-83894-Section-9.pdf,64,LOCATOR,Room 6524,Room 6524,
65-HS1-834228961-62-HQ-83894-Section-9.pdf,64,MARKING,Restricted,RESTRICTED,MARKING
65-HS1-834228961-62-HQ-83894-Section-9.pdf,66,LOCATOR,Room 6523,Room 6523,
65-HS1-834228961-62-HQ-83894-Section-9.pdf,66,LOCATOR,Room 6524,Room 6524,
65-HS1-834228961-62-HQ-83894-Section-9.pdf,66,MARKING,Restricted,RESTRICTED,MARKING
65-HS1-834228961-62-HQ-83894-Section-9.pdf,67,LOCATOR,Room 6523,Room 6523,
65-HS1-834228961-62-HQ-83894-Section-9.pdf,67,LOCATOR,Room 6524,Room 6524,
65-HS1-834228961-62-HQ-83894-Section-9.pdf,69,PERSON,Mr. Barker,Mr. Barker,
65-HS1-834228961-62-HQ-83894-Section-9.pdf,69,ORG,FBI,FBI,
65-HS1-834228961-62-HQ-83894-Section-9.pdf,69,ORG,SAC,SAC,
65-HS1-834228961-62-HQ-83894-Section-9.pdf,69,ORG,CIA,CIA,
65-HS1-834228961-62-HQ-83894-Section-9.pdf,69,DATE,12/2/58,12/2/58,
65-HS1-834228961-62-HQ-83894-Section-9.pdf,69,DATE,12/8/58,12/8/58,
65-HS1-834228961-62-HQ-83894-Section-9.pdf,69,DATE,"October 15, 1958","October 15, 1958",
65-HS1-834228961-62-HQ-83894-Section-9.pdf,72,PERSON,Mr. Nea,Mr. Nea,
65-HS1-834228961-62-HQ-83894-Section-9.pdf,72,PERSON,Mr. Par,Mr. Par,
65-HS1-834228961-62-HQ-83894-Section-9.pdf,72,PERSON,Mr. Reosw,Mr. Reosw,
65-HS1-834228961-62-HQ-83894-Section-9.pdf,72,ORG,FBI,FBI,
65-HS1-834228961-62-HQ-83894-Section-9.pdf,72,LOCATOR,Room --,Room --,
65-HS1-834228961-62-HQ-83894-Section-9.pdf,74,ORG,SAC,SAC,
65-HS1-834228961-62-HQ-83894-Section-9.pdf,74,ORG,FBI,FBI,
65-HS1-834228961-62-HQ-83894-Section-9.pdf,74,DATE,10/26/52,10/26/52,
65-HS1-834228961-62-HQ-83894-Section-9.pdf,74,DATE,12/23/59,12/23/59,
65-HS1-834228961-62-HQ-83894-Section-9.pdf,75,PERSON,Mr. C. H. Marek,Mr. C. H. Marek,
65-HS1-834228961-62-HQ-83894-Section-9.pdf,75,PERSON,Mr. L. H. Frahm,Mr. L. H. Frahm,
65-HS1-834228961-62-HQ-83894-Section-9.pdf,75,ORG,OAR,OAR,
65-HS1-834228961-62-HQ-83894-Section-9.pdf,75,ORG,FBI,FBI,
65-HS1-834228961-62-HQ-83894-Section-9.pdf,75,DATE,"December 12, 1958","December 12, 1958",
65-HS1-834228961-62-HQ-83894-Section-9.pdf,75,DATE,12/7/58,12/7/58,
65-HS1-834228961-62-HQ-83894-Section-9.pdf,75,DATE,10/26/52,10/26/52,
65-HS1-834228961-62-HQ-83894-Section-9.pdf,75,MARKING,secret,SECRET,MARKING
65-HS1-834228961-62-HQ-83894-Section-9.pdf,77,ORG,FBI,FBI,
65-HS1-834228961-62-HQ-83894-Section-9.pdf,77,ORG,SAC,SAC,
65-HS1-834228961-62-HQ-83894-Section-9.pdf,77,DATE,12/19/58,12/19/58,
65-HS1-834228961-62-HQ-83894-Section-9.pdf,77,DATE,12/16/58,12/16/58,
65-HS1-834228961-62-HQ-83894-Section-9.pdf,79,ORG,FBI,FBI,
65-HS1-834228961-62-HQ-83894-Section-9.pdf,79,DATE,1/21/25,1/21/25,
65-HS1-834228961-62-HQ-83894-Section-9.pdf,80,ORG,FBI,FBI,
65-HS1-834228961-62-HQ-83894-Section-9.pdf,80,ORG,SAC,SAC,
65-HS1-834228961-62-HQ-83894-Section-9.pdf,80,DATE,12/19/58,12/19/58,
65-HS1-834228961-62-HQ-83894-Section-9.pdf,80,DATE,12/16/58,12/16/58,
65-HS1-834228961-62-HQ-83894-Section-9.pdf,81,ORG,FBI,FBI,
65-HS1-834228961-62-HQ-83894-Section-9.pdf,81,DATE,1/21/25,1/21/25,
65-HS1-834228961-62-HQ-83894-Section-9.pdf,82,ORG,SAC,SAC,
65-HS1-834228961-62-HQ-83894-Section-9.pdf,82,ORG,FBI,FBI,
65-HS1-834228961-62-HQ-83894-Section-9.pdf,82,DATE,"December 30, 1958","December 30, 1958",
65-HS1-834228961-62-HQ-83894-Section-9.pdf,82,DATE,12/19/58,12/19/58,
65-HS1-834228961-62-HQ-83894-Section-9.pdf,82,DATE,12/7/58,12/7/58,
65-HS1-834228961-62-HQ-83894-Section-9.pdf,83,ORG,SAC,SAC,
65-HS1-834228961-62-HQ-83894-Section-9.pdf,83,ORG,FBI,FBI,
65-HS1-834228961-62-HQ-83894-Section-9.pdf,83,DATE,12/7/58,12/7/58,
65-HS1-834228961-62-HQ-83894-Section-9.pdf,83,DATE,12/19/58,12/19/58,
65-HS1-834228961-62-HQ-83894-Section-9.pdf,83,DATE,1/5/59,1/5/59,
65-HS1-834228961-62-HQ-83894-Section-9.pdf,84,ORG,FBI,FBI,
65-HS1-834228961-62-HQ-83894-Section-9.pdf,84,ORG,SAC,SAC,
65-HS1-834228961-62-HQ-83894-Section-9.pdf,84,DATE,1/5/59,1/5/59,
65-HS1-834228961-62-HQ-83894-Section-9.pdf,84,DATE,12/30/58,12/30/58,
65-HS1-834228961-62-HQ-83894-Section-9.pdf,86,PERSON,Mr. Larry,Mr. Larry,
65-HS1-834228961-62-HQ-83894-Section-9.pdf,86,DATE,"February 9, 1959","February 9, 1959",
65-HS1-834228961-62-HQ-83894-Section-9.pdf,86,MARKING,confidential,CONFIDENTIAL,MARKING
65-HS1-834228961-62-HQ-83894-Section-9.pdf,88,ORG,FBI,FBI,
65-HS1-834228961-62-HQ-83894-Section-9.pdf,89,DATE,"January 1, 1952","January 1, 1952",
65-HS1-834228961-62-HQ-83894-Section-9.pdf,90,LOCATOR,Room 6523,Room 6523,
65-HS1-834228961-62-HQ-83894-Section-9.pdf,90,LOCATOR,Room 6524,Room 6524,
65-HS1-834228961-62-HQ-83894-Section-9.pdf,90,MARKING,Restricted,RESTRICTED,MARKING
65-HS1-834228961-62-HQ-83894-Section-9.pdf,91,ORG,FBI (62-83894),FBI (62-83894),
65-HS1-834228961-62-HQ-83894-Section-9.pdf,91,ORG,SAC,SAC,
65-HS1-834228961-62-HQ-83894-Section-9.pdf,91,DATE,1/22/59,1/22/59,
65-HS1-834228961-62-HQ-83894-Section-9.pdf,93,ORG,FBI,FBI,
65-HS1-834228961-62-HQ-83894-Section-9.pdf,93,ORG,SAC,SAC,
65-HS1-834228961-62-HQ-83894-Section-9.pdf,93,ORG,OSI,OSI,
65-HS1-834228961-62-HQ-83894-Section-9.pdf,93,DATE,"April 21, 1959","April 21, 1959",
65-HS1-834228961-62-HQ-83894-Section-9.pdf,93,DATE,"April 2, 1959","April 2, 1959",
65-HS1-834228961-62-HQ-83894-Section-9.pdf,93,DATE,"April 3, 1959","April 3, 1959",
65-HS1-834228961-62-HQ-83894-Section-9.pdf,95,PERSON,Lt. Col,Lt Col,RANK
65-HS1-834228961-62-HQ-83894-Section-9.pdf,95,ORG,FBI,FBI,
65-HS1-834228961-62-HQ-83894-Section-9.pdf,95,ORG,SAC,SAC,
65-HS1-834228961-62-HQ-83894-Section-9.pdf,95,ORG,OSI,OSI,
65-HS1-834228961-62-HQ-83894-Section-9.pdf,97,ORG,FBI,FBI,
65-HS1-834228961-62-HQ-83894-Section-9.pdf,97,ORG,SAC,SAC,
65-HS1-834228961-62-HQ-83894-Section-9.pdf,97,ORG,OSI,OSI,
65-HS1-834228961-62-HQ-83894-Section-9.pdf,97,DATE,"May 22, 1959","May 22, 1959",
65-HS1-834228961-62-HQ-83894-Section-9.pdf,97,DATE,4/21/59,4/21/59,
65-HS1-834228961-62-HQ-83894-Section-9.pdf,97,DATE,5/5/59,5/5/59,
65-HS1-834228961-62-HQ-83894-Section-9.pdf,99,PERSON,Mr. Hayden Hewes Associate Director,Mr. Hayden Hewes Associate Director,
65-HS1-834228961-62-HQ-83894-Section-9.pdf,99,PERSON,Mr. Hewes,Mr. Hewes,
65-HS1-834228961-62-HQ-83894-Section-9.pdf,99,ORG,FBI,FBI,
65-HS1-834228961-62-HQ-83894-Section-9.pdf,99,DATE,"August 31, 1959","August 31, 1959",
65-HS1-834228961-62-HQ-83894-Section-9.pdf,99,DATE,"August 24, 1959","August 24, 1959",
65-HS1-834228961-62-HQ-83894-Section-9.pdf,103,ORG,SAC,SAC,
65-HS1-834228961-62-HQ-83894-Section-9.pdf,103,ORG,OSI,OSI,
65-HS1-834228961-62-HQ-83894-Section-9.pdf,103,ORG,FBI,FBI,
65-HS1-834228961-62-HQ-83894-Section-9.pdf,105,ORG,FBI,FBI,
65-HS1-834228961-62-HQ-83894-Section-9.pdf,105,ORG,OSI,OSI,
65-HS1-834228961-62-HQ-83894-Section-9.pdf,105,DATE,3/9/60,3/9/60,
65-HS1-834228961-62-HQ-83894-Section-9.pdf,108,ORG,FBI,FBI,
65-HS1-834228961-62-HQ-83894-Section-9.pdf,109,ORG,OSI,OSI,
65-HS1-834228961-62-HQ-83894-Section-9.pdf,109,ORG,FBI,FBI,
65-HS1-834228961-62-HQ-83894-Section-9.pdf,111,ORG,OSI,OSI,
65-HS1-834228961-62-HQ-83894-Section-9.pdf,115,ORG,OSI,OSI,
65-HS1-834228961-62-HQ-83894-Section-9.pdf,116,PERSON,Mr. Rosen,Mr. Rosen,
65-HS1-834228961-62-HQ-83894-Section-9.pdf,116,PERSON,Mr. Tamm,Mr. Tamm,
65-HS1-834228961-62-HQ-83894-Section-9.pdf,116,PERSON,Mr. Trotter,Mr. Trotter,
65-HS1-834228961-62-HQ-83894-Section-9.pdf,116,PERSON,Mr. W.C.Sullivan MAR,Mr. W.C.Sullivan MAR,
65-HS1-834228961-62-HQ-83894-Section-9.pdf,116,PERSON,Mr. Ingr,Mr. Ingr,
65-HS1-834228961-62-HQ-83894-Section-9.pdf,116,ORG,FBI,FBI,
65-HS1-834228961-62-HQ-83894-Section-9.pdf,118,ORG,FBI,FBI,
65-HS1-834228961-62-HQ-83894-Section-9.pdf,118,ORG,OSI,OSI,
65-HS1-834228961-62-HQ-83894-Section-9.pdf,120,ORG,FBI,FBI,
65-HS1-834228961-62-HQ-83894-Section-9.pdf,120,ORG,SAC,SAC,
65-HS1-834228961-62-HQ-83894-Section-9.pdf,120,ORG,OSI,OSI,
65-HS1-834228961-62-HQ-83894-Section-9.pdf,120,DATE,3/28/60,3/28/60,
65-HS1-834228961-62-HQ-83894-Section-9.pdf,120,DATE,3/27/60,3/27/60,
65-HS1-834228961-62-HQ-83894-Section-9.pdf,120,DATE,3/9/60,3/9/60,
65-HS1-834228961-62-HQ-83894-Section-9.pdf,120,MARKING,top secret,TOP SECRET,MARKING
65-HS1-834228961-62-HQ-83894-Section-9.pdf,121,ORG,FBI,FBI,
65-HS1-834228961-62-HQ-83894-Section-9.pdf,121,ORG,SAC,SAC,
65-HS1-834228961-62-HQ-83894-Section-9.pdf,121,ORG,OSI,OSI,
65-HS1-834228961-62-HQ-83894-Section-9.pdf,121,DATE,3/31/60,3/31/60,
65-HS1-834228961-62-HQ-83894-Section-9.pdf,121,DATE,3/28/60,3/28/60,
65-HS1-834228961-62-HQ-83894-Section-9.pdf,121,DATE,3/27/60,3/27/60,
65-HS1-834228961-62-HQ-83894-Section-9.pdf,121,DATE,3/9/60,3/9/60,
65-HS1-834228961-62-HQ-83894-Section-9.pdf,123,ORG,FBI,FBI,
65-HS1-834228961-62-HQ-83894-Section-9.pdf,124,ORG,FBI,FBI,
65-HS1-834228961-62-HQ-83894-Section-9.pdf,125,ORG,NICAP,NICAP,
65-HS1-834228961-62-HQ-83894-Section-9.pdf,125,ORG,FBI,FBI,
65-HS1-834228961-62-HQ-83894-Section-9.pdf,125,MARKING,top secret,TOP SECRET,MARKING
65-HS1-834228961-62-HQ-83894-Section-9.pdf,126,ORG,FBI,FBI,
65-HS1-834228961-62-HQ-83894-Section-9.pdf,126,DATE,"April 6, 1960","April 6, 1960",
65-HS1-834228961-62-HQ-83894-Section-9.pdf,128,PERSON,Mr. Hall,Mr. Hall,
65-HS1-834228961-62-HQ-83894-Section-9.pdf,128,ORG,FBI,FBI,
65-HS1-834228961-62-HQ-83894-Section-9.pdf,129,ORG,OSI,OSI,
65-HS1-834228961-62-HQ-83894-Section-9.pdf,130,PERSON,Mr. Tol,Mr. Tol,
65-HS1-834228961-62-HQ-83894-Section-9.pdf,130,PERSON,Mr. Par,Mr. Par,
65-HS1-834228961-62-HQ-83894-Section-9.pdf,130,PERSON,Mr. DoLoach,Mr. DoLoach,
65-HS1-834228961-62-HQ-83894-Section-9.pdf,130,PERSON,Mr. Jngra.m,Mr. Jngra.m,
65-HS1-834228961-62-HQ-83894-Section-9.pdf,130,ORG,SAC,SAC,
65-HS1-834228961-62-HQ-83894-Section-9.pdf,130,ORG,FBI,FBI,
65-HS1-834228961-62-HQ-83894-Section-9.pdf,130,DATE,"March 26, 1960","March 26, 1960",
65-HS1-834228961-62-HQ-83894-Section-9.pdf,132,PERSON,Mr. Boeen-,Mr. Boeen-,
65-HS1-834228961-62-HQ-83894-Section-9.pdf,132,PERSON,Mr. Tamm-,Mr. Tamm-,
65-HS1-834228961-62-HQ-83894-Section-9.pdf,132,PERSON,Mr. Trotter,Mr. Trotter,
65-HS1-834228961-62-HQ-83894-Section-9.pdf,132,PERSON,Mr. Ingram,Mr. Ingram,
65-HS1-834228961-62-HQ-83894-Section-9.pdf,134,ORG,FBI,FBI,
65-HS1-834228961-62-HQ-83894-Section-9.pdf,135,PERSON,Mr. PERRY,Mr. PERRY,
65-HS1-834228961-62-HQ-83894-Section-9.pdf,135,PERSON,Mr. PERRYvas,Mr. PERRYvas,
65-HS1-834228961-62-HQ-83894-Section-9.pdf,135,ORG,FBI,FBI,
65-HS1-834228961-62-HQ-83894-Section-9.pdf,135,ORG,SAC,SAC,
65-HS1-834228961-62-HQ-83894-Section-9.pdf,135,DATE,"April 12, 1960","April 12, 1960",
65-HS1-834228961-62-HQ-83894-Section-9.pdf,135,DATE,"April 6, 1960","April 6, 1960",
65-HS1-834228961-62-HQ-83894-Section-9.pdf,135,DATE,4/11/60,4/11/60,
65-HS1-834228961-62-HQ-83894-Section-9.pdf,135,DATE,"March 21, 1959","March 21, 1959",
65-HS1-834228961-62-HQ-83894-Section-9.pdf,137,PERSON,Mr. PERRY,Mr. PERRY,
65-HS1-834228961-62-HQ-83894-Section-9.pdf,137,ORG,FBI,FBI,
65-HS1-834228961-62-HQ-83894-Section-9.pdf,137,ORG,SAC,SAC,
65-HS1-834228961-62-HQ-83894-Section-9.pdf,137,DATE,4/11/60,4/11/60,
65-HS1-834228961-62-HQ-83894-Section-9.pdf,137,DATE,4/6/60,4/6/60,
65-HS1-834228961-62-HQ-83894-Section-9.pdf,137,DATE,4/9/60,4/9/60,
65-HS1-834228961-62-HQ-83894-Section-9.pdf,137,DATE,4/12/60,4/12/60,
65-HS1-834228961-62-HQ-83894-Section-9.pdf,139,PERSON,Mr. Wacka,Mr. Wacka,
65-HS1-834228961-62-HQ-83894-Section-9.pdf,139,ORG,FBI,FBI,
65-HS1-834228961-62-HQ-83894-Section-9.pdf,139,DATE,"April 21, 1960","April 21, 1960",
65-HS1-834228961-62-HQ-83894-Section-9.pdf,139,DATE,"April 13, 1960","April 13, 1960",
65-HS1-834228961-62-HQ-83894-Section-9.pdf,141,ORG,OSI,OSI,
65-HS1-834228961-62-HQ-83894-Section-9.pdf,141,ORG,FBI,FBI,
65-HS1-834228961-62-HQ-83894-Section-9.pdf,144,DATE,"April 6, 1960","April 6, 1960",
65-HS1-834228961-62-HQ-83894-Section-9.pdf,144,DATE,"April 13, 1960","April 13, 1960",
65-HS1-834228961-62-HQ-83894-Section-9.pdf,146,PERSON,Mr. VAN TASSEL,Mr. VAN TASSEL,
65-HS1-834228961-62-HQ-83894-Section-9.pdf,146,ORG,FBI,FBI,
65-HS1-834228961-62-HQ-83894-Section-9.pdf,146,ORG,SAC,SAC,
65-HS1-834228961-62-HQ-83894-Section-9.pdf,146,ORG,OSI,OSI,
65-HS1-834228961-62-HQ-83894-Section-9.pdf,146,DATE,4/17/60,4/17/60,
65-HS1-834228961-62-HQ-83894-Section-9.pdf,146,DATE,4/19/60,4/19/60,
65-HS1-834228961-62-HQ-83894-Section-9.pdf,148,ORG,FBI,FBI,
65-HS1-834228961-62-HQ-83894-Section-9.pdf,148,DATE,"April 26, 1960","April 26, 1960",
65-HS1-834228961-62-HQ-83894-Section-9.pdf,148,DATE,"April 17, 1960","April 17, 1960",
65-HS1-834228961-62-HQ-83894-Section-9.pdf,152,ORG,FBI,FBI,
65-HS1-834228961-62-HQ-83894-Section-9.pdf,152,DATE,"April 26, 1960","April 26, 1960",
65-HS1-834228961-62-HQ-83894-Section-9.pdf,164,ORG,FBI,FBI,
65-HS1-834228961-62-HQ-83894-Section-9.pdf,164,ORG,SAC,SAC,
65-HS1-834228961-62-HQ-83894-Section-9.pdf,165,PERSON,Mr. PERRY,Mr. PERRY,
65-HS1-834228961-62-HQ-83894-Section-9.pdf,165,PERSON,Mr. CHIAPPETTA,Mr. CHIAPPETTA,
65-HS1-834228961-62-HQ-83894-Section-9.pdf,165,ORG,FBI,FBI,
65-HS1-834228961-62-HQ-83894-Section-9.pdf,166,DATE,"May 20, 1960","May 20, 1960",
65-HS1-834228961-62-HQ-83894-Section-9.pdf,166,DATE,"May 3, 1960","May 3, 1960",
65-HS1-834228961-62-HQ-83894-Section-9.pdf,167,DATE,"May 20, 1960","May 20, 1960",
65-HS1-834228961-62-HQ-83894-Section-9.pdf,169,PERSON,Mr. Belmont,Mr. Belmont,
65-HS1-834228961-62-HQ-83894-Section-9.pdf,169,PERSON,Mr. Donahoe,Mr. Donahoe,
65-HS1-834228961-62-HQ-83894-Section-9.pdf,169,PERSON,Mr. Wacks JFW,Mr. Wacks JFW,
65-HS1-834228961-62-HQ-83894-Section-9.pdf,169,ORG,FBI,FBI,
65-HS1-834228961-62-HQ-83894-Section-9.pdf,169,ORG,SAC,SAC,
65-HS1-834228961-62-HQ-83894-Section-9.pdf,169,DATE,"September 30, 1960","September 30, 1960",
65-HS1-834228961-62-HQ-83894-Section-9.pdf,171,PERSON,Mr. Alire,Mr. Alire,
65-HS1-834228961-62-HQ-83894-Section-9.pdf,171,PERSON,Mr. Zigler,Mr. Zigler,
65-HS1-834228961-62-HQ-83894-Section-9.pdf,171,PERSON,Dr. Stranges,Dr. Stranges,
65-HS1-834228961-62-HQ-83894-Section-9.pdf,171,ORG,FBI,FBI,
65-HS1-834228961-62-HQ-83894-Section-9.pdf,171,ORG,SAC,SAC,
65-HS1-834228961-62-HQ-83894-Section-9.pdf,171,DATE,"October 17, 1960","October 17, 1960",
65-HS1-834228961-62-HQ-83894-Section-9.pdf,173,PERSON,Mr. Ro,Mr. Ro,
65-HS1-834228961-62-HQ-83894-Section-9.pdf,173,PERSON,Mr. W.C.Sulli,Mr. W.C.Sulli,
65-HS1-834228961-62-HQ-83894-Section-9.pdf,173,PERSON,Mr. Ingram,Mr. Ingram,
65-HS1-834228961-62-HQ-83894-Section-9.pdf,173,DATE,"October 10, 1960","October 10, 1960",
65-HS1-834228961-62-HQ-83894-Section-9.pdf,175,PERSON,Mr. Zigler. On,Mr. Zigler. On,
65-HS1-834228961-62-HQ-83894-Section-9.pdf,175,PERSON,Dr. Frank E. Stranges,Dr. Frank E. Stranges,
65-HS1-834228961-62-HQ-83894-Section-9.pdf,175,ORG,SAC,SAC,
65-HS1-834228961-62-HQ-83894-Section-9.pdf,175,ORG,FBI,FBI,
65-HS1-834228961-62-HQ-83894-Section-9.pdf,175,DATE,"October 10, 1960","October 10, 1960",
65-HS1-834228961-62-HQ-83894-Section-9.pdf,177,PERSON,Mr. Zigler,Mr. Zigler,
65-HS1-834228961-62-HQ-83894-Section-9.pdf,177,PERSON,Dr. Stranges,Dr. Stranges,
65-HS1-834228961-62-HQ-83894-Section-9.pdf,177,PERSON,Mr. Zigler's,Mr. Zigler's,
65-HS1-834228961-62-HQ-83894-Section-9.pdf,177,PERSON,Dr. Frank E. Stranges. Ascertain,Dr. Frank E. Stranges. Ascertain,
65-HS1-834228961-62-HQ-83894-Section-9.pdf,177,PERSON,Dr. Strange,Dr. Strange,
65-HS1-834228961-62-HQ-83894-Section-9.pdf,177,PERSON,Mr. Zigler',Mr. Zigler',
65-HS1-834228961-62-HQ-83894-Section-9.pdf,177,ORG,FBI,FBI,
65-HS1-834228961-62-HQ-83894-Section-9.pdf,178,ORG,FBI,FBI,
65-HS1-834228961-62-HQ-83894-Section-9.pdf,178,ORG,SAC,SAC,
65-HS1-834228961-62-HQ-83894-Section-9.pdf,179,ORG,FBI (62-83894),FBI (62-83894),
65-HS1-834228961-62-HQ-83894-Section-9.pdf,179,ORG,SAC,SAC,
65-HS1-834228961-62-HQ-83894-Section-9.pdf,179,ORG,OSI,OSI,
65-HS1-834228961-62-HQ-83894-Section-9.pdf,179,DATE,"September 25, 1961","September 25, 1961",
65-HS1-834228961-62-HQ-83894-Section-9.pdf,179,DATE,"October 2, 1961","October 2, 1961",
65-HS1-834228961-62-HQ-83894-Section-9.pdf,179,DATE,"June 15, 1960","June 15, 1960",
65-HS1-834228961-62-HQ-83894-Section-9.pdf,180,DATE,"June 4, 1960","June 4, 1960",
65-HS1-834228961-62-HQ-83894-Section-9.pdf,180,MARKING,secret,SECRET,MARKING
65-HS1-834228961-62-HQ-83894-Section-9.pdf,182,PERSON,Mr. Str,Mr. Str,
65-HS1-834228961-62-HQ-83894-Section-9.pdf,182,DATE,"September 25, 1961","September 25, 1961",
65-HS1-834228961-62-HQ-83894-Section-9.pdf,182,DATE,"September 10, 1961","September 10, 1961",
65-HS1-834228961-62-HQ-83894-Section-9.pdf,184,PERSON,Mr. Stringfield,Mr. Stringfield,
65-HS1-834228961-62-HQ-83894-Section-9.pdf,184,ORG,FBI,FBI,
65-HS1-834228961-62-HQ-83894-Section-9.pdf,184,DATE,"October 2, 1961","October 2, 1961",
65-HS1-834228961-62-HQ-83894-Section-9.pdf,184,DATE,"October 1, 1961","October 1, 1961",
65-HS1-834228961-62-HQ-83894-Section-9.pdf,184,DATE,"September 25, 1961","September 25, 1961",
65-HS1-834228961-62-HQ-83894-Section-9.pdf,185,DATE,"October 17, 1961","October 17, 1961",
65-HS1-834228961-62-HQ-83894-Section-9.pdf,185,DATE,"Septellber 25, 1961","Septellber 25, 1961",
65-HS1-834228961-62-HQ-83894-Section-9.pdf,185,DATE,"Septellber 10, 1961","Septellber 10, 1961",
65-HS1-834228961-62-HQ-83894-Section-9.pdf,186,PERSON,Mr. Stringfield,Mr. Stringfield,
65-HS1-834228961-62-HQ-83894-Section-9.pdf,186,PERSON,Mr. Str,Mr. Str,
65-HS1-834228961-62-HQ-83894-Section-9.pdf,187,PERSON,Mr. Stringfield,Mr. Stringfield,
65-HS1-834228961-62-HQ-83894-Section-9.pdf,187,DATE,"October 2, 1961","October 2, 1961",
65-HS1-834228961-62-HQ-83894-Section-9.pdf,187,DATE,"October 1, 1961","October 1, 1961",
65-HS1-834228961-62-HQ-83894-Section-9.pdf,187,DATE,"September 25, 1961","September 25, 1961",
65-HS1-834228961-62-HQ-83894-Section-9.pdf,188,PERSON,Mr. Stl,Mr. Stl,
65-HS1-834228961-62-HQ-83894-Section-9.pdf,189,PERSON,Mr. Stringt,Mr. Stringt,
65-HS1-834228961-62-HQ-83894-Section-9.pdf,190,PERSON,Mr. Str,Mr. Str,
65-HS1-834228961-62-HQ-83894-Section-9.pdf,190,DATE,"October 2, 1961","October 2, 1961",
65-HS1-834228961-62-HQ-83894-Section-9.pdf,190,DATE,"October 1, 1961","October 1, 1961",
65-HS1-834228961-62-HQ-83894-Section-9.pdf,191,PERSON,Mr. Str,Mr. Str,
65-HS1-834228961-62-HQ-83894-Section-9.pdf,191,DATE,"October 17, 1961","October 17, 1961",
65-HS1-834228961-62-HQ-83894-Section-9.pdf,192,PERSON,Mr. Stritigt,Mr. Stritigt,
65-HS1-834228961-62-HQ-83894-Section-9.pdf,192,PERSON,Mr. Strtng.f',Mr. Strtng.f',
65-HS1-834228961-62-HQ-83894-Section-9.pdf,192,PERSON,Mr. Str,Mr. Str,
65-HS1-834228961-62-HQ-83894-Section-9.pdf,193,PERSON,Mr. Strlllgt,Mr. Strlllgt,
65-HS1-834228961-62-HQ-83894-Section-9.pdf,193,DATE,"October 2, 1961","October 2, 1961",
65-HS1-834228961-62-HQ-83894-Section-9.pdf,194,PERSON,Mr. Sulli,Mr. Sulli,
65-HS1-834228961-62-HQ-83894-Section-9.pdf,194,ORG,FBI,FBI,
65-HS1-834228961-62-HQ-83894-Section-9.pdf,194,DATE,0/2/62,0/2/62,
65-HS1-834228961-62-HQ-83894-Section-9.pdf,194,DATE,10/2/61,10/2/61,
65-HS1-834228961-62-HQ-83894-Section-9.pdf,194,DATE,8/29/52,8/29/52,
65-HS1-834228961-62-HQ-83894-Section-9.pdf,194,DATE,10/1/63,10/1/63,
65-HS1-834228961-62-HQ-83894-Section-9.pdf,196,PERSON,Mr. R,Mr. R,
65-HS1-834228961-62-HQ-83894-Section-9.pdf,196,PERSON,Mr. Mastroberte,Mr. Mastroberte,
65-HS1-834228961-62-HQ-83894-Section-9.pdf,196,ORG,FBI,FBI,
65-HS1-834228961-62-HQ-83894-Section-9.pdf,196,DATE,"June 27, 1963","June 27, 1963",
65-HS1-834228961-62-HQ-83894-Section-9.pdf,200,ORG,FBI,FBI,
65-HS1-834228961-62-HQ-83894-Section-9.pdf,202,PERSON,Mr. John,Mr. John,
65-HS1-834228961-62-HQ-83894-Section-9.pdf,202,PERSON,Mr. Black,Mr. Black,
65-HS1-834228961-62-HQ-83894-Section-9.pdf,202,ORG,OSI,OSI,
65-HS1-834228961-62-HQ-83894-Section-9.pdf,202,DATE,7 July 17,7 July 17,
65-HS1-834228961-62-HQ-83894-Section-9.pdf,202,DATE,"July 10, 1963","July 10, 1963",
65-HS1-834228961-62-HQ-83894-Section-9.pdf,204,PERSON,Mr. Bryant,Mr. Bryant,
65-HS1-834228961-62-HQ-83894-Section-9.pdf,204,ORG,FBI,FBI,
65-HS1-834228961-62-HQ-83894-Section-9.pdf,204,DATE,"September 27, 1963","September 27, 1963",
65-HS1-834228961-62-HQ-83894-Section-9.pdf,204,MARKING,confidential,CONFIDENTIAL,MARKING
65-HS1-834228961-62-HQ-83894-Section-9.pdf,206,ORG,FBI,FBI,
65-HS1-834228961-62-HQ-83894-Section-9.pdf,206,ORG,SAC,SAC,
65-HS1-834228961-62-HQ-83894-Section-9.pdf,206,DATE,9/24/63,9/24/63,
65-HS1-834228961-62-HQ-83894-Section-9.pdf,206,DATE,9/20/63,9/20/63,
65-HS1-834228961-62-HQ-83894-Section-9.pdf,206,DATE,8/7/58,8/7/58,
65-HS1-834228961-62-HQ-83894-Section-9.pdf,206,DATE,2/1/59,2/1/59,
65-HS1-834228961-62-HQ-83894-Section-9.pdf,206,DATE,2/9/59,2/9/59,
65-HS1-834228961-62-HQ-83894-Section-9.pdf,206,DATE,6/15/60,6/15/60,
65-HS1-834228961-62-HQ-83894-Section-9.pdf,206,DATE,8/8/63,8/8/63,
65-HS1-834228961-62-HQ-83894-Section-9.pdf,206,DATE,7/23/63,7/23/63,
65-HS1-834228961-62-HQ-83894-Section-9.pdf,207,PERSON,Mrs. EARLEY,Mrs. EARLEY,
65-HS1-834228961-62-HQ-83894-Section-9.pdf,207,ORG,FBI,FBI,
65-HS1-834228961-62-HQ-83894-Section-9.pdf,207,DATE,9/17/63,9/17/63,
65-HS1-834228961-62-HQ-83894-Section-9.pdf,207,DATE,2/23/38,2/23/38,
65-HS1-834228961-62-HQ-83894-Section-9.pdf,207,DATE,5/22/58,5/22/58,
65-HS1-834228961-62-HQ-83894-Section-9.pdf,207,LOCATOR,Room 206,Room 206,
65-HS1-834228961-62-HQ-83894-Section-9.pdf,208,DATE,9/17/63,9/17/63,
65-HS1-834228961-62-HQ-83894-Section-9.pdf,209,PERSON,Mr. Bryant,Mr. Bryant,
65-HS1-834228961-62-HQ-83894-Section-9.pdf,209,ORG,SAC,SAC,
65-HS1-834228961-62-HQ-83894-Section-9.pdf,209,ORG,FBI,FBI,
65-HS1-834228961-62-HQ-83894-Section-9.pdf,211,PERSON,Mr. Castles,Mr. Castles,
65-HS1-834228961-62-HQ-83894-Section-9.pdf,211,ORG,FBI,FBI,
65-HS1-834228961-62-HQ-83894-Section-9.pdf,211,DATE,"September 17, 1963","September 17, 1963",
65-HS1-834228961-62-HQ-83894-Section-9.pdf,213,ORG,SAC,SAC,
65-HS1-834228961-62-HQ-83894-Section-9.pdf,213,DATE,10/4/63,10/4/63,
65-HS1-834228961-62-HQ-83894-Section-9.pdf,213,DATE,10/2/62,10/2/62,
65-HS1-834228961-62-HQ-83894-Section-9.pdf,217,PERSON,Mr. Montello,Mr. Montello,
65-HS1-834228961-62-HQ-83894-Section-9.pdf,217,DATE,"January 22, 1964","January 22, 1964",
65-HS1-834228961-62-HQ-83894-Section-9.pdf,219,ORG,FBI,FBI,
65-HS1-834228961-62-HQ-83894-Section-9.pdf,219,ORG,CIA,CIA,
65-HS1-834228961-62-HQ-83894-Section-9.pdf,220,ORG,FBI,FBI,
65-HS1-834228961-62-HQ-83894-Section-9.pdf,221,ORG,FBI,FBI,
65-HS1-834228961-62-HQ-83894-Section-9.pdf,221,ORG,OSI,OSI,
65-HS1-834228961-62-HQ-83894-Section-9.pdf,221,DATE,4/27/64,4/27/64,
65-HS1-834228961-62-HQ-83894-Section-9.pdf,224,ORG,FBI,FBI,
65-HS1-834228961-62-HQ-83894-Section-9.pdf,226,ORG,FBI,FBI,
65-HS1-834228961-62-HQ-83894-Section-9.pdf,226,ORG,SAC,SAC,
65-HS1-834228961-62-HQ-83894-Section-9.pdf,228,ORG,FBI,FBI,
65-HS1-834228961-62-HQ-83894-Section-9.pdf,229,ORG,FBI,FBI,
65-HS1-834228961-62-HQ-83894-Section-9.pdf,229,ORG,SAC,SAC,
65-HS1-834228961-62-HQ-83894-Section-9.pdf,231,ORG,FBI,FBI,
65-HS1-834228961-62-HQ-83894-Section-9.pdf,232,ORG,FBI,FBI,
65-HS1-834228961-62-HQ-83894-Section-9.pdf,232,DATE,4/28/64,4/28/64,
65-HS1-834228961-62-HQ-83894-Section-9.pdf,232,DATE,4/25/64,4/25/64,
65-HS1-834228961-62-HQ-83894-Section-9.pdf,233,PERSON,Lt. Col,Lt Col,RANK
65-HS1-834228961-62-HQ-83894-Section-9.pdf,233,ORG,FBI,FBI,
65-HS1-834228961-62-HQ-83894-Section-9.pdf,233,ORG,SAC,SAC,
65-HS1-834228961-62-HQ-83894-Section-9.pdf,233,ORG,OSI,OSI,
65-HS1-834228961-62-HQ-83894-Section-9.pdf,233,DATE,4/28/64,4/28/64,
65-HS1-834228961-62-HQ-83894-Section-9.pdf,233,DATE,4/25/64,4/25/64,
65-HS1-834228961-62-HQ-83894-Section-9.pdf,233,DATE,4/27/64,4/27/64,
65-HS1-834228961-62-HQ-83894-Section-9.pdf,233,DATE,4/26/64,4/26/64,
65-HS1-834228961-62-HQ-83894-Section-9.pdf,235,ORG,FBI,FBI,
65-HS1-834228961-62-HQ-83894-Section-9.pdf,235,DATE,4/27/64,4/27/64,
65-HS1-834228961-62-HQ-83894-Section-9.pdf,235,DATE,4/26/64,4/26/64,
65-HS1-834228961-62-HQ-83894-Section-9.pdf,235,DATE,4/24/64,4/24/64,
65-HS1-834228961-62-HQ-83894-Section-9.pdf,237,ORG,FBI,FBI,
65-HS1-834228961-62-HQ-83894-Section-9.pdf,237,ORG,SAC,SAC,
65-HS1-834228961-62-HQ-83894-Section-9.pdf,237,DATE,5/8/64,5/8/64,
65-HS1-834228961-62-HQ-83894-Section-9.pdf,237,DATE,4/28/64,4/28/64,
65-HS1-834228961-62-HQ-83894-Section-9.pdf,237,DATE,4/24/64,4/24/64,
65-HS1-834228961-62-HQ-83894-Section-9.pdf,237,DATE,4/25/64,4/25/64,
65-HS1-834228961-62-HQ-83894-Section-9.pdf,239,PERSON,Mr. DeLoac,Mr. DeLoac,
65-HS1-834228961-62-HQ-83894-Section-9.pdf,239,PERSON,Mr. Tolson,Mr. Tolson,
65-HS1-834228961-62-HQ-83894-Section-9.pdf,239,PERSON,Mr. DeLoach,Mr. DeLoach,
65-HS1-834228961-62-HQ-83894-Section-9.pdf,239,PERSON,Mr. Sulliv,Mr. Sulliv,
65-HS1-834228961-62-HQ-83894-Section-9.pdf,239,ORG,FBI,FBI,
65-HS1-834228961-62-HQ-83894-Section-9.pdf,241,ORG,FBI,FBI,
65-HS1-834228961-62-HQ-83894-Section-9.pdf,241,DATE,9/17/63,9/17/63,
65-HS1-834228961-62-HQ-83894-Section-9.pdf,241,DATE,2/2/48,2/2/48,
65-HS1-834228961-62-HQ-83894-Section-9.pdf,241,DATE,6/15/60,6/15/60,
65-HS1-834228961-62-HQ-83894-Section-9.pdf,241,DATE,7/23/63,7/23/63,
65-HS1-834228961-62-HQ-83894-Section-9.pdf,241,DATE,9/27/63,9/27/63,
65-HS1-834228961-62-HQ-83894-Section-9.pdf,241,MARKING,confidential,CONFIDENTIAL,MARKING
65-HS1-834228961-62-HQ-83894-Section-9.pdf,245,DATE,"March 13, 1960","March 13, 1960",
65-HS1-834228961-62-HQ-83894-Section-9.pdf,245,MARKING,secret,SECRET,MARKING
65-HS1-834228961-62-HQ-83894-Section-9.pdf,246,PERSON,Col. Frank O. Adams,Col Frank O. Adams,RANK
65-HS1-834228961-62-HQ-83894-Section-9.pdf,246,PERSON,Col. Adams,Col Adams,RANK
65-HS1-834228961-62-HQ-83894-Section-9.pdf,246,PERSON,Col. Adams's,Col Adams's,RANK
65-HS1-834228961-62-HQ-83894-Section-9.pdf,247,PERSON,Mr. Castles,Mr. Castles,
65-HS1-834228961-62-HQ-83894-Section-9.pdf,247,ORG,FBI,FBI,
65-HS1-834228961-62-HQ-83894-Section-9.pdf,247,DATE,"October 10, 1963","October 10, 1963",
65-HS1-834228961-62-HQ-83894-Section-9.pdf,247,DATE,"July 23, 1963","July 23, 1963",
65-HS1-834228961-62-HQ-83894-Section-9.pdf,247,DATE,"August 8, 1963","August 8, 1963",
65-HS1-834228961-62-HQ-83894-Section-9.pdf,248,ORG,SAF-OI,SAF-OI,
65-HS1-834228961-62-HQ-83894-Section-9.pdf,249,PERSON,Col. L. J. M. Mulhall,Col L. J. M. Mulhall,RANK
65-HS1-834228961-62-HQ-83894-Section-9.pdf,249,PERSON,Lt. Col. Robert E. Hervey,Lt Col Robert E. Hervey,RANK
65-HS1-834228961-62-HQ-83894-Section-9.pdf,249,DATE,"March 9, 1964","March 9, 1964",
65-HS1-834228961-62-HQ-83894-Section-9.pdf,249,DATE,"October 3, 1963","October 3, 1963",
65-HS1-834228961-62-HQ-83894-Section-9.pdf,250,PERSON,Mr. Hayden Hewes,Mr. Hayden Hewes,
65-HS1-834228961-62-HQ-83894-Section-9.pdf,250,PERSON,Mr. Hewes,Mr. Hewes,
65-HS1-834228961-62-HQ-83894-Section-9.pdf,250,ORG,FBI,FBI,
65-HS1-834228961-62-HQ-83894-Section-9.pdf,250,DATE,"July 13, 1964","July 13, 1964",
65-HS1-834228961-62-HQ-83894-Section-9.pdf,252,ORG,FBI,FBI,
65-HS1-834228961-62-HQ-83894-Section-9.pdf,254,PERSON,Mr. Charles E,Mr. Charles E,
65-HS1-834228961-62-HQ-83894-Section-9.pdf,254,PERSON,Mr. Bilbo,Mr. Bilbo,
65-HS1-834228961-62-HQ-83894-Section-9.pdf,254,ORG,SAC,SAC,
65-HS1-834228961-62-HQ-83894-Section-9.pdf,254,DATE,"November 16, 1964","November 16, 1964",
65-HS1-834228961-62-HQ-83894-Section-9.pdf,254,MARKING,confidential,CONFIDENTIAL,MARKING
65-HS1-834228961-62-HQ-83894-Section-9.pdf,259,PERSON,Mr. Sullivan,Mr. Sullivan,
65-HS1-834228961-62-HQ-83894-Section-9.pdf,259,ORG,FBI,FBI,
65-HS1-834228961-62-HQ-83894-Section-9.pdf,259,DATE,"January 26, 1965","January 26, 1965",
65-HS1-834228961-62-HQ-83894-Section-9.pdf,261,PERSON,Mr. J. A. Hennessey,Mr. J. A. Hennessey,
65-HS1-834228961-62-HQ-83894-Section-9.pdf,261,DATE,"April 24, 1964","April 24, 1964",
65-HS1-834228961-62-HQ-83894-Section-9.pdf,263,PERSON,Mr. MG'hr Mr Ith,Mr. MG'hr Mr Ith,
65-HS1-834228961-62-HQ-83894-Section-9.pdf,263,PERSON,Mr. AERIAL,Mr. AERIAL,
65-HS1-834228961-62-HQ-83894-Section-9.pdf,263,PERSON,Mr. LONDON,Mr. LONDON,
65-HS1-834228961-62-HQ-83894-Section-9.pdf,263,PERSON,Mr Mr Janaary,Mr Mr Janaary,
65-HS1-834228961-62-HQ-83894-Section-9.pdf,263,ORG,FBI,FBI,
65-HS1-834228961-62-HQ-83894-Section-9.pdf,263,ORG,USAF,USAF,
65-HS1-834228961-62-HQ-83894-Section-9.pdf,263,DATE,"April 26, 1964","April 26, 1964",
65-HS1-834228961-62-HQ-83894-Section-9.pdf,265,PERSON,Mr. Jo,Mr. Jo,
65-HS1-834228961-62-HQ-83894-Section-9.pdf,265,PERSON,Mr. Caldwell,Mr. Caldwell,
65-HS1-834228961-62-HQ-83894-Section-9.pdf,265,DATE,9 February 26,9 February 26,
65-HS1-834228961-62-HQ-83894-Section-9.pdf,267,PERSON,Dr. Talladega,Dr. Talladega,
65-HS1-834228961-62-HQ-83894-Section-9.pdf,267,DATE,"February 21, 1963","February 21, 1963",
65-HS1-834228961-62-HQ-83894-Section-9.pdf,271,PERSON,Mr. Mar,Mr. Mar,
65-HS1-834228961-62-HQ-83894-Section-9.pdf,271,PERSON,Mr. Powell,Mr. Powell,
65-HS1-834228961-62-HQ-83894-Section-9.pdf,271,DATE,"April 28, 1965","April 28, 1965",
65-HS1-834228961-62-HQ-83894-Section-9.pdf,277,ORG,FBI,FBI,
65-HS1-834228961-62-HQ-83894-Section-9.pdf,277,DATE,"April 16, 1968","April 16, 1968",
65-HS1-834228961-62-HQ-83894-Section-9.pdf,279,ORG,Project Blue Book,Project Blue Book,
65-HS1-834228961-62-HQ-83894-Section-9.pdf,279,ORG,FBI,FBI,
65-HS1-834228961-62-HQ-83894-Section-9.pdf,281,PERSON,Mr. Ronnie Fo,Mr. Ronnie Fo,
65-HS1-834228961-62-HQ-83894-Section-9.pdf,281,PERSON,Mr. Fox,Mr. Fox,
65-HS1-834228961-62-HQ-83894-Section-9.pdf,281,ORG,FBI,FBI,
65-HS1-834228961-62-HQ-83894-Section-9.pdf,281,DATE,"July 20, 1966","July 20, 1966",
65-HS1-834228961-62-HQ-83894-Section-9.pdf,285,PERSON,Mr. Gray,Mr. Gray,
65-HS1-834228961-62-HQ-83894-Section-9.pdf,285,ORG,FBI,FBI,
65-HS1-834228961-62-HQ-83894-Section-9.pdf,285,DATE,"July 21, 1966","July 21, 1966",
65-HS1-834228961-62-HQ-83894-Section-9.pdf,287,PERSON,Mr. Hoover,Mr. Hoover,
65-HS1-834228961-62-HQ-83894-Section-9.pdf,287,DATE,"July 16, 1966","July 16, 1966",
65-HS1-834228961-62-HQ-83894-Serial-130.pdf,1,PERSON,Mr. Powell,Mr. Powell,
65-HS1-834228961-62-HQ-83894-Serial-130.pdf,1,DATE,4 Auguet 19,4 Auguet 19,
65-HS1-834228961-62-HQ-83894-Serial-130.pdf,2,PERSON,Mr. Walter,Mr. Walter,
65-HS1-834228961-62-HQ-83894-Serial-130.pdf,2,PERSON,Mr Wlute,Mr Wlute,
65-HS1-834228961-62-HQ-83894-Serial-130.pdf,2,PERSON,Mr Powell,Mr Powell,
65-HS1-834228961-62-HQ-83894-Serial-130.pdf,2,DATE,15 Septeaber 194,15 Septeaber 194,
65-HS1-834228961-62-HQ-83894-Serial-130.pdf,3,PERSON,Mr TJblt,Mr TJblt,
65-HS1-834228961-62-HQ-83894-Serial-130.pdf,3,PERSON,Mr Ponll,Mr Ponll,
65-HS1-834228961-62-HQ-83894-Serial-130.pdf,3,ORG,ADC,ADC,
65-HS1-834228961-62-HQ-83894-Serial-130.pdf,3,DATE,12 September 194,12 September 194,
65-HS1-834228961-62-HQ-83894-Serial-130.pdf,4,PERSON,Mr. A. O. Powell,Mr. A. O. Powell,
65-HS1-834228961-62-HQ-83894-Serial-130.pdf,4,ORG,ADC,ADC,
65-HS1-834228961-62-HQ-83894-Serial-130.pdf,8,DATE,8 Jul 47,8 Jul 47,
65-HS1-834228961-62-HQ-83894-Serial-130.pdf,14,MARKING,RESTRICTED,RESTRICTED,
65-HS1-834228961-62-HQ-83894-Serial-130.pdf,15,DATE,6 Aug 47,6 Aug 47,
65-HS1-834228961-62-HQ-83894-Serial-130.pdf,16,PERSON,Lt. Halllllakar,Lt Halllllakar,RANK
65-HS1-834228961-62-HQ-83894-Serial-130.pdf,16,PERSON,Lt. Hamaker,Lt Hamaker,RANK
65-HS1-834228961-62-HQ-83894-Serial-130.pdf,17,MARKING,RESTRiCTED,RESTRICTED,MARKING
65-HS1-834228961-62-HQ-83894-Serial-130.pdf,18,PERSON,Mr. Mer,Mr. Mer,
65-HS1-834228961-62-HQ-83894-Serial-130.pdf,18,DATE,10 July 1947,10 July 1947,
65-HS1-834228961-62-HQ-83894-Serial-130.pdf,18,DATE,15 July 1947,15 July 1947,
65-HS1-834228961-62-HQ-83894-Serial-130.pdf,19,PERSON,Mr. John Legge,Mr. John Legge,
65-HS1-834228961-62-HQ-83894-Serial-130.pdf,19,PERSON,Mr. Legge,Mr. Legge,
65-HS1-834228961-62-HQ-83894-Serial-130.pdf,19,PERSON,Mr. Evans,Mr. Evans,
65-HS1-834228961-62-HQ-83894-Serial-130.pdf,19,PERSON,Mrs. Samms,Mrs. Samms,
65-HS1-834228961-62-HQ-83894-Serial-130.pdf,19,PERSON,Mr. Legee,Mr. Legee,
65-HS1-834228961-62-HQ-83894-Serial-130.pdf,19,DATE,11 July 1947,11 July 1947,
65-HS1-834228961-62-HQ-83894-Serial-130.pdf,30,DATE,17 July 1947,17 July 1947,
65-HS1-834228961-62-HQ-83894-Serial-130.pdf,30,DATE,10 July 1947,10 July 1947,
65-HS1-834228961-62-HQ-83894-Serial-130.pdf,31,DATE,10 July 1947,10 July 1947,
65-HS1-834228961-62-HQ-83894-Serial-130.pdf,33,PERSON,Mr. Le,Mr. Le,
65-HS1-834228961-62-HQ-83894-Serial-130.pdf,34,PERSON,Mr. John Jae.Iman,Mr. John Jae.Iman,
65-HS1-834228961-62-HQ-83894-Serial-130.pdf,37,DATE,25 August 1947,25 August 1947,
65-HS1-834228961-62-HQ-83894-Serial-130.pdf,37,MARKING,CONFIDENTIAL,CONFIDENTIAL,
65-HS1-834228961-62-HQ-83894-Serial-130.pdf,38,PERSON,Lt. Col. Donald L. Springer,Lt Col Donald L. Springer,RANK
65-HS1-834228961-62-HQ-83894-Serial-130.pdf,38,MARKING,CONFIDENTIAL,CONFIDENTIAL,
65-HS1-834228961-62-HQ-83894-Serial-130.pdf,39,MARKING,CONFIDENTIAL,CONFIDENTIAL,
65-HS1-834228961-62-HQ-83894-Serial-130.pdf,56,DATE,"Julf 12, 1947","Julf 12, 1947",
65-HS1-834228961-62-HQ-83894-Serial-130.pdf,62,MARKING,secret,SECRET,MARKING
65-HS1-834228961-62-HQ-83894-Serial-130.pdf,63,PERSON,Dr. E. Tou.e,Dr. E. Tou.e,
65-HS1-834228961-62-HQ-83894-Serial-130.pdf,63,PERSON,Mr. John,Mr. John,
65-HS1-834228961-62-HQ-83894-Serial-130.pdf,63,PERSON,Mr. Cole,Mr. Cole,
65-HS1-834228961-62-HQ-83894-Serial-130.pdf,63,PERSON,Lt. Col,Lt Col,RANK
65-HS1-834228961-62-HQ-83894-Serial-130.pdf,63,PERSON,Dr. Touae,Dr. Touae,
65-HS1-834228961-62-HQ-83894-Serial-130.pdf,64,PERSON,Dr. B,Dr. B,
65-HS1-834228961-62-HQ-83894-Serial-130.pdf,65,PERSON,Mr. Butler,Mr. Butler,
65-HS1-834228961-62-HQ-83894-Serial-130.pdf,65,DATE,7 July 1947,7 July 1947,
65-HS1-834228961-62-HQ-83894-Serial-130.pdf,68,PERSON,Lt Colonel,Lt Col,RANK
65-HS1-834228961-62-HQ-83894-Serial-130.pdf,75,DATE,28 June 2120,28 June 2120,
65-HS1-834228961-62-HQ-83894-Serial-130.pdf,75,DATE,7 July 1145,7 July 1145,
65-HS1-834228961-62-HQ-83894-Serial-130.pdf,75,DATE,7 July 1430,7 July 1430,
65-HS1-834228961-62-HQ-83894-Serial-130.pdf,75,DATE,10 July 1600,10 July 1600,
65-HS1-834228961-62-HQ-83894-Serial-130.pdf,76,PERSON,Mr. Yehrman,Mr. Yehrman,
65-HS1-834228961-62-HQ-83894-Serial-130.pdf,80,PERSON,Mr D,Mr D,
65-HS1-834228961-62-HQ-83894-Serial-130.pdf,80,ORG,ATIC,ATIC,
65-HS1-834228961-62-HQ-83894-Serial-130.pdf,81,DATE,23 July 1947,23 July 1947,
65-HS1-834228961-62-HQ-83894-Serial-130.pdf,84,PERSON,Lt. Colonel,Lt Col,RANK
65-HS1-834228961-62-HQ-83894-Serial-130.pdf,84,ORG,ADC,ADC,
65-HS1-834228961-62-HQ-83894-Serial-130.pdf,85,PERSON,Mr. Johnaon,Mr. Johnaon,
65-HS1-834228961-62-HQ-83894-Serial-130.pdf,103,ORG,FBI,FBI,
65-HS1-834228961-62-HQ-83894-Serial-130.pdf,106,PERSON,Lt. Col,Lt Col,RANK
65-HS1-834228961-62-HQ-83894-Serial-130.pdf,106,PERSON,Mr. J. R. Bauke,Mr. J. R. Bauke,
65-HS1-834228961-62-HQ-83894-Serial-130.pdf,106,PERSON,Mr. C,Mr. C,
65-HS1-834228961-62-HQ-83894-Serial-130.pdf,106,PERSON,Mr. Iauke. At,Mr. Iauke. At,
65-HS1-834228961-62-HQ-83894-Serial-130.pdf,106,PERSON,Mr. Baulce,Mr. Baulce,
65-HS1-834228961-62-HQ-83894-Serial-130.pdf,106,PERSON,Mr. Zohn,Mr. Zohn,
65-HS1-834228961-62-HQ-83894-Serial-130.pdf,106,DATE,29 June 1947,29 June 1947,
65-HS1-834228961-62-HQ-83894-Serial-130.pdf,107,PERSON,Mr. Zohn,Mr. Zohn,
65-HS1-834228961-62-HQ-83894-Serial-130.pdf,107,DATE,18 July 47,18 July 47,
65-HS1-834228961-62-HQ-83894-Serial-130.pdf,111,DATE,16 July 1947,16 July 1947,
65-HS1-834228961-62-HQ-83894-Serial-130.pdf,112,DATE,16 July 1947,16 July 1947,
65-HS1-834228961-62-HQ-83894-Serial-130.pdf,112,DATE,6 July 191,6 July 191,
65-HS1-834228961-62-HQ-83894-Serial-130.pdf,116,DATE,8 July 47,8 July 47,
65-HS1-834228961-62-HQ-83894-Serial-130.pdf,116,DATE,12 Jul. 47,12 Jul. 47,
65-HS1-834228961-62-HQ-83894-Serial-130.pdf,120,ORG,ATIC,ATIC,
65-HS1-834228961-62-HQ-83894-Serial-130.pdf,121,ORG,CIA,CIA,
65-HS1-834228961-62-HQ-83894-Serial-130.pdf,125,PERSON,Mr. Zimmer,Mr. Zimmer,
65-HS1-834228961-62-HQ-83894-Serial-130.pdf,125,ORG,FBI,FBI,
65-HS1-834228961-62-HQ-83894-Serial-153.pdf,1,ORG,FBI,FBI,
65-HS1-834228961-62-HQ-83894-Serial-164.pdf,1,ORG,FBI,FBI,
65-HS1-834228961-62-HQ-83894-Serial-164.pdf,2,DATE,15 February 1949,15 February 1949,
65-HS1-834228961-62-HQ-83894-Serial-164.pdf,2,DATE,21 January 1948,21 January 1948,
65-HS1-834228961-62-HQ-83894-Serial-164.pdf,2,DATE,25 March 1948,25 March 1948,
65-HS1-834228961-62-HQ-83894-Serial-164.pdf,2,MARKING,RESTRICTED,RESTRICTED,
65-HS1-834228961-62-HQ-83894-Serial-164.pdf,3,MARKING,RESTRICTED,RESTRICTED,
65-HS1-834228961-62-HQ-83894-Serial-164.pdf,4,MARKING,RESTRICTED,RESTRICTED,
65-HS1-834228961-62-HQ-83894-Serial-164.pdf,5,MARKING,RESTRICTED,RESTRICTED,
65-HS1-834228961-62-HQ-83894-Serial-164.pdf,6,MARKING,RESTRICTED,RESTRICTED,
65-HS1-834228961-62-HQ-83894-Serial-164.pdf,7,ORG,FBI,FBI,
65-HS1-834228961-62-HQ-83894-Serial-164.pdf,7,MARKING,RESTRICTED,RESTRICTED,
65-HS1-834228961-62-HQ-83894-Serial-164.pdf,8,ORG,USAF,USAF,
65-HS1-834228961-62-HQ-83894-Serial-164.pdf,8,MARKING,RESTRICTED,RESTRICTED,
65-HS1-834228961-62-HQ-83894-Serial-164.pdf,9,MARKING,RESTRICTED,RESTRICTED,
65-HS1-834228961-62-HQ-83894-Serial-164.pdf,10,DATE,15 February 1949,15 February 1949,
65-HS1-834228961-62-HQ-83894-Serial-164.pdf,10,DATE,21 January 1948,21 January 1948,
65-HS1-834228961-62-HQ-83894-Serial-164.pdf,10,DATE,25 March 1948,25 March 1948,
65-HS1-834228961-62-HQ-83894-Serial-164.pdf,10,MARKING,RESTRICTED,RESTRICTED,
65-HS1-834228961-62-HQ-83894-Serial-164.pdf,11,MARKING,RESTRICTED,RESTRICTED,
65-HS1-834228961-62-HQ-83894-Serial-164.pdf,12,MARKING,RESTRICTED,RESTRICTED,
65-HS1-834228961-62-HQ-83894-Serial-164.pdf,13,MARKING,RESTRICTED,RESTRICTED,
65-HS1-834228961-62-HQ-83894-Serial-164.pdf,14,MARKING,RESTRICTED,RESTRICTED,
65-HS1-834228961-62-HQ-83894-Serial-164.pdf,15,ORG,FBI,FBI,
65-HS1-834228961-62-HQ-83894-Serial-164.pdf,15,MARKING,RESTRICTED,RESTRICTED,
65-HS1-834228961-62-HQ-83894-Serial-164.pdf,16,ORG,USAF,USAF,
65-HS1-834228961-62-HQ-83894-Serial-164.pdf,16,MARKING,RESTRICTED,RESTRICTED,
65-HS1-834228961-62-HQ-83894-Serial-164.pdf,17,MARKING,RESTRICTED,RESTRICTED,
65-HS1-834228961-62-HQ-83894-Serial-164.pdf,18,DATE,15 February 1949,15 February 1949,
65-HS1-834228961-62-HQ-83894-Serial-164.pdf,18,DATE,21 January 1948,21 January 1948,
65-HS1-834228961-62-HQ-83894-Serial-164.pdf,18,DATE,25 March 1948,25 March 1948,
65-HS1-834228961-62-HQ-83894-Serial-164.pdf,18,MARKING,RESTRICTED,RESTRICTED,
65-HS1-834228961-62-HQ-83894-Serial-164.pdf,19,MARKING,RESTRICTED,RESTRICTED,
65-HS1-834228961-62-HQ-83894-Serial-164.pdf,20,MARKING,RESTRICTED,RESTRICTED,
65-HS1-834228961-62-HQ-83894-Serial-164.pdf,21,MARKING,RESTRICTED,RESTRICTED,
65-HS1-834228961-62-HQ-83894-Serial-164.pdf,22,MARKING,RESTRICTED,RESTRICTED,
65-HS1-834228961-62-HQ-83894-Serial-164.pdf,23,ORG,FBI,FBI,
65-HS1-834228961-62-HQ-83894-Serial-164.pdf,23,MARKING,RESTRICTED,RESTRICTED,
65-HS1-834228961-62-HQ-83894-Serial-164.pdf,24,ORG,USAF,USAF,
65-HS1-834228961-62-HQ-83894-Serial-164.pdf,25,MARKING,RESTRICTED,RESTRICTED,
65-HS1-834228961-62-HQ-83894-Serial-164.pdf,26,DATE,21 January 1948,21 January 1948,
65-HS1-834228961-62-HQ-83894-Serial-164.pdf,26,DATE,25 March 1948,25 March 1948,
65-HS1-834228961-62-HQ-83894-Serial-164.pdf,26,MARKING,RESTRICTED,RESTRICTED,
65-HS1-834228961-62-HQ-83894-Serial-164.pdf,27,MARKING,RESTRICTED,RESTRICTED,
65-HS1-834228961-62-HQ-83894-Serial-164.pdf,28,MARKING,RESTRICTED,RESTRICTED,
65-HS1-834228961-62-HQ-83894-Serial-164.pdf,29,MARKING,RESTRICTED,RESTRICTED,
65-HS1-834228961-62-HQ-83894-Serial-164.pdf,30,MARKING,RESTRICTED,RESTRICTED,
65-HS1-834228961-62-HQ-83894-Serial-164.pdf,31,ORG,FBI,FBI,
65-HS1-834228961-62-HQ-83894-Serial-164.pdf,31,MARKING,RESTRICTED,RESTRICTED,
65-HS1-834228961-62-HQ-83894-Serial-164.pdf,32,ORG,USAF,USAF,
65-HS1-834228961-62-HQ-83894-Serial-164.pdf,32,MARKING,RESTRICTED,RESTRICTED,
65-HS1-834228961-62-HQ-83894-Serial-164.pdf,33,MARKING,RESTRICTED,RESTRICTED,
65-HS1-834228961-62-HQ-83894-Serial-164.pdf,34,DATE,15 February 1949,15 February 1949,
65-HS1-834228961-62-HQ-83894-Serial-164.pdf,34,DATE,21 January 1948,21 January 1948,
65-HS1-834228961-62-HQ-83894-Serial-164.pdf,34,DATE,25 March 1948,25 March 1948,
65-HS1-834228961-62-HQ-83894-Serial-164.pdf,34,MARKING,RESTRICTED,RESTRICTED,
65-HS1-834228961-62-HQ-83894-Serial-164.pdf,35,MARKING,RESTRICTED,RESTRICTED,
65-HS1-834228961-62-HQ-83894-Serial-164.pdf,36,MARKING,RESTRICTED,RESTRICTED,
65-HS1-834228961-62-HQ-83894-Serial-164.pdf,37,MARKING,RESTRICTED,RESTRICTED,
65-HS1-834228961-62-HQ-83894-Serial-164.pdf,38,MARKING,RESTRICTED,RESTRICTED,
65-HS1-834228961-62-HQ-83894-Serial-164.pdf,39,ORG,FBI,FBI,
65-HS1-834228961-62-HQ-83894-Serial-164.pdf,39,MARKING,RESTRICTED,RESTRICTED,
65-HS1-834228961-62-HQ-83894-Serial-164.pdf,40,ORG,USAF,USAF,
65-HS1-834228961-62-HQ-83894-Serial-164.pdf,40,MARKING,RESTRICTED,RESTRICTED,
65-HS1-834228961-62-HQ-83894-Serial-164.pdf,41,MARKING,RESTRICTED,RESTRICTED,
65-HS1-834228961-62-HQ-83894-Serial-164.pdf,42,DATE,15 February 1949,15 February 1949,
65-HS1-834228961-62-HQ-83894-Serial-164.pdf,42,DATE,21 January 1948,21 January 1948,
65-HS1-834228961-62-HQ-83894-Serial-164.pdf,42,DATE,25 March 1948,25 March 1948,
65-HS1-834228961-62-HQ-83894-Serial-164.pdf,42,MARKING,RESTRICTED,RESTRICTED,
65-HS1-834228961-62-HQ-83894-Serial-164.pdf,43,MARKING,RESTRICTED,RESTRICTED,
65-HS1-834228961-62-HQ-83894-Serial-164.pdf,44,MARKING,RESTRICTED,RESTRICTED,
65-HS1-834228961-62-HQ-83894-Serial-164.pdf,45,MARKING,RESTRICTED,RESTRICTED,
65-HS1-834228961-62-HQ-83894-Serial-164.pdf,46,MARKING,RESTRICTED,RESTRICTED,
65-HS1-834228961-62-HQ-83894-Serial-164.pdf,47,ORG,FBI,FBI,
65-HS1-834228961-62-HQ-83894-Serial-164.pdf,47,MARKING,RESTRICTED,RESTRICTED,
65-HS1-834228961-62-HQ-83894-Serial-164.pdf,48,ORG,USAF,USAF,
65-HS1-834228961-62-HQ-83894-Serial-164.pdf,48,MARKING,RESTRICTED,RESTRICTED,
65-HS1-834228961-62-HQ-83894-Serial-164.pdf,49,MARKING,RESTRICTED,RESTRICTED,
65-HS1-834228961-62-HQ-83894-Serial-164.pdf,50,DATE,15 February 1949,15 February 1949,
65-HS1-834228961-62-HQ-83894-Serial-164.pdf,50,DATE,25 March 1948,25 March 1948,
65-HS1-834228961-62-HQ-83894-Serial-164.pdf,50,MARKING,RESTRICTED,RESTRICTED,
65-HS1-834228961-62-HQ-83894-Serial-164.pdf,51,MARKING,RESTRICTED,RESTRICTED,
65-HS1-834228961-62-HQ-83894-Serial-164.pdf,52,MARKING,RESTRICTED,RESTRICTED,
65-HS1-834228961-62-HQ-83894-Serial-164.pdf,53,MARKING,RESTRICTED,RESTRICTED,
65-HS1-834228961-62-HQ-83894-Serial-164.pdf,54,MARKING,RESTRICTED,RESTRICTED,
65-HS1-834228961-62-HQ-83894-Serial-164.pdf,55,ORG,FBI,FBI,
65-HS1-834228961-62-HQ-83894-Serial-164.pdf,55,MARKING,RESTRICTED,RESTRICTED,
65-HS1-834228961-62-HQ-83894-Serial-164.pdf,56,ORG,USAF,USAF,
65-HS1-834228961-62-HQ-83894-Serial-164.pdf,56,MARKING,RESTRICTED,RESTRICTED,
65-HS1-834228961-62-HQ-83894-Serial-164.pdf,57,MARKING,RESTRICTED,RESTRICTED,
65-HS1-834228961-62-HQ-83894-Serial-164.pdf,58,DATE,21 January 1948,21 January 1948,
65-HS1-834228961-62-HQ-83894-Serial-164.pdf,58,DATE,25 March 1948,25 March 1948,
65-HS1-834228961-62-HQ-83894-Serial-164.pdf,58,MARKING,RESTRICTED,RESTRICTED,
65-HS1-834228961-62-HQ-83894-Serial-164.pdf,59,MARKING,RESTRICTED,RESTRICTED,
65-HS1-834228961-62-HQ-83894-Serial-164.pdf,60,MARKING,RESTRICTED,RESTRICTED,
65-HS1-834228961-62-HQ-83894-Serial-164.pdf,61,MARKING,RESTRICTED,RESTRICTED,
65-HS1-834228961-62-HQ-83894-Serial-164.pdf,62,MARKING,RESTRICTED,RESTRICTED,
65-HS1-834228961-62-HQ-83894-Serial-164.pdf,63,ORG,FBI,FBI,
65-HS1-834228961-62-HQ-83894-Serial-164.pdf,63,MARKING,RESTRICTED,RESTRICTED,
65-HS1-834228961-62-HQ-83894-Serial-164.pdf,64,ORG,USAF,USAF,
65-HS1-834228961-62-HQ-83894-Serial-164.pdf,64,MARKING,RESTRICTED,RESTRICTED,
65-HS1-834228961-62-HQ-83894-Serial-164.pdf,65,MARKING,RESTRICTED,RESTRICTED,
65-HS1-834228961-62-HQ-83894-Serial-164.pdf,66,DATE,21 January 1948,21 January 1948,
65-HS1-834228961-62-HQ-83894-Serial-164.pdf,66,MARKING,RESTRICTED,RESTRICTED,
65-HS1-834228961-62-HQ-83894-Serial-164.pdf,67,MARKING,RESTRICTED,RESTRICTED,
65-HS1-834228961-62-HQ-83894-Serial-164.pdf,68,MARKING,RESTRICTED,RESTRICTED,
65-HS1-834228961-62-HQ-83894-Serial-164.pdf,69,MARKING,RESTRICTED,RESTRICTED,
65-HS1-834228961-62-HQ-83894-Serial-164.pdf,70,MARKING,RESTRICTED,RESTRICTED,
65-HS1-834228961-62-HQ-83894-Serial-164.pdf,71,ORG,FBI,FBI,
65-HS1-834228961-62-HQ-83894-Serial-164.pdf,71,MARKING,RESTRICTED,RESTRICTED,
65-HS1-834228961-62-HQ-83894-Serial-164.pdf,72,ORG,USAF,USAF,
65-HS1-834228961-62-HQ-83894-Serial-164.pdf,72,MARKING,RESTRICTED,RESTRICTED,
65-HS1-834228961-62-HQ-83894-Serial-164.pdf,73,MARKING,RESTRICTED,RESTRICTED,
65-HS1-834228961-62-HQ-83894-Serial-164.pdf,74,DATE,15 February 1949,15 February 1949,
65-HS1-834228961-62-HQ-83894-Serial-164.pdf,74,DATE,21 January 1948,21 January 1948,
65-HS1-834228961-62-HQ-83894-Serial-164.pdf,74,DATE,25 March 1948,25 March 1948,
65-HS1-834228961-62-HQ-83894-Serial-164.pdf,74,MARKING,RESTRICTED,RESTRICTED,
65-HS1-834228961-62-HQ-83894-Serial-164.pdf,75,MARKING,RESTRICTED,RESTRICTED,
65-HS1-834228961-62-HQ-83894-Serial-164.pdf,76,MARKING,RESTRICTED,RESTRICTED,
65-HS1-834228961-62-HQ-83894-Serial-164.pdf,77,MARKING,RESTRICTED,RESTRICTED,
65-HS1-834228961-62-HQ-83894-Serial-164.pdf,78,MARKING,RESTRICTED,RESTRICTED,
65-HS1-834228961-62-HQ-83894-Serial-164.pdf,79,ORG,FBI,FBI,
65-HS1-834228961-62-HQ-83894-Serial-164.pdf,79,MARKING,RESTRICTED,RESTRICTED,
65-HS1-834228961-62-HQ-83894-Serial-164.pdf,80,ORG,USAF,USAF,
65-HS1-834228961-62-HQ-83894-Serial-164.pdf,80,MARKING,RESTRICTED,RESTRICTED,
65-HS1-834228961-62-HQ-83894-Serial-164.pdf,81,MARKING,RESTRICTED,RESTRICTED,
65-HS1-834228961-62-HQ-83894-Serial-164.pdf,82,DATE,21 January 1948,21 January 1948,
65-HS1-834228961-62-HQ-83894-Serial-164.pdf,82,DATE,25 March 1948,25 March 1948,
65-HS1-834228961-62-HQ-83894-Serial-164.pdf,82,MARKING,RESTRICTED,RESTRICTED,
65-HS1-834228961-62-HQ-83894-Serial-164.pdf,83,MARKING,RESTRICTED,RESTRICTED,
65-HS1-834228961-62-HQ-83894-Serial-164.pdf,84,MARKING,RESTRICTED,RESTRICTED,
65-HS1-834228961-62-HQ-83894-Serial-164.pdf,85,MARKING,RESTRICTED,RESTRICTED,
65-HS1-834228961-62-HQ-83894-Serial-164.pdf,86,MARKING,RESTRICTED,RESTRICTED,
65-HS1-834228961-62-HQ-83894-Serial-164.pdf,87,ORG,FBI,FBI,
65-HS1-834228961-62-HQ-83894-Serial-164.pdf,87,MARKING,RESTRICTED,RESTRICTED,
65-HS1-834228961-62-HQ-83894-Serial-164.pdf,88,ORG,USAF,USAF,
65-HS1-834228961-62-HQ-83894-Serial-164.pdf,88,MARKING,RESTRICTED,RESTRICTED,
65-HS1-834228961-62-HQ-83894-Serial-164.pdf,89,MARKING,RESTRICTED,RESTRICTED,
65-HS1-834228961-62-HQ-83894-Serial-164.pdf,90,DATE,15 February 1949,15 February 1949,
65-HS1-834228961-62-HQ-83894-Serial-164.pdf,90,DATE,21 January 1948,21 January 1948,
65-HS1-834228961-62-HQ-83894-Serial-164.pdf,90,DATE,25 March 1948,25 March 1948,
65-HS1-834228961-62-HQ-83894-Serial-164.pdf,90,MARKING,RESTRICTED,RESTRICTED,
65-HS1-834228961-62-HQ-83894-Serial-164.pdf,91,MARKING,RESTRICTED,RESTRICTED,
65-HS1-834228961-62-HQ-83894-Serial-164.pdf,92,MARKING,RESTRICTED,RESTRICTED,
65-HS1-834228961-62-HQ-83894-Serial-164.pdf,93,MARKING,RESTRICTED,RESTRICTED,
65-HS1-834228961-62-HQ-83894-Serial-164.pdf,94,MARKING,RESTRICTED,RESTRICTED,
65-HS1-834228961-62-HQ-83894-Serial-164.pdf,95,ORG,FBI,FBI,
65-HS1-834228961-62-HQ-83894-Serial-164.pdf,95,MARKING,RESTRICTED,RESTRICTED,
65-HS1-834228961-62-HQ-83894-Serial-164.pdf,96,ORG,USAF,USAF,
65-HS1-834228961-62-HQ-83894-Serial-164.pdf,96,MARKING,RESTRICTED,RESTRICTED,
65-HS1-834228961-62-HQ-83894-Serial-164.pdf,97,MARKING,RESTRICTED,RESTRICTED,
65-HS1-834228961-62-HQ-83894-Serial-164.pdf,98,DATE,16 February 1949,16 February 1949,
65-HS1-834228961-62-HQ-83894-Serial-164.pdf,98,DATE,21 January 1948,21 January 1948,
65-HS1-834228961-62-HQ-83894-Serial-164.pdf,98,DATE,25 March 1948,25 March 1948,
65-HS1-834228961-62-HQ-83894-Serial-164.pdf,98,MARKING,RESTRICTED,RESTRICTED,
65-HS1-834228961-62-HQ-83894-Serial-164.pdf,100,MARKING,RESTRICTED,RESTRICTED,
65-HS1-834228961-62-HQ-83894-Serial-164.pdf,101,MARKING,RESTRICTED,RESTRICTED,
65-HS1-834228961-62-HQ-83894-Serial-164.pdf,102,MARKING,RESTRICTED,RESTRICTED,
65-HS1-834228961-62-HQ-83894-Serial-164.pdf,103,ORG,FBI,FBI,
65-HS1-834228961-62-HQ-83894-Serial-164.pdf,103,MARKING,RESTRICTED,RESTRICTED,
65-HS1-834228961-62-HQ-83894-Serial-164.pdf,104,ORG,USAF,USAF,
65-HS1-834228961-62-HQ-83894-Serial-164.pdf,104,MARKING,RESTRICTED,RESTRICTED,
65-HS1-834228961-62-HQ-83894-Serial-164.pdf,105,MARKING,RESTRICTED,RESTRICTED,
65-HS1-834228961-62-HQ-83894-Serial-164.pdf,106,DATE,15 February 1949,15 February 1949,
65-HS1-834228961-62-HQ-83894-Serial-164.pdf,106,DATE,21 January 1948,21 January 1948,
65-HS1-834228961-62-HQ-83894-Serial-164.pdf,106,DATE,25 March 1948,25 March 1948,
65-HS1-834228961-62-HQ-83894-Serial-164.pdf,106,MARKING,RESTRICTED,RESTRICTED,
65-HS1-834228961-62-HQ-83894-Serial-164.pdf,107,MARKING,RESTRICTED,RESTRICTED,
65-HS1-834228961-62-HQ-83894-Serial-164.pdf,108,MARKING,RESTRICTED,RESTRICTED,
65-HS1-834228961-62-HQ-83894-Serial-164.pdf,109,MARKING,RESTRICTED,RESTRICTED,
65-HS1-834228961-62-HQ-83894-Serial-164.pdf,111,ORG,FBI,FBI,
65-HS1-834228961-62-HQ-83894-Serial-164.pdf,111,MARKING,RESTRICTED,RESTRICTED,
65-HS1-834228961-62-HQ-83894-Serial-164.pdf,112,ORG,USAF,USAF,
65-HS1-834228961-62-HQ-83894-Serial-164.pdf,112,MARKING,RESTRICTED,RESTRICTED,
65-HS1-834228961-62-HQ-83894-Serial-164.pdf,113,MARKING,RESTRICTED,RESTRICTED,
65-HS1-834228961-62-HQ-83894-Serial-164.pdf,114,DATE,15 February 1949,15 February 1949,
65-HS1-834228961-62-HQ-83894-Serial-164.pdf,114,DATE,21 January 1948,21 January 1948,
65-HS1-834228961-62-HQ-83894-Serial-164.pdf,114,DATE,25 March 1948,25 March 1948,
65-HS1-834228961-62-HQ-83894-Serial-164.pdf,114,MARKING,RESTRICTED,RESTRICTED,
65-HS1-834228961-62-HQ-83894-Serial-164.pdf,115,MARKING,RESTRICTED,RESTRICTED,
65-HS1-834228961-62-HQ-83894-Serial-164.pdf,116,MARKING,RESTRICTED,RESTRICTED,
65-HS1-834228961-62-HQ-83894-Serial-164.pdf,117,MARKING,RESTRICTED,RESTRICTED,
65-HS1-834228961-62-HQ-83894-Serial-164.pdf,118,MARKING,RESTRICTED,RESTRICTED,
65-HS1-834228961-62-HQ-83894-Serial-164.pdf,119,ORG,FBI,FBI,
65-HS1-834228961-62-HQ-83894-Serial-164.pdf,119,MARKING,RESTRICTED,RESTRICTED,
65-HS1-834228961-62-HQ-83894-Serial-164.pdf,120,ORG,USAF,USAF,
65-HS1-834228961-62-HQ-83894-Serial-164.pdf,120,MARKING,RESTRICTED,RESTRICTED,
65-HS1-834228961-62-HQ-83894-Serial-164.pdf,121,MARKING,RESTRICTED,RESTRICTED,
65-HS1-834228961-62-HQ-83894-Serial-164.pdf,122,DATE,21 January 1948,21 January 1948,
65-HS1-834228961-62-HQ-83894-Serial-164.pdf,122,DATE,25 March 1948,25 March 1948,
65-HS1-834228961-62-HQ-83894-Serial-164.pdf,122,MARKING,RESTRICTED,RESTRICTED,
65-HS1-834228961-62-HQ-83894-Serial-164.pdf,123,MARKING,RESTRICTED,RESTRICTED,
65-HS1-834228961-62-HQ-83894-Serial-164.pdf,124,MARKING,RESTRICTED,RESTRICTED,
65-HS1-834228961-62-HQ-83894-Serial-164.pdf,125,MARKING,RESTRICTED,RESTRICTED,
65-HS1-834228961-62-HQ-83894-Serial-164.pdf,126,MARKING,RESTRICTED,RESTRICTED,
65-HS1-834228961-62-HQ-83894-Serial-164.pdf,127,ORG,FBI,FBI,
65-HS1-834228961-62-HQ-83894-Serial-164.pdf,127,MARKING,RESTRICTED,RESTRICTED,
65-HS1-834228961-62-HQ-83894-Serial-164.pdf,128,ORG,USAF,USAF,
65-HS1-834228961-62-HQ-83894-Serial-164.pdf,128,MARKING,RESTRICTED,RESTRICTED,
65-HS1-834228961-62-HQ-83894-Serial-164.pdf,129,MARKING,RESTRICTED,RESTRICTED,
65-HS1-834228961-62-HQ-83894-Serial-164.pdf,130,DATE,15 February 1949,15 February 1949,
65-HS1-834228961-62-HQ-83894-Serial-164.pdf,130,DATE,21 January 1948,21 January 1948,
65-HS1-834228961-62-HQ-83894-Serial-164.pdf,130,DATE,25 March 1948,25 March 1948,
65-HS1-834228961-62-HQ-83894-Serial-164.pdf,130,MARKING,RESTRICTED,RESTRICTED,
65-HS1-834228961-62-HQ-83894-Serial-164.pdf,131,MARKING,RESTRICTED,RESTRICTED,
65-HS1-834228961-62-HQ-83894-Serial-164.pdf,132,MARKING,RESTRICTED,RESTRICTED,
65-HS1-834228961-62-HQ-83894-Serial-164.pdf,133,MARKING,RESTRICTED,RESTRICTED,
65-HS1-834228961-62-HQ-83894-Serial-164.pdf,134,MARKING,RESTRICTED,RESTRICTED,
65-HS1-834228961-62-HQ-83894-Serial-164.pdf,135,ORG,FBI,FBI,
65-HS1-834228961-62-HQ-83894-Serial-164.pdf,135,MARKING,RESTRICTED,RESTRICTED,
65-HS1-834228961-62-HQ-83894-Serial-164.pdf,136,ORG,USAF,USAF,
65-HS1-834228961-62-HQ-83894-Serial-164.pdf,136,MARKING,RESTRICTED,RESTRICTED,
65-HS1-834228961-62-HQ-83894-Serial-164.pdf,137,MARKING,RESTRICTED,RESTRICTED,
65-HS1-834228961-62-HQ-83894-Serial-220.pdf,1,ORG,FBI,FBI,
65-HS1-834228961-62-HQ-83894-Serial-220.pdf,2,PERSON,Mr. President,Mr. President,
65-HS1-834228961-62-HQ-83894-Serial-220.pdf,2,DATE,"March 19, 1950","March 19, 1950",
65-HS1-834228961-62-HQ-83894-Serial-220.pdf,4,PERSON,Mrs. Sophia Saliba,Mrs. Sophia Saliba,
65-HS1-834228961-62-HQ-83894-Serial-220.pdf,5,PERSON,Mr. German Horacio,Mr. German Horacio,
65-HS1-834228961-62-HQ-83894-Serial-220.pdf,5,PERSON,Mr. Robles Jr,Mr. Robles Jr,
65-HS1-834228961-62-HQ-83894-Serial-220.pdf,5,PERSON,Mrs. Sophia Saliba,Mrs. Sophia Saliba,
65-HS1-834228961-62-HQ-83894-Serial-403.pdf,2,PERSON,Mr. Barker,Mr. Barker,
65-HS1-834228961-62-HQ-83894-Serial-403.pdf,2,PERSON,Mr. Barker's,Mr. Barker's,
65-HS1-834228961-62-HQ-83894-Serial-403.pdf,3,PERSON,Mr. Barker,Mr. Barker,
65-HS1-834228961-62-HQ-83894-Serial-438.pdf,1,ORG,FBI,FBI,
65-HS1-834228961-62-HQ-83894-Serial-438.pdf,5,DATE,"April 24, 1964","April 24, 1964",
65-HS1-834228961-62-HQ-83894-Serial-438.pdf,8,DATE,"May 8, 1964","May 8, 1964",
65-HS1-834228961-62-HQ-83894-Serial-438.pdf,8,DATE,"April 24, 1964","April 24, 1964",
65-HS1-834228961-62-HQ-83894-Serial-438.pdf,8,DATE,"April 25, 1964","April 25, 1964",
65-HS1-834228961-62-HQ-83894-Serial-449.pdf,1,ORG,FBI,FBI,
65-HS1-834228961-62-HQ-83894-Serial-449.pdf,2,PERSON,Mr. JARVIS H. COOPER,Mr. JARVIS H. COOPER,
65-HS1-834228961-62-HQ-83894-Serial-449.pdf,2,PERSON,Mr. COOPER,Mr. COOPER,
65-HS1-834228961-62-HQ-83894-Serial-449.pdf,2,ORG,SAC,SAC,
65-HS1-834228961-62-HQ-83894-Serial-449.pdf,2,DATE,10/3/66,10/3/66,
65-HS1-834228961-62-HQ-83894-Serial-449.pdf,2,DATE,9/22/66,9/22/66,
65-HS1-834228961-62-HQ-83894-Serial-449.pdf,2,DATE,5/4/66,5/4/66,
65-HS1-834228961-62-HQ-83894-Serial-449.pdf,3,ORG,AFSC,AFSC,
65-HS1-834228961-62-HQ-83894-Serial-449.pdf,4,PERSON,Mr. Kennedy,Mr. Kennedy,
65-HS1-834228961-62-HQ-83894-Serial-449.pdf,4,ORG,AFSC,AFSC,
65-HS1-834228961-62-HQ-83894-Serial-449.pdf,4,DATE,"May 4, 1966","May 4, 1966",
65-HS1-834228961-62-HQ-83894-Serial-449.pdf,5,PERSON,Dr. Raymond Bernard,Dr. Raymond Bernard,
65-HS1-834228961-62-HQ-83894-Serial-449.pdf,5,PERSON,Dr. Daniel W. Fry's Man,Dr. Daniel W. Fry's Man,
65-HS1-834228961-62-HQ-83894-Serial-449.pdf,5,PERSON,Mrs. Willsie,Mrs. Willsie,
65-HS1-834228961-62-HQ-83894-Serial-449.pdf,5,PERSON,Mrs. Roberta T. Seattle Public,Mrs. Roberta T. Seattle Public,
65-HS1-834228961-62-HQ-83894-Serial-449.pdf,5,PERSON,Mr. Leverett,Mr. Leverett,
65-HS1-834228961-62-HQ-83894-Serial-449.pdf,5,PERSON,Mrs. Lee Yates. Phone,Mrs. Lee Yates. Phone,
65-HS1-834228961-62-HQ-83894-Serial-449.pdf,5,ORG,AFSC,AFSC,
65-HS1-834228961-62-HQ-83894-Serial-449.pdf,5,DATE,"June 4, 1966","June 4, 1966",
65-HS1-834228961-62-HQ-83894-Serial-449.pdf,5,DATE,"June 23, 1966","June 23, 1966",
65-HS1-834228961-62-HQ-83894-Serial-449.pdf,5,DATE,"April 24, 1964","April 24, 1964",
65-HS1-834228961-62-HQ-83894-Serial-449.pdf,5,DATE,"June 25, 1965","June 25, 1965",
65-HS1-834228961-62-HQ-83894-Serial-449.pdf,5,LOCATOR,Room 325,Room 325,
65-HS1-834228961-62-HQ-83894-Serial-449.pdf,5,MARKING,SECRET,SECRET,
65-HS1-834228961-62-HQ-83894-Serial-449.pdf,6,PERSON,Dr. Daniel W. Fry,Dr. Daniel W. Fry,
65-HS1-834228961-62-HQ-83894-Serial-449.pdf,6,PERSON,Dr. Frank E. Stranges,Dr. Frank E. Stranges,
65-HS1-834228961-62-HQ-83894-Serial-449.pdf,6,ORG,AFSC,AFSC,
65-HS1-834228961-62-HQ-83894-Serial-449.pdf,8,ORG,AFSC,AFSC,
65-HS1-834228961-62-HQ-83894-Serial-449.pdf,8,MARKING,Secret,SECRET,MARKING
65-HS1-834228961-62-HQ-83894-Serial-449.pdf,9,PERSON,Mrs. Lorena Vogt,Mrs. Lorena Vogt,
65-HS1-834228961-62-HQ-83894-Serial-449.pdf,9,PERSON,Dr. Maria Elliott,Dr. Maria Elliott,
65-HS1-834228961-62-HQ-83894-Serial-449.pdf,9,PERSON,Dr. King,Dr. King,
65-HS1-834228961-62-HQ-83894-Serial-449.pdf,9,ORG,AFSC,AFSC,
65-HS1-834228961-62-HQ-83894-Serial-449.pdf,9,DATE,"October 25, 1965","October 25, 1965",
65-HS1-834228961-62-HQ-83894-Serial-449.pdf,9,DATE,"Sept. 10, 1965","Sept. 10, 1965",
65-HS1-834228961-62-HQ-83894-Serial-449.pdf,9,DATE,"March 5, 1966","March 5, 1966",
65-HS1-834228961-62-HQ-83894-Serial-449.pdf,10,PERSON,Mrs. Rassetl Scrivner,Mrs. Rassetl Scrivner,
65-HS1-834228961-62-HQ-83894-Serial-449.pdf,11,ORG,AFSC,AFSC,
65-HS1-834228961-62-HQ-83894-Serial-449.pdf,12,PERSON,Dr. Daniel W. Fry,Dr. Daniel W. Fry,
65-HS1-834228961-62-HQ-83894-Serial-449.pdf,14,PERSON,Dr. J. Allen Hynek,Dr. J. Allen Hynek,
65-HS1-834228961-62-HQ-83894-Serial-449.pdf,14,PERSON,Dr. Hynek,Dr. Hynek,
65-HS1-834228961-62-HQ-83894-Serial-449.pdf,14,PERSON,Mr. Salisbury,Mr. Salisbury,
65-HS1-834228961-62-HQ-83894-Serial-449.pdf,14,PERSON,Mr. Bre.actlc,Mr. Bre.actlc,
65-HS1-834228961-62-HQ-83894-Serial-449.pdf,14,PERSON,Mr. Bttuelte,Mr. Bttuelte,
65-HS1-834228961-62-HQ-83894-Serial-449.pdf,14,PERSON,Mr. Green,Mr. Green,
65-HS1-834228961-62-HQ-83894-Serial-449.pdf,14,PERSON,Mr. Bressette,Mr. Bressette,
65-HS1-834228961-62-HQ-83894-Serial-449.pdf,14,PERSON,Sgt. David Tellotson,Sgt David Tellotson,RANK
65-HS1-834228961-62-HQ-83894-Serial-449.pdf,14,PERSON,Mr. Menzel,Mr. Menzel,
65-HS1-834228961-62-HQ-83894-Serial-449.pdf,14,ORG,Project Blue Book,Project Blue Book,
65-HS1-834228961-62-HQ-83894-Serial-449.pdf,14,ORG,NICAP,NICAP,
65-HS1-834228961-62-HQ-83894-Serial-449.pdf,17,PERSON,Dr. George White,Dr. George White,
65-HS1-834228961-62-HQ-83894-Serial-449.pdf,17,PERSON,Dr. John,Dr. John,
65-HS1-834228961-62-HQ-83894-Serial-449.pdf,17,PERSON,Dr. Fr,Dr. Fr,
65-HS1-834228961-62-HQ-83894-Serial-449.pdf,17,PERSON,Dr Al.Ian,Dr Al.Ian,
65-HS1-834228961-62-HQ-83894-Serial-449.pdf,17,ORG,NICAP,NICAP,
65-HS1-834228961-62-HQ-83894-Serial-449.pdf,17,ORG,AFSC,AFSC,
65-HS1-834228961-62-HQ-83894-Serial-449.pdf,17,DATE,"Jan. 15, 1966","Jan. 15, 1966",
DOS-UAP-D1-Cable-1-Papua-New-Guinea-January-1985.pdf,1,ORG,CIA,CIA,
DOS-UAP-D1-Cable-1-Papua-New-Guinea-January-1985.pdf,1,ORG,NSA,NSA,
DOS-UAP-D1-Cable-1-Papua-New-Guinea-January-1985.pdf,1,DATE,3/2/20,3/2/20,
DOS-UAP-D1-Cable-1-Papua-New-Guinea-January-1985.pdf,1,DATE,"Jan 28, 1985","Jan 28, 1985",
DOS-UAP-D1-Cable-1-Papua-New-Guinea-January-1985.pdf,1,MARKING,UNCLASSIFIED,UNCLASSIFIED,
DOS-UAP-D1-Cable-1-Papua-New-Guinea-January-1985.pdf,2,DATE,3/2/2026,3/2/2026,
DOS-UAP-D1-Cable-1-Papua-New-Guinea-January-1985.pdf,2,MARKING,UNCLASSIFIED,UNCLASSIFIED,
DOS-UAP-D1-Cable-1-Papua-New-Guinea-January-1985.pdf,3,DATE,3/2/20,3/2/20,
DOS-UAP-D1-Cable-1-Papua-New-Guinea-January-1985.pdf,3,MARKING,UNCLASSIFIED,UNCLASSIFIED,
DOS-UAP-D2-Cable-2-Kazakhstan-January-1994.pdf,1,ORG,NSA,NSA,
DOS-UAP-D2-Cable-2-Kazakhstan-January-1994.pdf,1,ORG,CIA,CIA,
DOS-UAP-D2-Cable-2-Kazakhstan-January-1994.pdf,1,DATE,3/2/2026,3/2/2026,
DOS-UAP-D2-Cable-2-Kazakhstan-January-1994.pdf,1,DATE,"Jan 31, 1994","Jan 31, 1994",
DOS-UAP-D2-Cable-2-Kazakhstan-January-1994.pdf,1,DATE,2/25/2026,2/25/2026,
DOS-UAP-D2-Cable-2-Kazakhstan-January-1994.pdf,1,MARKING,UNCLASSIFIED,UNCLASSIFIED,
DOS-UAP-D2-Cable-2-Kazakhstan-January-1994.pdf,2,DATE,3/2/20,3/2/20,
DOS-UAP-D2-Cable-2-Kazakhstan-January-1994.pdf,2,MARKING,UNCLASSIFIED,UNCLASSIFIED,
DOS-UAP-D2-Cable-2-Kazakhstan-January-1994.pdf,3,DATE,3/2/20,3/2/20,
DOS-UAP-D2-Cable-2-Kazakhstan-January-1994.pdf,3,MARKING,UNCLASSIFIED,UNCLASSIFIED,
DOW-UAP-D10-Mission-Report-Middle-East-May-2022.pdf,1,DATE,7 October 2025,7 October 2025,
DOW-UAP-D10-Mission-Report-Middle-East-May-2022.pdf,1,DATE,10/20/25,10/20/25,
DOW-UAP-D10-Mission-Report-Middle-East-May-2022.pdf,1,MARKING,Declassified,DECLASSIFIED,MARKING
DOW-UAP-D10-Mission-Report-Middle-East-May-2022.pdf,1,MARKING,SECRET,SECRET,
DOW-UAP-D10-Mission-Report-Middle-East-May-2022.pdf,2,DATE,7 October 2025,7 October 2025,
DOW-UAP-D10-Mission-Report-Middle-East-May-2022.pdf,2,DATE,10/20/25,10/20/25,
DOW-UAP-D10-Mission-Report-Middle-East-May-2022.pdf,2,MARKING,Declassified,DECLASSIFIED,MARKING
DOW-UAP-D10-Mission-Report-Middle-East-May-2022.pdf,2,MARKING,SECRET,SECRET,
DOW-UAP-D10-Mission-Report-Middle-East-May-2022.pdf,3,DATE,7 October 2025,7 October 2025,
DOW-UAP-D10-Mission-Report-Middle-East-May-2022.pdf,3,DATE,10/20/25,10/20/25,
DOW-UAP-D10-Mission-Report-Middle-East-May-2022.pdf,3,MARKING,Declassified,DECLASSIFIED,MARKING
DOW-UAP-D10-Mission-Report-Middle-East-May-2022.pdf,3,MARKING,SECRET,SECRET,
DOW-UAP-D10-Mission-Report-Middle-East-May-2022.pdf,4,DATE,7 October 2025,7 October 2025,
DOW-UAP-D10-Mission-Report-Middle-East-May-2022.pdf,4,DATE,10/20/25,10/20/25,
DOW-UAP-D10-Mission-Report-Middle-East-May-2022.pdf,4,MARKING,Declassified,DECLASSIFIED,MARKING
DOW-UAP-D10-Mission-Report-Middle-East-May-2022.pdf,4,MARKING,SECRET,SECRET,
DOW-UAP-D10-Mission-Report-Middle-East-May-2022.pdf,5,DATE,7 October 2025,7 October 2025,
DOW-UAP-D10-Mission-Report-Middle-East-May-2022.pdf,5,DATE,10/20/25,10/20/25,
DOW-UAP-D10-Mission-Report-Middle-East-May-2022.pdf,5,MARKING,Declassified,DECLASSIFIED,MARKING
DOW-UAP-D10-Mission-Report-Middle-East-May-2022.pdf,5,MARKING,SECRET,SECRET,
DOW-UAP-D10-Mission-Report-Middle-East-May-2022.pdf,6,DATE,7 October 2025,7 October 2025,
DOW-UAP-D10-Mission-Report-Middle-East-May-2022.pdf,6,DATE,10/20/25,10/20/25,
DOW-UAP-D10-Mission-Report-Middle-East-May-2022.pdf,6,MARKING,Declassified,DECLASSIFIED,MARKING
DOW-UAP-D10-Mission-Report-Middle-East-May-2022.pdf,6,MARKING,SECRET,SECRET,
DOW-UAP-D12-Mission-Report-Iraq-May-2022.pdf,1,DATE,8 October 2025,8 October 2025,
DOW-UAP-D12-Mission-Report-Iraq-May-2022.pdf,1,DATE,10/17/25,10/17/25,
DOW-UAP-D12-Mission-Report-Iraq-May-2022.pdf,1,MARKING,Declassified,DECLASSIFIED,MARKING
DOW-UAP-D12-Mission-Report-Iraq-May-2022.pdf,1,MARKING,SECRET,SECRET,
DOW-UAP-D12-Mission-Report-Iraq-May-2022.pdf,2,DATE,8 October 2025,8 October 2025,
DOW-UAP-D12-Mission-Report-Iraq-May-2022.pdf,2,DATE,10/17/25,10/17/25,
DOW-UAP-D12-Mission-Report-Iraq-May-2022.pdf,2,MARKING,Declassified,DECLASSIFIED,MARKING
DOW-UAP-D12-Mission-Report-Iraq-May-2022.pdf,2,MARKING,SECRET,SECRET,
DOW-UAP-D12-Mission-Report-Iraq-May-2022.pdf,3,DATE,8 October 2025,8 October 2025,
DOW-UAP-D12-Mission-Report-Iraq-May-2022.pdf,3,DATE,10/17/25,10/17/25,
DOW-UAP-D12-Mission-Report-Iraq-May-2022.pdf,3,MARKING,Declassified,DECLASSIFIED,MARKING
DOW-UAP-D12-Mission-Report-Iraq-May-2022.pdf,3,MARKING,SECRET,SECRET,
DOW-UAP-D12-Mission-Report-Iraq-May-2022.pdf,4,DATE,8 October 2025,8 October 2025,
DOW-UAP-D12-Mission-Report-Iraq-May-2022.pdf,4,DATE,10/17/25,10/17/25,
DOW-UAP-D12-Mission-Report-Iraq-May-2022.pdf,4,MARKING,Declassified,DECLASSIFIED,MARKING
DOW-UAP-D12-Mission-Report-Iraq-May-2022.pdf,4,MARKING,SECRET,SECRET,
DOW-UAP-D12-Mission-Report-Iraq-May-2022.pdf,5,DATE,8 October 2025,8 October 2025,
DOW-UAP-D12-Mission-Report-Iraq-May-2022.pdf,5,DATE,10/17/25,10/17/25,
DOW-UAP-D12-Mission-Report-Iraq-May-2022.pdf,5,MARKING,Declassified,DECLASSIFIED,MARKING
DOW-UAP-D12-Mission-Report-Iraq-May-2022.pdf,5,MARKING,SECRET,SECRET,
DOW-UAP-D12-Mission-Report-Iraq-May-2022.pdf,6,DATE,8 October 2025,8 October 2025,
DOW-UAP-D12-Mission-Report-Iraq-May-2022.pdf,6,DATE,10/17/25,10/17/25,
DOW-UAP-D12-Mission-Report-Iraq-May-2022.pdf,6,MARKING,Declassified,DECLASSIFIED,MARKING
DOW-UAP-D12-Mission-Report-Iraq-May-2022.pdf,6,MARKING,SECRET,SECRET,
DOW-UAP-D14-Mission-Report-Iraq-May-2022.pdf,1,DATE,8 October 2025,8 October 2025,
DOW-UAP-D14-Mission-Report-Iraq-May-2022.pdf,1,DATE,10/17/25,10/17/25,
DOW-UAP-D14-Mission-Report-Iraq-May-2022.pdf,1,MARKING,Declassified,DECLASSIFIED,MARKING
DOW-UAP-D14-Mission-Report-Iraq-May-2022.pdf,1,MARKING,SECRET,SECRET,
DOW-UAP-D14-Mission-Report-Iraq-May-2022.pdf,2,DATE,8 October 2025,8 October 2025,
DOW-UAP-D14-Mission-Report-Iraq-May-2022.pdf,2,DATE,10/17/25,10/17/25,
DOW-UAP-D14-Mission-Report-Iraq-May-2022.pdf,2,MARKING,Declassified,DECLASSIFIED,MARKING
DOW-UAP-D14-Mission-Report-Iraq-May-2022.pdf,2,MARKING,SECRET,SECRET,
DOW-UAP-D14-Mission-Report-Iraq-May-2022.pdf,3,DATE,8 October 2025,8 October 2025,
DOW-UAP-D14-Mission-Report-Iraq-May-2022.pdf,3,DATE,10/17/25,10/17/25,
DOW-UAP-D14-Mission-Report-Iraq-May-2022.pdf,3,MARKING,Declassified,DECLASSIFIED,MARKING
DOW-UAP-D14-Mission-Report-Iraq-May-2022.pdf,3,MARKING,SECRET,SECRET,
DOW-UAP-D14-Mission-Report-Iraq-May-2022.pdf,4,DATE,8 October 2025,8 October 2025,
DOW-UAP-D14-Mission-Report-Iraq-May-2022.pdf,4,DATE,10/17/25,10/17/25,
DOW-UAP-D14-Mission-Report-Iraq-May-2022.pdf,4,MARKING,Declassified,DECLASSIFIED,MARKING
DOW-UAP-D14-Mission-Report-Iraq-May-2022.pdf,4,MARKING,SECRET,SECRET,
DOW-UAP-D14-Mission-Report-Iraq-May-2022.pdf,5,DATE,8 October 2025,8 October 2025,
DOW-UAP-D14-Mission-Report-Iraq-May-2022.pdf,5,DATE,10/17/25,10/17/25,
DOW-UAP-D14-Mission-Report-Iraq-May-2022.pdf,5,MARKING,Declassified,DECLASSIFIED,MARKING
DOW-UAP-D14-Mission-Report-Iraq-May-2022.pdf,5,MARKING,SECRET,SECRET,
DOW-UAP-D14-Mission-Report-Iraq-May-2022.pdf,6,ORG,OSI,OSI,
DOW-UAP-D14-Mission-Report-Iraq-May-2022.pdf,6,DATE,8 October 2025,8 October 2025,
DOW-UAP-D14-Mission-Report-Iraq-May-2022.pdf,6,DATE,10/17/25,10/17/25,
DOW-UAP-D14-Mission-Report-Iraq-May-2022.pdf,6,MARKING,Declassified,DECLASSIFIED,MARKING
DOW-UAP-D14-Mission-Report-Iraq-May-2022.pdf,7,DATE,8 October 2025,8 October 2025,
DOW-UAP-D14-Mission-Report-Iraq-May-2022.pdf,7,DATE,10/17/25,10/17/25,
DOW-UAP-D14-Mission-Report-Iraq-May-2022.pdf,7,MARKING,Declassified,DECLASSIFIED,MARKING
DOW-UAP-D14-Mission-Report-Iraq-May-2022.pdf,7,MARKING,SECRET,SECRET,
DOW-UAP-D14-Mission-Report-Iraq-May-2022.pdf,8,DATE,8 October 2025,8 October 2025,
DOW-UAP-D14-Mission-Report-Iraq-May-2022.pdf,8,DATE,10/17/25,10/17/25,
DOW-UAP-D14-Mission-Report-Iraq-May-2022.pdf,8,MARKING,Declassified,DECLASSIFIED,MARKING
DOW-UAP-D14-Mission-Report-Iraq-May-2022.pdf,8,MARKING,SECRET,SECRET,
DOW-UAP-D14-Mission-Report-Iraq-May-2022.pdf,9,DATE,8 October 2025,8 October 2025,
DOW-UAP-D14-Mission-Report-Iraq-May-2022.pdf,9,DATE,10/17/25,10/17/25,
DOW-UAP-D14-Mission-Report-Iraq-May-2022.pdf,9,MARKING,Declassified,DECLASSIFIED,MARKING
DOW-UAP-D14-Mission-Report-Iraq-May-2022.pdf,9,MARKING,SECRET,SECRET,
DOW-UAP-D16-Mission-Report-Syria-July-2022.pdf,1,DATE,8 October 2025,8 October 2025,
DOW-UAP-D16-Mission-Report-Syria-July-2022.pdf,1,DATE,10/17/25,10/17/25,
DOW-UAP-D16-Mission-Report-Syria-July-2022.pdf,1,MARKING,Declassified,DECLASSIFIED,MARKING
DOW-UAP-D16-Mission-Report-Syria-July-2022.pdf,2,DATE,8 October 2025,8 October 2025,
DOW-UAP-D16-Mission-Report-Syria-July-2022.pdf,2,DATE,10/17/25,10/17/25,
DOW-UAP-D16-Mission-Report-Syria-July-2022.pdf,2,MARKING,Declassified,DECLASSIFIED,MARKING
DOW-UAP-D16-Mission-Report-Syria-July-2022.pdf,3,DATE,8 October 2025,8 October 2025,
DOW-UAP-D16-Mission-Report-Syria-July-2022.pdf,3,DATE,10/17/25,10/17/25,
DOW-UAP-D16-Mission-Report-Syria-July-2022.pdf,3,MARKING,Declassified,DECLASSIFIED,MARKING
DOW-UAP-D16-Mission-Report-Syria-July-2022.pdf,4,DATE,8 October 2025,8 October 2025,
DOW-UAP-D16-Mission-Report-Syria-July-2022.pdf,4,DATE,10/17/25,10/17/25,
DOW-UAP-D16-Mission-Report-Syria-July-2022.pdf,4,MARKING,Declassified,DECLASSIFIED,MARKING
DOW-UAP-D16-Mission-Report-Syria-July-2022.pdf,5,DATE,8 October 2025,8 October 2025,
DOW-UAP-D16-Mission-Report-Syria-July-2022.pdf,5,DATE,10/17/25,10/17/25,
DOW-UAP-D16-Mission-Report-Syria-July-2022.pdf,5,MARKING,Declassified,DECLASSIFIED,MARKING
DOW-UAP-D16-Mission-Report-Syria-July-2022.pdf,6,DATE,8 October 2025,8 October 2025,
DOW-UAP-D16-Mission-Report-Syria-July-2022.pdf,6,DATE,10/17/25,10/17/25,
DOW-UAP-D16-Mission-Report-Syria-July-2022.pdf,6,MARKING,Declassified,DECLASSIFIED,MARKING
DOW-UAP-D16-Mission-Report-Syria-July-2022.pdf,7,DATE,8 October 2025,8 October 2025,
DOW-UAP-D16-Mission-Report-Syria-July-2022.pdf,7,DATE,10/17/25,10/17/25,
DOW-UAP-D16-Mission-Report-Syria-July-2022.pdf,7,MARKING,Declassified,DECLASSIFIED,MARKING
DOW-UAP-D18-Mission-Report-Iraq-December-2022.pdf,1,DATE,8 October 2025,8 October 2025,
DOW-UAP-D18-Mission-Report-Iraq-December-2022.pdf,1,DATE,10/17/25,10/17/25,
DOW-UAP-D18-Mission-Report-Iraq-December-2022.pdf,1,MARKING,Declassified,DECLASSIFIED,MARKING
DOW-UAP-D18-Mission-Report-Iraq-December-2022.pdf,2,DATE,8 October 2025,8 October 2025,
DOW-UAP-D18-Mission-Report-Iraq-December-2022.pdf,2,DATE,10/17/25,10/17/25,
DOW-UAP-D18-Mission-Report-Iraq-December-2022.pdf,2,MARKING,Declassified,DECLASSIFIED,MARKING
DOW-UAP-D18-Mission-Report-Iraq-December-2022.pdf,3,DATE,8 October 2025,8 October 2025,
DOW-UAP-D18-Mission-Report-Iraq-December-2022.pdf,3,DATE,10/17/25,10/17/25,
DOW-UAP-D18-Mission-Report-Iraq-December-2022.pdf,3,MARKING,Declassified,DECLASSIFIED,MARKING
DOW-UAP-D18-Mission-Report-Iraq-December-2022.pdf,4,DATE,8 October 2025,8 October 2025,
DOW-UAP-D18-Mission-Report-Iraq-December-2022.pdf,4,DATE,10/17/25,10/17/25,
DOW-UAP-D18-Mission-Report-Iraq-December-2022.pdf,4,MARKING,Declassified,DECLASSIFIED,MARKING
DOW-UAP-D18-Mission-Report-Iraq-December-2022.pdf,5,DATE,8 October 2025,8 October 2025,
DOW-UAP-D18-Mission-Report-Iraq-December-2022.pdf,5,DATE,10/17/25,10/17/25,
DOW-UAP-D18-Mission-Report-Iraq-December-2022.pdf,5,MARKING,Declassified,DECLASSIFIED,MARKING
DOW-UAP-D18-Mission-Report-Iraq-December-2022.pdf,6,DATE,8 October 2025,8 October 2025,
DOW-UAP-D18-Mission-Report-Iraq-December-2022.pdf,6,DATE,10/17/25,10/17/25,
DOW-UAP-D18-Mission-Report-Iraq-December-2022.pdf,6,MARKING,Declassified,DECLASSIFIED,MARKING
DOW-UAP-D19-Mission-Report-Syria-February-21-2023.pdf,1,DATE,8 October 2025,8 October 2025,
DOW-UAP-D19-Mission-Report-Syria-February-21-2023.pdf,1,DATE,10/17/25,10/17/25,
DOW-UAP-D19-Mission-Report-Syria-February-21-2023.pdf,1,MARKING,Declassified,DECLASSIFIED,MARKING
DOW-UAP-D19-Mission-Report-Syria-February-21-2023.pdf,2,DATE,8 October 2025,8 October 2025,
DOW-UAP-D19-Mission-Report-Syria-February-21-2023.pdf,2,DATE,10/17/25,10/17/25,
DOW-UAP-D19-Mission-Report-Syria-February-21-2023.pdf,2,MARKING,Declassified,DECLASSIFIED,MARKING
DOW-UAP-D19-Mission-Report-Syria-February-21-2023.pdf,2,MARKING,SECRET,SECRET,
DOW-UAP-D19-Mission-Report-Syria-February-21-2023.pdf,3,DATE,8 October 2025,8 October 2025,
DOW-UAP-D19-Mission-Report-Syria-February-21-2023.pdf,3,DATE,10/17/25,10/17/25,
DOW-UAP-D19-Mission-Report-Syria-February-21-2023.pdf,3,MARKING,Declassified,DECLASSIFIED,MARKING
DOW-UAP-D19-Mission-Report-Syria-February-21-2023.pdf,4,DATE,8 October 2025,8 October 2025,
DOW-UAP-D19-Mission-Report-Syria-February-21-2023.pdf,4,DATE,10/17/25,10/17/25,
DOW-UAP-D19-Mission-Report-Syria-February-21-2023.pdf,4,MARKING,Declassified,DECLASSIFIED,MARKING
DOW-UAP-D19-Mission-Report-Syria-February-21-2023.pdf,5,DATE,8 October 2025,8 October 2025,
DOW-UAP-D19-Mission-Report-Syria-February-21-2023.pdf,5,DATE,10/17/25,10/17/25,
DOW-UAP-D19-Mission-Report-Syria-February-21-2023.pdf,5,MARKING,Declassified,DECLASSIFIED,MARKING
DOW-UAP-D19-Mission-Report-Syria-February-21-2023.pdf,6,DATE,8 October 2025,8 October 2025,
DOW-UAP-D19-Mission-Report-Syria-February-21-2023.pdf,6,DATE,10/17/25,10/17/25,
DOW-UAP-D19-Mission-Report-Syria-February-21-2023.pdf,6,MARKING,Declassified,DECLASSIFIED,MARKING
DOW-UAP-D19-Mission-Report-Syria-February-21-2023.pdf,7,DATE,8 October 2025,8 October 2025,
DOW-UAP-D19-Mission-Report-Syria-February-21-2023.pdf,7,DATE,10/17/25,10/17/25,
DOW-UAP-D19-Mission-Report-Syria-February-21-2023.pdf,7,MARKING,Declassified,DECLASSIFIED,MARKING
DOW-UAP-D19-Mission-Report-Syria-February-21-2023.pdf,8,DATE,8 October 2025,8 October 2025,
DOW-UAP-D19-Mission-Report-Syria-February-21-2023.pdf,8,DATE,10/17/25,10/17/25,
DOW-UAP-D19-Mission-Report-Syria-February-21-2023.pdf,8,MARKING,Declassified,DECLASSIFIED,MARKING
DOW-UAP-D19-Mission-Report-Syria-February-21-2023.pdf,9,DATE,8 October 2025,8 October 2025,
DOW-UAP-D19-Mission-Report-Syria-February-21-2023.pdf,9,DATE,10/17/25,10/17/25,
DOW-UAP-D19-Mission-Report-Syria-February-21-2023.pdf,9,MARKING,Declassified,DECLASSIFIED,MARKING
DOW-UAP-D19-Mission-Report-Syria-February-21-2023.pdf,10,DATE,8 October 2025,8 October 2025,
DOW-UAP-D19-Mission-Report-Syria-February-21-2023.pdf,10,DATE,10/17/25,10/17/25,
DOW-UAP-D19-Mission-Report-Syria-February-21-2023.pdf,10,MARKING,Declassified,DECLASSIFIED,MARKING
DOW-UAP-D20-Mission-Report-Iraq-2023.pdf,1,DATE,8 October 2025,8 October 2025,
DOW-UAP-D20-Mission-Report-Iraq-2023.pdf,1,DATE,10/17/25,10/17/25,
DOW-UAP-D20-Mission-Report-Iraq-2023.pdf,1,MARKING,Declassified,DECLASSIFIED,MARKING
DOW-UAP-D20-Mission-Report-Iraq-2023.pdf,2,DATE,8 October 2025,8 October 2025,
DOW-UAP-D20-Mission-Report-Iraq-2023.pdf,2,DATE,10/17/25,10/17/25,
DOW-UAP-D20-Mission-Report-Iraq-2023.pdf,2,MARKING,Declassified,DECLASSIFIED,MARKING
DOW-UAP-D20-Mission-Report-Iraq-2023.pdf,3,DATE,8 October 2025,8 October 2025,
DOW-UAP-D20-Mission-Report-Iraq-2023.pdf,3,DATE,10/17/25,10/17/25,
DOW-UAP-D20-Mission-Report-Iraq-2023.pdf,3,MARKING,Declassified,DECLASSIFIED,MARKING
DOW-UAP-D20-Mission-Report-Iraq-2023.pdf,4,DATE,8 October 2025,8 October 2025,
DOW-UAP-D20-Mission-Report-Iraq-2023.pdf,4,DATE,10/17/25,10/17/25,
DOW-UAP-D20-Mission-Report-Iraq-2023.pdf,4,MARKING,Declassified,DECLASSIFIED,MARKING
DOW-UAP-D20-Mission-Report-Iraq-2023.pdf,5,DATE,8 October 2025,8 October 2025,
DOW-UAP-D20-Mission-Report-Iraq-2023.pdf,5,DATE,10/17/25,10/17/25,
DOW-UAP-D20-Mission-Report-Iraq-2023.pdf,5,MARKING,Declassified,DECLASSIFIED,MARKING
DOW-UAP-D20-Mission-Report-Iraq-2023.pdf,6,DATE,8 October 2025,8 October 2025,
DOW-UAP-D20-Mission-Report-Iraq-2023.pdf,6,DATE,10/17/25,10/17/25,
DOW-UAP-D20-Mission-Report-Iraq-2023.pdf,6,MARKING,Declassified,DECLASSIFIED,MARKING
DOW-UAP-D23-Mission-Report-United-Arab-Emirates-October-2023.pdf,1,DATE,12 September 2025,12 September 2025,
DOW-UAP-D23-Mission-Report-United-Arab-Emirates-October-2023.pdf,1,DATE,09/12/25,09/12/25,
DOW-UAP-D23-Mission-Report-United-Arab-Emirates-October-2023.pdf,1,MARKING,Declassified,DECLASSIFIED,MARKING
DOW-UAP-D23-Mission-Report-United-Arab-Emirates-October-2023.pdf,2,DATE,09/12/25,09/12/25,
DOW-UAP-D23-Mission-Report-United-Arab-Emirates-October-2023.pdf,2,MARKING,Declassified,DECLASSIFIED,MARKING
DOW-UAP-D23-Mission-Report-United-Arab-Emirates-October-2023.pdf,3,DATE,12 September 2025,12 September 2025,
DOW-UAP-D23-Mission-Report-United-Arab-Emirates-October-2023.pdf,3,DATE,09/12/25,09/12/25,
DOW-UAP-D23-Mission-Report-United-Arab-Emirates-October-2023.pdf,3,MARKING,Declassified,DECLASSIFIED,MARKING
DOW-UAP-D23-Mission-Report-United-Arab-Emirates-October-2023.pdf,4,DATE,12 September 2025,12 September 2025,
DOW-UAP-D23-Mission-Report-United-Arab-Emirates-October-2023.pdf,4,DATE,09/12/25,09/12/25,
DOW-UAP-D23-Mission-Report-United-Arab-Emirates-October-2023.pdf,4,MARKING,Declassified,DECLASSIFIED,MARKING
DOW-UAP-D23-Mission-Report-United-Arab-Emirates-October-2023.pdf,5,DATE,12 September 2025,12 September 2025,
DOW-UAP-D23-Mission-Report-United-Arab-Emirates-October-2023.pdf,5,DATE,09/12/25,09/12/25,
DOW-UAP-D23-Mission-Report-United-Arab-Emirates-October-2023.pdf,5,MARKING,Declassified,DECLASSIFIED,MARKING
DOW-UAP-D23-Mission-Report-United-Arab-Emirates-October-2023.pdf,6,DATE,09/12/25,09/12/25,
DOW-UAP-D23-Mission-Report-United-Arab-Emirates-October-2023.pdf,6,MARKING,Declassified,DECLASSIFIED,MARKING
DOW-UAP-D23-Mission-Report-United-Arab-Emirates-October-2023.pdf,7,DATE,09/12/25,09/12/25,
DOW-UAP-D23-Mission-Report-United-Arab-Emirates-October-2023.pdf,7,MARKING,Declassified,DECLASSIFIED,MARKING
DOW-UAP-D23-Mission-Report-United-Arab-Emirates-October-2023.pdf,8,DATE,09/12/25,09/12/25,
DOW-UAP-D23-Mission-Report-United-Arab-Emirates-October-2023.pdf,8,MARKING,Declassified,DECLASSIFIED,MARKING
DOW-UAP-D23-Mission-Report-United-Arab-Emirates-October-2023.pdf,9,DATE,09/12/25,09/12/25,
DOW-UAP-D23-Mission-Report-United-Arab-Emirates-October-2023.pdf,9,MARKING,Declassified,DECLASSIFIED,MARKING
DOW-UAP-D25-Mission-Report-Greece-January-2024.pdf,1,DATE,24 October 2025,24 October 2025,
DOW-UAP-D25-Mission-Report-Greece-January-2024.pdf,1,DATE,10/28/25,10/28/25,
DOW-UAP-D25-Mission-Report-Greece-January-2024.pdf,1,MARKING,Declassified,DECLASSIFIED,MARKING
DOW-UAP-D25-Mission-Report-Greece-January-2024.pdf,1,MARKING,SECRET,SECRET,
DOW-UAP-D25-Mission-Report-Greece-January-2024.pdf,2,DATE,24 October 2025,24 October 2025,
DOW-UAP-D25-Mission-Report-Greece-January-2024.pdf,2,DATE,10/28/25,10/28/25,
DOW-UAP-D25-Mission-Report-Greece-January-2024.pdf,2,MARKING,Declassified,DECLASSIFIED,MARKING
DOW-UAP-D25-Mission-Report-Greece-January-2024.pdf,2,MARKING,SECRET,SECRET,
DOW-UAP-D25-Mission-Report-Greece-January-2024.pdf,3,DATE,24 October 2025,24 October 2025,
DOW-UAP-D25-Mission-Report-Greece-January-2024.pdf,3,DATE,10/28/25,10/28/25,
DOW-UAP-D25-Mission-Report-Greece-January-2024.pdf,3,MARKING,Declassified,DECLASSIFIED,MARKING
DOW-UAP-D25-Mission-Report-Greece-January-2024.pdf,3,MARKING,SECRET,SECRET,
DOW-UAP-D25-Mission-Report-Greece-January-2024.pdf,4,DATE,24 October 2025,24 October 2025,
DOW-UAP-D25-Mission-Report-Greece-January-2024.pdf,4,DATE,10/28/25,10/28/25,
DOW-UAP-D25-Mission-Report-Greece-January-2024.pdf,4,MARKING,Declassified,DECLASSIFIED,MARKING
DOW-UAP-D25-Mission-Report-Greece-January-2024.pdf,4,MARKING,SECRET,SECRET,
DOW-UAP-D25-Mission-Report-Greece-January-2024.pdf,5,DATE,24 October 2025,24 October 2025,
DOW-UAP-D25-Mission-Report-Greece-January-2024.pdf,5,DATE,10/28/25,10/28/25,
DOW-UAP-D25-Mission-Report-Greece-January-2024.pdf,5,MARKING,Declassified,DECLASSIFIED,MARKING
DOW-UAP-D25-Mission-Report-Greece-January-2024.pdf,5,MARKING,SECRET,SECRET,
DOW-UAP-D25-Mission-Report-Greece-January-2024.pdf,5,MARKING,UNCLASSIFIED,UNCLASSIFIED,
DOW-UAP-D25-Mission-Report-Greece-January-2024.pdf,6,DATE,24 October 2025,24 October 2025,
DOW-UAP-D25-Mission-Report-Greece-January-2024.pdf,6,DATE,10/28/25,10/28/25,
DOW-UAP-D25-Mission-Report-Greece-January-2024.pdf,6,MARKING,Declassified,DECLASSIFIED,MARKING
DOW-UAP-D25-Mission-Report-Greece-January-2024.pdf,6,MARKING,SECRET,SECRET,
DOW-UAP-D25-Mission-Report-Greece-January-2024.pdf,6,MARKING,UNCLASSIFIED,UNCLASSIFIED,
DOW-UAP-D25-Mission-Report-Greece-January-2024.pdf,7,DATE,24 October 2025,24 October 2025,
DOW-UAP-D25-Mission-Report-Greece-January-2024.pdf,7,DATE,10/28/25,10/28/25,
DOW-UAP-D25-Mission-Report-Greece-January-2024.pdf,7,MARKING,Declassified,DECLASSIFIED,MARKING
DOW-UAP-D25-Mission-Report-Greece-January-2024.pdf,7,MARKING,SECRET,SECRET,
DOW-UAP-D27-Mission-Report-United-Arab-Emirates-October-2023.pdf,1,DATE,24 October 2025,24 October 2025,
DOW-UAP-D27-Mission-Report-United-Arab-Emirates-October-2023.pdf,1,DATE,10/28/25,10/28/25,
DOW-UAP-D27-Mission-Report-United-Arab-Emirates-October-2023.pdf,1,MARKING,Declassified,DECLASSIFIED,MARKING
DOW-UAP-D27-Mission-Report-United-Arab-Emirates-October-2023.pdf,1,MARKING,SECRET,SECRET,
DOW-UAP-D27-Mission-Report-United-Arab-Emirates-October-2023.pdf,1,MARKING,NOFORN,NOFORN,
DOW-UAP-D27-Mission-Report-United-Arab-Emirates-October-2023.pdf,2,DATE,24 October 2025,24 October 2025,
DOW-UAP-D27-Mission-Report-United-Arab-Emirates-October-2023.pdf,2,DATE,10/28/25,10/28/25,
DOW-UAP-D27-Mission-Report-United-Arab-Emirates-October-2023.pdf,2,MARKING,Declassified,DECLASSIFIED,MARKING
DOW-UAP-D27-Mission-Report-United-Arab-Emirates-October-2023.pdf,2,MARKING,SECRET,SECRET,
DOW-UAP-D27-Mission-Report-United-Arab-Emirates-October-2023.pdf,2,MARKING,NOFORN,NOFORN,
DOW-UAP-D27-Mission-Report-United-Arab-Emirates-October-2023.pdf,3,DATE,24 October 2025,24 October 2025,
DOW-UAP-D27-Mission-Report-United-Arab-Emirates-October-2023.pdf,3,DATE,10/28/25,10/28/25,
DOW-UAP-D27-Mission-Report-United-Arab-Emirates-October-2023.pdf,3,MARKING,Declassified,DECLASSIFIED,MARKING
DOW-UAP-D27-Mission-Report-United-Arab-Emirates-October-2023.pdf,3,MARKING,SECRET,SECRET,
DOW-UAP-D27-Mission-Report-United-Arab-Emirates-October-2023.pdf,3,MARKING,NOFORN,NOFORN,
DOW-UAP-D27-Mission-Report-United-Arab-Emirates-October-2023.pdf,4,DATE,24 October 2025,24 October 2025,
DOW-UAP-D27-Mission-Report-United-Arab-Emirates-October-2023.pdf,4,DATE,10/28/25,10/28/25,
DOW-UAP-D27-Mission-Report-United-Arab-Emirates-October-2023.pdf,4,MARKING,Declassified,DECLASSIFIED,MARKING
DOW-UAP-D27-Mission-Report-United-Arab-Emirates-October-2023.pdf,4,MARKING,SECRET,SECRET,
DOW-UAP-D27-Mission-Report-United-Arab-Emirates-October-2023.pdf,4,MARKING,NOFORN,NOFORN,
DOW-UAP-D27-Mission-Report-United-Arab-Emirates-October-2023.pdf,5,DATE,24 October 2025,24 October 2025,
DOW-UAP-D27-Mission-Report-United-Arab-Emirates-October-2023.pdf,5,DATE,10/28/25,10/28/25,
DOW-UAP-D27-Mission-Report-United-Arab-Emirates-October-2023.pdf,5,MARKING,Declassified,DECLASSIFIED,MARKING
DOW-UAP-D27-Mission-Report-United-Arab-Emirates-October-2023.pdf,5,MARKING,SECRET,SECRET,
DOW-UAP-D27-Mission-Report-United-Arab-Emirates-October-2023.pdf,5,MARKING,NOFORN,NOFORN,
DOW-UAP-D27-Mission-Report-United-Arab-Emirates-October-2023.pdf,6,DATE,24 October 2025,24 October 2025,
DOW-UAP-D27-Mission-Report-United-Arab-Emirates-October-2023.pdf,6,DATE,10/28/25,10/28/25,
DOW-UAP-D27-Mission-Report-United-Arab-Emirates-October-2023.pdf,6,MARKING,Declassified,DECLASSIFIED,MARKING
DOW-UAP-D27-Mission-Report-United-Arab-Emirates-October-2023.pdf,6,MARKING,SECRET,SECRET,
DOW-UAP-D27-Mission-Report-United-Arab-Emirates-October-2023.pdf,6,MARKING,NOFORN,NOFORN,
DOW-UAP-D27-Mission-Report-United-Arab-Emirates-October-2023.pdf,7,DATE,24 October 2025,24 October 2025,
DOW-UAP-D27-Mission-Report-United-Arab-Emirates-October-2023.pdf,7,DATE,10/28/25,10/28/25,
DOW-UAP-D27-Mission-Report-United-Arab-Emirates-October-2023.pdf,7,MARKING,Declassified,DECLASSIFIED,MARKING
DOW-UAP-D27-Mission-Report-United-Arab-Emirates-October-2023.pdf,7,MARKING,SECRET,SECRET,
DOW-UAP-D27-Mission-Report-United-Arab-Emirates-October-2023.pdf,7,MARKING,NOFORN,NOFORN,
DOW-UAP-D27-Mission-Report-United-Arab-Emirates-October-2023.pdf,8,DATE,24 October 2025,24 October 2025,
DOW-UAP-D27-Mission-Report-United-Arab-Emirates-October-2023.pdf,8,DATE,10/28/25,10/28/25,
DOW-UAP-D27-Mission-Report-United-Arab-Emirates-October-2023.pdf,8,MARKING,Declassified,DECLASSIFIED,MARKING
DOW-UAP-D27-Mission-Report-United-Arab-Emirates-October-2023.pdf,8,MARKING,SECRET,SECRET,
DOW-UAP-D27-Mission-Report-United-Arab-Emirates-October-2023.pdf,8,MARKING,NOFORN,NOFORN,
DOW-UAP-D28-Mission-Report-East-China-Sea-2024.pdf,1,DATE,24 October 2025,24 October 2025,
DOW-UAP-D28-Mission-Report-East-China-Sea-2024.pdf,1,DATE,10/28/25,10/28/25,
DOW-UAP-D28-Mission-Report-East-China-Sea-2024.pdf,1,MARKING,Declassified,DECLASSIFIED,MARKING
DOW-UAP-D28-Mission-Report-East-China-Sea-2024.pdf,1,MARKING,SECRET,SECRET,
DOW-UAP-D28-Mission-Report-East-China-Sea-2024.pdf,2,DATE,24 October 2025,24 October 2025,
DOW-UAP-D28-Mission-Report-East-China-Sea-2024.pdf,2,DATE,10/28/25,10/28/25,
DOW-UAP-D28-Mission-Report-East-China-Sea-2024.pdf,2,MARKING,Declassified,DECLASSIFIED,MARKING
DOW-UAP-D28-Mission-Report-East-China-Sea-2024.pdf,2,MARKING,SECRET,SECRET,
DOW-UAP-D28-Mission-Report-East-China-Sea-2024.pdf,3,DATE,24 October 2025,24 October 2025,
DOW-UAP-D28-Mission-Report-East-China-Sea-2024.pdf,3,DATE,10/28/25,10/28/25,
DOW-UAP-D28-Mission-Report-East-China-Sea-2024.pdf,3,MARKING,Declassified,DECLASSIFIED,MARKING
DOW-UAP-D28-Mission-Report-East-China-Sea-2024.pdf,3,MARKING,SECRET,SECRET,
DOW-UAP-D28-Mission-Report-East-China-Sea-2024.pdf,4,DATE,24 October 2025,24 October 2025,
DOW-UAP-D28-Mission-Report-East-China-Sea-2024.pdf,4,DATE,10/28/25,10/28/25,
DOW-UAP-D28-Mission-Report-East-China-Sea-2024.pdf,4,MARKING,Declassified,DECLASSIFIED,MARKING
DOW-UAP-D28-Mission-Report-East-China-Sea-2024.pdf,4,MARKING,SECRET,SECRET,
DOW-UAP-D28-Mission-Report-East-China-Sea-2024.pdf,5,DATE,24 October 2025,24 October 2025,
DOW-UAP-D28-Mission-Report-East-China-Sea-2024.pdf,5,DATE,10/28/25,10/28/25,
DOW-UAP-D28-Mission-Report-East-China-Sea-2024.pdf,5,MARKING,Declassified,DECLASSIFIED,MARKING
DOW-UAP-D28-Mission-Report-East-China-Sea-2024.pdf,5,MARKING,SECRET,SECRET,
DOW-UAP-D28-Mission-Report-East-China-Sea-2024.pdf,6,DATE,24 October 2025,24 October 2025,
DOW-UAP-D28-Mission-Report-East-China-Sea-2024.pdf,6,DATE,10/28/25,10/28/25,
DOW-UAP-D28-Mission-Report-East-China-Sea-2024.pdf,6,MARKING,Declassified,DECLASSIFIED,MARKING
DOW-UAP-D28-Mission-Report-East-China-Sea-2024.pdf,6,MARKING,SECRET,SECRET,
DOW-UAP-D28-Mission-Report-East-China-Sea-2024.pdf,6,MARKING,RESTRICTED,RESTRICTED,
DOW-UAP-D3-Mission-Report-Arabian-Gulf-2020.pdf,1,MARKING,SECRET,SECRET,
DOW-UAP-D3-Mission-Report-Arabian-Gulf-2020.pdf,4,MARKING,SECRET,SECRET,
"DOW-UAP-D32-Mission-Report,-Syria-October-2024.pdf",1,DATE,24 October 2025,24 October 2025,
"DOW-UAP-D32-Mission-Report,-Syria-October-2024.pdf",1,DATE,10/28/25,10/28/25,
"DOW-UAP-D32-Mission-Report,-Syria-October-2024.pdf",1,MARKING,Declassified,DECLASSIFIED,MARKING
"DOW-UAP-D32-Mission-Report,-Syria-October-2024.pdf",1,MARKING,SECRET,SECRET,
"DOW-UAP-D32-Mission-Report,-Syria-October-2024.pdf",2,DATE,24 October 2025,24 October 2025,
"DOW-UAP-D32-Mission-Report,-Syria-October-2024.pdf",2,DATE,10/28/25,10/28/25,
"DOW-UAP-D32-Mission-Report,-Syria-October-2024.pdf",2,MARKING,Declassified,DECLASSIFIED,MARKING
"DOW-UAP-D32-Mission-Report,-Syria-October-2024.pdf",2,MARKING,SECRET,SECRET,
"DOW-UAP-D32-Mission-Report,-Syria-October-2024.pdf",3,DATE,24 October 2025,24 October 2025,
"DOW-UAP-D32-Mission-Report,-Syria-October-2024.pdf",3,DATE,10/28/25,10/28/25,
"DOW-UAP-D32-Mission-Report,-Syria-October-2024.pdf",3,MARKING,Declassified,DECLASSIFIED,MARKING
"DOW-UAP-D32-Mission-Report,-Syria-October-2024.pdf",3,MARKING,SECRET,SECRET,
"DOW-UAP-D32-Mission-Report,-Syria-October-2024.pdf",4,DATE,24 October 2025,24 October 2025,
"DOW-UAP-D32-Mission-Report,-Syria-October-2024.pdf",4,DATE,10/28/25,10/28/25,
"DOW-UAP-D32-Mission-Report,-Syria-October-2024.pdf",4,MARKING,Declassified,DECLASSIFIED,MARKING
"DOW-UAP-D32-Mission-Report,-Syria-October-2024.pdf",4,MARKING,SECRET,SECRET,
"DOW-UAP-D32-Mission-Report,-Syria-October-2024.pdf",5,DATE,24 October 2025,24 October 2025,
"DOW-UAP-D32-Mission-Report,-Syria-October-2024.pdf",5,DATE,10/28/25,10/28/25,
"DOW-UAP-D32-Mission-Report,-Syria-October-2024.pdf",5,MARKING,Declassified,DECLASSIFIED,MARKING
"DOW-UAP-D32-Mission-Report,-Syria-October-2024.pdf",5,MARKING,SECRET,SECRET,
"DOW-UAP-D32-Mission-Report,-Syria-October-2024.pdf",6,DATE,24 October 2025,24 October 2025,
"DOW-UAP-D32-Mission-Report,-Syria-October-2024.pdf",6,DATE,10/28/25,10/28/25,
"DOW-UAP-D32-Mission-Report,-Syria-October-2024.pdf",6,MARKING,Declassified,DECLASSIFIED,MARKING
"DOW-UAP-D32-Mission-Report,-Syria-October-2024.pdf",6,MARKING,SECRET,SECRET,
"DOW-UAP-D32-Mission-Report,-Syria-October-2024.pdf",6,MARKING,UNCLASSIFIED,UNCLASSIFIED,
"DOW-UAP-D32-Mission-Report,-Syria-October-2024.pdf",7,DATE,24 October 2025,24 October 2025,
"DOW-UAP-D32-Mission-Report,-Syria-October-2024.pdf",7,DATE,10/28/25,10/28/25,
"DOW-UAP-D32-Mission-Report,-Syria-October-2024.pdf",7,MARKING,Declassified,DECLASSIFIED,MARKING
"DOW-UAP-D32-Mission-Report,-Syria-October-2024.pdf",7,MARKING,SECRET,SECRET,
"DOW-UAP-D32-Mission-Report,-Syria-October-2024.pdf",7,MARKING,UNCLASSIFIED,UNCLASSIFIED,
"DOW-UAP-D32-Mission-Report,-Syria-October-2024.pdf",8,DATE,24 October 2025,24 October 2025,
"DOW-UAP-D32-Mission-Report,-Syria-October-2024.pdf",8,DATE,10/28/25,10/28/25,
"DOW-UAP-D32-Mission-Report,-Syria-October-2024.pdf",8,MARKING,Declassified,DECLASSIFIED,MARKING
"DOW-UAP-D32-Mission-Report,-Syria-October-2024.pdf",8,MARKING,SECRET,SECRET,
"DOW-UAP-D32-Mission-Report,-Syria-October-2024.pdf",9,DATE,24 October 2025,24 October 2025,
"DOW-UAP-D32-Mission-Report,-Syria-October-2024.pdf",9,DATE,10/28/25,10/28/25,
"DOW-UAP-D32-Mission-Report,-Syria-October-2024.pdf",9,MARKING,Declassified,DECLASSIFIED,MARKING
"DOW-UAP-D32-Mission-Report,-Syria-October-2024.pdf",9,MARKING,SECRET,SECRET,
"DOW-UAP-D32-Mission-Report,-Syria-October-2024.pdf",10,DATE,24 October 2025,24 October 2025,
"DOW-UAP-D32-Mission-Report,-Syria-October-2024.pdf",10,DATE,10/28/25,10/28/25,
"DOW-UAP-D32-Mission-Report,-Syria-October-2024.pdf",10,MARKING,Declassified,DECLASSIFIED,MARKING
"DOW-UAP-D32-Mission-Report,-Syria-October-2024.pdf",10,MARKING,SECRET,SECRET,
"DOW-UAP-D32-Mission-Report,-Syria-October-2024.pdf",10,MARKING,UNCLASSIFIED,UNCLASSIFIED,
DOW-UAP-D33-Mission-Report-Greece-October-2023.pdf,1,DATE,22 January 2026,22 January 2026,
DOW-UAP-D33-Mission-Report-Greece-October-2023.pdf,1,DATE,01/26/26,01/26/26,
DOW-UAP-D33-Mission-Report-Greece-October-2023.pdf,2,DATE,01/26/26,01/26/26,
DOW-UAP-D33-Mission-Report-Greece-October-2023.pdf,3,DATE,22 January 2026,22 January 2026,
DOW-UAP-D33-Mission-Report-Greece-October-2023.pdf,3,DATE,01/26/26,01/26/26,
DOW-UAP-D33-Mission-Report-Greece-October-2023.pdf,4,DATE,01/26/26,01/26/26,
DOW-UAP-D33-Mission-Report-Greece-October-2023.pdf,5,DATE,01/26/26,01/26/26,
DOW-UAP-D33-Mission-Report-Greece-October-2023.pdf,5,MARKING,Declassified,DECLASSIFIED,MARKING
DOW-UAP-D33-Mission-Report-Greece-October-2023.pdf,5,MARKING,UNCLASSIFIED,UNCLASSIFIED,
DOW-UAP-D33-Mission-Report-Greece-October-2023.pdf,6,DATE,01/26/26,01/26/26,
DOW-UAP-D33-Mission-Report-Greece-October-2023.pdf,7,DATE,22 January 2026,22 January 2026,
DOW-UAP-D33-Mission-Report-Greece-October-2023.pdf,7,DATE,01/26/26,01/26/26,
DOW-UAP-D33-Mission-Report-Greece-October-2023.pdf,7,MARKING,Declassified,DECLASSIFIED,MARKING
DOW-UAP-D35-Mission-Report-Greece-October-2023.pdf,1,DATE,22 January 2026,22 January 2026,
DOW-UAP-D35-Mission-Report-Greece-October-2023.pdf,1,DATE,01/26/26,01/26/26,
DOW-UAP-D35-Mission-Report-Greece-October-2023.pdf,1,MARKING,Declassified,DECLASSIFIED,MARKING
DOW-UAP-D35-Mission-Report-Greece-October-2023.pdf,2,DATE,22 January 2026,22 January 2026,
DOW-UAP-D35-Mission-Report-Greece-October-2023.pdf,2,DATE,01/26/26,01/26/26,
DOW-UAP-D35-Mission-Report-Greece-October-2023.pdf,2,MARKING,Declassified,DECLASSIFIED,MARKING
DOW-UAP-D35-Mission-Report-Greece-October-2023.pdf,3,DATE,22 January 2026,22 January 2026,
DOW-UAP-D35-Mission-Report-Greece-October-2023.pdf,3,DATE,01/26/26,01/26/26,
DOW-UAP-D35-Mission-Report-Greece-October-2023.pdf,3,MARKING,Declassified,DECLASSIFIED,MARKING
DOW-UAP-D35-Mission-Report-Greece-October-2023.pdf,4,DATE,22 January 2026,22 January 2026,
DOW-UAP-D35-Mission-Report-Greece-October-2023.pdf,4,DATE,01/26/26,01/26/26,
DOW-UAP-D35-Mission-Report-Greece-October-2023.pdf,4,MARKING,Declassified,DECLASSIFIED,MARKING
DOW-UAP-D35-Mission-Report-Greece-October-2023.pdf,5,DATE,22 January 2026,22 January 2026,
DOW-UAP-D35-Mission-Report-Greece-October-2023.pdf,5,DATE,01/26/26,01/26/26,
DOW-UAP-D35-Mission-Report-Greece-October-2023.pdf,5,MARKING,Declassified,DECLASSIFIED,MARKING
DOW-UAP-D35-Mission-Report-Greece-October-2023.pdf,5,MARKING,UNCLASSIFIED,UNCLASSIFIED,
DOW-UAP-D35-Mission-Report-Greece-October-2023.pdf,6,DATE,22 January 2026,22 January 2026,
DOW-UAP-D35-Mission-Report-Greece-October-2023.pdf,6,DATE,01/26/26,01/26/26,
DOW-UAP-D35-Mission-Report-Greece-October-2023.pdf,6,MARKING,Declassified,DECLASSIFIED,MARKING
DOW-UAP-D35-Mission-Report-Greece-October-2023.pdf,6,MARKING,UNCLASSIFIED,UNCLASSIFIED,
DOW-UAP-D35-Mission-Report-Greece-October-2023.pdf,7,DATE,01/26/26,01/26/26,
DOW-UAP-D38-Range-Fouler-Debrief-Middle-East-May-2020.pdf,1,DATE,05/14/20,05/14/20,
DOW-UAP-D38-Range-Fouler-Debrief-Middle-East-May-2020.pdf,1,DATE,01/26/26,01/26/26,
DOW-UAP-D38-Range-Fouler-Debrief-Middle-East-May-2020.pdf,1,MARKING,Declassified,DECLASSIFIED,MARKING
DOW-UAP-D4-Mission-Report-Arabian-Gulf-2020.pdf,5,MARKING,SECRET,SECRET,
DOW-UAP-D42-Range-Fouler-Debrief-Japan-2023.pdf,1,DATE,08/31/20,08/31/20,
DOW-UAP-D42-Range-Fouler-Debrief-Japan-2023.pdf,1,DATE,03/16/26,03/16/26,
DOW-UAP-D44-Range-Fouler-Arabian-Sea-October-2020.pdf,1,DATE,10/15/20,10/15/20,
DOW-UAP-D44-Range-Fouler-Arabian-Sea-October-2020.pdf,1,DATE,03/27/26,03/27/26,
DOW-UAP-D48-Report-September-1996.pdf,1,DATE,"September 10, 1996","September 10, 1996",
DOW-UAP-D48-Report-September-1996.pdf,1,DATE,10 September 96,10 September 96,
DOW-UAP-D48-Report-September-1996.pdf,2,DATE,0 September 10,0 September 10,
DOW-UAP-D48-Report-September-1996.pdf,2,DATE,10 September 96,10 September 96,
DOW-UAP-D48-Report-September-1996.pdf,3,PERSON,Mr. Martin Kinna,Mr. Martin Kinna,
DOW-UAP-D48-Report-September-1996.pdf,3,DATE,10 September 96,10 September 96,
DOW-UAP-D48-Report-September-1996.pdf,3,MARKING,Unclassified,UNCLASSIFIED,MARKING
DOW-UAP-D48-Report-September-1996.pdf,4,DATE,9/10/96,9/10/96,
DOW-UAP-D48-Report-September-1996.pdf,5,DATE,9/10/96,9/10/96,
DOW-UAP-D48-Report-September-1996.pdf,6,DATE,9/10/96,9/10/96,
DOW-UAP-D48-Report-September-1996.pdf,7,DATE,9/10/96,9/10/96,
DOW-UAP-D48-Report-September-1996.pdf,8,DATE,9/10/96,9/10/96,
DOW-UAP-D48-Report-September-1996.pdf,9,DATE,9/10/96,9/10/96,
DOW-UAP-D48-Report-September-1996.pdf,10,DATE,9/10/96,9/10/96,
DOW-UAP-D48-Report-September-1996.pdf,12,ORG,AFSC,AFSC,
DOW-UAP-D48-Report-September-1996.pdf,12,DATE,24 Jan 61,24 Jan 61,
DOW-UAP-D48-Report-September-1996.pdf,12,DATE,6 Oct 61,6 Oct 61,
DOW-UAP-D48-Report-September-1996.pdf,12,DATE,22 July 62,22 July 62,
DOW-UAP-D48-Report-September-1996.pdf,12,DATE,17 May 66,17 May 66,
DOW-UAP-D48-Report-September-1996.pdf,12,DATE,3 May 68,3 May 68,
DOW-UAP-D48-Report-September-1996.pdf,12,DATE,9/10/96,9/10/96,
DOW-UAP-D48-Report-September-1996.pdf,13,DATE,27 Aug 69,27 Aug 69,
DOW-UAP-D48-Report-September-1996.pdf,13,DATE,8 Dec 80,8 Dec 80,
DOW-UAP-D48-Report-September-1996.pdf,13,DATE,9/10/96,9/10/96,
DOW-UAP-D48-Report-September-1996.pdf,14,DATE,9/10/96,9/10/96,
DOW-UAP-D48-Report-September-1996.pdf,15,DATE,20 Aug 91,20 Aug 91,
DOW-UAP-D48-Report-September-1996.pdf,15,DATE,9/10/96,9/10/96,
DOW-UAP-D48-Report-September-1996.pdf,16,DATE,9/10/96,9/10/96,
DOW-UAP-D48-Report-September-1996.pdf,17,DATE,9/10/96,9/10/96,
DOW-UAP-D48-Report-September-1996.pdf,18,DATE,9/10/96,9/10/96,
DOW-UAP-D48-Report-September-1996.pdf,19,DATE,9/10/96,9/10/96,
DOW-UAP-D48-Report-September-1996.pdf,20,DATE,9/10/96,9/10/96,
DOW-UAP-D48-Report-September-1996.pdf,21,DATE,9/10/96,9/10/96,
DOW-UAP-D48-Report-September-1996.pdf,22,DATE,9/10/96,9/10/96,
DOW-UAP-D48-Report-September-1996.pdf,23,DATE,9/10/96,9/10/96,
DOW-UAP-D48-Report-September-1996.pdf,24,DATE,9/10/96,9/10/96,
DOW-UAP-D48-Report-September-1996.pdf,25,DATE,9/10/96,9/10/96,
DOW-UAP-D48-Report-September-1996.pdf,26,DATE,9/10/96,9/10/96,
DOW-UAP-D48-Report-September-1996.pdf,27,DATE,9/10/96,9/10/96,
DOW-UAP-D48-Report-September-1996.pdf,28,DATE,9/10/96,9/10/96,
DOW-UAP-D48-Report-September-1996.pdf,29,DATE,9/10/96,9/10/96,
DOW-UAP-D48-Report-September-1996.pdf,30,DATE,1/31/96,1/31/96,
DOW-UAP-D48-Report-September-1996.pdf,30,DATE,8/14/64,8/14/64,
DOW-UAP-D48-Report-September-1996.pdf,30,DATE,3/06/73,3/06/73,
DOW-UAP-D48-Report-September-1996.pdf,30,DATE,9/10/96,9/10/96,
DOW-UAP-D48-Report-September-1996.pdf,31,DATE,9/10/96,9/10/96,
DOW-UAP-D48-Report-September-1996.pdf,32,DATE,9/10/96,9/10/96,
DOW-UAP-D48-Report-September-1996.pdf,33,DATE,9/10/96,9/10/96,
DOW-UAP-D48-Report-September-1996.pdf,35,DATE,03/02/65,03/02/65,
DOW-UAP-D48-Report-September-1996.pdf,35,DATE,12/12/59,12/12/59,
DOW-UAP-D48-Report-September-1996.pdf,35,DATE,04/19/58,04/19/58,
DOW-UAP-D48-Report-September-1996.pdf,35,DATE,12/18/81,12/18/81,
DOW-UAP-D48-Report-September-1996.pdf,35,DATE,05/01/63,05/01/63,
DOW-UAP-D48-Report-September-1996.pdf,35,DATE,12/30/58,12/30/58,
DOW-UAP-D48-Report-September-1996.pdf,35,DATE,04/25/61,04/25/61,
DOW-UAP-D48-Report-September-1996.pdf,35,DATE,07/21/59,07/21/59,
DOW-UAP-D48-Report-September-1996.pdf,35,DATE,08/22/92,08/22/92,
DOW-UAP-D48-Report-September-1996.pdf,35,DATE,05/03/86,05/03/86,
DOW-UAP-D48-Report-September-1996.pdf,35,DATE,10/05/93,10/05/93,
DOW-UAP-D48-Report-September-1996.pdf,35,DATE,12/08/80,12/08/80,
DOW-UAP-D48-Report-September-1996.pdf,35,DATE,08/27/69,08/27/69,
DOW-UAP-D48-Report-September-1996.pdf,35,DATE,11/30/65,11/30/65,
DOW-UAP-D48-Report-September-1996.pdf,35,DATE,01/24/62,01/24/62,
DOW-UAP-D48-Report-September-1996.pdf,35,DATE,02/23/65,02/23/65,
DOW-UAP-D48-Report-September-1996.pdf,35,DATE,9/10/96,9/10/96,
DOW-UAP-D48-Report-September-1996.pdf,36,DATE,9/10/96,9/10/96,
DOW-UAP-D48-Report-September-1996.pdf,37,DATE,9/10/96,9/10/96,
DOW-UAP-D48-Report-September-1996.pdf,38,DATE,9/10/96,9/10/96,
DOW-UAP-D48-Report-September-1996.pdf,39,DATE,4/25/61,4/25/61,
DOW-UAP-D48-Report-September-1996.pdf,39,DATE,9/10/96,9/10/96,
DOW-UAP-D48-Report-September-1996.pdf,41,DATE,9/10/96,9/10/96,
DOW-UAP-D48-Report-September-1996.pdf,42,DATE,9/10/96,9/10/96,
DOW-UAP-D48-Report-September-1996.pdf,43,DATE,9/10/96,9/10/96,
DOW-UAP-D48-Report-September-1996.pdf,44,DATE,9/10/96,9/10/96,
DOW-UAP-D48-Report-September-1996.pdf,45,DATE,9/10/96,9/10/96,
DOW-UAP-D48-Report-September-1996.pdf,46,DATE,9/10/96,9/10/96,
DOW-UAP-D48-Report-September-1996.pdf,47,DATE,9/10/96,9/10/96,
DOW-UAP-D48-Report-September-1996.pdf,48,DATE,9/10/96,9/10/96,
DOW-UAP-D48-Report-September-1996.pdf,49,DATE,9/10/96,9/10/96,
DOW-UAP-D48-Report-September-1996.pdf,50,DATE,9/10/96,9/10/96,
DOW-UAP-D48-Report-September-1996.pdf,51,DATE,9/10/96,9/10/96,
DOW-UAP-D48-Report-September-1996.pdf,52,DATE,9/10/96,9/10/96,
DOW-UAP-D48-Report-September-1996.pdf,53,DATE,9/10/96,9/10/96,
DOW-UAP-D48-Report-September-1996.pdf,54,DATE,9/10/96,9/10/96,
DOW-UAP-D48-Report-September-1996.pdf,55,DATE,9/10/96,9/10/96,
DOW-UAP-D48-Report-September-1996.pdf,56,DATE,9/10/96,9/10/96,
DOW-UAP-D48-Report-September-1996.pdf,57,DATE,9/10/96,9/10/96,
DOW-UAP-D48-Report-September-1996.pdf,58,DATE,9/10/96,9/10/96,
DOW-UAP-D48-Report-September-1996.pdf,59,DATE,9/10/96,9/10/96,
DOW-UAP-D48-Report-September-1996.pdf,60,DATE,9/10/96,9/10/96,
DOW-UAP-D48-Report-September-1996.pdf,61,DATE,9/10/96,9/10/96,
DOW-UAP-D48-Report-September-1996.pdf,62,DATE,9/10/96,9/10/96,
DOW-UAP-D48-Report-September-1996.pdf,63,DATE,9/10/96,9/10/96,
DOW-UAP-D48-Report-September-1996.pdf,64,DATE,9/10/96,9/10/96,
DOW-UAP-D48-Report-September-1996.pdf,65,DATE,9/10/96,9/10/96,
DOW-UAP-D48-Report-September-1996.pdf,66,DATE,9/10/96,9/10/96,
DOW-UAP-D48-Report-September-1996.pdf,67,DATE,9/10/96,9/10/96,
DOW-UAP-D48-Report-September-1996.pdf,68,DATE,9/10/96,9/10/96,
DOW-UAP-D48-Report-September-1996.pdf,69,DATE,9/10/96,9/10/96,
DOW-UAP-D48-Report-September-1996.pdf,70,DATE,9/10/96,9/10/96,
DOW-UAP-D48-Report-September-1996.pdf,71,DATE,9/10/96,9/10/96,
DOW-UAP-D48-Report-September-1996.pdf,72,DATE,9/10/96,9/10/96,
DOW-UAP-D48-Report-September-1996.pdf,73,DATE,9/10/96,9/10/96,
DOW-UAP-D48-Report-September-1996.pdf,74,DATE,9/10/96,9/10/96,
DOW-UAP-D48-Report-September-1996.pdf,75,DATE,9/10/96,9/10/96,
DOW-UAP-D48-Report-September-1996.pdf,76,DATE,9/10/96,9/10/96,
DOW-UAP-D48-Report-September-1996.pdf,77,DATE,9/10/96,9/10/96,
DOW-UAP-D48-Report-September-1996.pdf,78,DATE,9/10/96,9/10/96,
DOW-UAP-D48-Report-September-1996.pdf,79,DATE,9/10/96,9/10/96,
DOW-UAP-D48-Report-September-1996.pdf,80,DATE,9/10/96,9/10/96,
DOW-UAP-D48-Report-September-1996.pdf,81,DATE,9/10/96,9/10/96,
DOW-UAP-D48-Report-September-1996.pdf,82,DATE,9/10/96,9/10/96,
DOW-UAP-D48-Report-September-1996.pdf,82,MARKING,unclassified,UNCLASSIFIED,MARKING
DOW-UAP-D48-Report-September-1996.pdf,82,MARKING,declassified,DECLASSIFIED,MARKING
DOW-UAP-D48-Report-September-1996.pdf,84,DATE,9/10/96,9/10/96,
DOW-UAP-D48-Report-September-1996.pdf,85,DATE,9/10/96,9/10/96,
DOW-UAP-D48-Report-September-1996.pdf,86,DATE,9/10/96,9/10/96,
DOW-UAP-D48-Report-September-1996.pdf,87,DATE,9/10/96,9/10/96,
DOW-UAP-D48-Report-September-1996.pdf,88,DATE,9/10/96,9/10/96,
DOW-UAP-D48-Report-September-1996.pdf,89,DATE,9/10/96,9/10/96,
DOW-UAP-D48-Report-September-1996.pdf,90,DATE,9/10/96,9/10/96,
DOW-UAP-D48-Report-September-1996.pdf,91,DATE,9/10/96,9/10/96,
DOW-UAP-D48-Report-September-1996.pdf,93,DATE,9/10/96,9/10/96,
DOW-UAP-D48-Report-September-1996.pdf,94,DATE,9/10/96,9/10/96,
DOW-UAP-D48-Report-September-1996.pdf,95,DATE,9/10/96,9/10/96,
DOW-UAP-D48-Report-September-1996.pdf,96,DATE,9/10/96,9/10/96,
DOW-UAP-D48-Report-September-1996.pdf,97,DATE,9/10/96,9/10/96,
DOW-UAP-D48-Report-September-1996.pdf,98,DATE,9/10/96,9/10/96,
DOW-UAP-D48-Report-September-1996.pdf,99,DATE,9/10/96,9/10/96,
DOW-UAP-D48-Report-September-1996.pdf,100,DATE,9/10/96,9/10/96,
DOW-UAP-D48-Report-September-1996.pdf,101,DATE,9/10/96,9/10/96,
DOW-UAP-D48-Report-September-1996.pdf,102,DATE,9/10/96,9/10/96,
DOW-UAP-D48-Report-September-1996.pdf,103,DATE,9/10/96,9/10/96,
DOW-UAP-D48-Report-September-1996.pdf,104,DATE,9/10/96,9/10/96,
DOW-UAP-D48-Report-September-1996.pdf,105,DATE,1 September 1996,1 September 1996,
DOW-UAP-D48-Report-September-1996.pdf,105,DATE,30 December 1995,30 December 1995,
DOW-UAP-D48-Report-September-1996.pdf,105,DATE,9/10/96,9/10/96,
DOW-UAP-D48-Report-September-1996.pdf,106,PERSON,Mr. James Baeker,Mr. James Baeker,
DOW-UAP-D48-Report-September-1996.pdf,106,ORG,USAF,USAF,
DOW-UAP-D48-Report-September-1996.pdf,106,DATE,19 February 1992,19 February 1992,
DOW-UAP-D48-Report-September-1996.pdf,106,DATE,4 Nov 95,4 Nov 95,
DOW-UAP-D48-Report-September-1996.pdf,106,DATE,13 Nov 95,13 Nov 95,
DOW-UAP-D48-Report-September-1996.pdf,106,DATE,26 April 1965,26 April 1965,
DOW-UAP-D48-Report-September-1996.pdf,106,DATE,"March 13, 1996","March 13, 1996",
DOW-UAP-D48-Report-September-1996.pdf,106,DATE,"February 25, 1996","February 25, 1996",
DOW-UAP-D48-Report-September-1996.pdf,106,DATE,"April 4, 1996","April 4, 1996",
DOW-UAP-D48-Report-September-1996.pdf,106,DATE,9/10/96,9/10/96,
DOW-UAP-D48-Report-September-1996.pdf,107,DATE,9/10/96,9/10/96,
DOW-UAP-D48-Report-September-1996.pdf,108,DATE,9/10/96,9/10/96,
DOW-UAP-D48-Report-September-1996.pdf,109,DATE,9/10/96,9/10/96,
DOW-UAP-D48-Report-September-1996.pdf,110,DATE,9/10/96,9/10/96,
DOW-UAP-D48-Report-September-1996.pdf,111,DATE,9/10/96,9/10/96,
DOW-UAP-D48-Report-September-1996.pdf,112,DATE,06/11/57,06/11/57,
DOW-UAP-D48-Report-September-1996.pdf,112,DATE,09/25/57,09/25/57,
DOW-UAP-D48-Report-September-1996.pdf,112,DATE,12/17/57,12/17/57,
DOW-UAP-D48-Report-September-1996.pdf,112,DATE,01/10/58,01/10/58,
DOW-UAP-D48-Report-September-1996.pdf,112,DATE,02/07/58,02/07/58,
DOW-UAP-D48-Report-September-1996.pdf,112,DATE,04/05/58,04/05/58,
DOW-UAP-D48-Report-September-1996.pdf,112,DATE,06/03/58,06/03/58,
DOW-UAP-D48-Report-September-1996.pdf,112,DATE,07/19/58,07/19/58,
DOW-UAP-D48-Report-September-1996.pdf,112,DATE,08/28/58,08/28/58,
DOW-UAP-D48-Report-September-1996.pdf,112,DATE,09/14/58,09/14/58,
DOW-UAP-D48-Report-September-1996.pdf,112,DATE,09/18/58,09/18/58,
DOW-UAP-D48-Report-September-1996.pdf,112,DATE,11/17/58,11/17/58,
DOW-UAP-D48-Report-September-1996.pdf,112,DATE,12/18/58,12/18/58,
DOW-UAP-D48-Report-September-1996.pdf,112,DATE,01/15/59,01/15/59,
DOW-UAP-D48-Report-September-1996.pdf,112,DATE,01/27/59,01/27/59,
DOW-UAP-D48-Report-September-1996.pdf,112,DATE,02/04/59,02/04/59,
DOW-UAP-D48-Report-September-1996.pdf,112,DATE,02/20/59,02/20/59,
DOW-UAP-D48-Report-September-1996.pdf,112,DATE,03/18/59,03/18/59,
DOW-UAP-D48-Report-September-1996.pdf,112,DATE,04/14/59,04/14/59,
DOW-UAP-D48-Report-September-1996.pdf,112,DATE,05/18/59,05/18/59,
DOW-UAP-D48-Report-September-1996.pdf,112,DATE,06/06/59,06/06/59,
DOW-UAP-D48-Report-September-1996.pdf,112,DATE,07/21/59,07/21/59,
DOW-UAP-D48-Report-September-1996.pdf,112,DATE,07/28/59,07/28/59,
DOW-UAP-D48-Report-September-1996.pdf,112,DATE,08/11/59,08/11/59,
DOW-UAP-D48-Report-September-1996.pdf,112,DATE,08/24/59,08/24/59,
DOW-UAP-D48-Report-September-1996.pdf,112,DATE,09/09/59,09/09/59,
DOW-UAP-D48-Report-September-1996.pdf,112,DATE,9/10/96,9/10/96,
DOW-UAP-D48-Report-September-1996.pdf,113,DATE,09/16/59,09/16/59,
DOW-UAP-D48-Report-September-1996.pdf,113,DATE,10/06/59,10/06/59,
DOW-UAP-D48-Report-September-1996.pdf,113,DATE,10/09/59,10/09/59,
DOW-UAP-D48-Report-September-1996.pdf,113,DATE,10/29/59,10/29/59,
DOW-UAP-D48-Report-September-1996.pdf,113,DATE,11/04/59,11/04/59,
DOW-UAP-D48-Report-September-1996.pdf,113,DATE,11/24/59,11/24/59,
DOW-UAP-D48-Report-September-1996.pdf,113,DATE,11/26/59,11/26/59,
DOW-UAP-D48-Report-September-1996.pdf,113,DATE,12/08/59,12/08/59,
DOW-UAP-D48-Report-September-1996.pdf,113,DATE,12/18/59,12/18/59,
DOW-UAP-D48-Report-September-1996.pdf,113,DATE,01/06/60,01/06/60,
DOW-UAP-D48-Report-September-1996.pdf,113,DATE,01/26/60,01/26/60,
DOW-UAP-D48-Report-September-1996.pdf,113,DATE,02/11/60,02/11/60,
DOW-UAP-D48-Report-September-1996.pdf,113,DATE,02/26/60,02/26/60,
DOW-UAP-D48-Report-September-1996.pdf,113,DATE,03/08/60,03/08/60,
DOW-UAP-D48-Report-September-1996.pdf,113,DATE,03/10/60,03/10/60,
DOW-UAP-D48-Report-September-1996.pdf,113,DATE,04/07/60,04/07/60,
DOW-UAP-D48-Report-September-1996.pdf,113,DATE,04/22/60,04/22/60,
DOW-UAP-D48-Report-September-1996.pdf,113,DATE,05/06/60,05/06/60,
DOW-UAP-D48-Report-September-1996.pdf,113,DATE,05/20/60,05/20/60,
DOW-UAP-D48-Report-September-1996.pdf,113,DATE,05/24/60,05/24/60,
DOW-UAP-D48-Report-September-1996.pdf,113,DATE,06/11/60,06/11/60,
DOW-UAP-D48-Report-September-1996.pdf,113,DATE,06/22/60,06/22/60,
DOW-UAP-D48-Report-September-1996.pdf,113,DATE,06/27/60,06/27/60,
DOW-UAP-D48-Report-September-1996.pdf,113,DATE,07/02/60,07/02/60,
DOW-UAP-D48-Report-September-1996.pdf,113,DATE,07/22/60,07/22/60,
DOW-UAP-D48-Report-September-1996.pdf,113,DATE,07/29/60,07/29/60,
DOW-UAP-D48-Report-September-1996.pdf,113,DATE,08/09/60,08/09/60,
DOW-UAP-D48-Report-September-1996.pdf,113,DATE,08/12/60,08/12/60,
DOW-UAP-D48-Report-September-1996.pdf,113,DATE,09/12/60,09/12/60,
DOW-UAP-D48-Report-September-1996.pdf,113,DATE,09/16/60,09/16/60,
DOW-UAP-D48-Report-September-1996.pdf,113,DATE,09/19/60,09/19/60,
DOW-UAP-D48-Report-September-1996.pdf,113,DATE,09/25/60,09/25/60,
DOW-UAP-D48-Report-September-1996.pdf,113,DATE,09/29/60,09/29/60,
DOW-UAP-D48-Report-September-1996.pdf,113,DATE,10/11/60,10/11/60,
DOW-UAP-D48-Report-September-1996.pdf,113,DATE,10/12/60,10/12/60,
DOW-UAP-D48-Report-September-1996.pdf,113,DATE,10/13/60,10/13/60,
DOW-UAP-D48-Report-September-1996.pdf,113,DATE,10/22/60,10/22/60,
DOW-UAP-D48-Report-September-1996.pdf,113,DATE,11/15/60,11/15/60,
DOW-UAP-D48-Report-September-1996.pdf,113,DATE,11/29/60,11/29/60,
DOW-UAP-D48-Report-September-1996.pdf,113,DATE,12/15/60,12/15/60,
DOW-UAP-D48-Report-September-1996.pdf,113,DATE,12/16/60,12/16/60,
DOW-UAP-D48-Report-September-1996.pdf,113,DATE,01/23/61,01/23/61,
DOW-UAP-D48-Report-September-1996.pdf,113,DATE,01/24/61,01/24/61,
DOW-UAP-D48-Report-September-1996.pdf,113,DATE,01/31/61,01/31/61,
DOW-UAP-D48-Report-September-1996.pdf,113,DATE,9/10/96,9/10/96,
DOW-UAP-D48-Report-September-1996.pdf,114,DATE,02/21/61,02/21/61,
DOW-UAP-D48-Report-September-1996.pdf,114,DATE,02/24/61,02/24/61,
DOW-UAP-D48-Report-September-1996.pdf,114,DATE,03/13/61,03/13/61,
DOW-UAP-D48-Report-September-1996.pdf,114,DATE,03/24/61,03/24/61,
DOW-UAP-D48-Report-September-1996.pdf,114,DATE,04/25/61,04/25/61,
DOW-UAP-D48-Report-September-1996.pdf,114,DATE,05/12/61,05/12/61,
DOW-UAP-D48-Report-September-1996.pdf,114,DATE,05/24/61,05/24/61,
DOW-UAP-D48-Report-September-1996.pdf,114,DATE,05/26/61,05/26/61,
DOW-UAP-D48-Report-September-1996.pdf,114,DATE,06/07/61,06/07/61,
DOW-UAP-D48-Report-September-1996.pdf,114,DATE,07/06/61,07/06/61,
DOW-UAP-D48-Report-September-1996.pdf,114,DATE,07/12/61,07/12/61,
DOW-UAP-D48-Report-September-1996.pdf,114,DATE,07/31/61,07/31/61,
DOW-UAP-D48-Report-September-1996.pdf,114,DATE,08/08/61,08/08/61,
DOW-UAP-D48-Report-September-1996.pdf,114,DATE,08/22/61,08/22/61,
DOW-UAP-D48-Report-September-1996.pdf,114,DATE,08/23/61,08/23/61,
DOW-UAP-D48-Report-September-1996.pdf,114,DATE,09/08/61,09/08/61,
DOW-UAP-D48-Report-September-1996.pdf,114,DATE,09/09/61,09/09/61,
DOW-UAP-D48-Report-September-1996.pdf,114,DATE,09/13/61,09/13/61,
DOW-UAP-D48-Report-September-1996.pdf,114,DATE,10/02/61,10/02/61,
DOW-UAP-D48-Report-September-1996.pdf,114,DATE,10/05/61,10/05/61,
DOW-UAP-D48-Report-September-1996.pdf,114,DATE,10/21/61,10/21/61,
DOW-UAP-D48-Report-September-1996.pdf,114,DATE,11/10/61,11/10/61,
DOW-UAP-D48-Report-September-1996.pdf,114,DATE,11/18/61,11/18/61,
DOW-UAP-D48-Report-September-1996.pdf,114,DATE,11/22/61,11/22/61,
DOW-UAP-D48-Report-September-1996.pdf,114,DATE,11/29/61,11/29/61,
DOW-UAP-D48-Report-September-1996.pdf,114,DATE,12/01/61,12/01/61,
DOW-UAP-D48-Report-September-1996.pdf,114,DATE,12/07/61,12/07/61,
DOW-UAP-D48-Report-September-1996.pdf,114,DATE,12/12/61,12/12/61,
DOW-UAP-D48-Report-September-1996.pdf,114,DATE,12/19/61,12/19/61,
DOW-UAP-D48-Report-September-1996.pdf,114,DATE,12/20/61,12/20/61,
DOW-UAP-D48-Report-September-1996.pdf,114,DATE,12/22/61,12/22/61,
DOW-UAP-D48-Report-September-1996.pdf,114,DATE,01/17/62,01/17/62,
DOW-UAP-D48-Report-September-1996.pdf,114,DATE,01/23/62,01/23/62,
DOW-UAP-D48-Report-September-1996.pdf,114,DATE,01/26/62,01/26/62,
DOW-UAP-D48-Report-September-1996.pdf,114,DATE,02/13/62,02/13/62,
DOW-UAP-D48-Report-September-1996.pdf,114,DATE,02/16/62,02/16/62,
DOW-UAP-D48-Report-September-1996.pdf,114,DATE,02/20/62,02/20/62,
DOW-UAP-D48-Report-September-1996.pdf,114,DATE,02/21/62,02/21/62,
DOW-UAP-D48-Report-September-1996.pdf,114,DATE,02/28/62,02/28/62,
DOW-UAP-D48-Report-September-1996.pdf,114,DATE,03/07/62,03/07/62,
DOW-UAP-D48-Report-September-1996.pdf,114,DATE,04/09/62,04/09/62,
DOW-UAP-D48-Report-September-1996.pdf,114,DATE,9/10/96,9/10/96,
DOW-UAP-D48-Report-September-1996.pdf,115,DATE,04/11/62,04/11/62,
DOW-UAP-D48-Report-September-1996.pdf,115,DATE,04/23/62,04/23/62,
DOW-UAP-D48-Report-September-1996.pdf,115,DATE,04/26/62,04/26/62,
DOW-UAP-D48-Report-September-1996.pdf,115,DATE,05/08/62,05/08/62,
DOW-UAP-D48-Report-September-1996.pdf,115,DATE,05/11/62,05/11/62,
DOW-UAP-D48-Report-September-1996.pdf,115,DATE,05/24/62,05/24/62,
DOW-UAP-D48-Report-September-1996.pdf,115,DATE,06/17/62,06/17/62,
DOW-UAP-D48-Report-September-1996.pdf,115,DATE,06/26/62,06/26/62,
DOW-UAP-D48-Report-September-1996.pdf,115,DATE,07/12/62,07/12/62,
DOW-UAP-D48-Report-September-1996.pdf,115,DATE,07/13/62,07/13/62,
DOW-UAP-D48-Report-September-1996.pdf,115,DATE,07/18/62,07/18/62,
DOW-UAP-D48-Report-September-1996.pdf,115,DATE,07/19/62,07/19/62,
DOW-UAP-D48-Report-September-1996.pdf,115,DATE,07/22/62,07/22/62,
DOW-UAP-D48-Report-September-1996.pdf,115,DATE,08/01/62,08/01/62,
DOW-UAP-D48-Report-September-1996.pdf,115,DATE,08/05/62,08/05/62,
DOW-UAP-D48-Report-September-1996.pdf,115,DATE,08/09/62,08/09/62,
DOW-UAP-D48-Report-September-1996.pdf,115,DATE,08/10/62,08/10/62,
DOW-UAP-D48-Report-September-1996.pdf,115,DATE,08/13/62,08/13/62,
DOW-UAP-D48-Report-September-1996.pdf,115,DATE,08/27/62,08/27/62,
DOW-UAP-D48-Report-September-1996.pdf,115,DATE,09/19/62,09/19/62,
DOW-UAP-D48-Report-September-1996.pdf,115,DATE,10/02/62,10/02/62,
DOW-UAP-D48-Report-September-1996.pdf,115,DATE,10/03/62,10/03/62,
DOW-UAP-D48-Report-September-1996.pdf,115,DATE,10/18/62,10/18/62,
DOW-UAP-D48-Report-September-1996.pdf,115,DATE,10/19/62,10/19/62,
DOW-UAP-D48-Report-September-1996.pdf,115,DATE,10/26/62,10/26/62,
DOW-UAP-D48-Report-September-1996.pdf,115,DATE,11/07/62,11/07/62,
DOW-UAP-D48-Report-September-1996.pdf,115,DATE,11/11/62,11/11/62,
DOW-UAP-D48-Report-September-1996.pdf,115,DATE,11/14/62,11/14/62,
DOW-UAP-D48-Report-September-1996.pdf,115,DATE,12/05/62,12/05/62,
DOW-UAP-D48-Report-September-1996.pdf,115,DATE,12/12/62,12/12/62,
DOW-UAP-D48-Report-September-1996.pdf,115,DATE,12/17/62,12/17/62,
DOW-UAP-D48-Report-September-1996.pdf,115,DATE,01/25/63,01/25/63,
DOW-UAP-D48-Report-September-1996.pdf,115,DATE,01/31/63,01/31/63,
DOW-UAP-D48-Report-September-1996.pdf,115,DATE,02/13/63,02/13/63,
DOW-UAP-D48-Report-September-1996.pdf,115,DATE,02/28/63,02/28/63,
DOW-UAP-D48-Report-September-1996.pdf,115,DATE,03/01/63,03/01/63,
DOW-UAP-D48-Report-September-1996.pdf,115,DATE,03/09/63,03/09/63,
DOW-UAP-D48-Report-September-1996.pdf,115,DATE,03/11/63,03/11/63,
DOW-UAP-D48-Report-September-1996.pdf,115,DATE,03/15/63,03/15/63,
DOW-UAP-D48-Report-September-1996.pdf,115,DATE,03/16/63,03/16/63,
DOW-UAP-D48-Report-September-1996.pdf,115,DATE,03/21/63,03/21/63,
DOW-UAP-D48-Report-September-1996.pdf,115,DATE,9/10/96,9/10/96,
DOW-UAP-D48-Report-September-1996.pdf,116,DATE,03/23/63,03/23/63,
DOW-UAP-D48-Report-September-1996.pdf,116,DATE,04/24/63,04/24/63,
DOW-UAP-D48-Report-September-1996.pdf,116,DATE,04/26/63,04/26/63,
DOW-UAP-D48-Report-September-1996.pdf,116,DATE,05/09/63,05/09/63,
DOW-UAP-D48-Report-September-1996.pdf,116,DATE,05/15/63,05/15/63,
DOW-UAP-D48-Report-September-1996.pdf,116,DATE,06/04/63,06/04/63,
DOW-UAP-D48-Report-September-1996.pdf,116,DATE,06/12/63,06/12/63,
DOW-UAP-D48-Report-September-1996.pdf,116,DATE,07/03/63,07/03/63,
DOW-UAP-D48-Report-September-1996.pdf,116,DATE,07/12/63,07/12/63,
DOW-UAP-D48-Report-September-1996.pdf,116,DATE,07/18/63,07/18/63,
DOW-UAP-D48-Report-September-1996.pdf,116,DATE,07/26/63,07/26/63,
DOW-UAP-D48-Report-September-1996.pdf,116,DATE,07/30/63,07/30/63,
DOW-UAP-D48-Report-September-1996.pdf,116,DATE,07/31/63,07/31/63,
DOW-UAP-D48-Report-September-1996.pdf,116,DATE,08/24/63,08/24/63,
DOW-UAP-D48-Report-September-1996.pdf,116,DATE,09/06/63,09/06/63,
DOW-UAP-D48-Report-September-1996.pdf,116,DATE,09/11/63,09/11/63,
DOW-UAP-D48-Report-September-1996.pdf,116,DATE,09/25/63,09/25/63,
DOW-UAP-D48-Report-September-1996.pdf,116,DATE,10/03/63,10/03/63,
DOW-UAP-D48-Report-September-1996.pdf,116,DATE,10/07/63,10/07/63,
DOW-UAP-D48-Report-September-1996.pdf,116,DATE,10/16/63,10/16/63,
DOW-UAP-D48-Report-September-1996.pdf,116,DATE,10/25/63,10/25/63,
DOW-UAP-D48-Report-September-1996.pdf,116,DATE,11/04/63,11/04/63,
DOW-UAP-D48-Report-September-1996.pdf,116,DATE,11/13/63,11/13/63,
DOW-UAP-D48-Report-September-1996.pdf,116,DATE,11/27/63,11/27/63,
DOW-UAP-D48-Report-September-1996.pdf,116,DATE,12/18/63,12/18/63,
DOW-UAP-D48-Report-September-1996.pdf,116,DATE,01/30/64,01/30/64,
DOW-UAP-D48-Report-September-1996.pdf,116,DATE,02/12/64,02/12/64,
DOW-UAP-D48-Report-September-1996.pdf,116,DATE,02/25/64,02/25/64,
DOW-UAP-D48-Report-September-1996.pdf,116,DATE,03/11/64,03/11/64,
DOW-UAP-D48-Report-September-1996.pdf,116,DATE,04/01/64,04/01/64,
DOW-UAP-D48-Report-September-1996.pdf,116,DATE,04/03/64,04/03/64,
DOW-UAP-D48-Report-September-1996.pdf,116,DATE,04/14/64,04/14/64,
DOW-UAP-D48-Report-September-1996.pdf,116,DATE,04/23/64,04/23/64,
DOW-UAP-D48-Report-September-1996.pdf,116,DATE,05/19/64,05/19/64,
DOW-UAP-D48-Report-September-1996.pdf,116,DATE,06/18/64,06/18/64,
DOW-UAP-D48-Report-September-1996.pdf,116,DATE,06/30/64,06/30/64,
DOW-UAP-D48-Report-September-1996.pdf,116,DATE,07/06/64,07/06/64,
DOW-UAP-D48-Report-September-1996.pdf,116,DATE,07/17/64,07/17/64,
DOW-UAP-D48-Report-September-1996.pdf,116,DATE,07/28/64,07/28/64,
DOW-UAP-D48-Report-September-1996.pdf,116,DATE,9/10/96,9/10/96,
DOW-UAP-D48-Report-September-1996.pdf,117,DATE,07/29/64,07/29/64,
DOW-UAP-D48-Report-September-1996.pdf,117,DATE,08/07/64,08/07/64,
DOW-UAP-D48-Report-September-1996.pdf,117,DATE,08/14/64,08/14/64,
DOW-UAP-D48-Report-September-1996.pdf,117,DATE,08/27/64,08/27/64,
DOW-UAP-D48-Report-September-1996.pdf,117,DATE,08/31/64,08/31/64,
DOW-UAP-D48-Report-September-1996.pdf,117,DATE,09/04/64,09/04/64,
DOW-UAP-D48-Report-September-1996.pdf,117,DATE,09/15/64,09/15/64,
DOW-UAP-D48-Report-September-1996.pdf,117,DATE,09/22/64,09/22/64,
DOW-UAP-D48-Report-September-1996.pdf,117,DATE,09/23/64,09/23/64,
DOW-UAP-D48-Report-September-1996.pdf,117,DATE,10/08/64,10/08/64,
DOW-UAP-D48-Report-September-1996.pdf,117,DATE,10/23/64,10/23/64,
DOW-UAP-D48-Report-September-1996.pdf,117,DATE,11/05/64,11/05/64,
DOW-UAP-D48-Report-September-1996.pdf,117,DATE,11/28/64,11/28/64,
DOW-UAP-D48-Report-September-1996.pdf,117,DATE,12/01/64,12/01/64,
DOW-UAP-D48-Report-September-1996.pdf,117,DATE,12/04/64,12/04/64,
DOW-UAP-D48-Report-September-1996.pdf,117,DATE,12/11/64,12/11/64,
DOW-UAP-D48-Report-September-1996.pdf,117,DATE,12/22/64,12/22/64,
DOW-UAP-D48-Report-September-1996.pdf,117,DATE,01/08/65,01/08/65,
DOW-UAP-D48-Report-September-1996.pdf,117,DATE,01/12/65,01/12/65,
DOW-UAP-D48-Report-September-1996.pdf,117,DATE,01/21/65,01/21/65,
DOW-UAP-D48-Report-September-1996.pdf,117,DATE,01/23/65,01/23/65,
DOW-UAP-D48-Report-September-1996.pdf,117,DATE,02/17/65,02/17/65,
DOW-UAP-D48-Report-September-1996.pdf,117,DATE,02/27/65,02/27/65,
DOW-UAP-D48-Report-September-1996.pdf,117,DATE,03/02/65,03/02/65,
DOW-UAP-D48-Report-September-1996.pdf,117,DATE,03/12/65,03/12/65,
DOW-UAP-D48-Report-September-1996.pdf,117,DATE,03/21/65,03/21/65,
DOW-UAP-D48-Report-September-1996.pdf,117,DATE,03/26/65,03/26/65,
DOW-UAP-D48-Report-September-1996.pdf,117,DATE,04/03/65,04/03/65,
DOW-UAP-D48-Report-September-1996.pdf,117,DATE,04/06/65,04/06/65,
DOW-UAP-D48-Report-September-1996.pdf,117,DATE,04/28/65,04/28/65,
DOW-UAP-D48-Report-September-1996.pdf,117,DATE,05/22/65,05/22/65,
DOW-UAP-D48-Report-September-1996.pdf,117,DATE,05/27/65,05/27/65,
DOW-UAP-D48-Report-September-1996.pdf,117,DATE,06/03/65,06/03/65,
DOW-UAP-D48-Report-September-1996.pdf,117,DATE,06/08/65,06/08/65,
DOW-UAP-D48-Report-September-1996.pdf,117,DATE,06/10/65,06/10/65,
DOW-UAP-D48-Report-September-1996.pdf,117,DATE,06/25/65,06/25/65,
DOW-UAP-D48-Report-September-1996.pdf,117,DATE,07/01/65,07/01/65,
DOW-UAP-D48-Report-September-1996.pdf,117,DATE,07/12/65,07/12/65,
DOW-UAP-D48-Report-September-1996.pdf,117,DATE,07/20/65,07/20/65,
DOW-UAP-D48-Report-September-1996.pdf,117,DATE,08/03/65,08/03/65,
DOW-UAP-D48-Report-September-1996.pdf,117,DATE,08/04/65,08/04/65,
DOW-UAP-D48-Report-September-1996.pdf,117,DATE,08/05/65,08/05/65,
DOW-UAP-D48-Report-September-1996.pdf,117,DATE,9/10/96,9/10/96,
DOW-UAP-D48-Report-September-1996.pdf,118,DATE,08/11/65,08/11/65,
DOW-UAP-D48-Report-September-1996.pdf,118,DATE,08/26/65,08/26/65,
DOW-UAP-D48-Report-September-1996.pdf,118,DATE,09/29/65,09/29/65,
DOW-UAP-D48-Report-September-1996.pdf,118,DATE,09/30/65,09/30/65,
DOW-UAP-D48-Report-September-1996.pdf,118,DATE,10/05/65,10/05/65,
DOW-UAP-D48-Report-September-1996.pdf,118,DATE,10/25/65,10/25/65,
DOW-UAP-D48-Report-September-1996.pdf,118,DATE,11/08/65,11/08/65,
DOW-UAP-D48-Report-September-1996.pdf,118,DATE,11/29/65,11/29/65,
DOW-UAP-D48-Report-September-1996.pdf,118,DATE,12/20/65,12/20/65,
DOW-UAP-D48-Report-September-1996.pdf,118,DATE,01/19/66,01/19/66,
DOW-UAP-D48-Report-September-1996.pdf,118,DATE,02/10/66,02/10/66,
DOW-UAP-D48-Report-September-1996.pdf,118,DATE,02/11/66,02/11/66,
DOW-UAP-D48-Report-September-1996.pdf,118,DATE,02/15/66,02/15/66,
DOW-UAP-D48-Report-September-1996.pdf,118,DATE,02/19/66,02/19/66,
DOW-UAP-D48-Report-September-1996.pdf,118,DATE,03/04/66,03/04/66,
DOW-UAP-D48-Report-September-1996.pdf,118,DATE,03/16/66,03/16/66,
DOW-UAP-D48-Report-September-1996.pdf,118,DATE,03/18/66,03/18/66,
DOW-UAP-D48-Report-September-1996.pdf,118,DATE,03/19/66,03/19/66,
DOW-UAP-D48-Report-September-1996.pdf,118,DATE,03/30/66,03/30/66,
DOW-UAP-D48-Report-September-1996.pdf,118,DATE,04/07/66,04/07/66,
DOW-UAP-D48-Report-September-1996.pdf,118,DATE,04/08/66,04/08/66,
DOW-UAP-D48-Report-September-1996.pdf,118,DATE,04/19/66,04/19/66,
DOW-UAP-D48-Report-September-1996.pdf,118,DATE,05/03/66,05/03/66,
DOW-UAP-D48-Report-September-1996.pdf,118,DATE,05/13/66,05/13/66,
DOW-UAP-D48-Report-September-1996.pdf,118,DATE,05/14/66,05/14/66,
DOW-UAP-D48-Report-September-1996.pdf,118,DATE,05/17/66,05/17/66,
DOW-UAP-D48-Report-September-1996.pdf,118,DATE,05/26/66,05/26/66,
DOW-UAP-D48-Report-September-1996.pdf,118,DATE,05/30/66,05/30/66,
DOW-UAP-D48-Report-September-1996.pdf,118,DATE,06/01/66,06/01/66,
DOW-UAP-D48-Report-September-1996.pdf,118,DATE,06/03/66,06/03/66,
DOW-UAP-D48-Report-September-1996.pdf,118,DATE,06/06/66,06/06/66,
DOW-UAP-D48-Report-September-1996.pdf,118,DATE,06/09/66,06/09/66,
DOW-UAP-D48-Report-September-1996.pdf,118,DATE,06/10/66,06/10/66,
DOW-UAP-D48-Report-September-1996.pdf,118,DATE,06/26/66,06/26/66,
DOW-UAP-D48-Report-September-1996.pdf,118,DATE,06/30/66,06/30/66,
DOW-UAP-D48-Report-September-1996.pdf,118,DATE,07/12/66,07/12/66,
DOW-UAP-D48-Report-September-1996.pdf,118,DATE,07/13/66,07/13/66,
DOW-UAP-D48-Report-September-1996.pdf,118,DATE,07/18/66,07/18/66,
DOW-UAP-D48-Report-September-1996.pdf,118,DATE,08/08/66,08/08/66,
DOW-UAP-D48-Report-September-1996.pdf,118,DATE,08/10/66,08/10/66,
DOW-UAP-D48-Report-September-1996.pdf,118,DATE,08/16/66,08/16/66,
DOW-UAP-D48-Report-September-1996.pdf,118,DATE,08/19/66,08/19/66,
DOW-UAP-D48-Report-September-1996.pdf,118,DATE,09/12/66,09/12/66,
DOW-UAP-D48-Report-September-1996.pdf,118,DATE,09/16/66,09/16/66,
DOW-UAP-D48-Report-September-1996.pdf,118,DATE,09/20/66,09/20/66,
DOW-UAP-D48-Report-September-1996.pdf,118,DATE,10/05/66,10/05/66,
DOW-UAP-D48-Report-September-1996.pdf,118,DATE,9/10/96,9/10/96,
DOW-UAP-D48-Report-September-1996.pdf,119,ORG,AFSC,AFSC,
DOW-UAP-D48-Report-September-1996.pdf,119,DATE,10/11/66,10/11/66,
DOW-UAP-D48-Report-September-1996.pdf,119,DATE,10/12/66,10/12/66,
DOW-UAP-D48-Report-September-1996.pdf,119,DATE,10/26/66,10/26/66,
DOW-UAP-D48-Report-September-1996.pdf,119,DATE,11/02/66,11/02/66,
DOW-UAP-D48-Report-September-1996.pdf,119,DATE,11/06/66,11/06/66,
DOW-UAP-D48-Report-September-1996.pdf,119,DATE,11/11/66,11/11/66,
DOW-UAP-D48-Report-September-1996.pdf,119,DATE,12/05/66,12/05/66,
DOW-UAP-D48-Report-September-1996.pdf,119,DATE,12/06/66,12/06/66,
DOW-UAP-D48-Report-September-1996.pdf,119,DATE,12/11/66,12/11/66,
DOW-UAP-D48-Report-September-1996.pdf,119,DATE,12/21/66,12/21/66,
DOW-UAP-D48-Report-September-1996.pdf,119,DATE,01/17/67,01/17/67,
DOW-UAP-D48-Report-September-1996.pdf,119,DATE,01/22/67,01/22/67,
DOW-UAP-D48-Report-September-1996.pdf,119,DATE,02/02/67,02/02/67,
DOW-UAP-D48-Report-September-1996.pdf,119,DATE,02/04/67,02/04/67,
DOW-UAP-D48-Report-September-1996.pdf,119,DATE,02/13/67,02/13/67,
DOW-UAP-D48-Report-September-1996.pdf,119,DATE,03/05/67,03/05/67,
DOW-UAP-D48-Report-September-1996.pdf,119,DATE,03/16/67,03/16/67,
DOW-UAP-D48-Report-September-1996.pdf,119,DATE,04/05/67,04/05/67,
DOW-UAP-D48-Report-September-1996.pdf,119,DATE,04/07/67,04/07/67,
DOW-UAP-D48-Report-September-1996.pdf,119,DATE,04/17/67,04/17/67,
DOW-UAP-D48-Report-September-1996.pdf,119,DATE,04/19/67,04/19/67,
DOW-UAP-D48-Report-September-1996.pdf,119,DATE,05/04/67,05/04/67,
DOW-UAP-D48-Report-September-1996.pdf,119,DATE,05/19/67,05/19/67,
DOW-UAP-D48-Report-September-1996.pdf,119,DATE,05/22/67,05/22/67,
DOW-UAP-D48-Report-September-1996.pdf,119,DATE,06/04/67,06/04/67,
DOW-UAP-D48-Report-September-1996.pdf,119,DATE,06/09/67,06/09/67,
DOW-UAP-D48-Report-September-1996.pdf,119,DATE,06/14/67,06/14/67,
DOW-UAP-D48-Report-September-1996.pdf,119,DATE,07/06/67,07/06/67,
DOW-UAP-D48-Report-September-1996.pdf,119,DATE,07/14/67,07/14/67,
DOW-UAP-D48-Report-September-1996.pdf,119,DATE,07/22/67,07/22/67,
DOW-UAP-D48-Report-September-1996.pdf,119,DATE,07/27/67,07/27/67,
DOW-UAP-D48-Report-September-1996.pdf,119,DATE,07/29/67,07/29/67,
DOW-UAP-D48-Report-September-1996.pdf,119,DATE,08/01/67,08/01/67,
DOW-UAP-D48-Report-September-1996.pdf,119,DATE,09/08/67,09/08/67,
DOW-UAP-D48-Report-September-1996.pdf,119,DATE,10/11/67,10/11/67,
DOW-UAP-D48-Report-September-1996.pdf,119,DATE,10/14/67,10/14/67,
DOW-UAP-D48-Report-September-1996.pdf,119,DATE,10/27/67,10/27/67,
DOW-UAP-D48-Report-September-1996.pdf,119,DATE,11/05/67,11/05/67,
DOW-UAP-D48-Report-September-1996.pdf,119,DATE,11/07/67,11/07/67,
DOW-UAP-D48-Report-September-1996.pdf,119,DATE,11/10/67,11/10/67,
DOW-UAP-D48-Report-September-1996.pdf,119,DATE,12/21/67,12/21/67,
DOW-UAP-D48-Report-September-1996.pdf,119,DATE,01/07/68,01/07/68,
DOW-UAP-D48-Report-September-1996.pdf,119,DATE,01/31/68,01/31/68,
DOW-UAP-D48-Report-September-1996.pdf,119,DATE,02/26/68,02/26/68,
DOW-UAP-D48-Report-September-1996.pdf,119,DATE,03/04/68,03/04/68,
DOW-UAP-D48-Report-September-1996.pdf,119,DATE,9/10/96,9/10/96,
DOW-UAP-D48-Report-September-1996.pdf,120,ORG,AFSC,AFSC,
DOW-UAP-D48-Report-September-1996.pdf,120,DATE,03/06/68,03/06/68,
DOW-UAP-D48-Report-September-1996.pdf,120,DATE,04/06/68,04/06/68,
DOW-UAP-D48-Report-September-1996.pdf,120,DATE,04/18/68,04/18/68,
DOW-UAP-D48-Report-September-1996.pdf,120,DATE,04/27/68,04/27/68,
DOW-UAP-D48-Report-September-1996.pdf,120,DATE,05/03/68,05/03/68,
DOW-UAP-D48-Report-September-1996.pdf,120,DATE,06/01/68,06/01/68,
DOW-UAP-D48-Report-September-1996.pdf,120,DATE,06/22/68,06/22/68,
DOW-UAP-D48-Report-September-1996.pdf,120,DATE,06/29/68,06/29/68,
DOW-UAP-D48-Report-September-1996.pdf,120,DATE,07/11/68,07/11/68,
DOW-UAP-D48-Report-September-1996.pdf,120,DATE,08/06/68,08/06/68,
DOW-UAP-D48-Report-September-1996.pdf,120,DATE,08/10/68,08/10/68,
DOW-UAP-D48-Report-September-1996.pdf,120,DATE,08/16/68,08/16/68,
DOW-UAP-D48-Report-September-1996.pdf,120,DATE,09/25/68,09/25/68,
DOW-UAP-D48-Report-September-1996.pdf,120,DATE,09/27/68,09/27/68,
DOW-UAP-D48-Report-September-1996.pdf,120,DATE,11/16/68,11/16/68,
DOW-UAP-D48-Report-September-1996.pdf,120,DATE,11/24/68,11/24/68,
DOW-UAP-D48-Report-September-1996.pdf,120,DATE,12/07/68,12/07/68,
DOW-UAP-D48-Report-September-1996.pdf,120,DATE,01/16/69,01/16/69,
DOW-UAP-D48-Report-September-1996.pdf,120,DATE,02/24/69,02/24/69,
DOW-UAP-D48-Report-September-1996.pdf,120,DATE,03/17/69,03/17/69,
DOW-UAP-D48-Report-September-1996.pdf,120,DATE,03/27/69,03/27/69,
DOW-UAP-D48-Report-September-1996.pdf,120,DATE,04/12/69,04/12/69,
DOW-UAP-D48-Report-September-1996.pdf,120,DATE,08/12/69,08/12/69,
DOW-UAP-D48-Report-September-1996.pdf,120,DATE,08/20/69,08/20/69,
DOW-UAP-D48-Report-September-1996.pdf,120,DATE,09/16/69,09/16/69,
DOW-UAP-D48-Report-September-1996.pdf,120,DATE,10/10/69,10/10/69,
DOW-UAP-D48-Report-September-1996.pdf,120,DATE,12/03/69,12/03/69,
DOW-UAP-D48-Report-September-1996.pdf,120,DATE,12/12/69,12/12/69,
DOW-UAP-D48-Report-September-1996.pdf,120,DATE,02/08/70,02/08/70,
DOW-UAP-D48-Report-September-1996.pdf,120,DATE,03/13/70,03/13/70,
DOW-UAP-D48-Report-September-1996.pdf,120,DATE,05/30/70,05/30/70,
DOW-UAP-D48-Report-September-1996.pdf,120,DATE,06/09/70,06/09/70,
DOW-UAP-D48-Report-September-1996.pdf,120,DATE,06/19/70,06/19/70,
DOW-UAP-D48-Report-September-1996.pdf,120,DATE,08/31/70,08/31/70,
DOW-UAP-D48-Report-September-1996.pdf,120,DATE,11/30/70,11/30/70,
DOW-UAP-D48-Report-September-1996.pdf,120,DATE,12/22/70,12/22/70,
DOW-UAP-D48-Report-September-1996.pdf,120,DATE,04/05/71,04/05/71,
DOW-UAP-D48-Report-September-1996.pdf,120,DATE,05/08/71,05/08/71,
DOW-UAP-D48-Report-September-1996.pdf,120,DATE,05/30/71,05/30/71,
DOW-UAP-D48-Report-September-1996.pdf,120,DATE,06/29/71,06/29/71,
DOW-UAP-D48-Report-September-1996.pdf,120,DATE,08/06/71,08/06/71,
DOW-UAP-D48-Report-September-1996.pdf,120,DATE,09/01/71,09/01/71,
DOW-UAP-D48-Report-September-1996.pdf,120,DATE,12/04/71,12/04/71,
DOW-UAP-D48-Report-September-1996.pdf,120,DATE,01/22/72,01/22/72,
DOW-UAP-D48-Report-September-1996.pdf,120,DATE,9/10/96,9/10/96,
DOW-UAP-D48-Report-September-1996.pdf,121,ORG,AFSC,AFSC,
DOW-UAP-D48-Report-September-1996.pdf,121,DATE,03/02/72,03/02/72,
DOW-UAP-D48-Report-September-1996.pdf,121,DATE,06/13/72,06/13/72,
DOW-UAP-D48-Report-September-1996.pdf,121,DATE,10/02/72,10/02/72,
DOW-UAP-D48-Report-September-1996.pdf,121,DATE,03/06/73,03/06/73,
DOW-UAP-D48-Report-September-1996.pdf,121,DATE,04/05/73,04/05/73,
DOW-UAP-D48-Report-September-1996.pdf,121,DATE,08/23/73,08/23/73,
DOW-UAP-D48-Report-September-1996.pdf,121,DATE,11/03/73,11/03/73,
DOW-UAP-D48-Report-September-1996.pdf,121,DATE,03/06/74,03/06/74,
DOW-UAP-D48-Report-September-1996.pdf,121,DATE,03/23/74,03/23/74,
DOW-UAP-D48-Report-September-1996.pdf,121,DATE,07/13/74,07/13/74,
DOW-UAP-D48-Report-September-1996.pdf,121,DATE,05/22/75,05/22/75,
DOW-UAP-D48-Report-September-1996.pdf,121,DATE,05/26/77,05/26/77,
DOW-UAP-D48-Report-September-1996.pdf,121,DATE,01/06/78,01/06/78,
DOW-UAP-D48-Report-September-1996.pdf,121,DATE,05/13/78,05/13/78,
DOW-UAP-D48-Report-September-1996.pdf,121,DATE,05/20/78,05/20/78,
DOW-UAP-D48-Report-September-1996.pdf,121,DATE,06/26/78,06/26/78,
DOW-UAP-D48-Report-September-1996.pdf,122,ORG,AFSC,AFSC,
DOW-UAP-D48-Report-September-1996.pdf,122,DATE,10/13/78,10/13/78,
DOW-UAP-D48-Report-September-1996.pdf,122,DATE,11/13/78,11/13/78,
DOW-UAP-D48-Report-September-1996.pdf,122,DATE,12/10/78,12/10/78,
DOW-UAP-D48-Report-September-1996.pdf,122,DATE,02/24/79,02/24/79,
DOW-UAP-D48-Report-September-1996.pdf,122,DATE,05/04/79,05/04/79,
DOW-UAP-D48-Report-September-1996.pdf,122,DATE,06/27/79,06/27/79,
DOW-UAP-D48-Report-September-1996.pdf,122,DATE,09/20/79,09/20/79,
DOW-UAP-D48-Report-September-1996.pdf,122,DATE,01/17/80,01/17/80,
DOW-UAP-D48-Report-September-1996.pdf,122,DATE,02/09/80,02/09/80,
DOW-UAP-D48-Report-September-1996.pdf,122,DATE,03/03/80,03/03/80,
DOW-UAP-D48-Report-September-1996.pdf,122,DATE,04/26/80,04/26/80,
DOW-UAP-D48-Report-September-1996.pdf,122,DATE,05/29/80,05/29/80,
DOW-UAP-D48-Report-September-1996.pdf,122,DATE,10/31/80,10/31/80,
DOW-UAP-D48-Report-September-1996.pdf,122,DATE,12/06/80,12/06/80,
DOW-UAP-D48-Report-September-1996.pdf,122,DATE,12/08/80,12/08/80,
DOW-UAP-D48-Report-September-1996.pdf,122,DATE,02/21/81,02/21/81,
DOW-UAP-D48-Report-September-1996.pdf,122,DATE,05/23/81,05/23/81,
DOW-UAP-D48-Report-September-1996.pdf,122,DATE,06/23/81,06/23/81,
DOW-UAP-D48-Report-September-1996.pdf,122,DATE,08/06/81,08/06/81,
DOW-UAP-D48-Report-September-1996.pdf,122,DATE,12/15/81,12/15/81,
DOW-UAP-D48-Report-September-1996.pdf,122,DATE,12/18/81,12/18/81,
DOW-UAP-D48-Report-September-1996.pdf,122,DATE,03/05/82,03/05/82,
DOW-UAP-D48-Report-September-1996.pdf,122,DATE,09/28/82,09/28/82,
DOW-UAP-D48-Report-September-1996.pdf,122,DATE,12/20/82,12/20/82,
DOW-UAP-D48-Report-September-1996.pdf,122,DATE,02/09/83,02/09/83,
DOW-UAP-D48-Report-September-1996.pdf,122,DATE,03/28/83,03/28/83,
DOW-UAP-D48-Report-September-1996.pdf,122,DATE,05/19/83,05/19/83,
DOW-UAP-D48-Report-September-1996.pdf,122,DATE,06/09/83,06/09/83,
DOW-UAP-D48-Report-September-1996.pdf,122,DATE,07/14/83,07/14/83,
DOW-UAP-D48-Report-September-1996.pdf,122,DATE,11/17/83,11/17/83,
DOW-UAP-D48-Report-September-1996.pdf,122,DATE,02/05/84,02/05/84,
DOW-UAP-D48-Report-September-1996.pdf,122,DATE,06/09/84,06/09/84,
DOW-UAP-D48-Report-September-1996.pdf,122,DATE,06/13/84,06/13/84,
DOW-UAP-D48-Report-September-1996.pdf,122,DATE,09/08/84,09/08/84,
DOW-UAP-D48-Report-September-1996.pdf,122,DATE,12/12/84,12/12/84,
DOW-UAP-D48-Report-September-1996.pdf,122,DATE,03/12/85,03/12/85,
DOW-UAP-D48-Report-September-1996.pdf,122,DATE,06/30/85,06/30/85,
DOW-UAP-D48-Report-September-1996.pdf,122,DATE,09/28/85,09/28/85,
DOW-UAP-D48-Report-September-1996.pdf,122,DATE,10/08/85,10/08/85,
DOW-UAP-D48-Report-September-1996.pdf,122,DATE,02/09/86,02/09/86,
DOW-UAP-D48-Report-September-1996.pdf,122,DATE,09/17/86,09/17/86,
DOW-UAP-D48-Report-September-1996.pdf,122,DATE,12/05/86,12/05/86,
DOW-UAP-D48-Report-September-1996.pdf,122,DATE,03/26/87,03/26/87,
DOW-UAP-D48-Report-September-1996.pdf,122,DATE,05/15/87,05/15/87,
DOW-UAP-D48-Report-September-1996.pdf,122,DATE,06/19/87,06/19/87,
DOW-UAP-D48-Report-September-1996.pdf,122,DATE,9/10/96,9/10/96,
DOW-UAP-D48-Report-September-1996.pdf,123,DATE,02/02/88,02/02/88,
DOW-UAP-D48-Report-September-1996.pdf,123,DATE,09/24/88,09/24/88,
DOW-UAP-D48-Report-September-1996.pdf,123,DATE,09/25/89,09/25/89,
DOW-UAP-D48-Report-September-1996.pdf,123,DATE,04/11/90,04/11/90,
DOW-UAP-D48-Report-September-1996.pdf,123,DATE,07/25/90,07/25/90,
DOW-UAP-D48-Report-September-1996.pdf,123,DATE,12/01/90,12/01/90,
DOW-UAP-D48-Report-September-1996.pdf,123,DATE,04/18/91,04/18/91,
DOW-UAP-D48-Report-September-1996.pdf,123,DATE,05/14/91,05/14/91,
DOW-UAP-D48-Report-September-1996.pdf,123,DATE,11/28/91,11/28/91,
DOW-UAP-D48-Report-September-1996.pdf,123,DATE,12/07/91,12/07/91,
DOW-UAP-D48-Report-September-1996.pdf,123,DATE,02/11/92,02/11/92,
DOW-UAP-D48-Report-September-1996.pdf,123,DATE,03/14/92,03/14/92,
DOW-UAP-D48-Report-September-1996.pdf,123,DATE,06/10/92,06/10/92,
DOW-UAP-D48-Report-September-1996.pdf,123,DATE,07/02/92,07/02/92,
DOW-UAP-D48-Report-September-1996.pdf,123,DATE,08/22/92,08/22/92,
DOW-UAP-D48-Report-September-1996.pdf,123,DATE,03/25/93,03/25/93,
DOW-UAP-D48-Report-September-1996.pdf,123,DATE,07/19/93,07/19/93,
DOW-UAP-D48-Report-September-1996.pdf,123,DATE,08/09/93,08/09/93,
DOW-UAP-D48-Report-September-1996.pdf,123,DATE,09/03/93,09/03/93,
DOW-UAP-D48-Report-September-1996.pdf,123,DATE,12/16/93,12/16/93,
DOW-UAP-D48-Report-September-1996.pdf,123,DATE,04/13/94,04/13/94,
DOW-UAP-D48-Report-September-1996.pdf,123,DATE,06/24/94,06/24/94,
DOW-UAP-D48-Report-September-1996.pdf,123,DATE,08/03/94,08/03/94,
DOW-UAP-D48-Report-September-1996.pdf,123,DATE,08/29/94,08/29/94,
DOW-UAP-D48-Report-September-1996.pdf,123,DATE,10/06/94,10/06/94,
DOW-UAP-D48-Report-September-1996.pdf,123,DATE,11/29/94,11/29/94,
DOW-UAP-D48-Report-September-1996.pdf,123,DATE,12/30/94,12/30/94,
DOW-UAP-D48-Report-September-1996.pdf,123,DATE,01/10/95,01/10/95,
DOW-UAP-D48-Report-September-1996.pdf,123,DATE,01/29/95,01/29/95,
DOW-UAP-D48-Report-September-1996.pdf,123,DATE,03/22/95,03/22/95,
DOW-UAP-D48-Report-September-1996.pdf,123,DATE,03/24/95,03/24/95,
DOW-UAP-D48-Report-September-1996.pdf,123,DATE,04/07/95,04/07/95,
DOW-UAP-D48-Report-September-1996.pdf,123,DATE,05/23/95,05/23/95,
DOW-UAP-D48-Report-September-1996.pdf,123,DATE,05/31/95,05/31/95,
DOW-UAP-D48-Report-September-1996.pdf,123,DATE,07/31/95,07/31/95,
DOW-UAP-D48-Report-September-1996.pdf,123,DATE,08/29/95,08/29/95,
DOW-UAP-D48-Report-September-1996.pdf,123,DATE,10/22/95,10/22/95,
DOW-UAP-D48-Report-September-1996.pdf,123,DATE,12/02/95,12/02/95,
DOW-UAP-D48-Report-September-1996.pdf,123,DATE,12/15/95,12/15/95,
DOW-UAP-D48-Report-September-1996.pdf,123,DATE,01/31/96,01/31/96,
DOW-UAP-D48-Report-September-1996.pdf,123,DATE,04/03/96,04/03/96,
DOW-UAP-D48-Report-September-1996.pdf,123,DATE,04/30/96,04/30/96,
DOW-UAP-D48-Report-September-1996.pdf,123,DATE,07/25/96,07/25/96,
DOW-UAP-D48-Report-September-1996.pdf,123,DATE,9/10/96,9/10/96,
DOW-UAP-D48-Report-September-1996.pdf,124,DATE,11 June 57,11 June 57,
DOW-UAP-D48-Report-September-1996.pdf,124,DATE,25 Sep 57,25 Sep 57,
DOW-UAP-D48-Report-September-1996.pdf,124,DATE,7 Feb 58,7 Feb 58,
DOW-UAP-D48-Report-September-1996.pdf,124,DATE,20 Feb 58,20 Feb 58,
DOW-UAP-D48-Report-September-1996.pdf,124,DATE,5 Apr 58,5 Apr 58,
DOW-UAP-D48-Report-September-1996.pdf,124,DATE,9/10/96,9/10/96,
DOW-UAP-D48-Report-September-1996.pdf,125,DATE,19 July 58,19 July 58,
DOW-UAP-D48-Report-September-1996.pdf,125,DATE,28 Aug 58,28 Aug 58,
DOW-UAP-D48-Report-September-1996.pdf,125,DATE,14 Sep 58,14 Sep 58,
DOW-UAP-D48-Report-September-1996.pdf,125,DATE,18 Sep 58,18 Sep 58,
DOW-UAP-D48-Report-September-1996.pdf,125,DATE,17 Nov 58,17 Nov 58,
DOW-UAP-D48-Report-September-1996.pdf,125,DATE,15 Jan 59,15 Jan 59,
DOW-UAP-D48-Report-September-1996.pdf,125,DATE,27 Jan 59,27 Jan 59,
DOW-UAP-D48-Report-September-1996.pdf,125,DATE,20 Feb 59,20 Feb 59,
DOW-UAP-D48-Report-September-1996.pdf,125,DATE,9/10/96,9/10/96,
DOW-UAP-D48-Report-September-1996.pdf,126,DATE,18 Mar 59,18 Mar 59,
DOW-UAP-D48-Report-September-1996.pdf,126,DATE,14 Apr 59,14 Apr 59,
DOW-UAP-D48-Report-September-1996.pdf,126,DATE,18 May 59,18 May 59,
DOW-UAP-D48-Report-September-1996.pdf,126,DATE,6 June 59,6 June 59,
DOW-UAP-D48-Report-September-1996.pdf,126,DATE,9 Sep 59,9 Sep 59,
DOW-UAP-D48-Report-September-1996.pdf,126,DATE,16 Sep. 59,16 Sep. 59,
DOW-UAP-D48-Report-September-1996.pdf,126,DATE,29 Oct 59,29 Oct 59,
DOW-UAP-D48-Report-September-1996.pdf,126,DATE,4 Nov 59,4 Nov 59,
DOW-UAP-D48-Report-September-1996.pdf,126,DATE,24 Nov 59,24 Nov 59,
DOW-UAP-D48-Report-September-1996.pdf,126,DATE,9/10/96,9/10/96,
DOW-UAP-D48-Report-September-1996.pdf,127,DATE,26 Nov 59,26 Nov 59,
DOW-UAP-D48-Report-September-1996.pdf,127,DATE,26 Jan 60,26 Jan 60,
DOW-UAP-D48-Report-September-1996.pdf,127,DATE,26 Feb 60,26 Feb 60,
DOW-UAP-D48-Report-September-1996.pdf,127,DATE,8 Mar 60,8 Mar 60,
DOW-UAP-D48-Report-September-1996.pdf,127,DATE,10 Mar 60,10 Mar 60,
DOW-UAP-D48-Report-September-1996.pdf,127,DATE,7 Apr 60,7 Apr 60,
DOW-UAP-D48-Report-September-1996.pdf,127,DATE,6 May 60,6 May 60,
DOW-UAP-D48-Report-September-1996.pdf,127,DATE,22 June 60,22 June 60,
DOW-UAP-D48-Report-September-1996.pdf,127,DATE,2 July 60,2 July 60,
DOW-UAP-D48-Report-September-1996.pdf,127,DATE,22 July 60,22 July 60,
DOW-UAP-D48-Report-September-1996.pdf,127,DATE,9/10/96,9/10/96,
DOW-UAP-D48-Report-September-1996.pdf,128,DATE,29 July 60,29 July 60,
DOW-UAP-D48-Report-September-1996.pdf,128,DATE,12 Sep 60,12 Sep 60,
DOW-UAP-D48-Report-September-1996.pdf,128,DATE,25 Sep 60,25 Sep 60,
DOW-UAP-D48-Report-September-1996.pdf,128,DATE,29 Sep 60,29 Sep 60,
DOW-UAP-D48-Report-September-1996.pdf,128,DATE,11 Oct 60,11 Oct 60,
DOW-UAP-D48-Report-September-1996.pdf,128,DATE,12 Oct 60,12 Oct 60,
DOW-UAP-D48-Report-September-1996.pdf,128,DATE,29 Nov 60,29 Nov 60,
DOW-UAP-D48-Report-September-1996.pdf,128,DATE,15 Dec 60,15 Dec 60,
DOW-UAP-D48-Report-September-1996.pdf,128,DATE,9/10/96,9/10/96,
DOW-UAP-D48-Report-September-1996.pdf,129,DATE,24 Jan 61,24 Jan 61,
DOW-UAP-D48-Report-September-1996.pdf,129,DATE,31 Jan 61,31 Jan 61,
DOW-UAP-D48-Report-September-1996.pdf,129,DATE,13 Mar 61,13 Mar 61,
DOW-UAP-D48-Report-September-1996.pdf,129,DATE,24 Mar 61,24 Mar 61,
DOW-UAP-D48-Report-September-1996.pdf,129,DATE,25 Apr 61,25 Apr 61,
DOW-UAP-D48-Report-September-1996.pdf,129,DATE,7 June 61,7 June 61,
DOW-UAP-D48-Report-September-1996.pdf,129,DATE,22 June 61,22 June 61,
DOW-UAP-D48-Report-September-1996.pdf,129,DATE,23 Aug 61,23 Aug 61,
DOW-UAP-D48-Report-September-1996.pdf,129,DATE,9/10/96,9/10/96,
DOW-UAP-D48-Report-September-1996.pdf,130,DATE,8 Sep 61,8 Sep 61,
DOW-UAP-D48-Report-September-1996.pdf,130,DATE,9 Sep 61,9 Sep 61,
DOW-UAP-D48-Report-September-1996.pdf,130,DATE,21 Oct 61,21 Oct 61,
DOW-UAP-D48-Report-September-1996.pdf,130,DATE,10 Nov 61,10 Nov 61,
DOW-UAP-D48-Report-September-1996.pdf,130,DATE,18 Nov 61,18 Nov 61,
DOW-UAP-D48-Report-September-1996.pdf,130,DATE,22 Nov 61,22 Nov 61,
DOW-UAP-D48-Report-September-1996.pdf,130,DATE,12 Dec 61,12 Dec 61,
DOW-UAP-D48-Report-September-1996.pdf,130,DATE,20 Dec 61,20 Dec 61,
DOW-UAP-D48-Report-September-1996.pdf,130,DATE,9/10/96,9/10/96,
DOW-UAP-D48-Report-September-1996.pdf,131,DATE,22 Dec 61,22 Dec 61,
DOW-UAP-D48-Report-September-1996.pdf,131,DATE,26 Jan 62,26 Jan 62,
DOW-UAP-D48-Report-September-1996.pdf,131,DATE,16 Feb 62,16 Feb 62,
DOW-UAP-D48-Report-September-1996.pdf,131,DATE,21 Feb 62,21 Feb 62,
DOW-UAP-D48-Report-September-1996.pdf,131,DATE,28 Feb 62,28 Feb 62,
DOW-UAP-D48-Report-September-1996.pdf,131,DATE,9 Apr 62,9 Apr 62,
DOW-UAP-D48-Report-September-1996.pdf,131,DATE,8 May 62,8 May 62,
DOW-UAP-D48-Report-September-1996.pdf,131,DATE,9/10/96,9/10/96,
DOW-UAP-D48-Report-September-1996.pdf,132,DATE,17 June 62,17 June 62,
DOW-UAP-D48-Report-September-1996.pdf,132,DATE,13 July 62,13 July 62,
DOW-UAP-D48-Report-September-1996.pdf,132,DATE,22 July 62,22 July 62,
DOW-UAP-D48-Report-September-1996.pdf,132,DATE,9 Aug 62,9 Aug 62,
DOW-UAP-D48-Report-September-1996.pdf,132,DATE,10 Aug 62,10 Aug 62,
DOW-UAP-D48-Report-September-1996.pdf,132,DATE,27 Aug 62,27 Aug 62,
DOW-UAP-D48-Report-September-1996.pdf,132,DATE,2 Oct 62,2 Oct 62,
DOW-UAP-D48-Report-September-1996.pdf,132,DATE,18 Oct 62,18 Oct 62,
DOW-UAP-D48-Report-September-1996.pdf,132,DATE,14 Nov 62,14 Nov 62,
DOW-UAP-D48-Report-September-1996.pdf,132,DATE,9/10/96,9/10/96,
DOW-UAP-D48-Report-September-1996.pdf,133,DATE,17 Dec 62,17 Dec 62,
DOW-UAP-D48-Report-September-1996.pdf,133,DATE,18 Dec 62,18 Dec 62,
DOW-UAP-D48-Report-September-1996.pdf,133,DATE,22 Dec 62,22 Dec 62,
DOW-UAP-D48-Report-September-1996.pdf,133,DATE,25 Jan 63,25 Jan 63,
DOW-UAP-D48-Report-September-1996.pdf,133,DATE,9 Mar 63,9 Mar 63,
DOW-UAP-D48-Report-September-1996.pdf,133,DATE,15 Mar 63,15 Mar 63,
DOW-UAP-D48-Report-September-1996.pdf,133,DATE,16 Mar 63,16 Mar 63,
DOW-UAP-D48-Report-September-1996.pdf,133,DATE,21 Mar 63,21 Mar 63,
DOW-UAP-D48-Report-September-1996.pdf,133,DATE,9/10/96,9/10/96,
DOW-UAP-D48-Report-September-1996.pdf,134,DATE,23 Mar 63,23 Mar 63,
DOW-UAP-D48-Report-September-1996.pdf,134,DATE,24 Apr 63,24 Apr 63,
DOW-UAP-D48-Report-September-1996.pdf,134,DATE,12 Jun 63,12 Jun 63,
DOW-UAP-D48-Report-September-1996.pdf,134,DATE,26 July 63,26 July 63,
DOW-UAP-D48-Report-September-1996.pdf,134,DATE,6 Sep 63,6 Sep 63,
DOW-UAP-D48-Report-September-1996.pdf,134,DATE,11 Sep 63,11 Sep 63,
DOW-UAP-D48-Report-September-1996.pdf,134,DATE,25 Sep 63,25 Sep 63,
DOW-UAP-D48-Report-September-1996.pdf,134,DATE,3 Oct 63,3 Oct 63,
DOW-UAP-D48-Report-September-1996.pdf,134,DATE,9/10/96,9/10/96,
DOW-UAP-D48-Report-September-1996.pdf,135,DATE,7 Oct 63,7 Oct 63,
DOW-UAP-D48-Report-September-1996.pdf,135,DATE,28 Oct 63,28 Oct 63,
DOW-UAP-D48-Report-September-1996.pdf,135,DATE,13 Nov 63,13 Nov 63,
DOW-UAP-D48-Report-September-1996.pdf,135,DATE,12 Feb 64,12 Feb 64,
DOW-UAP-D48-Report-September-1996.pdf,135,DATE,3 Apr 64,3 Apr 64,
DOW-UAP-D48-Report-September-1996.pdf,135,DATE,30 June 64,30 June 64,
DOW-UAP-D48-Report-September-1996.pdf,135,DATE,27 Aug 64,27 Aug 64,
DOW-UAP-D48-Report-September-1996.pdf,135,DATE,5 Nov 64,5 Nov 64,
DOW-UAP-D48-Report-September-1996.pdf,135,DATE,11 Dec 64,11 Dec 64,
DOW-UAP-D48-Report-September-1996.pdf,135,DATE,21 Jan 65,21 Jan 65,
DOW-UAP-D48-Report-September-1996.pdf,135,DATE,9/10/96,9/10/96,
DOW-UAP-D48-Report-September-1996.pdf,136,DATE,2 Mar 65,2 Mar 65,
DOW-UAP-D48-Report-September-1996.pdf,136,DATE,27 May 65,27 May 65,
DOW-UAP-D48-Report-September-1996.pdf,136,DATE,12 Jul 65,12 Jul 65,
DOW-UAP-D48-Report-September-1996.pdf,136,DATE,25 Oct 65,25 Oct 65,
DOW-UAP-D48-Report-September-1996.pdf,136,DATE,4 Mar 66,4 Mar 66,
DOW-UAP-D48-Report-September-1996.pdf,136,DATE,19 Mar 66,19 Mar 66,
DOW-UAP-D48-Report-September-1996.pdf,136,DATE,7 Apr 66,7 Apr 66,
DOW-UAP-D48-Report-September-1996.pdf,136,DATE,9/10/96,9/10/96,
DOW-UAP-D48-Report-September-1996.pdf,137,DATE,3 May 66,3 May 66,
DOW-UAP-D48-Report-September-1996.pdf,137,DATE,17 May 66,17 May 66,
DOW-UAP-D48-Report-September-1996.pdf,137,DATE,10 Jun 66,10 Jun 66,
DOW-UAP-D48-Report-September-1996.pdf,137,DATE,13 July 66,13 July 66,
DOW-UAP-D48-Report-September-1996.pdf,137,DATE,8 Aug 66,8 Aug 66,
DOW-UAP-D48-Report-September-1996.pdf,137,DATE,20 Sep 66,20 Sep 66,
DOW-UAP-D48-Report-September-1996.pdf,137,DATE,11 Oct 66,11 Oct 66,
DOW-UAP-D48-Report-September-1996.pdf,137,DATE,26 Oct 66,26 Oct 66,
DOW-UAP-D48-Report-September-1996.pdf,137,DATE,9/10/96,9/10/96,
DOW-UAP-D48-Report-September-1996.pdf,138,ORG,AFSC,AFSC,
DOW-UAP-D48-Report-September-1996.pdf,138,DATE,17 Jan 67,17 Jan 67,
DOW-UAP-D48-Report-September-1996.pdf,138,DATE,27 Oct 67,27 Oct 67,
DOW-UAP-D48-Report-September-1996.pdf,138,DATE,3 May 68,3 May 68,
DOW-UAP-D48-Report-September-1996.pdf,138,DATE,10 Aug 68,10 Aug 68,
DOW-UAP-D48-Report-September-1996.pdf,138,DATE,16 Aug 68,16 Aug 68,
DOW-UAP-D48-Report-September-1996.pdf,138,DATE,16 Nov 68,16 Nov 68,
DOW-UAP-D48-Report-September-1996.pdf,138,DATE,24 Feb 69,24 Feb 69,
DOW-UAP-D48-Report-September-1996.pdf,138,DATE,10 Oct 69,10 Oct 69,
DOW-UAP-D48-Report-September-1996.pdf,138,DATE,9/10/96,9/10/96,
DOW-UAP-D48-Report-September-1996.pdf,139,ORG,AFSC,AFSC,
DOW-UAP-D48-Report-September-1996.pdf,139,DATE,30 Nov 70,30 Nov 70,
DOW-UAP-D48-Report-September-1996.pdf,139,DATE,8 May 71,8 May 71,
DOW-UAP-D48-Report-September-1996.pdf,139,DATE,4 Dec 71,4 Dec 71,
DOW-UAP-D48-Report-September-1996.pdf,139,DATE,20 Feb 75,20 Feb 75,
DOW-UAP-D48-Report-September-1996.pdf,139,DATE,12 Apr 75,12 Apr 75,
DOW-UAP-D48-Report-September-1996.pdf,139,DATE,29 Sep 77,29 Sep 77,
DOW-UAP-D48-Report-September-1996.pdf,139,DATE,29 May 80,29 May 80,
DOW-UAP-D48-Report-September-1996.pdf,139,DATE,8 Dec 80,8 Dec 80,
DOW-UAP-D48-Report-September-1996.pdf,139,DATE,9/10/96,9/10/96,
DOW-UAP-D48-Report-September-1996.pdf,140,DATE,6 Aug 81,6 Aug 81,
DOW-UAP-D48-Report-September-1996.pdf,140,DATE,18 Dec 81,18 Dec 81,
DOW-UAP-D48-Report-September-1996.pdf,140,DATE,9 Jun 84,9 Jun 84,
DOW-UAP-D48-Report-September-1996.pdf,140,DATE,26 Mar 87,26 Mar 87,
DOW-UAP-D48-Report-September-1996.pdf,140,DATE,18 Apr 91,18 Apr 91,
DOW-UAP-D48-Report-September-1996.pdf,140,DATE,9/10/96,9/10/96,
DOW-UAP-D48-Report-September-1996.pdf,141,DATE,22 Aug 92,22 Aug 92,
DOW-UAP-D48-Report-September-1996.pdf,141,DATE,18 Apr 91,18 Apr 91,
DOW-UAP-D48-Report-September-1996.pdf,141,DATE,25 Mar 93,25 Mar 93,
DOW-UAP-D48-Report-September-1996.pdf,142,ORG,NASA,NASA,
DOW-UAP-D48-Report-September-1996.pdf,142,ORG,USAF,USAF,
DOW-UAP-D48-Report-September-1996.pdf,142,DATE,"May 13, 1960","May 13, 1960",
DOW-UAP-D48-Report-September-1996.pdf,142,DATE,9/10/96,9/10/96,
DOW-UAP-D48-Report-September-1996.pdf,143,DATE,9/10/96,9/10/96,
DOW-UAP-D48-Report-September-1996.pdf,145,DATE,05/13/60,05/13/60,
DOW-UAP-D48-Report-September-1996.pdf,145,DATE,08/12/60,08/12/60,
DOW-UAP-D48-Report-September-1996.pdf,145,DATE,11/23/60,11/23/60,
DOW-UAP-D48-Report-September-1996.pdf,145,DATE,03/25/61,03/25/61,
DOW-UAP-D48-Report-September-1996.pdf,145,DATE,07/12/61,07/12/61,
DOW-UAP-D48-Report-September-1996.pdf,145,DATE,08/15/61,08/15/61,
DOW-UAP-D48-Report-September-1996.pdf,145,DATE,02/08/62,02/08/62,
DOW-UAP-D48-Report-September-1996.pdf,145,DATE,03/07/62,03/07/62,
DOW-UAP-D48-Report-September-1996.pdf,145,DATE,04/26/62,04/26/62,
DOW-UAP-D48-Report-September-1996.pdf,145,DATE,06/19/62,06/19/62,
DOW-UAP-D48-Report-September-1996.pdf,145,DATE,07/10/62,07/10/62,
DOW-UAP-D48-Report-September-1996.pdf,145,DATE,09/18/62,09/18/62,
DOW-UAP-D48-Report-September-1996.pdf,145,DATE,10/02/62,10/02/62,
DOW-UAP-D48-Report-September-1996.pdf,145,DATE,10/27/62,10/27/62,
DOW-UAP-D48-Report-September-1996.pdf,145,DATE,12/13/62,12/13/62,
DOW-UAP-D48-Report-September-1996.pdf,145,DATE,02/13/63,02/13/63,
DOW-UAP-D48-Report-September-1996.pdf,145,DATE,04/02/63,04/02/63,
DOW-UAP-D48-Report-September-1996.pdf,145,DATE,05/07/63,05/07/63,
DOW-UAP-D48-Report-September-1996.pdf,145,DATE,06/19/63,06/19/63,
DOW-UAP-D48-Report-September-1996.pdf,145,DATE,07/26/63,07/26/63,
DOW-UAP-D48-Report-September-1996.pdf,145,DATE,11/26/63,11/26/63,
DOW-UAP-D48-Report-September-1996.pdf,145,DATE,12/21/63,12/21/63,
DOW-UAP-D48-Report-September-1996.pdf,145,DATE,01/21/64,01/21/64,
DOW-UAP-D48-Report-September-1996.pdf,145,DATE,03/19/64,03/19/64,
DOW-UAP-D48-Report-September-1996.pdf,145,DATE,08/19/64,08/19/64,
DOW-UAP-D48-Report-September-1996.pdf,145,DATE,10/03/64,10/03/64,
DOW-UAP-D48-Report-September-1996.pdf,145,DATE,12/21/64,12/21/64,
DOW-UAP-D48-Report-September-1996.pdf,145,DATE,01/22/65,01/22/65,
DOW-UAP-D48-Report-September-1996.pdf,145,DATE,02/03/65,02/03/65,
DOW-UAP-D48-Report-September-1996.pdf,145,DATE,04/06/65,04/06/65,
DOW-UAP-D48-Report-September-1996.pdf,145,DATE,9/10/96,9/10/96,
DOW-UAP-D48-Report-September-1996.pdf,146,DATE,05/29/65,05/29/65,
DOW-UAP-D48-Report-September-1996.pdf,146,DATE,07/01/65,07/01/65,
DOW-UAP-D48-Report-September-1996.pdf,146,DATE,08/25/65,08/25/65,
DOW-UAP-D48-Report-September-1996.pdf,146,DATE,11/06/65,11/06/65,
DOW-UAP-D48-Report-September-1996.pdf,146,DATE,12/16/65,12/16/65,
DOW-UAP-D48-Report-September-1996.pdf,146,DATE,02/03/66,02/03/66,
DOW-UAP-D48-Report-September-1996.pdf,146,DATE,02/28/66,02/28/66,
DOW-UAP-D48-Report-September-1996.pdf,146,DATE,05/25/66,05/25/66,
DOW-UAP-D48-Report-September-1996.pdf,146,DATE,07/01/66,07/01/66,
DOW-UAP-D48-Report-September-1996.pdf,146,DATE,08/17/66,08/17/66,
DOW-UAP-D48-Report-September-1996.pdf,146,DATE,10/02/66,10/02/66,
DOW-UAP-D48-Report-September-1996.pdf,146,DATE,10/26/66,10/26/66,
DOW-UAP-D48-Report-September-1996.pdf,146,DATE,12/14/66,12/14/66,
DOW-UAP-D48-Report-September-1996.pdf,146,DATE,01/11/67,01/11/67,
DOW-UAP-D48-Report-September-1996.pdf,146,DATE,01/26/67,01/26/67,
DOW-UAP-D48-Report-September-1996.pdf,146,DATE,03/08/67,03/08/67,
DOW-UAP-D48-Report-September-1996.pdf,146,DATE,03/22/67,03/22/67,
DOW-UAP-D48-Report-September-1996.pdf,146,DATE,04/20/67,04/20/67,
DOW-UAP-D48-Report-September-1996.pdf,146,DATE,05/24/67,05/24/67,
DOW-UAP-D48-Report-September-1996.pdf,146,DATE,07/19/67,07/19/67,
DOW-UAP-D48-Report-September-1996.pdf,146,DATE,09/07/67,09/07/67,
DOW-UAP-D48-Report-September-1996.pdf,146,DATE,09/27/67,09/27/67,
DOW-UAP-D48-Report-September-1996.pdf,146,DATE,10/18/67,10/18/67,
DOW-UAP-D48-Report-September-1996.pdf,146,DATE,11/10/67,11/10/67,
DOW-UAP-D48-Report-September-1996.pdf,146,DATE,12/13/67,12/13/67,
DOW-UAP-D48-Report-September-1996.pdf,146,DATE,01/11/68,01/11/68,
DOW-UAP-D48-Report-September-1996.pdf,146,DATE,07/04/68,07/04/68,
DOW-UAP-D48-Report-September-1996.pdf,146,DATE,08/16/68,08/16/68,
DOW-UAP-D48-Report-September-1996.pdf,146,DATE,09/18/68,09/18/68,
DOW-UAP-D48-Report-September-1996.pdf,146,DATE,11/08/68,11/08/68,
DOW-UAP-D48-Report-September-1996.pdf,146,DATE,12/05/68,12/05/68,
DOW-UAP-D48-Report-September-1996.pdf,146,DATE,12/15/68,12/15/68,
DOW-UAP-D48-Report-September-1996.pdf,146,DATE,12/18/68,12/18/68,
DOW-UAP-D48-Report-September-1996.pdf,146,DATE,01/22/69,01/22/69,
DOW-UAP-D48-Report-September-1996.pdf,146,DATE,01/30/69,01/30/69,
DOW-UAP-D48-Report-September-1996.pdf,146,DATE,02/05/69,02/05/69,
DOW-UAP-D48-Report-September-1996.pdf,146,DATE,02/26/69,02/26/69,
DOW-UAP-D48-Report-September-1996.pdf,146,DATE,05/21/69,05/21/69,
DOW-UAP-D48-Report-September-1996.pdf,146,DATE,06/21/69,06/21/69,
DOW-UAP-D48-Report-September-1996.pdf,146,DATE,06/29/69,06/29/69,
DOW-UAP-D48-Report-September-1996.pdf,146,DATE,07/26/69,07/26/69,
DOW-UAP-D48-Report-September-1996.pdf,146,DATE,08/09/69,08/09/69,
DOW-UAP-D48-Report-September-1996.pdf,146,DATE,08/27/69,08/27/69,
DOW-UAP-D48-Report-September-1996.pdf,146,DATE,11/22/69,11/22/69,
DOW-UAP-D48-Report-September-1996.pdf,146,DATE,01/14/70,01/14/70,
DOW-UAP-D48-Report-September-1996.pdf,146,DATE,01/23/70,01/23/70,
DOW-UAP-D48-Report-September-1996.pdf,146,DATE,9/10/96,9/10/96,
DOW-UAP-D48-Report-September-1996.pdf,147,DATE,03/20/70,03/20/70,
DOW-UAP-D48-Report-September-1996.pdf,147,DATE,04/22/70,04/22/70,
DOW-UAP-D48-Report-September-1996.pdf,147,DATE,07/23/70,07/23/70,
DOW-UAP-D48-Report-September-1996.pdf,147,DATE,08/19/70,08/19/70,
DOW-UAP-D48-Report-September-1996.pdf,147,DATE,12/11/70,12/11/70,
DOW-UAP-D48-Report-September-1996.pdf,147,DATE,02/03/71,02/03/71,
DOW-UAP-D48-Report-September-1996.pdf,147,DATE,03/13/71,03/13/71,
DOW-UAP-D48-Report-September-1996.pdf,147,DATE,04/01/71,04/01/71,
DOW-UAP-D48-Report-September-1996.pdf,147,DATE,09/29/71,09/29/71,
DOW-UAP-D48-Report-September-1996.pdf,147,DATE,10/21/71,10/21/71,
DOW-UAP-D48-Report-September-1996.pdf,147,DATE,01/31/72,01/31/72,
DOW-UAP-D48-Report-September-1996.pdf,147,DATE,03/11/72,03/11/72,
DOW-UAP-D48-Report-September-1996.pdf,147,DATE,07/23/72,07/23/72,
DOW-UAP-D48-Report-September-1996.pdf,147,DATE,09/22/72,09/22/72,
DOW-UAP-D48-Report-September-1996.pdf,147,DATE,10/15/72,10/15/72,
DOW-UAP-D48-Report-September-1996.pdf,147,DATE,11/10/72,11/10/72,
DOW-UAP-D48-Report-September-1996.pdf,147,DATE,12/10/72,12/10/72,
DOW-UAP-D48-Report-September-1996.pdf,147,DATE,04/20/73,04/20/73,
DOW-UAP-D48-Report-September-1996.pdf,147,DATE,06/10/73,06/10/73,
DOW-UAP-D48-Report-September-1996.pdf,147,DATE,07/16/73,07/16/73,
DOW-UAP-D48-Report-September-1996.pdf,147,DATE,10/26/73,10/26/73,
DOW-UAP-D48-Report-September-1996.pdf,147,DATE,11/06/73,11/06/73,
DOW-UAP-D48-Report-September-1996.pdf,147,DATE,12/16/73,12/16/73,
DOW-UAP-D48-Report-September-1996.pdf,147,DATE,01/19/74,01/19/74,
DOW-UAP-D48-Report-September-1996.pdf,147,DATE,04/13/74,04/13/74,
DOW-UAP-D48-Report-September-1996.pdf,147,DATE,05/17/74,05/17/74,
DOW-UAP-D48-Report-September-1996.pdf,147,DATE,10/10/74,10/10/74,
DOW-UAP-D48-Report-September-1996.pdf,147,DATE,11/15/74,11/15/74,
DOW-UAP-D48-Report-September-1996.pdf,147,DATE,11/22/74,11/22/74,
DOW-UAP-D48-Report-September-1996.pdf,147,DATE,12/18/74,12/18/74,
DOW-UAP-D48-Report-September-1996.pdf,147,DATE,01/22/75,01/22/75,
DOW-UAP-D48-Report-September-1996.pdf,147,DATE,02/06/75,02/06/75,
DOW-UAP-D48-Report-September-1996.pdf,147,DATE,04/09/75,04/09/75,
DOW-UAP-D48-Report-September-1996.pdf,147,DATE,05/07/75,05/07/75,
DOW-UAP-D48-Report-September-1996.pdf,147,DATE,06/12/75,06/12/75,
DOW-UAP-D48-Report-September-1996.pdf,147,DATE,06/21/75,06/21/75,
DOW-UAP-D48-Report-September-1996.pdf,147,DATE,08/08/75,08/08/75,
DOW-UAP-D48-Report-September-1996.pdf,147,DATE,08/26/75,08/26/75,
DOW-UAP-D48-Report-September-1996.pdf,147,DATE,10/16/75,10/16/75,
DOW-UAP-D48-Report-September-1996.pdf,147,DATE,11/19/75,11/19/75,
DOW-UAP-D48-Report-September-1996.pdf,147,DATE,12/12/75,12/12/75,
DOW-UAP-D48-Report-September-1996.pdf,147,DATE,01/17/76,01/17/76,
DOW-UAP-D48-Report-September-1996.pdf,147,DATE,02/19/76,02/19/76,
DOW-UAP-D48-Report-September-1996.pdf,147,DATE,03/26/76,03/26/76,
DOW-UAP-D48-Report-September-1996.pdf,147,DATE,04/22/76,04/22/76,
DOW-UAP-D48-Report-September-1996.pdf,147,DATE,9/10/96,9/10/96,
DOW-UAP-D48-Report-September-1996.pdf,148,DATE,05/04/76,05/04/76,
DOW-UAP-D48-Report-September-1996.pdf,148,DATE,01/26/78,01/26/78,
DOW-UAP-D48-Report-September-1996.pdf,148,DATE,03/05/78,03/05/78,
DOW-UAP-D48-Report-September-1996.pdf,148,DATE,01/30/79,01/30/79,
DOW-UAP-D48-Report-September-1996.pdf,148,DATE,02/14/80,02/14/80,
DOW-UAP-D48-Report-September-1996.pdf,148,DATE,09/09/80,09/09/80,
DOW-UAP-D48-Report-September-1996.pdf,148,DATE,11/15/80,11/15/80,
DOW-UAP-D48-Report-September-1996.pdf,148,DATE,05/22/81,05/22/81,
DOW-UAP-D48-Report-September-1996.pdf,148,DATE,08/03/81,08/03/81,
DOW-UAP-D48-Report-September-1996.pdf,148,DATE,09/24/81,09/24/81,
DOW-UAP-D48-Report-September-1996.pdf,148,DATE,10/06/81,10/06/81,
DOW-UAP-D48-Report-September-1996.pdf,148,DATE,11/20/81,11/20/81,
DOW-UAP-D48-Report-September-1996.pdf,148,DATE,01/15/82,01/15/82,
DOW-UAP-D48-Report-September-1996.pdf,148,DATE,02/26/82,02/26/82,
DOW-UAP-D48-Report-September-1996.pdf,148,DATE,04/10/82,04/10/82,
DOW-UAP-D48-Report-September-1996.pdf,148,DATE,06/09/82,06/09/82,
DOW-UAP-D48-Report-September-1996.pdf,148,DATE,07/16/82,07/16/82,
DOW-UAP-D48-Report-September-1996.pdf,148,DATE,08/26/82,08/26/82,
DOW-UAP-D48-Report-September-1996.pdf,148,DATE,10/27/82,10/27/82,
DOW-UAP-D48-Report-September-1996.pdf,148,DATE,01/26/83,01/26/83,
DOW-UAP-D48-Report-September-1996.pdf,148,DATE,04/11/83,04/11/83,
DOW-UAP-D48-Report-September-1996.pdf,148,DATE,04/28/83,04/28/83,
DOW-UAP-D48-Report-September-1996.pdf,148,DATE,9/10/96,9/10/96,
DOW-UAP-D48-Report-September-1996.pdf,149,DATE,05/26/83,05/26/83,
DOW-UAP-D48-Report-September-1996.pdf,149,DATE,06/28/83,06/28/83,
DOW-UAP-D48-Report-September-1996.pdf,149,DATE,07/28/83,07/28/83,
DOW-UAP-D48-Report-September-1996.pdf,149,DATE,09/08/83,09/08/83,
DOW-UAP-D48-Report-September-1996.pdf,149,DATE,09/22/83,09/22/83,
DOW-UAP-D48-Report-September-1996.pdf,149,DATE,03/01/84,03/01/84,
DOW-UAP-D48-Report-September-1996.pdf,149,DATE,08/16/84,08/16/84,
DOW-UAP-D48-Report-September-1996.pdf,149,DATE,09/21/84,09/21/84,
DOW-UAP-D48-Report-September-1996.pdf,149,DATE,11/14/84,11/14/84,
DOW-UAP-D48-Report-September-1996.pdf,149,DATE,05/03/86,05/03/86,
DOW-UAP-D48-Report-September-1996.pdf,149,DATE,09/05/86,09/05/86,
DOW-UAP-D48-Report-September-1996.pdf,149,DATE,02/26/87,02/26/87,
DOW-UAP-D48-Report-September-1996.pdf,149,DATE,03/20/87,03/20/87,
DOW-UAP-D48-Report-September-1996.pdf,149,DATE,02/08/88,02/08/88,
DOW-UAP-D48-Report-September-1996.pdf,149,DATE,02/14/89,02/14/89,
DOW-UAP-D48-Report-September-1996.pdf,149,DATE,03/24/89,03/24/89,
DOW-UAP-D48-Report-September-1996.pdf,149,DATE,06/10/89,06/10/89,
DOW-UAP-D48-Report-September-1996.pdf,149,DATE,08/18/89,08/18/89,
DOW-UAP-D48-Report-September-1996.pdf,149,DATE,08/27/89,08/27/89,
DOW-UAP-D48-Report-September-1996.pdf,149,DATE,10/21/89,10/21/89,
DOW-UAP-D48-Report-September-1996.pdf,149,DATE,11/18/89,11/18/89,
DOW-UAP-D48-Report-September-1996.pdf,149,DATE,12/11/89,12/11/89,
DOW-UAP-D48-Report-September-1996.pdf,149,DATE,01/24/90,01/24/90,
DOW-UAP-D48-Report-September-1996.pdf,149,DATE,02/14/90,02/14/90,
DOW-UAP-D48-Report-September-1996.pdf,149,DATE,03/26/90,03/26/90,
DOW-UAP-D48-Report-September-1996.pdf,149,DATE,04/13/90,04/13/90,
DOW-UAP-D48-Report-September-1996.pdf,149,DATE,06/01/90,06/01/90,
DOW-UAP-D48-Report-September-1996.pdf,149,DATE,06/11/90,06/11/90,
DOW-UAP-D48-Report-September-1996.pdf,149,DATE,08/02/90,08/02/90,
DOW-UAP-D48-Report-September-1996.pdf,149,DATE,08/18/90,08/18/90,
DOW-UAP-D48-Report-September-1996.pdf,149,DATE,10/01/90,10/01/90,
DOW-UAP-D48-Report-September-1996.pdf,149,DATE,10/30/90,10/30/90,
DOW-UAP-D48-Report-September-1996.pdf,149,DATE,11/26/90,11/26/90,
DOW-UAP-D48-Report-September-1996.pdf,149,DATE,01/07/91,01/07/91,
DOW-UAP-D48-Report-September-1996.pdf,149,DATE,03/08/91,03/08/91,
DOW-UAP-D48-Report-September-1996.pdf,149,DATE,04/12/91,04/12/91,
DOW-UAP-D48-Report-September-1996.pdf,149,DATE,05/29/91,05/29/91,
DOW-UAP-D48-Report-September-1996.pdf,149,DATE,07/03/91,07/03/91,
DOW-UAP-D48-Report-September-1996.pdf,149,DATE,02/23/92,02/23/92,
DOW-UAP-D48-Report-September-1996.pdf,149,DATE,04/09/92,04/09/92,
DOW-UAP-D48-Report-September-1996.pdf,149,DATE,05/13/92,05/13/92,
DOW-UAP-D48-Report-September-1996.pdf,149,DATE,06/07/92,06/07/92,
DOW-UAP-D48-Report-September-1996.pdf,149,DATE,07/07/92,07/07/92,
DOW-UAP-D48-Report-September-1996.pdf,149,DATE,07/24/92,07/24/92,
DOW-UAP-D48-Report-September-1996.pdf,149,DATE,08/31/92,08/31/92,
DOW-UAP-D48-Report-September-1996.pdf,149,DATE,09/09/92,09/09/92,
DOW-UAP-D48-Report-September-1996.pdf,149,DATE,9/10/96,9/10/96,
DOW-UAP-D48-Report-September-1996.pdf,150,DATE,10/12/92,10/12/92,
DOW-UAP-D48-Report-September-1996.pdf,150,DATE,11/22/92,11/22/92,
DOW-UAP-D48-Report-September-1996.pdf,150,DATE,12/18/92,12/18/92,
DOW-UAP-D48-Report-September-1996.pdf,150,DATE,02/03/93,02/03/93,
DOW-UAP-D48-Report-September-1996.pdf,150,DATE,03/30/93,03/30/93,
DOW-UAP-D48-Report-September-1996.pdf,150,DATE,05/13/93,05/13/93,
DOW-UAP-D48-Report-September-1996.pdf,150,DATE,06/26/93,06/26/93,
DOW-UAP-D48-Report-September-1996.pdf,150,DATE,08/30/93,08/30/93,
DOW-UAP-D48-Report-September-1996.pdf,150,DATE,10/26/93,10/26/93,
DOW-UAP-D48-Report-September-1996.pdf,150,DATE,12/08/93,12/08/93,
DOW-UAP-D48-Report-September-1996.pdf,150,DATE,02/19/94,02/19/94,
DOW-UAP-D48-Report-September-1996.pdf,150,DATE,03/10/94,03/10/94,
DOW-UAP-D48-Report-September-1996.pdf,150,DATE,11/01/94,11/01/94,
DOW-UAP-D48-Report-September-1996.pdf,150,DATE,08/05/95,08/05/95,
DOW-UAP-D48-Report-September-1996.pdf,150,DATE,11/04/95,11/04/95,
DOW-UAP-D48-Report-September-1996.pdf,150,DATE,12/30/95,12/30/95,
DOW-UAP-D48-Report-September-1996.pdf,150,DATE,01/14/96,01/14/96,
DOW-UAP-D48-Report-September-1996.pdf,150,DATE,02/17/96,02/17/96,
DOW-UAP-D48-Report-September-1996.pdf,150,DATE,02/24/96,02/24/96,
DOW-UAP-D48-Report-September-1996.pdf,150,DATE,03/27/96,03/27/96,
DOW-UAP-D48-Report-September-1996.pdf,150,DATE,04/24/96,04/24/96,
DOW-UAP-D48-Report-September-1996.pdf,150,DATE,05/24/96,05/24/96,
DOW-UAP-D48-Report-September-1996.pdf,150,DATE,07/16/96,07/16/96,
DOW-UAP-D48-Report-September-1996.pdf,151,DATE,13 May 60,13 May 60,
DOW-UAP-D48-Report-September-1996.pdf,151,DATE,19 June 62,19 June 62,
DOW-UAP-D48-Report-September-1996.pdf,151,DATE,19 Mar 64,19 Mar 64,
DOW-UAP-D48-Report-September-1996.pdf,151,DATE,3 Oct 64,3 Oct 64,
DOW-UAP-D48-Report-September-1996.pdf,151,DATE,22 Jan 65,22 Jan 65,
DOW-UAP-D48-Report-September-1996.pdf,151,DATE,25 Aug 65,25 Aug 65,
DOW-UAP-D48-Report-September-1996.pdf,151,DATE,6 Nov 65,6 Nov 65,
DOW-UAP-D48-Report-September-1996.pdf,151,DATE,25 May 66,25 May 66,
DOW-UAP-D48-Report-September-1996.pdf,151,DATE,1 July 66,1 July 66,
DOW-UAP-D48-Report-September-1996.pdf,151,DATE,9/10/96,9/10/96,
DOW-UAP-D48-Report-September-1996.pdf,152,DATE,18 Sep 68,18 Sep 68,
DOW-UAP-D48-Report-September-1996.pdf,152,DATE,26 July 69,26 July 69,
DOW-UAP-D48-Report-September-1996.pdf,152,DATE,22 Apr 70,22 Apr 70,
DOW-UAP-D48-Report-September-1996.pdf,152,DATE,29 Sep 71,29 Sep 71,
DOW-UAP-D48-Report-September-1996.pdf,152,DATE,21 Oct 71,21 Oct 71,
DOW-UAP-D48-Report-September-1996.pdf,152,DATE,9/10/96,9/10/96,
DOW-UAP-D48-Report-September-1996.pdf,153,DATE,16 July 73,16 July 73,
DOW-UAP-D48-Report-September-1996.pdf,153,DATE,19 Jan 74,19 Jan 74,
DOW-UAP-D48-Report-September-1996.pdf,153,DATE,24 Jan 74,24 Jan 74,
DOW-UAP-D48-Report-September-1996.pdf,153,DATE,13 Apr 74,13 Apr 74,
DOW-UAP-D48-Report-September-1996.pdf,153,DATE,17 May 74,17 May 74,
DOW-UAP-D48-Report-September-1996.pdf,153,DATE,20 Apr 77,20 Apr 77,
DOW-UAP-D48-Report-September-1996.pdf,153,DATE,13 Sep 77,13 Sep 77,
DOW-UAP-D48-Report-September-1996.pdf,153,DATE,3 Aug 81,3 Aug 81,
DOW-UAP-D48-Report-September-1996.pdf,153,DATE,9 June 82,9 June 82,
DOW-UAP-D48-Report-September-1996.pdf,153,DATE,3 May 86,3 May 86,
DOW-UAP-D48-Report-September-1996.pdf,153,DATE,9/10/96,9/10/96,
DOW-UAP-D48-Report-September-1996.pdf,154,DATE,5 Aug 95,5 Aug 95,
DOW-UAP-D48-Report-September-1996.pdf,154,DATE,9/10/96,9/10/96,
DOW-UAP-D48-Report-September-1996.pdf,155,ORG,NASA,NASA,
DOW-UAP-D48-Report-September-1996.pdf,155,DATE,9/10/96,9/10/96,
DOW-UAP-D48-Report-September-1996.pdf,156,DATE,9/10/96,9/10/96,
DOW-UAP-D48-Report-September-1996.pdf,157,DATE,9/10/96,9/10/96,
DOW-UAP-D48-Report-September-1996.pdf,158,DATE,12/20/58,12/20/58,
DOW-UAP-D48-Report-September-1996.pdf,158,DATE,02/03/59,02/03/59,
DOW-UAP-D48-Report-September-1996.pdf,158,DATE,02/06/59,02/06/59,
DOW-UAP-D48-Report-September-1996.pdf,158,DATE,02/25/59,02/25/59,
DOW-UAP-D48-Report-September-1996.pdf,158,DATE,04/03/59,04/03/59,
DOW-UAP-D48-Report-September-1996.pdf,158,DATE,05/04/59,05/04/59,
DOW-UAP-D48-Report-September-1996.pdf,158,DATE,08/14/59,08/14/59,
DOW-UAP-D48-Report-September-1996.pdf,158,DATE,12/12/59,12/12/59,
DOW-UAP-D48-Report-September-1996.pdf,158,DATE,02/02/60,02/02/60,
DOW-UAP-D48-Report-September-1996.pdf,158,DATE,02/05/60,02/05/60,
DOW-UAP-D48-Report-September-1996.pdf,158,DATE,02/24/60,02/24/60,
DOW-UAP-D48-Report-September-1996.pdf,158,DATE,03/08/60,03/08/60,
DOW-UAP-D48-Report-September-1996.pdf,158,DATE,03/22/60,03/22/60,
DOW-UAP-D48-Report-September-1996.pdf,158,DATE,04/08/60,04/08/60,
DOW-UAP-D48-Report-September-1996.pdf,158,DATE,04/21/60,04/21/60,
DOW-UAP-D48-Report-September-1996.pdf,158,DATE,04/28/60,04/28/60,
DOW-UAP-D48-Report-September-1996.pdf,158,DATE,05/13/60,05/13/60,
DOW-UAP-D48-Report-September-1996.pdf,158,DATE,05/27/60,05/27/60,
DOW-UAP-D48-Report-September-1996.pdf,158,DATE,06/24/60,06/24/60,
DOW-UAP-D48-Report-September-1996.pdf,158,DATE,07/01/60,07/01/60,
DOW-UAP-D48-Report-September-1996.pdf,158,DATE,07/28/60,07/28/60,
DOW-UAP-D48-Report-September-1996.pdf,158,DATE,08/10/60,08/10/60,
DOW-UAP-D48-Report-September-1996.pdf,158,DATE,08/30/60,08/30/60,
DOW-UAP-D48-Report-September-1996.pdf,158,DATE,09/28/60,09/28/60,
DOW-UAP-D48-Report-September-1996.pdf,158,DATE,09/29/60,09/29/60,
DOW-UAP-D48-Report-September-1996.pdf,158,DATE,10/07/60,10/07/60,
DOW-UAP-D48-Report-September-1996.pdf,158,DATE,10/24/60,10/24/60,
DOW-UAP-D48-Report-September-1996.pdf,158,DATE,12/20/60,12/20/60,
DOW-UAP-D48-Report-September-1996.pdf,158,DATE,01/20/61,01/20/61,
DOW-UAP-D48-Report-September-1996.pdf,158,DATE,02/10/61,02/10/61,
DOW-UAP-D48-Report-September-1996.pdf,158,DATE,9/10/96,9/10/96,
DOW-UAP-D48-Report-September-1996.pdf,159,DATE,02/20/61,02/20/61,
DOW-UAP-D48-Report-September-1996.pdf,159,DATE,03/03/61,03/03/61,
DOW-UAP-D48-Report-September-1996.pdf,159,DATE,03/28/61,03/28/61,
DOW-UAP-D48-Report-September-1996.pdf,159,DATE,03/31/61,03/31/61,
DOW-UAP-D48-Report-September-1996.pdf,159,DATE,05/03/61,05/03/61,
DOW-UAP-D48-Report-September-1996.pdf,159,DATE,05/23/61,05/23/61,
DOW-UAP-D48-Report-September-1996.pdf,159,DATE,06/24/61,06/24/61,
DOW-UAP-D48-Report-September-1996.pdf,159,DATE,07/20/61,07/20/61,
DOW-UAP-D48-Report-September-1996.pdf,159,DATE,07/25/61,07/25/61,
DOW-UAP-D48-Report-September-1996.pdf,159,DATE,08/03/61,08/03/61,
DOW-UAP-D48-Report-September-1996.pdf,159,DATE,09/06/61,09/06/61,
DOW-UAP-D48-Report-September-1996.pdf,159,DATE,09/07/61,09/07/61,
DOW-UAP-D48-Report-September-1996.pdf,159,DATE,09/23/61,09/23/61,
DOW-UAP-D48-Report-September-1996.pdf,159,DATE,09/28/61,09/28/61,
DOW-UAP-D48-Report-September-1996.pdf,159,DATE,10/06/61,10/06/61,
DOW-UAP-D48-Report-September-1996.pdf,159,DATE,10/24/61,10/24/61,
DOW-UAP-D48-Report-September-1996.pdf,159,DATE,11/21/61,11/21/61,
DOW-UAP-D48-Report-September-1996.pdf,159,DATE,11/29/61,11/29/61,
DOW-UAP-D48-Report-September-1996.pdf,159,DATE,12/13/61,12/13/61,
DOW-UAP-D48-Report-September-1996.pdf,159,DATE,12/15/61,12/15/61,
DOW-UAP-D48-Report-September-1996.pdf,159,DATE,01/20/62,01/20/62,
DOW-UAP-D48-Report-September-1996.pdf,159,DATE,01/29/62,01/29/62,
DOW-UAP-D48-Report-September-1996.pdf,159,DATE,02/23/62,02/23/62,
DOW-UAP-D48-Report-September-1996.pdf,159,DATE,03/16/62,03/16/62,
DOW-UAP-D48-Report-September-1996.pdf,159,DATE,05/04/62,05/04/62,
DOW-UAP-D48-Report-September-1996.pdf,159,DATE,06/07/62,06/07/62,
DOW-UAP-D48-Report-September-1996.pdf,159,DATE,07/11/62,07/11/62,
DOW-UAP-D48-Report-September-1996.pdf,159,DATE,07/25/62,07/25/62,
DOW-UAP-D48-Report-September-1996.pdf,159,DATE,09/12/62,09/12/62,
DOW-UAP-D48-Report-September-1996.pdf,159,DATE,10/06/62,10/06/62,
DOW-UAP-D48-Report-September-1996.pdf,159,DATE,10/12/62,10/12/62,
DOW-UAP-D48-Report-September-1996.pdf,159,DATE,10/26/62,10/26/62,
DOW-UAP-D48-Report-September-1996.pdf,159,DATE,12/05/62,12/05/62,
DOW-UAP-D48-Report-September-1996.pdf,159,DATE,12/06/62,12/06/62,
DOW-UAP-D48-Report-September-1996.pdf,159,DATE,12/19/62,12/19/62,
DOW-UAP-D48-Report-September-1996.pdf,159,DATE,01/10/63,01/10/63,
DOW-UAP-D48-Report-September-1996.pdf,159,DATE,01/29/63,01/29/63,
DOW-UAP-D48-Report-September-1996.pdf,159,DATE,02/06/63,02/06/63,
DOW-UAP-D48-Report-September-1996.pdf,159,DATE,02/16/63,02/16/63,
DOW-UAP-D48-Report-September-1996.pdf,159,DATE,03/21/63,03/21/63,
DOW-UAP-D48-Report-September-1996.pdf,159,DATE,03/30/63,03/30/63,
DOW-UAP-D48-Report-September-1996.pdf,159,DATE,04/04/63,04/04/63,
DOW-UAP-D48-Report-September-1996.pdf,159,DATE,04/13/63,04/13/63,
DOW-UAP-D48-Report-September-1996.pdf,159,DATE,04/19/63,04/19/63,
DOW-UAP-D48-Report-September-1996.pdf,159,DATE,04/27/63,04/27/63,
DOW-UAP-D48-Report-September-1996.pdf,159,DATE,05/01/63,05/01/63,
DOW-UAP-D48-Report-September-1996.pdf,159,DATE,9/10/96,9/10/96,
DOW-UAP-D48-Report-September-1996.pdf,160,DATE,05/09/63,05/09/63,
DOW-UAP-D48-Report-September-1996.pdf,160,DATE,05/13/63,05/13/63,
DOW-UAP-D48-Report-September-1996.pdf,160,DATE,05/24/63,05/24/63,
DOW-UAP-D48-Report-September-1996.pdf,160,DATE,05/29/63,05/29/63,
DOW-UAP-D48-Report-September-1996.pdf,160,DATE,06/20/63,06/20/63,
DOW-UAP-D48-Report-September-1996.pdf,160,DATE,07/16/63,07/16/63,
DOW-UAP-D48-Report-September-1996.pdf,160,DATE,08/21/63,08/21/63,
DOW-UAP-D48-Report-September-1996.pdf,160,DATE,08/30/63,08/30/63,
DOW-UAP-D48-Report-September-1996.pdf,160,DATE,09/17/63,09/17/63,
DOW-UAP-D48-Report-September-1996.pdf,160,DATE,09/23/63,09/23/63,
DOW-UAP-D48-Report-September-1996.pdf,160,DATE,11/01/63,11/01/63,
DOW-UAP-D48-Report-September-1996.pdf,160,DATE,11/09/63,11/09/63,
DOW-UAP-D48-Report-September-1996.pdf,160,DATE,11/14/63,11/14/63,
DOW-UAP-D48-Report-September-1996.pdf,160,DATE,12/12/63,12/12/63,
DOW-UAP-D48-Report-September-1996.pdf,160,DATE,12/16/63,12/16/63,
DOW-UAP-D48-Report-September-1996.pdf,160,DATE,01/15/64,01/15/64,
DOW-UAP-D48-Report-September-1996.pdf,160,DATE,01/23/64,01/23/64,
DOW-UAP-D48-Report-September-1996.pdf,160,DATE,02/17/64,02/17/64,
DOW-UAP-D48-Report-September-1996.pdf,160,DATE,02/26/64,02/26/64,
DOW-UAP-D48-Report-September-1996.pdf,160,DATE,03/13/64,03/13/64,
DOW-UAP-D48-Report-September-1996.pdf,160,DATE,03/23/64,03/23/64,
DOW-UAP-D48-Report-September-1996.pdf,160,DATE,07/30/64,07/30/64,
DOW-UAP-D48-Report-September-1996.pdf,160,DATE,08/11/64,08/11/64,
DOW-UAP-D48-Report-September-1996.pdf,160,DATE,08/13/64,08/13/64,
DOW-UAP-D48-Report-September-1996.pdf,160,DATE,09/01/64,09/01/64,
DOW-UAP-D48-Report-September-1996.pdf,160,DATE,10/02/64,10/02/64,
DOW-UAP-D48-Report-September-1996.pdf,160,DATE,11/04/64,11/04/64,
DOW-UAP-D48-Report-September-1996.pdf,160,DATE,12/08/64,12/08/64,
DOW-UAP-D48-Report-September-1996.pdf,160,DATE,12/10/64,12/10/64,
DOW-UAP-D48-Report-September-1996.pdf,160,DATE,01/19/65,01/19/65,
DOW-UAP-D48-Report-September-1996.pdf,160,DATE,02/11/65,02/11/65,
DOW-UAP-D48-Report-September-1996.pdf,160,DATE,03/05/65,03/05/65,
DOW-UAP-D48-Report-September-1996.pdf,160,DATE,03/23/65,03/23/65,
DOW-UAP-D48-Report-September-1996.pdf,160,DATE,04/30/65,04/30/65,
DOW-UAP-D48-Report-September-1996.pdf,160,DATE,05/06/65,05/06/65,
DOW-UAP-D48-Report-September-1996.pdf,160,DATE,05/21/65,05/21/65,
DOW-UAP-D48-Report-September-1996.pdf,160,DATE,06/03/65,06/03/65,
DOW-UAP-D48-Report-September-1996.pdf,160,DATE,06/14/65,06/14/65,
DOW-UAP-D48-Report-September-1996.pdf,160,DATE,06/18/65,06/18/65,
DOW-UAP-D48-Report-September-1996.pdf,160,DATE,06/30/65,06/30/65,
DOW-UAP-D48-Report-September-1996.pdf,160,DATE,9/10/96,9/10/96,
DOW-UAP-D48-Report-September-1996.pdf,161,ORG,OAR,OAR,
DOW-UAP-D48-Report-September-1996.pdf,161,ORG,AFSC,AFSC,
DOW-UAP-D48-Report-September-1996.pdf,161,DATE,07/21/65,07/21/65,
DOW-UAP-D48-Report-September-1996.pdf,161,DATE,08/16/65,08/16/65,
DOW-UAP-D48-Report-September-1996.pdf,161,DATE,08/21/65,08/21/65,
DOW-UAP-D48-Report-September-1996.pdf,161,DATE,08/25/65,08/25/65,
DOW-UAP-D48-Report-September-1996.pdf,161,DATE,09/21/65,09/21/65,
DOW-UAP-D48-Report-September-1996.pdf,161,DATE,10/15/65,10/15/65,
DOW-UAP-D48-Report-September-1996.pdf,161,DATE,10/20/65,10/20/65,
DOW-UAP-D48-Report-September-1996.pdf,161,DATE,11/27/65,11/27/65,
DOW-UAP-D48-Report-September-1996.pdf,161,DATE,11/30/65,11/30/65,
DOW-UAP-D48-Report-September-1996.pdf,161,DATE,12/04/65,12/04/65,
DOW-UAP-D48-Report-September-1996.pdf,161,DATE,12/15/65,12/15/65,
DOW-UAP-D48-Report-September-1996.pdf,161,DATE,12/21/65,12/21/65,
DOW-UAP-D48-Report-September-1996.pdf,161,DATE,12/22/65,12/22/65,
DOW-UAP-D48-Report-September-1996.pdf,161,DATE,02/03/66,02/03/66,
DOW-UAP-D48-Report-September-1996.pdf,161,DATE,02/17/66,02/17/66,
DOW-UAP-D48-Report-September-1996.pdf,161,DATE,03/16/66,03/16/66,
DOW-UAP-D48-Report-September-1996.pdf,161,DATE,03/25/66,03/25/66,
DOW-UAP-D48-Report-September-1996.pdf,161,DATE,04/05/66,04/05/66,
DOW-UAP-D48-Report-September-1996.pdf,161,DATE,04/20/66,04/20/66,
DOW-UAP-D48-Report-September-1996.pdf,161,DATE,05/24/66,05/24/66,
DOW-UAP-D48-Report-September-1996.pdf,161,DATE,06/03/66,06/03/66,
DOW-UAP-D48-Report-September-1996.pdf,161,DATE,06/16/66,06/16/66,
DOW-UAP-D48-Report-September-1996.pdf,161,DATE,07/18/66,07/18/66,
DOW-UAP-D48-Report-September-1996.pdf,161,DATE,07/22/66,07/22/66,
DOW-UAP-D48-Report-September-1996.pdf,161,DATE,07/29/66,07/29/66,
DOW-UAP-D48-Report-September-1996.pdf,161,DATE,08/26/66,08/26/66,
DOW-UAP-D48-Report-September-1996.pdf,161,DATE,09/12/66,09/12/66,
DOW-UAP-D48-Report-September-1996.pdf,161,DATE,09/16/66,09/16/66,
DOW-UAP-D48-Report-September-1996.pdf,161,DATE,09/28/66,09/28/66,
DOW-UAP-D48-Report-September-1996.pdf,161,DATE,11/03/66,11/03/66,
DOW-UAP-D48-Report-September-1996.pdf,161,DATE,11/11/66,11/11/66,
DOW-UAP-D48-Report-September-1996.pdf,161,DATE,11/24/66,11/24/66,
DOW-UAP-D48-Report-September-1996.pdf,161,DATE,12/14/66,12/14/66,
DOW-UAP-D48-Report-September-1996.pdf,161,DATE,01/18/67,01/18/67,
DOW-UAP-D48-Report-September-1996.pdf,161,DATE,02/24/67,02/24/67,
DOW-UAP-D48-Report-September-1996.pdf,161,DATE,03/17/67,03/17/67,
DOW-UAP-D48-Report-September-1996.pdf,161,DATE,04/12/67,04/12/67,
DOW-UAP-D48-Report-September-1996.pdf,161,DATE,04/26/67,04/26/67,
DOW-UAP-D48-Report-September-1996.pdf,161,DATE,04/28/67,04/28/67,
DOW-UAP-D48-Report-September-1996.pdf,161,DATE,06/20/67,06/20/67,
DOW-UAP-D48-Report-September-1996.pdf,161,DATE,06/23/67,06/23/67,
DOW-UAP-D48-Report-September-1996.pdf,161,DATE,07/01/67,07/01/67,
DOW-UAP-D48-Report-September-1996.pdf,161,DATE,08/16/67,08/16/67,
DOW-UAP-D48-Report-September-1996.pdf,161,DATE,09/11/67,09/11/67,
DOW-UAP-D48-Report-September-1996.pdf,161,DATE,09/19/67,09/19/67,
DOW-UAP-D48-Report-September-1996.pdf,161,DATE,10/25/67,10/25/67,
DOW-UAP-D48-Report-September-1996.pdf,161,DATE,9/10/96,9/10/96,
DOW-UAP-D48-Report-September-1996.pdf,162,ORG,AFSC,AFSC,
DOW-UAP-D48-Report-September-1996.pdf,162,DATE,12/05/67,12/05/67,
DOW-UAP-D48-Report-September-1996.pdf,162,DATE,01/18/68,01/18/68,
DOW-UAP-D48-Report-September-1996.pdf,162,DATE,02/28/68,02/28/68,
DOW-UAP-D48-Report-September-1996.pdf,162,DATE,03/13/68,03/13/68,
DOW-UAP-D48-Report-September-1996.pdf,162,DATE,04/02/68,04/02/68,
DOW-UAP-D48-Report-September-1996.pdf,162,DATE,04/17/68,04/17/68,
DOW-UAP-D48-Report-September-1996.pdf,162,DATE,06/05/68,06/05/68,
DOW-UAP-D48-Report-September-1996.pdf,162,DATE,06/12/68,06/12/68,
DOW-UAP-D48-Report-September-1996.pdf,162,DATE,06/13/68,06/13/68,
DOW-UAP-D48-Report-September-1996.pdf,162,DATE,08/06/68,08/06/68,
DOW-UAP-D48-Report-September-1996.pdf,162,DATE,08/21/68,08/21/68,
DOW-UAP-D48-Report-September-1996.pdf,162,DATE,09/10/68,09/10/68,
DOW-UAP-D48-Report-September-1996.pdf,162,DATE,09/26/68,09/26/68,
DOW-UAP-D48-Report-September-1996.pdf,162,DATE,11/06/68,11/06/68,
DOW-UAP-D48-Report-September-1996.pdf,162,DATE,11/19/68,11/19/68,
DOW-UAP-D48-Report-September-1996.pdf,162,DATE,12/04/68,12/04/68,
DOW-UAP-D48-Report-September-1996.pdf,162,DATE,01/22/69,01/22/69,
DOW-UAP-D48-Report-September-1996.pdf,162,DATE,02/09/69,02/09/69,
DOW-UAP-D48-Report-September-1996.pdf,162,DATE,03/04/69,03/04/69,
DOW-UAP-D48-Report-September-1996.pdf,162,DATE,04/15/69,04/15/69,
DOW-UAP-D48-Report-September-1996.pdf,162,DATE,05/20/69,05/20/69,
DOW-UAP-D48-Report-September-1996.pdf,162,DATE,05/23/69,05/23/69,
DOW-UAP-D48-Report-September-1996.pdf,162,DATE,06/03/69,06/03/69,
DOW-UAP-D48-Report-September-1996.pdf,162,DATE,08/23/69,08/23/69,
DOW-UAP-D48-Report-September-1996.pdf,162,DATE,10/24/69,10/24/69,
DOW-UAP-D48-Report-September-1996.pdf,162,DATE,01/14/70,01/14/70,
DOW-UAP-D48-Report-September-1996.pdf,162,DATE,04/08/70,04/08/70,
DOW-UAP-D48-Report-September-1996.pdf,162,DATE,04/15/70,04/15/70,
DOW-UAP-D48-Report-September-1996.pdf,162,DATE,06/25/70,06/25/70,
DOW-UAP-D48-Report-September-1996.pdf,162,DATE,08/18/70,08/18/70,
DOW-UAP-D48-Report-September-1996.pdf,162,DATE,10/23/70,10/23/70,
DOW-UAP-D48-Report-September-1996.pdf,162,DATE,11/06/70,11/06/70,
DOW-UAP-D48-Report-September-1996.pdf,162,DATE,01/21/71,01/21/71,
DOW-UAP-D48-Report-September-1996.pdf,162,DATE,03/20/71,03/20/71,
DOW-UAP-D48-Report-September-1996.pdf,162,DATE,04/22/71,04/22/71,
DOW-UAP-D48-Report-September-1996.pdf,162,DATE,05/05/71,05/05/71,
DOW-UAP-D48-Report-September-1996.pdf,162,DATE,06/20/71,06/20/71,
DOW-UAP-D48-Report-September-1996.pdf,162,DATE,08/12/71,08/12/71,
DOW-UAP-D48-Report-September-1996.pdf,162,DATE,08/27/71,08/27/71,
DOW-UAP-D48-Report-September-1996.pdf,162,DATE,10/23/71,10/23/71,
DOW-UAP-D48-Report-September-1996.pdf,162,DATE,11/02/71,11/02/71,
DOW-UAP-D48-Report-September-1996.pdf,162,DATE,01/20/72,01/20/72,
DOW-UAP-D48-Report-September-1996.pdf,162,DATE,02/16/72,02/16/72,
DOW-UAP-D48-Report-September-1996.pdf,162,DATE,03/01/72,03/01/72,
DOW-UAP-D48-Report-September-1996.pdf,162,DATE,03/17/72,03/17/72,
DOW-UAP-D48-Report-September-1996.pdf,162,DATE,9/10/96,9/10/96,
DOW-UAP-D48-Report-September-1996.pdf,163,ORG,AFSC,AFSC,
DOW-UAP-D48-Report-September-1996.pdf,163,DATE,05/20/72,05/20/72,
DOW-UAP-D48-Report-September-1996.pdf,163,DATE,05/24/72,05/24/72,
DOW-UAP-D48-Report-September-1996.pdf,163,DATE,07/07/72,07/07/72,
DOW-UAP-D48-Report-September-1996.pdf,163,DATE,09/01/72,09/01/72,
DOW-UAP-D48-Report-September-1996.pdf,163,DATE,10/10/72,10/10/72,
DOW-UAP-D48-Report-September-1996.pdf,163,DATE,10/11/72,10/11/72,
DOW-UAP-D48-Report-September-1996.pdf,163,DATE,12/21/72,12/21/72,
DOW-UAP-D48-Report-September-1996.pdf,163,DATE,03/09/73,03/09/73,
DOW-UAP-D48-Report-September-1996.pdf,163,DATE,05/16/73,05/16/73,
DOW-UAP-D48-Report-September-1996.pdf,163,DATE,06/12/73,06/12/73,
DOW-UAP-D48-Report-September-1996.pdf,163,DATE,06/26/73,06/26/73,
DOW-UAP-D48-Report-September-1996.pdf,163,DATE,07/13/73,07/13/73,
DOW-UAP-D48-Report-September-1996.pdf,163,DATE,08/21/73,08/21/73,
DOW-UAP-D48-Report-September-1996.pdf,163,DATE,09/27/73,09/27/73,
DOW-UAP-D48-Report-September-1996.pdf,163,DATE,10/05/73,10/05/73,
DOW-UAP-D48-Report-September-1996.pdf,163,DATE,11/10/73,11/10/73,
DOW-UAP-D48-Report-September-1996.pdf,163,DATE,12/13/73,12/13/73,
DOW-UAP-D48-Report-September-1996.pdf,163,DATE,02/11/74,02/11/74,
DOW-UAP-D48-Report-September-1996.pdf,163,DATE,02/13/74,02/13/74,
DOW-UAP-D48-Report-September-1996.pdf,163,DATE,03/01/74,03/01/74,
DOW-UAP-D48-Report-September-1996.pdf,163,DATE,04/10/74,04/10/74,
DOW-UAP-D48-Report-September-1996.pdf,163,DATE,05/30/74,05/30/74,
DOW-UAP-D48-Report-September-1996.pdf,163,DATE,06/06/74,06/06/74,
DOW-UAP-D48-Report-September-1996.pdf,163,DATE,08/14/74,08/14/74,
DOW-UAP-D48-Report-September-1996.pdf,163,DATE,10/29/74,10/29/74,
DOW-UAP-D48-Report-September-1996.pdf,163,DATE,12/10/74,12/10/74,
DOW-UAP-D48-Report-September-1996.pdf,163,DATE,01/09/75,01/09/75,
DOW-UAP-D48-Report-September-1996.pdf,163,DATE,03/09/75,03/09/75,
DOW-UAP-D48-Report-September-1996.pdf,163,DATE,04/18/75,04/18/75,
DOW-UAP-D48-Report-September-1996.pdf,163,DATE,05/20/75,05/20/75,
DOW-UAP-D48-Report-September-1996.pdf,163,DATE,06/08/75,06/08/75,
DOW-UAP-D48-Report-September-1996.pdf,163,DATE,08/07/75,08/07/75,
DOW-UAP-D48-Report-September-1996.pdf,163,DATE,08/20/75,08/20/75,
DOW-UAP-D48-Report-September-1996.pdf,163,DATE,09/09/75,09/09/75,
DOW-UAP-D48-Report-September-1996.pdf,163,DATE,10/09/75,10/09/75,
DOW-UAP-D48-Report-September-1996.pdf,163,DATE,12/04/75,12/04/75,
DOW-UAP-D48-Report-September-1996.pdf,163,DATE,12/14/75,12/14/75,
DOW-UAP-D48-Report-September-1996.pdf,163,DATE,01/15/76,01/15/76,
DOW-UAP-D48-Report-September-1996.pdf,163,DATE,03/14/76,03/14/76,
DOW-UAP-D48-Report-September-1996.pdf,163,DATE,03/22/76,03/22/76,
DOW-UAP-D48-Report-September-1996.pdf,163,DATE,06/02/76,06/02/76,
DOW-UAP-D48-Report-September-1996.pdf,163,DATE,06/25/76,06/25/76,
DOW-UAP-D48-Report-September-1996.pdf,163,DATE,07/08/76,07/08/76,
DOW-UAP-D48-Report-September-1996.pdf,163,DATE,08/06/76,08/06/76,
DOW-UAP-D48-Report-September-1996.pdf,163,DATE,9/10/96,9/10/96,
DOW-UAP-D48-Report-September-1996.pdf,164,ORG,AFSC,AFSC,
DOW-UAP-D48-Report-September-1996.pdf,164,DATE,12/19/76,12/19/76,
DOW-UAP-D48-Report-September-1996.pdf,164,DATE,05/12/77,05/12/77,
DOW-UAP-D48-Report-September-1996.pdf,164,DATE,09/05/77,09/05/77,
DOW-UAP-D48-Report-September-1996.pdf,164,DATE,02/24/78,02/24/78,
DOW-UAP-D48-Report-September-1996.pdf,164,DATE,03/16/78,03/16/78,
DOW-UAP-D48-Report-September-1996.pdf,164,DATE,06/10/78,06/10/78,
DOW-UAP-D48-Report-September-1996.pdf,164,DATE,06/14/78,06/14/78,
DOW-UAP-D48-Report-September-1996.pdf,164,DATE,08/04/78,08/04/78,
DOW-UAP-D48-Report-September-1996.pdf,164,DATE,12/13/78,12/13/78,
DOW-UAP-D48-Report-September-1996.pdf,164,DATE,05/28/79,05/28/79,
DOW-UAP-D48-Report-September-1996.pdf,164,DATE,06/10/79,06/10/79,
DOW-UAP-D48-Report-September-1996.pdf,164,DATE,10/01/79,10/01/79,
DOW-UAP-D48-Report-September-1996.pdf,164,DATE,11/21/79,11/21/79,
DOW-UAP-D48-Report-September-1996.pdf,164,DATE,02/06/80,02/06/80,
DOW-UAP-D48-Report-September-1996.pdf,164,DATE,06/18/80,06/18/80,
DOW-UAP-D48-Report-September-1996.pdf,164,DATE,12/13/80,12/13/80,
DOW-UAP-D48-Report-September-1996.pdf,164,DATE,02/28/81,02/28/81,
DOW-UAP-D48-Report-September-1996.pdf,164,DATE,03/16/81,03/16/81,
DOW-UAP-D48-Report-September-1996.pdf,164,DATE,04/24/81,04/24/81,
DOW-UAP-D48-Report-September-1996.pdf,164,DATE,09/03/81,09/03/81,
DOW-UAP-D48-Report-September-1996.pdf,164,DATE,10/31/81,10/31/81,
DOW-UAP-D48-Report-September-1996.pdf,164,DATE,01/21/82,01/21/82,
DOW-UAP-D48-Report-September-1996.pdf,164,DATE,03/06/82,03/06/82,
DOW-UAP-D48-Report-September-1996.pdf,164,DATE,05/11/82,05/11/82,
DOW-UAP-D48-Report-September-1996.pdf,164,DATE,10/30/82,10/30/82,
DOW-UAP-D48-Report-September-1996.pdf,164,DATE,11/17/82,11/17/82,
DOW-UAP-D48-Report-September-1996.pdf,164,DATE,04/15/83,04/15/83,
DOW-UAP-D48-Report-September-1996.pdf,164,DATE,06/20/83,06/20/83,
DOW-UAP-D48-Report-September-1996.pdf,164,DATE,07/31/83,07/31/83,
DOW-UAP-D48-Report-September-1996.pdf,164,DATE,01/31/84,01/31/84,
DOW-UAP-D48-Report-September-1996.pdf,164,DATE,04/14/84,04/14/84,
DOW-UAP-D48-Report-September-1996.pdf,164,DATE,04/17/84,04/17/84,
DOW-UAP-D48-Report-September-1996.pdf,164,DATE,06/25/84,06/25/84,
DOW-UAP-D48-Report-September-1996.pdf,164,DATE,08/28/84,08/28/84,
DOW-UAP-D48-Report-September-1996.pdf,164,DATE,12/04/84,12/04/84,
DOW-UAP-D48-Report-September-1996.pdf,164,DATE,12/22/84,12/22/84,
DOW-UAP-D48-Report-September-1996.pdf,164,DATE,02/07/85,02/07/85,
DOW-UAP-D48-Report-September-1996.pdf,164,DATE,08/28/85,08/28/85,
DOW-UAP-D48-Report-September-1996.pdf,164,DATE,9/10/96,9/10/96,
DOW-UAP-D48-Report-September-1996.pdf,165,ORG,AFSC,AFSC,
DOW-UAP-D48-Report-September-1996.pdf,165,DATE,04/18/86,04/18/86,
DOW-UAP-D48-Report-September-1996.pdf,165,DATE,02/11/87,02/11/87,
DOW-UAP-D48-Report-September-1996.pdf,165,DATE,10/26/87,10/26/87,
DOW-UAP-D48-Report-September-1996.pdf,165,DATE,11/29/87,11/29/87,
DOW-UAP-D48-Report-September-1996.pdf,165,DATE,09/02/88,09/02/88,
DOW-UAP-D48-Report-September-1996.pdf,165,DATE,09/05/88,09/05/88,
DOW-UAP-D48-Report-September-1996.pdf,165,DATE,11/06/88,11/06/88,
DOW-UAP-D48-Report-September-1996.pdf,165,DATE,05/10/89,05/10/89,
DOW-UAP-D48-Report-September-1996.pdf,165,DATE,09/04/89,09/04/89,
DOW-UAP-D48-Report-September-1996.pdf,165,DATE,09/05/89,09/05/89,
DOW-UAP-D48-Report-September-1996.pdf,165,DATE,01/01/90,01/01/90,
DOW-UAP-D48-Report-September-1996.pdf,165,DATE,03/14/90,03/14/90,
DOW-UAP-D48-Report-September-1996.pdf,165,DATE,06/08/90,06/08/90,
DOW-UAP-D48-Report-September-1996.pdf,165,DATE,06/23/90,06/23/90,
DOW-UAP-D48-Report-September-1996.pdf,165,DATE,11/13/90,11/13/90,
DOW-UAP-D48-Report-September-1996.pdf,165,DATE,03/08/91,03/08/91,
DOW-UAP-D48-Report-September-1996.pdf,165,DATE,11/17/91,11/17/91,
DOW-UAP-D48-Report-September-1996.pdf,165,DATE,04/25/92,04/25/92,
DOW-UAP-D48-Report-September-1996.pdf,165,DATE,09/25/92,09/25/92,
DOW-UAP-D48-Report-September-1996.pdf,165,DATE,11/28/92,11/28/92,
DOW-UAP-D48-Report-September-1996.pdf,165,DATE,08/02/93,08/02/93,
DOW-UAP-D48-Report-September-1996.pdf,165,DATE,10/05/93,10/05/93,
DOW-UAP-D48-Report-September-1996.pdf,165,DATE,01/25/94,01/25/94,
DOW-UAP-D48-Report-September-1996.pdf,165,DATE,02/07/94,02/07/94,
DOW-UAP-D48-Report-September-1996.pdf,165,DATE,05/03/94,05/03/94,
DOW-UAP-D48-Report-September-1996.pdf,165,DATE,08/27/94,08/27/94,
DOW-UAP-D48-Report-September-1996.pdf,165,DATE,05/14/95,05/14/95,
DOW-UAP-D48-Report-September-1996.pdf,165,DATE,07/10/95,07/10/95,
DOW-UAP-D48-Report-September-1996.pdf,165,DATE,11/06/95,11/06/95,
DOW-UAP-D48-Report-September-1996.pdf,165,DATE,04/24/96,04/24/96,
DOW-UAP-D48-Report-September-1996.pdf,165,DATE,07/02/96,07/02/96,
DOW-UAP-D48-Report-September-1996.pdf,166,DATE,14 Aug 59,14 Aug 59,
DOW-UAP-D48-Report-September-1996.pdf,166,DATE,12 Dec 59,12 Dec 59,
DOW-UAP-D48-Report-September-1996.pdf,166,DATE,5 Feb 60,5 Feb 60,
DOW-UAP-D48-Report-September-1996.pdf,166,DATE,8 Mar 60,8 Mar 60,
DOW-UAP-D48-Report-September-1996.pdf,166,DATE,8 Apr 60,8 Apr 60,
DOW-UAP-D48-Report-September-1996.pdf,166,DATE,1 Jul 60,1 Jul 60,
DOW-UAP-D48-Report-September-1996.pdf,166,DATE,28 July 60,28 July 60,
DOW-UAP-D48-Report-September-1996.pdf,166,DATE,10 Aug 60,10 Aug 60,
DOW-UAP-D48-Report-September-1996.pdf,166,DATE,29 Sep 60,29 Sep 60,
DOW-UAP-D48-Report-September-1996.pdf,166,DATE,9/10/96,9/10/96,
DOW-UAP-D48-Report-September-1996.pdf,167,DATE,20 Dec 60,20 Dec 60,
DOW-UAP-D48-Report-September-1996.pdf,167,DATE,20 Jan 61,20 Jan 61,
DOW-UAP-D48-Report-September-1996.pdf,167,DATE,3 Mar 61,3 Mar 61,
DOW-UAP-D48-Report-September-1996.pdf,167,DATE,31 Mar 61,31 Mar 61,
DOW-UAP-D48-Report-September-1996.pdf,167,DATE,24 Jun 61,24 Jun 61,
DOW-UAP-D48-Report-September-1996.pdf,167,DATE,7 Sep 61,7 Sep 61,
DOW-UAP-D48-Report-September-1996.pdf,167,DATE,6 Oct 61,6 Oct 61,
DOW-UAP-D48-Report-September-1996.pdf,167,DATE,15 Dec 61,15 Dec 61,
DOW-UAP-D48-Report-September-1996.pdf,167,DATE,20 Jan 62,20 Jan 62,
DOW-UAP-D48-Report-September-1996.pdf,167,DATE,23 Feb 62,23 Feb 62,
DOW-UAP-D48-Report-September-1996.pdf,167,DATE,7 Jun 62,7 Jun 62,
DOW-UAP-D48-Report-September-1996.pdf,167,DATE,25 July 62,25 July 62,
DOW-UAP-D48-Report-September-1996.pdf,167,DATE,9/10/96,9/10/96,
DOW-UAP-D48-Report-September-1996.pdf,168,DATE,5 Dec 62,5 Dec 62,
DOW-UAP-D48-Report-September-1996.pdf,168,DATE,6 Dec 62,6 Dec 62,
DOW-UAP-D48-Report-September-1996.pdf,168,DATE,10 Jan 63,10 Jan 63,
DOW-UAP-D48-Report-September-1996.pdf,168,DATE,6 Feb 63,6 Feb 63,
DOW-UAP-D48-Report-September-1996.pdf,168,DATE,16 Feb 63,16 Feb 63,
DOW-UAP-D48-Report-September-1996.pdf,168,DATE,21 Mar 63,21 Mar 63,
DOW-UAP-D48-Report-September-1996.pdf,168,DATE,19 Apr 63,19 Apr 63,
DOW-UAP-D48-Report-September-1996.pdf,168,DATE,1 May 63,1 May 63,
DOW-UAP-D48-Report-September-1996.pdf,168,DATE,9 May 63,9 May 63,
DOW-UAP-D48-Report-September-1996.pdf,168,DATE,29 May 63,29 May 63,
DOW-UAP-D48-Report-September-1996.pdf,168,DATE,9/10/96,9/10/96,
DOW-UAP-D48-Report-September-1996.pdf,169,DATE,20 June 63,20 June 63,
DOW-UAP-D48-Report-September-1996.pdf,169,DATE,16 July 63,16 July 63,
DOW-UAP-D48-Report-September-1996.pdf,169,DATE,30 Aug 63,30 Aug 63,
DOW-UAP-D48-Report-September-1996.pdf,169,DATE,9 Nov 63,9 Nov 63,
DOW-UAP-D48-Report-September-1996.pdf,169,DATE,1 Sep 64,1 Sep 64,
DOW-UAP-D48-Report-September-1996.pdf,169,DATE,8 Dec 64,8 Dec 64,
DOW-UAP-D48-Report-September-1996.pdf,169,DATE,14 Jan 65,14 Jan 65,
DOW-UAP-D48-Report-September-1996.pdf,169,DATE,5 Mar 65,5 Mar 65,
DOW-UAP-D48-Report-September-1996.pdf,169,DATE,30 Apr 65,30 Apr 65,
DOW-UAP-D48-Report-September-1996.pdf,169,DATE,14 Jun 65,14 Jun 65,
DOW-UAP-D48-Report-September-1996.pdf,169,DATE,9/10/96,9/10/96,
DOW-UAP-D48-Report-September-1996.pdf,170,DATE,21 Sep 65,21 Sep 65,
DOW-UAP-D48-Report-September-1996.pdf,170,DATE,15 Oct 65,15 Oct 65,
DOW-UAP-D48-Report-September-1996.pdf,170,DATE,30 Nov 65,30 Nov 65,
DOW-UAP-D48-Report-September-1996.pdf,170,DATE,21 Dec 65,21 Dec 65,
DOW-UAP-D48-Report-September-1996.pdf,170,DATE,22 Dec 65,22 Dec 65,
DOW-UAP-D48-Report-September-1996.pdf,170,DATE,24 May 66,24 May 66,
DOW-UAP-D48-Report-September-1996.pdf,170,DATE,26 Aug 66,26 Aug 66,
DOW-UAP-D48-Report-September-1996.pdf,170,DATE,12 Apr 67,12 Apr 67,
DOW-UAP-D48-Report-September-1996.pdf,170,DATE,26 Apr 67,26 Apr 67,
DOW-UAP-D48-Report-September-1996.pdf,170,DATE,9/10/96,9/10/96,
DOW-UAP-D48-Report-September-1996.pdf,171,ORG,AFSC,AFSC,
DOW-UAP-D48-Report-September-1996.pdf,171,DATE,6 Nov 70,6 Nov 70,
DOW-UAP-D48-Report-September-1996.pdf,171,DATE,16 Feb 72,16 Feb 72,
DOW-UAP-D48-Report-September-1996.pdf,171,DATE,11 Feb 74,11 Feb 74,
DOW-UAP-D48-Report-September-1996.pdf,171,DATE,20 May 75,20 May 75,
DOW-UAP-D48-Report-September-1996.pdf,171,DATE,14 Dec 75,14 Dec 75,
DOW-UAP-D48-Report-September-1996.pdf,171,DATE,15 Sep 76,15 Sep 76,
DOW-UAP-D48-Report-September-1996.pdf,171,DATE,5 Sep 77,5 Sep 77,
DOW-UAP-D48-Report-September-1996.pdf,171,DATE,25 Mar 78,25 Mar 78,
DOW-UAP-D48-Report-September-1996.pdf,171,DATE,28 Aug 85,28 Aug 85,
DOW-UAP-D48-Report-September-1996.pdf,171,DATE,9/10/96,9/10/96,
DOW-UAP-D48-Report-September-1996.pdf,172,ORG,AFSC,AFSC,
DOW-UAP-D48-Report-September-1996.pdf,172,DATE,18 Apr 86,18 Apr 86,
DOW-UAP-D48-Report-September-1996.pdf,172,DATE,2 Sep 88,2 Sep 88,
DOW-UAP-D48-Report-September-1996.pdf,172,DATE,14 June 89,14 June 89,
DOW-UAP-D48-Report-September-1996.pdf,172,DATE,14 Mar 90,14 Mar 90,
DOW-UAP-D48-Report-September-1996.pdf,172,DATE,2 Aug 93,2 Aug 93,
DOW-UAP-D48-Report-September-1996.pdf,172,DATE,5 Oct 93,5 Oct 93,
DOW-UAP-D48-Report-September-1996.pdf,172,DATE,9/10/96,9/10/96,
DOW-UAP-D48-Report-September-1996.pdf,173,DATE,9/10/96,9/10/96,
DOW-UAP-D48-Report-September-1996.pdf,174,DATE,01/25/57,01/25/57,
DOW-UAP-D48-Report-September-1996.pdf,174,DATE,04/19/57,04/19/57,
DOW-UAP-D48-Report-September-1996.pdf,174,DATE,05/21/57,05/21/57,
DOW-UAP-D48-Report-September-1996.pdf,174,DATE,08/30/57,08/30/57,
DOW-UAP-D48-Report-September-1996.pdf,174,DATE,09/20/57,09/20/57,
DOW-UAP-D48-Report-September-1996.pdf,174,DATE,10/03/57,10/03/57,
DOW-UAP-D48-Report-September-1996.pdf,174,DATE,10/11/57,10/11/57,
DOW-UAP-D48-Report-September-1996.pdf,174,DATE,10/24/57,10/24/57,
DOW-UAP-D48-Report-September-1996.pdf,174,DATE,12/07/57,12/07/57,
DOW-UAP-D48-Report-September-1996.pdf,174,DATE,12/19/57,12/19/57,
DOW-UAP-D48-Report-September-1996.pdf,174,DATE,01/28/58,01/28/58,
DOW-UAP-D48-Report-September-1996.pdf,174,DATE,02/28/58,02/28/58,
DOW-UAP-D48-Report-September-1996.pdf,174,DATE,04/19/58,04/19/58,
DOW-UAP-D48-Report-September-1996.pdf,174,DATE,04/23/58,04/23/58,
DOW-UAP-D48-Report-September-1996.pdf,174,DATE,06/04/58,06/04/58,
DOW-UAP-D48-Report-September-1996.pdf,174,DATE,06/13/58,06/13/58,
DOW-UAP-D48-Report-September-1996.pdf,174,DATE,07/11/58,07/11/58,
DOW-UAP-D48-Report-September-1996.pdf,174,DATE,07/12/58,07/12/58,
DOW-UAP-D48-Report-September-1996.pdf,174,DATE,07/23/58,07/23/58,
DOW-UAP-D48-Report-September-1996.pdf,174,DATE,07/26/58,07/26/58,
DOW-UAP-D48-Report-September-1996.pdf,174,DATE,08/06/58,08/06/58,
DOW-UAP-D48-Report-September-1996.pdf,174,DATE,08/17/58,08/17/58,
DOW-UAP-D48-Report-September-1996.pdf,174,DATE,10/11/58,10/11/58,
DOW-UAP-D48-Report-September-1996.pdf,174,DATE,11/05/58,11/05/58,
DOW-UAP-D48-Report-September-1996.pdf,174,DATE,11/08/58,11/08/58,
DOW-UAP-D48-Report-September-1996.pdf,174,DATE,11/26/58,11/26/58,
DOW-UAP-D48-Report-September-1996.pdf,174,DATE,12/05/58,12/05/58,
DOW-UAP-D48-Report-September-1996.pdf,174,DATE,12/16/58,12/16/58,
DOW-UAP-D48-Report-September-1996.pdf,174,DATE,12/30/58,12/30/58,
DOW-UAP-D48-Report-September-1996.pdf,174,DATE,01/23/59,01/23/59,
DOW-UAP-D48-Report-September-1996.pdf,174,DATE,01/30/59,01/30/59,
DOW-UAP-D48-Report-September-1996.pdf,174,DATE,02/28/59,02/28/59,
DOW-UAP-D48-Report-September-1996.pdf,174,DATE,03/21/59,03/21/59,
DOW-UAP-D48-Report-September-1996.pdf,174,DATE,03/26/59,03/26/59,
DOW-UAP-D48-Report-September-1996.pdf,174,DATE,04/07/59,04/07/59,
DOW-UAP-D48-Report-September-1996.pdf,174,DATE,04/22/59,04/22/59,
DOW-UAP-D48-Report-September-1996.pdf,174,DATE,04/24/59,04/24/59,
DOW-UAP-D48-Report-September-1996.pdf,174,DATE,05/12/59,05/12/59,
DOW-UAP-D48-Report-September-1996.pdf,174,DATE,05/21/59,05/21/59,
DOW-UAP-D48-Report-September-1996.pdf,174,DATE,05/22/59,05/22/59,
DOW-UAP-D48-Report-September-1996.pdf,174,DATE,9/10/96,9/10/96,
DOW-UAP-D48-Report-September-1996.pdf,175,DATE,06/11/59,06/11/59,
DOW-UAP-D48-Report-September-1996.pdf,175,DATE,06/25/59,06/25/59,
DOW-UAP-D48-Report-September-1996.pdf,175,DATE,06/29/59,06/29/59,
DOW-UAP-D48-Report-September-1996.pdf,175,DATE,07/21/59,07/21/59,
DOW-UAP-D48-Report-September-1996.pdf,175,DATE,07/24/59,07/24/59,
DOW-UAP-D48-Report-September-1996.pdf,175,DATE,08/05/59,08/05/59,
DOW-UAP-D48-Report-September-1996.pdf,175,DATE,08/07/59,08/07/59,
DOW-UAP-D48-Report-September-1996.pdf,175,DATE,08/14/59,08/14/59,
DOW-UAP-D48-Report-September-1996.pdf,175,DATE,08/27/59,08/27/59,
DOW-UAP-D48-Report-September-1996.pdf,175,DATE,09/12/59,09/12/59,
DOW-UAP-D48-Report-September-1996.pdf,175,DATE,09/17/59,09/17/59,
DOW-UAP-D48-Report-September-1996.pdf,175,DATE,09/22/59,09/22/59,
DOW-UAP-D48-Report-September-1996.pdf,175,DATE,10/06/59,10/06/59,
DOW-UAP-D48-Report-September-1996.pdf,175,DATE,10/13/59,10/13/59,
DOW-UAP-D48-Report-September-1996.pdf,175,DATE,10/28/59,10/28/59,
DOW-UAP-D48-Report-September-1996.pdf,175,DATE,11/03/59,11/03/59,
DOW-UAP-D48-Report-September-1996.pdf,175,DATE,11/19/59,11/19/59,
DOW-UAP-D48-Report-September-1996.pdf,175,DATE,12/01/59,12/01/59,
DOW-UAP-D48-Report-September-1996.pdf,175,DATE,12/17/59,12/17/59,
DOW-UAP-D48-Report-September-1996.pdf,175,DATE,01/14/60,01/14/60,
DOW-UAP-D48-Report-September-1996.pdf,175,DATE,02/09/60,02/09/60,
DOW-UAP-D48-Report-September-1996.pdf,175,DATE,02/29/60,02/29/60,
DOW-UAP-D48-Report-September-1996.pdf,175,DATE,03/11/60,03/11/60,
DOW-UAP-D48-Report-September-1996.pdf,175,DATE,04/01/60,04/01/60,
DOW-UAP-D48-Report-September-1996.pdf,175,DATE,04/13/60,04/13/60,
DOW-UAP-D48-Report-September-1996.pdf,175,DATE,06/22/60,06/22/60,
DOW-UAP-D48-Report-September-1996.pdf,175,DATE,08/18/60,08/18/60,
DOW-UAP-D48-Report-September-1996.pdf,175,DATE,10/04/60,10/04/60,
DOW-UAP-D48-Report-September-1996.pdf,175,DATE,11/30/60,11/30/60,
DOW-UAP-D48-Report-September-1996.pdf,175,DATE,02/21/61,02/21/61,
DOW-UAP-D48-Report-September-1996.pdf,175,DATE,06/28/61,06/28/61,
DOW-UAP-D48-Report-September-1996.pdf,175,DATE,11/15/61,11/15/61,
DOW-UAP-D48-Report-September-1996.pdf,175,DATE,01/15/62,01/15/62,
DOW-UAP-D48-Report-September-1996.pdf,175,DATE,01/24/62,01/24/62,
DOW-UAP-D48-Report-September-1996.pdf,175,DATE,05/02/62,05/02/62,
DOW-UAP-D48-Report-September-1996.pdf,175,DATE,05/10/62,05/10/62,
DOW-UAP-D48-Report-September-1996.pdf,175,DATE,07/18/62,07/18/62,
DOW-UAP-D48-Report-September-1996.pdf,175,DATE,10/31/62,10/31/62,
DOW-UAP-D48-Report-September-1996.pdf,175,DATE,09/18/63,09/18/63,
DOW-UAP-D48-Report-September-1996.pdf,175,DATE,03/24/64,03/24/64,
DOW-UAP-D48-Report-September-1996.pdf,175,DATE,07/22/64,07/22/64,
DOW-UAP-D48-Report-September-1996.pdf,175,DATE,10/27/64,10/27/64,
DOW-UAP-D48-Report-September-1996.pdf,175,DATE,12/08/64,12/08/64,
DOW-UAP-D48-Report-September-1996.pdf,175,DATE,02/23/65,02/23/65,
DOW-UAP-D48-Report-September-1996.pdf,175,DATE,9/10/96,9/10/96,
DOW-UAP-D48-Report-September-1996.pdf,176,DATE,25 Jan 57,25 Jan 57,
DOW-UAP-D48-Report-September-1996.pdf,176,DATE,19 Apr 57,19 Apr 57,
DOW-UAP-D48-Report-September-1996.pdf,176,DATE,21 May 57,21 May 57,
DOW-UAP-D48-Report-September-1996.pdf,176,DATE,30 Aug 57,30 Aug 57,
DOW-UAP-D48-Report-September-1996.pdf,176,DATE,20 Sep 57,20 Sep 57,
DOW-UAP-D48-Report-September-1996.pdf,176,DATE,3 Oct 57,3 Oct 57,
DOW-UAP-D48-Report-September-1996.pdf,176,DATE,11 Oct 57,11 Oct 57,
DOW-UAP-D48-Report-September-1996.pdf,176,DATE,7 Dec 57,7 Dec 57,
DOW-UAP-D48-Report-September-1996.pdf,176,DATE,19 Dec 57,19 Dec 57,
DOW-UAP-D48-Report-September-1996.pdf,176,DATE,28 Jan 58,28 Jan 58,
DOW-UAP-D48-Report-September-1996.pdf,176,DATE,9/10/96,9/10/96,
DOW-UAP-D48-Report-September-1996.pdf,177,DATE,28 Feb 58,28 Feb 58,
DOW-UAP-D48-Report-September-1996.pdf,177,DATE,19 Apr 58,19 Apr 58,
DOW-UAP-D48-Report-September-1996.pdf,177,DATE,23 Apr 58,23 Apr 58,
DOW-UAP-D48-Report-September-1996.pdf,177,DATE,11 July 58,11 July 58,
DOW-UAP-D48-Report-September-1996.pdf,177,DATE,26 July 58,26 July 58,
DOW-UAP-D48-Report-September-1996.pdf,177,DATE,17 Aug 58,17 Aug 58,
DOW-UAP-D48-Report-September-1996.pdf,177,DATE,11 Oct 58,11 Oct 58,
DOW-UAP-D48-Report-September-1996.pdf,177,DATE,5 Nov 58,5 Nov 58,
DOW-UAP-D48-Report-September-1996.pdf,177,DATE,8 Nov 58,8 Nov 58,
DOW-UAP-D48-Report-September-1996.pdf,177,DATE,26 Nov 58,26 Nov 58,
DOW-UAP-D48-Report-September-1996.pdf,177,DATE,5 Dec 58,5 Dec 58,
DOW-UAP-D48-Report-September-1996.pdf,177,DATE,9/10/96,9/10/96,
DOW-UAP-D48-Report-September-1996.pdf,178,DATE,16 Dec 58,16 Dec 58,
DOW-UAP-D48-Report-September-1996.pdf,178,DATE,30 Dec 58,30 Dec 58,
DOW-UAP-D48-Report-September-1996.pdf,178,DATE,22 Jan 59,22 Jan 59,
DOW-UAP-D48-Report-September-1996.pdf,178,DATE,30 Jan 59,30 Jan 59,
DOW-UAP-D48-Report-September-1996.pdf,178,DATE,28 Feb 59,28 Feb 59,
DOW-UAP-D48-Report-September-1996.pdf,178,DATE,29 June 59,29 June 59,
DOW-UAP-D48-Report-September-1996.pdf,178,DATE,21 July 59,21 July 59,
DOW-UAP-D48-Report-September-1996.pdf,178,DATE,17 Sep 59,17 Sep 59,
DOW-UAP-D48-Report-September-1996.pdf,178,DATE,1 Dec 59,1 Dec 59,
DOW-UAP-D48-Report-September-1996.pdf,178,DATE,13 Apr 60,13 Apr 60,
DOW-UAP-D48-Report-September-1996.pdf,178,DATE,9/10/96,9/10/96,
DOW-UAP-D48-Report-September-1996.pdf,179,DATE,22 June 60,22 June 60,
DOW-UAP-D48-Report-September-1996.pdf,179,DATE,18 Aug 60,18 Aug 60,
DOW-UAP-D48-Report-September-1996.pdf,179,DATE,30 Nov 60,30 Nov 60,
DOW-UAP-D48-Report-September-1996.pdf,179,DATE,21 Feb 61,21 Feb 61,
DOW-UAP-D48-Report-September-1996.pdf,179,DATE,24 Jan 62,24 Jan 62,
DOW-UAP-D48-Report-September-1996.pdf,179,DATE,10 May 62,10 May 62,
DOW-UAP-D48-Report-September-1996.pdf,179,DATE,24 Mar 64,24 Mar 64,
DOW-UAP-D48-Report-September-1996.pdf,179,DATE,9/10/96,9/10/96,
DOW-UAP-D48-Report-September-1996.pdf,180,PERSON,Mr. James Baeker,Mr. James Baeker,
DOW-UAP-D48-Report-September-1996.pdf,180,DATE,"September 19, 1990","September 19, 1990",
DOW-UAP-D48-Report-September-1996.pdf,180,DATE,18 June 1991,18 June 1991,
DOW-UAP-D48-Report-September-1996.pdf,180,DATE,"September 30, 1995","September 30, 1995",
DOW-UAP-D48-Report-September-1996.pdf,180,DATE,19 February 1992,19 February 1992,
DOW-UAP-D48-Report-September-1996.pdf,180,DATE,30 December 1995,30 December 1995,
DOW-UAP-D48-Report-September-1996.pdf,180,DATE,"July 23, 1991","July 23, 1991",
DOW-UAP-D48-Report-September-1996.pdf,180,DATE,4 Nov 95,4 Nov 95,
DOW-UAP-D48-Report-September-1996.pdf,180,DATE,9/10/96,9/10/96,
DOW-UAP-D48-Report-September-1996.pdf,181,ORG,USAF,USAF,
DOW-UAP-D48-Report-September-1996.pdf,181,DATE,13 Nov 95,13 Nov 95,
DOW-UAP-D48-Report-September-1996.pdf,181,DATE,26 April 1965,26 April 1965,
DOW-UAP-D48-Report-September-1996.pdf,181,DATE,"March 13, 1996","March 13, 1996",
DOW-UAP-D48-Report-September-1996.pdf,181,DATE,"April 4, 1996","April 4, 1996",
DOW-UAP-D48-Report-September-1996.pdf,181,DATE,9/10/96,9/10/96,
DOW-UAP-D49-Launch-Summary-February-2000.pdf,2,ORG,USAF,USAF,
DOW-UAP-D49-Launch-Summary-February-2000.pdf,2,ORG,NASA,NASA,
DOW-UAP-D49-Launch-Summary-February-2000.pdf,2,DATE,3 February 2000,3 February 2000,
DOW-UAP-D49-Launch-Summary-February-2000.pdf,3,DATE,16 December 1958,16 December 1958,
DOW-UAP-D49-Launch-Summary-February-2000.pdf,4,ORG,SAC,SAC,
DOW-UAP-D49-Launch-Summary-February-2000.pdf,4,ORG,ADC,ADC,
DOW-UAP-D49-Launch-Summary-February-2000.pdf,4,ORG,AFSC,AFSC,
DOW-UAP-D49-Launch-Summary-February-2000.pdf,4,ORG,USAF,USAF,
DOW-UAP-D49-Launch-Summary-February-2000.pdf,4,DATE,1 June 1992,1 June 1992,
DOW-UAP-D49-Launch-Summary-February-2000.pdf,4,DATE,1 July 1992,1 July 1992,
DOW-UAP-D49-Launch-Summary-February-2000.pdf,4,DATE,1 Apr 1961,1 Apr 1961,
DOW-UAP-D49-Launch-Summary-February-2000.pdf,4,DATE,1 April 1971,1 April 1971,
DOW-UAP-D49-Launch-Summary-February-2000.pdf,4,DATE,1 July 1963,1 July 1963,
DOW-UAP-D49-Launch-Summary-February-2000.pdf,5,ORG,SAC,SAC,
DOW-UAP-D49-Launch-Summary-February-2000.pdf,5,DATE,1 July 1963,1 July 1963,
DOW-UAP-D49-Launch-Summary-February-2000.pdf,6,ORG,NASA,NASA,
DOW-UAP-D49-Launch-Summary-February-2000.pdf,6,DATE,1 July 1963,1 July 1963,
DOW-UAP-D49-Launch-Summary-February-2000.pdf,7,ORG,SAC,SAC,
DOW-UAP-D49-Launch-Summary-February-2000.pdf,7,ORG,SAFEGUARD,SAFEGUARD,
DOW-UAP-D49-Launch-Summary-February-2000.pdf,7,DATE,1 July 1963,1 July 1963,
DOW-UAP-D49-Launch-Summary-February-2000.pdf,10,ORG,AFSC,AFSC,
DOW-UAP-D49-Launch-Summary-February-2000.pdf,10,ORG,SAC,SAC,
DOW-UAP-D49-Launch-Summary-February-2000.pdf,10,ORG,NASA,NASA,
DOW-UAP-D49-Launch-Summary-February-2000.pdf,10,ORG,ADC,ADC,
DOW-UAP-D49-Launch-Summary-February-2000.pdf,11,ORG,AFSC,AFSC,
DOW-UAP-D49-Launch-Summary-February-2000.pdf,11,ORG,SAC,SAC,
DOW-UAP-D49-Launch-Summary-February-2000.pdf,11,ORG,NASA,NASA,
DOW-UAP-D49-Launch-Summary-February-2000.pdf,11,ORG,ADC,ADC,
DOW-UAP-D49-Launch-Summary-February-2000.pdf,11,DATE,3 Feb 2000,3 Feb 2000,
DOW-UAP-D49-Launch-Summary-February-2000.pdf,11,DATE,9 Nov 89,9 Nov 89,
DOW-UAP-D49-Launch-Summary-February-2000.pdf,11,DATE,15 Dec 89,15 Dec 89,
DOW-UAP-D49-Launch-Summary-February-2000.pdf,11,DATE,30 Jan 90,30 Jan 90,
DOW-UAP-D49-Launch-Summary-February-2000.pdf,11,DATE,5 April 90,5 April 90,
DOW-UAP-D49-Launch-Summary-February-2000.pdf,11,DATE,4 August 1997,4 August 1997,
DOW-UAP-D49-Launch-Summary-February-2000.pdf,15,ORG,AFSC,AFSC,
DOW-UAP-D49-Launch-Summary-February-2000.pdf,15,DATE,28 Feb 59,28 Feb 59,
DOW-UAP-D49-Launch-Summary-February-2000.pdf,15,DATE,13 Apr 59,13 Apr 59,
DOW-UAP-D49-Launch-Summary-February-2000.pdf,15,DATE,16 Apr 59,16 Apr 59,
DOW-UAP-D49-Launch-Summary-February-2000.pdf,15,DATE,3 Jun 59,3 Jun 59,
DOW-UAP-D49-Launch-Summary-February-2000.pdf,15,DATE,16 Jun 59,16 Jun 59,
DOW-UAP-D49-Launch-Summary-February-2000.pdf,15,DATE,25 Jun 59,25 Jun 59,
DOW-UAP-D49-Launch-Summary-February-2000.pdf,15,DATE,14 Jul 59,14 Jul 59,
DOW-UAP-D49-Launch-Summary-February-2000.pdf,15,DATE,24 Jul 59,24 Jul 59,
DOW-UAP-D49-Launch-Summary-February-2000.pdf,16,ORG,AFSC,AFSC,
DOW-UAP-D49-Launch-Summary-February-2000.pdf,16,ORG,SAC,SAC,
DOW-UAP-D49-Launch-Summary-February-2000.pdf,16,DATE,3 Aug 59,3 Aug 59,
DOW-UAP-D49-Launch-Summary-February-2000.pdf,16,DATE,13 Aug 59,13 Aug 59,
DOW-UAP-D49-Launch-Summary-February-2000.pdf,16,DATE,14 Aug 59,14 Aug 59,
DOW-UAP-D49-Launch-Summary-February-2000.pdf,16,DATE,19 Aug 59,19 Aug 59,
DOW-UAP-D49-Launch-Summary-February-2000.pdf,16,DATE,9 Sep 59,9 Sep 59,
DOW-UAP-D49-Launch-Summary-February-2000.pdf,16,DATE,17 Sep 59,17 Sep 59,
DOW-UAP-D49-Launch-Summary-February-2000.pdf,16,DATE,6 Oct 59,6 Oct 59,
DOW-UAP-D49-Launch-Summary-February-2000.pdf,16,DATE,21 Oct 59,21 Oct 59,
DOW-UAP-D49-Launch-Summary-February-2000.pdf,16,DATE,7 Nov 59,7 Nov 59,
DOW-UAP-D49-Launch-Summary-February-2000.pdf,16,DATE,12 Nov 59,12 Nov 59,
DOW-UAP-D49-Launch-Summary-February-2000.pdf,16,DATE,20 Nov 59,20 Nov 59,
DOW-UAP-D49-Launch-Summary-February-2000.pdf,16,DATE,1 Dec 59,1 Dec 59,
DOW-UAP-D49-Launch-Summary-February-2000.pdf,16,DATE,14 Dec 59,14 Dec 59,
DOW-UAP-D49-Launch-Summary-February-2000.pdf,16,DATE,21 Jan 60,21 Jan 60,
DOW-UAP-D49-Launch-Summary-February-2000.pdf,16,DATE,26 Jan 60,26 Jan 60,
DOW-UAP-D49-Launch-Summary-February-2000.pdf,16,DATE,4 Feb 60,4 Feb 60,
DOW-UAP-D49-Launch-Summary-February-2000.pdf,16,DATE,19 Feb 60,19 Feb 60,
DOW-UAP-D49-Launch-Summary-February-2000.pdf,16,DATE,2 Mar 60,2 Mar 60,
DOW-UAP-D49-Launch-Summary-February-2000.pdf,17,ORG,AFSC,AFSC,
DOW-UAP-D49-Launch-Summary-February-2000.pdf,17,ORG,SAC,SAC,
DOW-UAP-D49-Launch-Summary-February-2000.pdf,17,ORG,NASA,NASA,
DOW-UAP-D49-Launch-Summary-February-2000.pdf,17,DATE,15 Apr 60,15 Apr 60,
DOW-UAP-D49-Launch-Summary-February-2000.pdf,17,DATE,22 Apr 60,22 Apr 60,
DOW-UAP-D49-Launch-Summary-February-2000.pdf,17,DATE,29 Apr 60,29 Apr 60,
DOW-UAP-D49-Launch-Summary-February-2000.pdf,17,DATE,6 May 60,6 May 60,
DOW-UAP-D49-Launch-Summary-February-2000.pdf,17,DATE,22 Jun 60,22 Jun 60,
DOW-UAP-D49-Launch-Summary-February-2000.pdf,17,DATE,27 Jun 60,27 Jun 60,
DOW-UAP-D49-Launch-Summary-February-2000.pdf,17,DATE,29 Jun 60,29 Jun 60,
DOW-UAP-D49-Launch-Summary-February-2000.pdf,17,DATE,1 Jul 60,1 Jul 60,
DOW-UAP-D49-Launch-Summary-February-2000.pdf,17,DATE,8 Jul 60,8 Jul 60,
DOW-UAP-D49-Launch-Summary-February-2000.pdf,17,DATE,14 Jul 60,14 Jul 60,
DOW-UAP-D49-Launch-Summary-February-2000.pdf,17,DATE,20 Jul 60,20 Jul 60,
DOW-UAP-D49-Launch-Summary-February-2000.pdf,17,DATE,22 Jul 60,22 Jul 60,
DOW-UAP-D49-Launch-Summary-February-2000.pdf,17,DATE,10 Aug 60,10 Aug 60,
DOW-UAP-D49-Launch-Summary-February-2000.pdf,17,DATE,12 Aug 60,12 Aug 60,
DOW-UAP-D49-Launch-Summary-February-2000.pdf,17,DATE,18 Aug 60,18 Aug 60,
DOW-UAP-D49-Launch-Summary-February-2000.pdf,17,DATE,12 Sep 60,12 Sep 60,
DOW-UAP-D49-Launch-Summary-February-2000.pdf,17,DATE,13 Sep 60,13 Sep 60,
DOW-UAP-D49-Launch-Summary-February-2000.pdf,17,DATE,19 Sep 60,19 Sep 60,
DOW-UAP-D49-Launch-Summary-February-2000.pdf,17,DATE,29 Sep 60,29 Sep 60,
DOW-UAP-D49-Launch-Summary-February-2000.pdf,18,ORG,AFSC,AFSC,
DOW-UAP-D49-Launch-Summary-February-2000.pdf,18,ORG,SAC,SAC,
DOW-UAP-D49-Launch-Summary-February-2000.pdf,18,DATE,30 Sep 60,30 Sep 60,
DOW-UAP-D49-Launch-Summary-February-2000.pdf,18,DATE,11 Oct 60,11 Oct 60,
DOW-UAP-D49-Launch-Summary-February-2000.pdf,18,DATE,12 Oct 60,12 Oct 60,
DOW-UAP-D49-Launch-Summary-February-2000.pdf,18,DATE,26 Oct 60,26 Oct 60,
DOW-UAP-D49-Launch-Summary-February-2000.pdf,18,DATE,27 Oct 60,27 Oct 60,
DOW-UAP-D49-Launch-Summary-February-2000.pdf,18,DATE,12 Nov 60,12 Nov 60,
DOW-UAP-D49-Launch-Summary-February-2000.pdf,18,DATE,21 Nov 60,21 Nov 60,
DOW-UAP-D49-Launch-Summary-February-2000.pdf,18,DATE,22 Nov 60,22 Nov 60,
DOW-UAP-D49-Launch-Summary-February-2000.pdf,18,DATE,7 Dec 60,7 Dec 60,
DOW-UAP-D49-Launch-Summary-February-2000.pdf,18,DATE,13 Dec 60,13 Dec 60,
DOW-UAP-D49-Launch-Summary-February-2000.pdf,18,DATE,14 Dec 60,14 Dec 60,
DOW-UAP-D49-Launch-Summary-February-2000.pdf,18,DATE,16 Dec 60,16 Dec 60,
DOW-UAP-D49-Launch-Summary-February-2000.pdf,18,DATE,20 Dec 60,20 Dec 60,
DOW-UAP-D49-Launch-Summary-February-2000.pdf,18,DATE,31 Jan 61,31 Jan 61,
DOW-UAP-D49-Launch-Summary-February-2000.pdf,19,ORG,AFSC,AFSC,
DOW-UAP-D49-Launch-Summary-February-2000.pdf,19,DATE,17 Feb 61,17 Feb 61,
DOW-UAP-D49-Launch-Summary-February-2000.pdf,19,DATE,18 Feb 61,18 Feb 61,
DOW-UAP-D49-Launch-Summary-February-2000.pdf,19,DATE,27 Mar 61,27 Mar 61,
DOW-UAP-D49-Launch-Summary-February-2000.pdf,19,DATE,29 Mar 61,29 Mar 61,
DOW-UAP-D49-Launch-Summary-February-2000.pdf,19,DATE,30 Mar 61,30 Mar 61,
DOW-UAP-D49-Launch-Summary-February-2000.pdf,19,DATE,8 Apr 61,8 Apr 61,
DOW-UAP-D49-Launch-Summary-February-2000.pdf,19,DATE,3 May 61,3 May 61,
DOW-UAP-D49-Launch-Summary-February-2000.pdf,19,DATE,24 May 61,24 May 61,
DOW-UAP-D49-Launch-Summary-February-2000.pdf,19,DATE,7 Jun 61,7 Jun 61,
DOW-UAP-D49-Launch-Summary-February-2000.pdf,19,DATE,16 Jun 61,16 Jun 61,
DOW-UAP-D49-Launch-Summary-February-2000.pdf,19,DATE,20 Jun 61,20 Jun 61,
DOW-UAP-D49-Launch-Summary-February-2000.pdf,19,DATE,7 Jul 61,7 Jul 61,
DOW-UAP-D49-Launch-Summary-February-2000.pdf,19,DATE,12 Jul 61,12 Jul 61,
DOW-UAP-D49-Launch-Summary-February-2000.pdf,19,DATE,21 Jul 61,21 Jul 61,
DOW-UAP-D49-Launch-Summary-February-2000.pdf,19,DATE,1 Aug 61,1 Aug 61,
DOW-UAP-D49-Launch-Summary-February-2000.pdf,19,DATE,3 Aug 61,3 Aug 61,
DOW-UAP-D49-Launch-Summary-February-2000.pdf,19,DATE,22 Aug 61,22 Aug 61,
DOW-UAP-D49-Launch-Summary-February-2000.pdf,19,DATE,30 Aug 61,30 Aug 61,
DOW-UAP-D49-Launch-Summary-February-2000.pdf,20,ORG,AFSC,AFSC,
DOW-UAP-D49-Launch-Summary-February-2000.pdf,20,ORG,NASA,NASA,
DOW-UAP-D49-Launch-Summary-February-2000.pdf,20,ORG,SAC,SAC,
DOW-UAP-D49-Launch-Summary-February-2000.pdf,20,DATE,6 Sep 61,6 Sep 61,
DOW-UAP-D49-Launch-Summary-February-2000.pdf,20,DATE,12 Sep 61,12 Sep 61,
DOW-UAP-D49-Launch-Summary-February-2000.pdf,20,DATE,17 Sep 61,17 Sep 61,
DOW-UAP-D49-Launch-Summary-February-2000.pdf,20,DATE,23 Sep 61,23 Sep 61,
DOW-UAP-D49-Launch-Summary-February-2000.pdf,20,DATE,21 Oct 61,21 Oct 61,
DOW-UAP-D49-Launch-Summary-February-2000.pdf,20,DATE,23 Oct 61,23 Oct 61,
DOW-UAP-D49-Launch-Summary-February-2000.pdf,20,DATE,5 Nov 61,5 Nov 61,
DOW-UAP-D49-Launch-Summary-February-2000.pdf,20,DATE,15 Nov 61,15 Nov 61,
DOW-UAP-D49-Launch-Summary-February-2000.pdf,20,DATE,18 Nov 61,18 Nov 61,
DOW-UAP-D49-Launch-Summary-February-2000.pdf,20,DATE,22 Nov 61,22 Nov 61,
DOW-UAP-D49-Launch-Summary-February-2000.pdf,20,DATE,29 Nov 61,29 Nov 61,
DOW-UAP-D49-Launch-Summary-February-2000.pdf,20,DATE,4 Dec 61,4 Dec 61,
DOW-UAP-D49-Launch-Summary-February-2000.pdf,20,DATE,7 Dec 61,7 Dec 61,
DOW-UAP-D49-Launch-Summary-February-2000.pdf,20,DATE,8 Dec 61,8 Dec 61,
DOW-UAP-D49-Launch-Summary-February-2000.pdf,20,DATE,12 Dec 61,12 Dec 61,
DOW-UAP-D49-Launch-Summary-February-2000.pdf,21,ORG,AFSC,AFSC,
DOW-UAP-D49-Launch-Summary-February-2000.pdf,21,ORG,SAC,SAC,
DOW-UAP-D49-Launch-Summary-February-2000.pdf,21,DATE,22 Dec 61,22 Dec 61,
DOW-UAP-D49-Launch-Summary-February-2000.pdf,21,DATE,13 Jan 62,13 Jan 62,
DOW-UAP-D49-Launch-Summary-February-2000.pdf,21,DATE,17 Jan 62,17 Jan 62,
DOW-UAP-D49-Launch-Summary-February-2000.pdf,21,DATE,20 Jan 62,20 Jan 62,
DOW-UAP-D49-Launch-Summary-February-2000.pdf,21,DATE,23 Jan 62,23 Jan 62,
DOW-UAP-D49-Launch-Summary-February-2000.pdf,21,DATE,16 Feb 62,16 Feb 62,
DOW-UAP-D49-Launch-Summary-February-2000.pdf,21,DATE,21 Feb 62,21 Feb 62,
DOW-UAP-D49-Launch-Summary-February-2000.pdf,21,DATE,23 Feb 62,23 Feb 62,
DOW-UAP-D49-Launch-Summary-February-2000.pdf,21,DATE,27 Feb 62,27 Feb 62,
DOW-UAP-D49-Launch-Summary-February-2000.pdf,21,DATE,28 Feb 62,28 Feb 62,
DOW-UAP-D49-Launch-Summary-February-2000.pdf,21,DATE,7 Mar 62,7 Mar 62,
DOW-UAP-D49-Launch-Summary-February-2000.pdf,21,DATE,14 Mar 62,14 Mar 62,
DOW-UAP-D49-Launch-Summary-February-2000.pdf,21,DATE,19 Mar 62,19 Mar 62,
DOW-UAP-D49-Launch-Summary-February-2000.pdf,21,DATE,23 Mar 62,23 Mar 62,
DOW-UAP-D49-Launch-Summary-February-2000.pdf,21,DATE,9 Apr 62,9 Apr 62,
DOW-UAP-D49-Launch-Summary-February-2000.pdf,21,DATE,11 Apr 62,11 Apr 62,
DOW-UAP-D49-Launch-Summary-February-2000.pdf,21,DATE,17 Apr 62,17 Apr 62,
DOW-UAP-D49-Launch-Summary-February-2000.pdf,21,DATE,26 Apr 62,26 Apr 62,
DOW-UAP-D49-Launch-Summary-February-2000.pdf,22,ORG,AFSC,AFSC,
DOW-UAP-D49-Launch-Summary-February-2000.pdf,22,ORG,SAC,SAC,
DOW-UAP-D49-Launch-Summary-February-2000.pdf,22,DATE,26 Apr 62,26 Apr 62,
DOW-UAP-D49-Launch-Summary-February-2000.pdf,22,DATE,27 Apr 62,27 Apr 62,
DOW-UAP-D49-Launch-Summary-February-2000.pdf,22,DATE,28 Apr 62,28 Apr 62,
DOW-UAP-D49-Launch-Summary-February-2000.pdf,22,DATE,4 May 62,4 May 62,
DOW-UAP-D49-Launch-Summary-February-2000.pdf,22,DATE,11 May 62,11 May 62,
DOW-UAP-D49-Launch-Summary-February-2000.pdf,22,DATE,15 May 62,15 May 62,
DOW-UAP-D49-Launch-Summary-February-2000.pdf,22,DATE,23 May 62,23 May 62,
DOW-UAP-D49-Launch-Summary-February-2000.pdf,22,DATE,29 May 62,29 May 62,
DOW-UAP-D49-Launch-Summary-February-2000.pdf,22,DATE,31 May 62,31 May 62,
DOW-UAP-D49-Launch-Summary-February-2000.pdf,22,DATE,1 Jun 62,1 Jun 62,
DOW-UAP-D49-Launch-Summary-February-2000.pdf,22,DATE,17 Jun 62,17 Jun 62,
DOW-UAP-D49-Launch-Summary-February-2000.pdf,22,DATE,18 Jun 62,18 Jun 62,
DOW-UAP-D49-Launch-Summary-February-2000.pdf,22,DATE,22 Jun 62,22 Jun 62,
DOW-UAP-D49-Launch-Summary-February-2000.pdf,22,DATE,26 Jun 62,26 Jun 62,
DOW-UAP-D49-Launch-Summary-February-2000.pdf,22,DATE,27 Jun 62,27 Jun 62,
DOW-UAP-D49-Launch-Summary-February-2000.pdf,22,DATE,9 Jul 62,9 Jul 62,
DOW-UAP-D49-Launch-Summary-February-2000.pdf,22,DATE,12 Jul 62,12 Jul 62,
DOW-UAP-D49-Launch-Summary-February-2000.pdf,23,ORG,AFSC,AFSC,
DOW-UAP-D49-Launch-Summary-February-2000.pdf,23,ORG,SAC,SAC,
DOW-UAP-D49-Launch-Summary-February-2000.pdf,23,DATE,13 Jul 62,13 Jul 62,
DOW-UAP-D49-Launch-Summary-February-2000.pdf,23,DATE,18 Jul 62,18 Jul 62,
DOW-UAP-D49-Launch-Summary-February-2000.pdf,23,DATE,19 Jul 62,19 Jul 62,
DOW-UAP-D49-Launch-Summary-February-2000.pdf,23,DATE,20 Jul 62,20 Jul 62,
DOW-UAP-D49-Launch-Summary-February-2000.pdf,23,DATE,24 Jul 62,24 Jul 62,
DOW-UAP-D49-Launch-Summary-February-2000.pdf,23,DATE,27 Jul 62,27 Jul 62,
DOW-UAP-D49-Launch-Summary-February-2000.pdf,23,DATE,1 Aug 62,1 Aug 62,
DOW-UAP-D49-Launch-Summary-February-2000.pdf,23,DATE,5 Aug 62,5 Aug 62,
DOW-UAP-D49-Launch-Summary-February-2000.pdf,23,DATE,9 Aug 62,9 Aug 62,
DOW-UAP-D49-Launch-Summary-February-2000.pdf,23,DATE,10 Aug 62,10 Aug 62,
DOW-UAP-D49-Launch-Summary-February-2000.pdf,23,DATE,23 Aug 62,23 Aug 62,
DOW-UAP-D49-Launch-Summary-February-2000.pdf,23,DATE,28 Aug 62,28 Aug 62,
DOW-UAP-D49-Launch-Summary-February-2000.pdf,23,DATE,1 Sep 62,1 Sep 62,
DOW-UAP-D49-Launch-Summary-February-2000.pdf,23,DATE,17 Sep 62,17 Sep 62,
DOW-UAP-D49-Launch-Summary-February-2000.pdf,23,DATE,28 Sep 62,28 Sep 62,
DOW-UAP-D49-Launch-Summary-February-2000.pdf,24,ORG,SAC,SAC,
DOW-UAP-D49-Launch-Summary-February-2000.pdf,24,ORG,AFSC,AFSC,
DOW-UAP-D49-Launch-Summary-February-2000.pdf,24,DATE,29 Sep 62,29 Sep 62,
DOW-UAP-D49-Launch-Summary-February-2000.pdf,24,DATE,2 Oct 62,2 Oct 62,
DOW-UAP-D49-Launch-Summary-February-2000.pdf,24,DATE,6 Oct 62,6 Oct 62,
DOW-UAP-D49-Launch-Summary-February-2000.pdf,24,DATE,9 Oct 62,9 Oct 62,
DOW-UAP-D49-Launch-Summary-February-2000.pdf,24,DATE,26 Oct 62,26 Oct 62,
DOW-UAP-D49-Launch-Summary-February-2000.pdf,24,DATE,5 Nov 62,5 Nov 62,
DOW-UAP-D49-Launch-Summary-February-2000.pdf,24,DATE,11 Nov 62,11 Nov 62,
DOW-UAP-D49-Launch-Summary-February-2000.pdf,24,DATE,14 Nov 62,14 Nov 62,
DOW-UAP-D49-Launch-Summary-February-2000.pdf,24,DATE,21 Nov 62,21 Nov 62,
DOW-UAP-D49-Launch-Summary-February-2000.pdf,24,DATE,24 Nov 62,24 Nov 62,
DOW-UAP-D49-Launch-Summary-February-2000.pdf,24,DATE,4 Dec 62,4 Dec 62,
DOW-UAP-D49-Launch-Summary-February-2000.pdf,24,DATE,5 Dec 62,5 Dec 62,
DOW-UAP-D49-Launch-Summary-February-2000.pdf,24,DATE,10 Dec 62,10 Dec 62,
DOW-UAP-D49-Launch-Summary-February-2000.pdf,24,DATE,12 Dec 62,12 Dec 62,
DOW-UAP-D49-Launch-Summary-February-2000.pdf,24,DATE,13 Dec 62,13 Dec 62,
DOW-UAP-D49-Launch-Summary-February-2000.pdf,24,DATE,14 Dec 62,14 Dec 62,
DOW-UAP-D49-Launch-Summary-February-2000.pdf,24,DATE,17 Dec 62,17 Dec 62,
DOW-UAP-D49-Launch-Summary-February-2000.pdf,25,ORG,AFSC,AFSC,
DOW-UAP-D49-Launch-Summary-February-2000.pdf,25,ORG,SAC,SAC,
DOW-UAP-D49-Launch-Summary-February-2000.pdf,25,ORG,NASA,NASA,
DOW-UAP-D49-Launch-Summary-February-2000.pdf,25,DATE,18 Dec 62,18 Dec 62,
DOW-UAP-D49-Launch-Summary-February-2000.pdf,25,DATE,22 Dec 62,22 Dec 62,
DOW-UAP-D49-Launch-Summary-February-2000.pdf,25,DATE,7 Jan 63,7 Jan 63,
DOW-UAP-D49-Launch-Summary-February-2000.pdf,25,DATE,25 Jan 63,25 Jan 63,
DOW-UAP-D49-Launch-Summary-February-2000.pdf,25,DATE,29 Jan 63,29 Jan 63,
DOW-UAP-D49-Launch-Summary-February-2000.pdf,25,DATE,31 Jan 63,31 Jan 63,
DOW-UAP-D49-Launch-Summary-February-2000.pdf,25,DATE,1 Feb 63,1 Feb 63,
DOW-UAP-D49-Launch-Summary-February-2000.pdf,25,DATE,11 Feb 63,11 Feb 63,
DOW-UAP-D49-Launch-Summary-February-2000.pdf,25,DATE,13 Feb 63,13 Feb 63,
DOW-UAP-D49-Launch-Summary-February-2000.pdf,25,DATE,16 Feb 63,16 Feb 63,
DOW-UAP-D49-Launch-Summary-February-2000.pdf,25,DATE,19 Feb 63,19 Feb 63,
DOW-UAP-D49-Launch-Summary-February-2000.pdf,25,DATE,28 Feb 63,28 Feb 63,
DOW-UAP-D49-Launch-Summary-February-2000.pdf,25,DATE,9 Mar 63,9 Mar 63,
DOW-UAP-D49-Launch-Summary-February-2000.pdf,25,DATE,11 Mar 63,11 Mar 63,
DOW-UAP-D49-Launch-Summary-February-2000.pdf,25,DATE,13 Mar 63,13 Mar 63,
DOW-UAP-D49-Launch-Summary-February-2000.pdf,26,ORG,SAC,SAC,
DOW-UAP-D49-Launch-Summary-February-2000.pdf,26,ORG,AFSC,AFSC,
DOW-UAP-D49-Launch-Summary-February-2000.pdf,26,DATE,15 Mar 63,15 Mar 63,
DOW-UAP-D49-Launch-Summary-February-2000.pdf,26,DATE,16 Mar 63,16 Mar 63,
DOW-UAP-D49-Launch-Summary-February-2000.pdf,26,DATE,18 Mar 63,18 Mar 63,
DOW-UAP-D49-Launch-Summary-February-2000.pdf,26,DATE,21 Mar 63,21 Mar 63,
DOW-UAP-D49-Launch-Summary-February-2000.pdf,26,DATE,23 Mar 63,23 Mar 63,
DOW-UAP-D49-Launch-Summary-February-2000.pdf,26,DATE,30 Mar 63,30 Mar 63,
DOW-UAP-D49-Launch-Summary-February-2000.pdf,26,DATE,1 Apr 63,1 Apr 63,
DOW-UAP-D49-Launch-Summary-February-2000.pdf,26,DATE,4 Apr 63,4 Apr 63,
DOW-UAP-D49-Launch-Summary-February-2000.pdf,26,DATE,5 Apr 63,5 Apr 63,
DOW-UAP-D49-Launch-Summary-February-2000.pdf,26,DATE,11 Apr 63,11 Apr 63,
DOW-UAP-D49-Launch-Summary-February-2000.pdf,26,DATE,12 Apr 63,12 Apr 63,
DOW-UAP-D49-Launch-Summary-February-2000.pdf,26,DATE,13 Apr 63,13 Apr 63,
DOW-UAP-D49-Launch-Summary-February-2000.pdf,26,DATE,23 Apr 63,23 Apr 63,
DOW-UAP-D49-Launch-Summary-February-2000.pdf,26,DATE,24 Apr 63,24 Apr 63,
DOW-UAP-D49-Launch-Summary-February-2000.pdf,26,DATE,26 Apr 63,26 Apr 63,
DOW-UAP-D49-Launch-Summary-February-2000.pdf,26,DATE,27 Apr 63,27 Apr 63,
DOW-UAP-D49-Launch-Summary-February-2000.pdf,26,DATE,30 Apr 63,30 Apr 63,
DOW-UAP-D49-Launch-Summary-February-2000.pdf,26,DATE,1 May 63,1 May 63,
DOW-UAP-D49-Launch-Summary-February-2000.pdf,27,ORG,AFSC,AFSC,
DOW-UAP-D49-Launch-Summary-February-2000.pdf,27,ORG,SAC,SAC,
DOW-UAP-D49-Launch-Summary-February-2000.pdf,27,DATE,8 May 63,8 May 63,
DOW-UAP-D49-Launch-Summary-February-2000.pdf,27,DATE,9 May 63,9 May 63,
DOW-UAP-D49-Launch-Summary-February-2000.pdf,27,DATE,11 May 63,11 May 63,
DOW-UAP-D49-Launch-Summary-February-2000.pdf,27,DATE,13 May 63,13 May 63,
DOW-UAP-D49-Launch-Summary-February-2000.pdf,27,DATE,17 May 63,17 May 63,
DOW-UAP-D49-Launch-Summary-February-2000.pdf,27,DATE,18 May 63,18 May 63,
DOW-UAP-D49-Launch-Summary-February-2000.pdf,27,DATE,24 May 63,24 May 63,
DOW-UAP-D49-Launch-Summary-February-2000.pdf,27,DATE,4 Jun 63,4 Jun 63,
DOW-UAP-D49-Launch-Summary-February-2000.pdf,27,DATE,12 Jun 63,12 Jun 63,
DOW-UAP-D49-Launch-Summary-February-2000.pdf,27,DATE,15 Jun 63,15 Jun 63,
DOW-UAP-D49-Launch-Summary-February-2000.pdf,27,DATE,18 Jun 63,18 Jun 63,
DOW-UAP-D49-Launch-Summary-February-2000.pdf,27,DATE,20 Jun 63,20 Jun 63,
DOW-UAP-D49-Launch-Summary-February-2000.pdf,27,DATE,26 Jun 63,26 Jun 63,
DOW-UAP-D49-Launch-Summary-February-2000.pdf,27,DATE,28 Jun 63,28 Jun 63,
DOW-UAP-D49-Launch-Summary-February-2000.pdf,27,DATE,29 Jun 63,29 Jun 63,
DOW-UAP-D49-Launch-Summary-February-2000.pdf,27,DATE,1 Jul 63,1 Jul 63,
DOW-UAP-D49-Launch-Summary-February-2000.pdf,27,DATE,3 Jul 63,3 Jul 63,
DOW-UAP-D49-Launch-Summary-February-2000.pdf,28,PERSON,Lt P'.i,Lt P'.i,
DOW-UAP-D49-Launch-Summary-February-2000.pdf,28,ORG,AFSC,AFSC,
DOW-UAP-D49-Launch-Summary-February-2000.pdf,28,ORG,SAC,SAC,
DOW-UAP-D49-Launch-Summary-February-2000.pdf,28,DATE,5 Jul 63,5 Jul 63,
DOW-UAP-D49-Launch-Summary-February-2000.pdf,28,DATE,11 Jul 63,11 Jul 63,
DOW-UAP-D49-Launch-Summary-February-2000.pdf,28,DATE,12 Jul 63,12 Jul 63,
DOW-UAP-D49-Launch-Summary-February-2000.pdf,28,DATE,16 Jul 63,16 Jul 63,
DOW-UAP-D49-Launch-Summary-February-2000.pdf,28,DATE,18 Jul 63,18 Jul 63,
DOW-UAP-D49-Launch-Summary-February-2000.pdf,28,DATE,26 Jul 63,26 Jul 63,
DOW-UAP-D49-Launch-Summary-February-2000.pdf,28,DATE,27 Jul 63,27 Jul 63,
DOW-UAP-D49-Launch-Summary-February-2000.pdf,28,DATE,30 Jul 63,30 Jul 63,
DOW-UAP-D49-Launch-Summary-February-2000.pdf,28,DATE,31 Jul 63,31 Jul 63,
DOW-UAP-D49-Launch-Summary-February-2000.pdf,28,DATE,8 Aug 63,8 Aug 63,
DOW-UAP-D49-Launch-Summary-February-2000.pdf,28,DATE,15 Aug 63,15 Aug 63,
DOW-UAP-D49-Launch-Summary-February-2000.pdf,28,DATE,24 Aug 63,24 Aug 63,
DOW-UAP-D49-Launch-Summary-February-2000.pdf,28,DATE,28 Aug 63,28 Aug 63,
DOW-UAP-D49-Launch-Summary-February-2000.pdf,28,DATE,29 Aug 63,29 Aug 63,
DOW-UAP-D49-Launch-Summary-February-2000.pdf,28,DATE,30 Aug 63,30 Aug 63,
DOW-UAP-D49-Launch-Summary-February-2000.pdf,28,DATE,6 Sep 63,6 Sep 63,
DOW-UAP-D49-Launch-Summary-February-2000.pdf,29,ORG,AFSC,AFSC,
DOW-UAP-D49-Launch-Summary-February-2000.pdf,29,ORG,SAC,SAC,
DOW-UAP-D49-Launch-Summary-February-2000.pdf,29,DATE,6 Sep 63,6 Sep 63,
DOW-UAP-D49-Launch-Summary-February-2000.pdf,29,DATE,11 Sep 63,11 Sep 63,
DOW-UAP-D49-Launch-Summary-February-2000.pdf,29,DATE,17 Sep 63,17 Sep 63,
DOW-UAP-D49-Launch-Summary-February-2000.pdf,29,DATE,23 Sep 63,23 Sep 63,
DOW-UAP-D49-Launch-Summary-February-2000.pdf,29,DATE,25 Sep 63,25 Sep 63,
DOW-UAP-D49-Launch-Summary-February-2000.pdf,29,DATE,26 Sep 63,26 Sep 63,
DOW-UAP-D49-Launch-Summary-February-2000.pdf,29,DATE,27 Sep 63,27 Sep 63,
DOW-UAP-D49-Launch-Summary-February-2000.pdf,29,DATE,28 Sep 63,28 Sep 63,
DOW-UAP-D49-Launch-Summary-February-2000.pdf,29,DATE,3 Oct 63,3 Oct 63,
DOW-UAP-D49-Launch-Summary-February-2000.pdf,29,DATE,4 Oct 63,4 Oct 63,
DOW-UAP-D49-Launch-Summary-February-2000.pdf,29,DATE,7 Oct 63,7 Oct 63,
DOW-UAP-D49-Launch-Summary-February-2000.pdf,29,DATE,17 Oct 63,17 Oct 63,
DOW-UAP-D49-Launch-Summary-February-2000.pdf,29,DATE,24 Oct 63,24 Oct 63,
DOW-UAP-D49-Launch-Summary-February-2000.pdf,29,DATE,25 Oct 63,25 Oct 63,
DOW-UAP-D49-Launch-Summary-February-2000.pdf,29,DATE,29 Oct 63,29 Oct 63,
DOW-UAP-D49-Launch-Summary-February-2000.pdf,29,DATE,31 Oct 63,31 Oct 63,
DOW-UAP-D49-Launch-Summary-February-2000.pdf,29,DATE,2 Nov 63,2 Nov 63,
DOW-UAP-D49-Launch-Summary-February-2000.pdf,29,DATE,4 Nov 63,4 Nov 63,
DOW-UAP-D49-Launch-Summary-February-2000.pdf,29,DATE,7 Nov 63,7 Nov 63,
DOW-UAP-D49-Launch-Summary-February-2000.pdf,30,ORG,AFSC,AFSC,
DOW-UAP-D49-Launch-Summary-February-2000.pdf,30,ORG,SAC,SAC,
DOW-UAP-D49-Launch-Summary-February-2000.pdf,30,DATE,9 Nov 63,9 Nov 63,
DOW-UAP-D49-Launch-Summary-February-2000.pdf,30,DATE,13 Nov 63,13 Nov 63,
DOW-UAP-D49-Launch-Summary-February-2000.pdf,30,DATE,14 Nov 63,14 Nov 63,
DOW-UAP-D49-Launch-Summary-February-2000.pdf,30,DATE,18 Nov 63,18 Nov 63,
DOW-UAP-D49-Launch-Summary-February-2000.pdf,30,DATE,27 Nov 63,27 Nov 63,
DOW-UAP-D49-Launch-Summary-February-2000.pdf,30,DATE,29 Nov 63,29 Nov 63,
DOW-UAP-D49-Launch-Summary-February-2000.pdf,30,DATE,5 Dec 63,5 Dec 63,
DOW-UAP-D49-Launch-Summary-February-2000.pdf,30,DATE,10 Dec 63,10 Dec 63,
DOW-UAP-D49-Launch-Summary-February-2000.pdf,30,DATE,13 Dec 63,13 Dec 63,
DOW-UAP-D49-Launch-Summary-February-2000.pdf,30,DATE,16 Dec 63,16 Dec 63,
DOW-UAP-D49-Launch-Summary-February-2000.pdf,30,DATE,17 Dec 63,17 Dec 63,
DOW-UAP-D49-Launch-Summary-February-2000.pdf,30,DATE,18 Dec 63,18 Dec 63,
DOW-UAP-D49-Launch-Summary-February-2000.pdf,30,DATE,19 Dec 63,19 Dec 63,
DOW-UAP-D49-Launch-Summary-February-2000.pdf,30,DATE,20 Dec 63,20 Dec 63,
DOW-UAP-D49-Launch-Summary-February-2000.pdf,31,ORG,AFSC,AFSC,
DOW-UAP-D49-Launch-Summary-February-2000.pdf,31,ORG,SAC,SAC,
DOW-UAP-D49-Launch-Summary-February-2000.pdf,31,DATE,21 Dec 63,21 Dec 63,
DOW-UAP-D49-Launch-Summary-February-2000.pdf,31,DATE,10 Jan 64,10 Jan 64,
DOW-UAP-D49-Launch-Summary-February-2000.pdf,31,DATE,11 Jan 64,11 Jan 64,
DOW-UAP-D49-Launch-Summary-February-2000.pdf,31,DATE,16 Jan 64,16 Jan 64,
DOW-UAP-D49-Launch-Summary-February-2000.pdf,31,DATE,19 Jan 64,19 Jan 64,
DOW-UAP-D49-Launch-Summary-February-2000.pdf,31,DATE,23 Jan 64,23 Jan 64,
DOW-UAP-D49-Launch-Summary-February-2000.pdf,31,DATE,25 Jan 64,25 Jan 64,
DOW-UAP-D49-Launch-Summary-February-2000.pdf,31,DATE,29 Jan 64,29 Jan 64,
DOW-UAP-D49-Launch-Summary-February-2000.pdf,31,DATE,6 Feb 64,6 Feb 64,
DOW-UAP-D49-Launch-Summary-February-2000.pdf,31,DATE,11 Feb 64,11 Feb 64,
DOW-UAP-D49-Launch-Summary-February-2000.pdf,31,DATE,12 Feb 64,12 Feb 64,
DOW-UAP-D49-Launch-Summary-February-2000.pdf,31,DATE,15 Feb 64,15 Feb 64,
DOW-UAP-D49-Launch-Summary-February-2000.pdf,31,DATE,17 Feb 64,17 Feb 64,
DOW-UAP-D49-Launch-Summary-February-2000.pdf,31,DATE,24 Feb 64,24 Feb 64,
DOW-UAP-D49-Launch-Summary-February-2000.pdf,31,DATE,25 Feb 64,25 Feb 64,
DOW-UAP-D49-Launch-Summary-February-2000.pdf,31,DATE,27 Feb 64,27 Feb 64,
DOW-UAP-D49-Launch-Summary-February-2000.pdf,31,DATE,29 Feb 64,29 Feb 64,
DOW-UAP-D49-Launch-Summary-February-2000.pdf,32,ORG,SAC,SAC,
DOW-UAP-D49-Launch-Summary-February-2000.pdf,32,ORG,AFSC,AFSC,
DOW-UAP-D49-Launch-Summary-February-2000.pdf,32,DATE,3 Mar 64,3 Mar 64,
DOW-UAP-D49-Launch-Summary-February-2000.pdf,32,DATE,6 Mar 64,6 Mar 64,
DOW-UAP-D49-Launch-Summary-February-2000.pdf,32,DATE,11 Mar 64,11 Mar 64,
DOW-UAP-D49-Launch-Summary-February-2000.pdf,32,DATE,13 Mar 64,13 Mar 64,
DOW-UAP-D49-Launch-Summary-February-2000.pdf,32,DATE,23 Mar 64,23 Mar 64,
DOW-UAP-D49-Launch-Summary-February-2000.pdf,32,DATE,24 Mar 64,24 Mar 64,
DOW-UAP-D49-Launch-Summary-February-2000.pdf,32,DATE,25 Mar 64,25 Mar 64,
DOW-UAP-D49-Launch-Summary-February-2000.pdf,32,DATE,26 Mar 64,26 Mar 64,
DOW-UAP-D49-Launch-Summary-February-2000.pdf,32,DATE,31 Mar 64,31 Mar 64,
DOW-UAP-D49-Launch-Summary-February-2000.pdf,32,DATE,3 Apr 64,3 Apr 64,
DOW-UAP-D49-Launch-Summary-February-2000.pdf,32,DATE,13 Apr 64,13 Apr 64,
DOW-UAP-D49-Launch-Summary-February-2000.pdf,32,DATE,21 Apr 64,21 Apr 64,
DOW-UAP-D49-Launch-Summary-February-2000.pdf,32,DATE,23 Apr 64,23 Apr 64,
DOW-UAP-D49-Launch-Summary-February-2000.pdf,32,DATE,27 Apr 64,27 Apr 64,
DOW-UAP-D49-Launch-Summary-February-2000.pdf,32,DATE,7 May 64,7 May 64,
DOW-UAP-D49-Launch-Summary-February-2000.pdf,32,DATE,11 May 64,11 May 64,
DOW-UAP-D49-Launch-Summary-February-2000.pdf,32,DATE,18 May 64,18 May 64,
DOW-UAP-D49-Launch-Summary-February-2000.pdf,32,DATE,19 May 64,19 May 64,
DOW-UAP-D49-Launch-Summary-February-2000.pdf,33,ORG,SAC,SAC,
DOW-UAP-D49-Launch-Summary-February-2000.pdf,33,ORG,AFSC,AFSC,
DOW-UAP-D49-Launch-Summary-February-2000.pdf,33,DATE,25 May 64,25 May 64,
DOW-UAP-D49-Launch-Summary-February-2000.pdf,33,DATE,3 Jun 64,3 Jun 64,
DOW-UAP-D49-Launch-Summary-February-2000.pdf,33,DATE,4 Jun 64,4 Jun 64,
DOW-UAP-D49-Launch-Summary-February-2000.pdf,33,DATE,9 Jun 64,9 Jun 64,
DOW-UAP-D49-Launch-Summary-February-2000.pdf,33,DATE,11 Jun 64,11 Jun 64,
DOW-UAP-D49-Launch-Summary-February-2000.pdf,33,DATE,13 Jun 64,13 Jun 64,
DOW-UAP-D49-Launch-Summary-February-2000.pdf,33,DATE,15 Jun 64,15 Jun 64,
DOW-UAP-D49-Launch-Summary-February-2000.pdf,33,DATE,17 Jun 64,17 Jun 64,
DOW-UAP-D49-Launch-Summary-February-2000.pdf,33,DATE,18 Jun 64,18 Jun 64,
DOW-UAP-D49-Launch-Summary-February-2000.pdf,33,DATE,19 Jun 64,19 Jun 64,
DOW-UAP-D49-Launch-Summary-February-2000.pdf,33,DATE,25 Jun 64,25 Jun 64,
DOW-UAP-D49-Launch-Summary-February-2000.pdf,33,DATE,29 Jun 64,29 Jun 64,
DOW-UAP-D49-Launch-Summary-February-2000.pdf,33,DATE,2 Jul 64,2 Jul 64,
DOW-UAP-D49-Launch-Summary-February-2000.pdf,33,DATE,6 Jul 64,6 Jul 64,
DOW-UAP-D49-Launch-Summary-February-2000.pdf,33,DATE,7 Jul 64,7 Jul 64,
DOW-UAP-D49-Launch-Summary-February-2000.pdf,33,DATE,9 Jul 64,9 Jul 64,
DOW-UAP-D49-Launch-Summary-February-2000.pdf,33,DATE,10 Jul 64,10 Jul 64,
DOW-UAP-D49-Launch-Summary-February-2000.pdf,33,DATE,13 Jul 64,13 Jul 64,
DOW-UAP-D49-Launch-Summary-February-2000.pdf,34,ORG,SAC,SAC,
DOW-UAP-D49-Launch-Summary-February-2000.pdf,34,ORG,AFSC,AFSC,
DOW-UAP-D49-Launch-Summary-February-2000.pdf,34,DATE,27 Jul 64,27 Jul 64,
DOW-UAP-D49-Launch-Summary-February-2000.pdf,34,DATE,29 Jul 64,29 Jul 64,
DOW-UAP-D49-Launch-Summary-February-2000.pdf,34,DATE,30 Jul 64,30 Jul 64,
DOW-UAP-D49-Launch-Summary-February-2000.pdf,34,DATE,5 Aug 64,5 Aug 64,
DOW-UAP-D49-Launch-Summary-February-2000.pdf,34,DATE,7 Aug 64,7 Aug 64,
DOW-UAP-D49-Launch-Summary-February-2000.pdf,34,DATE,11 Aug 64,11 Aug 64,
DOW-UAP-D49-Launch-Summary-February-2000.pdf,34,DATE,13 Aug 64,13 Aug 64,
DOW-UAP-D49-Launch-Summary-February-2000.pdf,34,DATE,14 Aug 64,14 Aug 64,
DOW-UAP-D49-Launch-Summary-February-2000.pdf,34,DATE,17 Aug 64,17 Aug 64,
DOW-UAP-D49-Launch-Summary-February-2000.pdf,34,DATE,21 Aug 64,21 Aug 64,
DOW-UAP-D49-Launch-Summary-February-2000.pdf,34,DATE,25 Aug 64,25 Aug 64,
DOW-UAP-D49-Launch-Summary-February-2000.pdf,34,DATE,27 Aug 64,27 Aug 64,
DOW-UAP-D49-Launch-Summary-February-2000.pdf,34,DATE,28 Aug 64,28 Aug 64,
DOW-UAP-D49-Launch-Summary-February-2000.pdf,34,DATE,29 Aug 64,29 Aug 64,
DOW-UAP-D49-Launch-Summary-February-2000.pdf,34,DATE,31 Aug 64,31 Aug 64,
DOW-UAP-D49-Launch-Summary-February-2000.pdf,34,DATE,1 Sep 64,1 Sep 64,
DOW-UAP-D49-Launch-Summary-February-2000.pdf,34,DATE,8 Sep 64,8 Sep 64,
DOW-UAP-D49-Launch-Summary-February-2000.pdf,35,ORG,SAC,SAC,
DOW-UAP-D49-Launch-Summary-February-2000.pdf,35,ORG,AFSC,AFSC,
DOW-UAP-D49-Launch-Summary-February-2000.pdf,35,DATE,10 Sep 64,10 Sep 64,
DOW-UAP-D49-Launch-Summary-February-2000.pdf,35,DATE,14 Sep 64,14 Sep 64,
DOW-UAP-D49-Launch-Summary-February-2000.pdf,35,DATE,15 Sep 64,15 Sep 64,
DOW-UAP-D49-Launch-Summary-February-2000.pdf,35,DATE,21 Sep 64,21 Sep 64,
DOW-UAP-D49-Launch-Summary-February-2000.pdf,35,DATE,22 Sep 64,22 Sep 64,
DOW-UAP-D49-Launch-Summary-February-2000.pdf,35,DATE,23 Sep 64,23 Sep 64,
DOW-UAP-D49-Launch-Summary-February-2000.pdf,35,DATE,29 Sep 64,29 Sep 64,
DOW-UAP-D49-Launch-Summary-February-2000.pdf,35,DATE,2 Oct 64,2 Oct 64,
DOW-UAP-D49-Launch-Summary-February-2000.pdf,35,DATE,5 Oct 64,5 Oct 64,
DOW-UAP-D49-Launch-Summary-February-2000.pdf,35,DATE,6 Oct 64,6 Oct 64,
DOW-UAP-D49-Launch-Summary-February-2000.pdf,35,DATE,8 Oct 64,8 Oct 64,
DOW-UAP-D49-Launch-Summary-February-2000.pdf,35,DATE,9 Oct 64,9 Oct 64,
DOW-UAP-D49-Launch-Summary-February-2000.pdf,35,DATE,17 Oct 64,17 Oct 64,
DOW-UAP-D49-Launch-Summary-February-2000.pdf,35,DATE,23 Oct 64,23 Oct 64,
DOW-UAP-D49-Launch-Summary-February-2000.pdf,35,DATE,2 Nov 64,2 Nov 64,
DOW-UAP-D49-Launch-Summary-February-2000.pdf,35,DATE,3 Nov 64,3 Nov 64,
DOW-UAP-D49-Launch-Summary-February-2000.pdf,36,ORG,SAC,SAC,
DOW-UAP-D49-Launch-Summary-February-2000.pdf,36,ORG,AFSC,AFSC,
DOW-UAP-D49-Launch-Summary-February-2000.pdf,36,DATE,4 Nov 64,4 Nov 64,
DOW-UAP-D49-Launch-Summary-February-2000.pdf,36,DATE,5 Nov 64,5 Nov 64,
DOW-UAP-D49-Launch-Summary-February-2000.pdf,36,DATE,6 Nov 64,6 Nov 64,
DOW-UAP-D49-Launch-Summary-February-2000.pdf,36,DATE,9 Nov 64,9 Nov 64,
DOW-UAP-D49-Launch-Summary-February-2000.pdf,36,DATE,18 Nov 64,18 Nov 64,
DOW-UAP-D49-Launch-Summary-February-2000.pdf,36,DATE,21 Nov 64,21 Nov 64,
DOW-UAP-D49-Launch-Summary-February-2000.pdf,36,DATE,1 Dec 64,1 Dec 64,
DOW-UAP-D49-Launch-Summary-February-2000.pdf,36,DATE,4 Dec 64,4 Dec 64,
DOW-UAP-D49-Launch-Summary-February-2000.pdf,36,DATE,8 Dec 64,8 Dec 64,
DOW-UAP-D49-Launch-Summary-February-2000.pdf,36,DATE,9 Dec 64,9 Dec 64,
DOW-UAP-D49-Launch-Summary-February-2000.pdf,36,DATE,12 Dec 64,12 Dec 64,
DOW-UAP-D49-Launch-Summary-February-2000.pdf,36,DATE,18 Dec 64,18 Dec 64,
DOW-UAP-D49-Launch-Summary-February-2000.pdf,36,DATE,19 Dec 64,19 Dec 64,
DOW-UAP-D49-Launch-Summary-February-2000.pdf,36,DATE,21 Dec 64,21 Dec 64,
DOW-UAP-D49-Launch-Summary-February-2000.pdf,36,DATE,22 Dec 64,22 Dec 64,
DOW-UAP-D49-Launch-Summary-February-2000.pdf,37,ORG,SAC,SAC,
DOW-UAP-D49-Launch-Summary-February-2000.pdf,37,ORG,AFSC,AFSC,
DOW-UAP-D49-Launch-Summary-February-2000.pdf,37,DATE,8 Jan 65,8 Jan 65,
DOW-UAP-D49-Launch-Summary-February-2000.pdf,37,DATE,12 Jan 65,12 Jan 65,
DOW-UAP-D49-Launch-Summary-February-2000.pdf,37,DATE,14 Jan 65,14 Jan 65,
DOW-UAP-D49-Launch-Summary-February-2000.pdf,37,DATE,15 Jan 65,15 Jan 65,
DOW-UAP-D49-Launch-Summary-February-2000.pdf,37,DATE,18 Jan 65,18 Jan 65,
DOW-UAP-D49-Launch-Summary-February-2000.pdf,37,DATE,20 Jan 65,20 Jan 65,
DOW-UAP-D49-Launch-Summary-February-2000.pdf,37,DATE,21 Jan 65,21 Jan 65,
DOW-UAP-D49-Launch-Summary-February-2000.pdf,37,DATE,23 Jan 65,23 Jan 65,
DOW-UAP-D49-Launch-Summary-February-2000.pdf,37,DATE,2 Feb 65,2 Feb 65,
DOW-UAP-D49-Launch-Summary-February-2000.pdf,37,DATE,8 Feb 65,8 Feb 65,
DOW-UAP-D49-Launch-Summary-February-2000.pdf,37,DATE,25 Feb 65,25 Feb 65,
DOW-UAP-D49-Launch-Summary-February-2000.pdf,37,DATE,27 Feb 65,27 Feb 65,
DOW-UAP-D49-Launch-Summary-February-2000.pdf,37,DATE,1 Mar 65,1 Mar 65,
DOW-UAP-D49-Launch-Summary-February-2000.pdf,37,DATE,2 Mar 55,2 Mar 55,
DOW-UAP-D49-Launch-Summary-February-2000.pdf,37,DATE,5 Mar 65,5 Mar 65,
DOW-UAP-D49-Launch-Summary-February-2000.pdf,37,DATE,8 Mar 65,8 Mar 65,
DOW-UAP-D49-Launch-Summary-February-2000.pdf,37,DATE,9 Mar 65,9 Mar 65,
DOW-UAP-D49-Launch-Summary-February-2000.pdf,37,DATE,11 Mar 65,11 Mar 65,
DOW-UAP-D49-Launch-Summary-February-2000.pdf,37,DATE,12 Mar 65,12 Mar 65,
DOW-UAP-D49-Launch-Summary-February-2000.pdf,38,ORG,SAC,SAC,
DOW-UAP-D49-Launch-Summary-February-2000.pdf,38,ORG,AFSC,AFSC,
DOW-UAP-D49-Launch-Summary-February-2000.pdf,38,DATE,12 Mar 65,12 Mar 65,
DOW-UAP-D49-Launch-Summary-February-2000.pdf,38,DATE,16 Mar 65,16 Mar 65,
DOW-UAP-D49-Launch-Summary-February-2000.pdf,38,DATE,17 Mar 65,17 Mar 65,
DOW-UAP-D49-Launch-Summary-February-2000.pdf,38,DATE,24 Mar 65,24 Mar 65,
DOW-UAP-D49-Launch-Summary-February-2000.pdf,38,DATE,25 Mar 65,25 Mar 65,
DOW-UAP-D49-Launch-Summary-February-2000.pdf,38,DATE,26 Mar 65,26 Mar 65,
DOW-UAP-D49-Launch-Summary-February-2000.pdf,38,DATE,3 Apr 65,3 Apr 65,
DOW-UAP-D49-Launch-Summary-February-2000.pdf,38,DATE,6 Apr 65,6 Apr 65,
DOW-UAP-D49-Launch-Summary-February-2000.pdf,38,DATE,10 Apr 65,10 Apr 65,
DOW-UAP-D49-Launch-Summary-February-2000.pdf,38,DATE,13 Apr 65,13 Apr 65,
DOW-UAP-D49-Launch-Summary-February-2000.pdf,38,DATE,16 Apr 65,16 Apr 65,
DOW-UAP-D49-Launch-Summary-February-2000.pdf,38,DATE,28 Apr 65,28 Apr 65,
DOW-UAP-D49-Launch-Summary-February-2000.pdf,38,DATE,29 Apr 65,29 Apr 65,
DOW-UAP-D49-Launch-Summary-February-2000.pdf,38,DATE,30 Apr 65,30 Apr 65,
DOW-UAP-D49-Launch-Summary-February-2000.pdf,38,DATE,10 May 65,10 May 65,
DOW-UAP-D49-Launch-Summary-February-2000.pdf,38,DATE,18 May 65,18 May 65,
DOW-UAP-D49-Launch-Summary-February-2000.pdf,39,ORG,SAC,SAC,
DOW-UAP-D49-Launch-Summary-February-2000.pdf,39,ORG,AFSC,AFSC,
DOW-UAP-D49-Launch-Summary-February-2000.pdf,39,DATE,20 May 65,20 May 65,
DOW-UAP-D49-Launch-Summary-February-2000.pdf,39,DATE,21 May 65,21 May 65,
DOW-UAP-D49-Launch-Summary-February-2000.pdf,39,DATE,27 May 65,27 May 65,
DOW-UAP-D49-Launch-Summary-February-2000.pdf,39,DATE,2 Jun 65,2 Jun 65,
DOW-UAP-D49-Launch-Summary-February-2000.pdf,39,DATE,3 Jun 65,3 Jun 65,
DOW-UAP-D49-Launch-Summary-February-2000.pdf,39,DATE,7 Jun 65,7 Jun 65,
DOW-UAP-D49-Launch-Summary-February-2000.pdf,39,DATE,8 Jun 65,8 Jun 65,
DOW-UAP-D49-Launch-Summary-February-2000.pdf,39,DATE,9 Jun 65,9 Jun 65,
DOW-UAP-D49-Launch-Summary-February-2000.pdf,39,DATE,10 Jun 65,10 Jun 65,
DOW-UAP-D49-Launch-Summary-February-2000.pdf,39,DATE,14 Jun 65,14 Jun 65,
DOW-UAP-D49-Launch-Summary-February-2000.pdf,39,DATE,23 Jun 65,23 Jun 65,
DOW-UAP-D49-Launch-Summary-February-2000.pdf,39,DATE,24 Jun 65,24 Jun 65,
DOW-UAP-D49-Launch-Summary-February-2000.pdf,39,DATE,25 Jun 65,25 Jun 65,
DOW-UAP-D49-Launch-Summary-February-2000.pdf,39,DATE,29 Jun 65,29 Jun 65,
DOW-UAP-D49-Launch-Summary-February-2000.pdf,39,DATE,30 Jun 65,30 Jun 65,
DOW-UAP-D49-Launch-Summary-February-2000.pdf,39,DATE,2 Jul 65,2 Jul 65,
DOW-UAP-D49-Launch-Summary-February-2000.pdf,39,DATE,6 Jul 65,6 Jul 65,
DOW-UAP-D49-Launch-Summary-February-2000.pdf,40,ORG,AFSC,AFSC,
DOW-UAP-D49-Launch-Summary-February-2000.pdf,40,ORG,SAC,SAC,
DOW-UAP-D49-Launch-Summary-February-2000.pdf,40,DATE,12 Jul 65,12 Jul 65,
DOW-UAP-D49-Launch-Summary-February-2000.pdf,40,DATE,16 Jul 65,16 Jul 65,
DOW-UAP-D49-Launch-Summary-February-2000.pdf,40,DATE,19 Jul 65,19 Jul 65,
DOW-UAP-D49-Launch-Summary-February-2000.pdf,40,DATE,21 Jul 65,21 Jul 65,
DOW-UAP-D49-Launch-Summary-February-2000.pdf,40,DATE,3 Aug 65,3 Aug 65,
DOW-UAP-D49-Launch-Summary-February-2000.pdf,40,DATE,4 Aug 65,4 Aug 65,
DOW-UAP-D49-Launch-Summary-February-2000.pdf,40,DATE,5 Aug 65,5 Aug 65,
DOW-UAP-D49-Launch-Summary-February-2000.pdf,40,DATE,13 Aug 65,13 Aug 65,
DOW-UAP-D49-Launch-Summary-February-2000.pdf,40,DATE,16 Aug 65,16 Aug 65,
DOW-UAP-D49-Launch-Summary-February-2000.pdf,40,DATE,17 Aug 65,17 Aug 65,
DOW-UAP-D49-Launch-Summary-February-2000.pdf,40,DATE,18 Aug 65,18 Aug 65,
DOW-UAP-D49-Launch-Summary-February-2000.pdf,40,DATE,24 Aug 65,24 Aug 65,
DOW-UAP-D49-Launch-Summary-February-2000.pdf,40,DATE,25 Aug 65,25 Aug 65,
DOW-UAP-D49-Launch-Summary-February-2000.pdf,40,DATE,26 Aug 65,26 Aug 65,
DOW-UAP-D49-Launch-Summary-February-2000.pdf,40,DATE,2 Sep 65,2 Sep 65,
DOW-UAP-D49-Launch-Summary-February-2000.pdf,40,DATE,9 Sep 65,9 Sep 65,
DOW-UAP-D49-Launch-Summary-February-2000.pdf,40,DATE,21 Sep 65,21 Sep 65,
DOW-UAP-D49-Launch-Summary-February-2000.pdf,40,DATE,22 Sep 65,22 Sep 65,
DOW-UAP-D49-Launch-Summary-February-2000.pdf,40,DATE,29 Sep 65,29 Sep 65,
DOW-UAP-D49-Launch-Summary-February-2000.pdf,41,ORG,AFSC,AFSC,
DOW-UAP-D49-Launch-Summary-February-2000.pdf,41,ORG,SAC,SAC,
DOW-UAP-D49-Launch-Summary-February-2000.pdf,41,DATE,30 Sep 65,30 Sep 65,
DOW-UAP-D49-Launch-Summary-February-2000.pdf,41,DATE,5 Oct 65,5 Oct 65,
DOW-UAP-D49-Launch-Summary-February-2000.pdf,41,DATE,6 Oct 65,6 Oct 65,
DOW-UAP-D49-Launch-Summary-February-2000.pdf,41,DATE,14 Oct 65,14 Oct 65,
DOW-UAP-D49-Launch-Summary-February-2000.pdf,41,DATE,20 Oct 65,20 Oct 65,
DOW-UAP-D49-Launch-Summary-February-2000.pdf,41,DATE,28 Oct 65,28 Oct 65,
DOW-UAP-D49-Launch-Summary-February-2000.pdf,41,DATE,8 Nov 65,8 Nov 65,
DOW-UAP-D49-Launch-Summary-February-2000.pdf,41,DATE,9 Nov 65,9 Nov 65,
DOW-UAP-D49-Launch-Summary-February-2000.pdf,41,DATE,27 Nov 65,27 Nov 65,
DOW-UAP-D49-Launch-Summary-February-2000.pdf,41,DATE,28 Nov 65,28 Nov 65,
DOW-UAP-D49-Launch-Summary-February-2000.pdf,41,DATE,29 Nov 65,29 Nov 65,
DOW-UAP-D49-Launch-Summary-February-2000.pdf,41,DATE,30 Nov 65,30 Nov 65,
DOW-UAP-D49-Launch-Summary-February-2000.pdf,41,DATE,6 Dec 65,6 Dec 65,
DOW-UAP-D49-Launch-Summary-February-2000.pdf,41,DATE,9 Dec 65,9 Dec 65,
DOW-UAP-D49-Launch-Summary-February-2000.pdf,41,DATE,14 Dec 65,14 Dec 65,
DOW-UAP-D49-Launch-Summary-February-2000.pdf,41,DATE,15 Dec 65,15 Dec 65,
DOW-UAP-D49-Launch-Summary-February-2000.pdf,41,DATE,21 Dec 65,21 Dec 65,
DOW-UAP-D49-Launch-Summary-February-2000.pdf,41,DATE,22 Dec 65,22 Dec 65,
DOW-UAP-D49-Launch-Summary-February-2000.pdf,42,ORG,AFSC,AFSC,
DOW-UAP-D49-Launch-Summary-February-2000.pdf,42,ORG,SAC,SAC,
DOW-UAP-D49-Launch-Summary-February-2000.pdf,42,DATE,24 Dec 65,24 Dec 65,
DOW-UAP-D49-Launch-Summary-February-2000.pdf,42,DATE,6 Jan 66,6 Jan 66,
DOW-UAP-D49-Launch-Summary-February-2000.pdf,42,DATE,18 Jan 66,18 Jan 66,
DOW-UAP-D49-Launch-Summary-February-2000.pdf,42,DATE,19 Jan 66,19 Jan 66,
DOW-UAP-D49-Launch-Summary-February-2000.pdf,42,DATE,22 Jan 66,22 Jan 66,
DOW-UAP-D49-Launch-Summary-February-2000.pdf,42,DATE,27 Jan 66,27 Jan 66,
DOW-UAP-D49-Launch-Summary-February-2000.pdf,42,DATE,28 Jan 66,28 Jan 66,
DOW-UAP-D49-Launch-Summary-February-2000.pdf,42,DATE,2 Feb 66,2 Feb 66,
DOW-UAP-D49-Launch-Summary-February-2000.pdf,42,DATE,3 Feb 66,3 Feb 66,
DOW-UAP-D49-Launch-Summary-February-2000.pdf,42,DATE,9 Feb 66,9 Feb 66,
DOW-UAP-D49-Launch-Summary-February-2000.pdf,42,DATE,10 Feb 66,10 Feb 66,
DOW-UAP-D49-Launch-Summary-February-2000.pdf,42,DATE,11 Feb 66,11 Feb 66,
DOW-UAP-D49-Launch-Summary-February-2000.pdf,42,DATE,15 Feb 66,15 Feb 66,
DOW-UAP-D49-Launch-Summary-February-2000.pdf,42,DATE,16 Feb 66,16 Feb 66,
DOW-UAP-D49-Launch-Summary-February-2000.pdf,42,DATE,17 Feb 66,17 Feb 66,
DOW-UAP-D49-Launch-Summary-February-2000.pdf,42,DATE,19 Feb 66,19 Feb 66,
DOW-UAP-D49-Launch-Summary-February-2000.pdf,42,DATE,24 Feb 66,24 Feb 66,
DOW-UAP-D49-Launch-Summary-February-2000.pdf,42,DATE,4 Mar 66,4 Mar 66,
DOW-UAP-D49-Launch-Summary-February-2000.pdf,43,ORG,SAC,SAC,
DOW-UAP-D49-Launch-Summary-February-2000.pdf,43,ORG,AFSC,AFSC,
DOW-UAP-D49-Launch-Summary-February-2000.pdf,43,DATE,8 Mar 66,8 Mar 66,
DOW-UAP-D49-Launch-Summary-February-2000.pdf,43,DATE,9 Mar 66,9 Mar 66,
DOW-UAP-D49-Launch-Summary-February-2000.pdf,43,DATE,11 Mar 66,11 Mar 66,
DOW-UAP-D49-Launch-Summary-February-2000.pdf,43,DATE,17 Mar 66,17 Mar 66,
DOW-UAP-D49-Launch-Summary-February-2000.pdf,43,DATE,18 Mar 66,18 Mar 66,
DOW-UAP-D49-Launch-Summary-February-2000.pdf,43,DATE,19 Mar 66,19 Mar 66,
DOW-UAP-D49-Launch-Summary-February-2000.pdf,43,DATE,21 Mar 66,21 Mar 66,
DOW-UAP-D49-Launch-Summary-February-2000.pdf,43,DATE,25 Mar 66,25 Mar 66,
DOW-UAP-D49-Launch-Summary-February-2000.pdf,43,DATE,30 Mar 66,30 Mar 66,
DOW-UAP-D49-Launch-Summary-February-2000.pdf,43,DATE,4 Apr 66,4 Apr 66,
DOW-UAP-D49-Launch-Summary-February-2000.pdf,43,DATE,5 Apr 66,5 Apr 66,
DOW-UAP-D49-Launch-Summary-February-2000.pdf,43,DATE,7 Apr 66,7 Apr 66,
DOW-UAP-D49-Launch-Summary-February-2000.pdf,43,DATE,15 Apr 66,15 Apr 66,
DOW-UAP-D49-Launch-Summary-February-2000.pdf,43,DATE,19 Apr 66,19 Apr 66,
DOW-UAP-D49-Launch-Summary-February-2000.pdf,44,ORG,SAC,SAC,
DOW-UAP-D49-Launch-Summary-February-2000.pdf,44,ORG,AFSC,AFSC,
DOW-UAP-D49-Launch-Summary-February-2000.pdf,44,DATE,20 Apr 66,20 Apr 66,
DOW-UAP-D49-Launch-Summary-February-2000.pdf,44,DATE,22 Apr 66,22 Apr 66,
DOW-UAP-D49-Launch-Summary-February-2000.pdf,44,DATE,2 May 66,2 May 66,
DOW-UAP-D49-Launch-Summary-February-2000.pdf,44,DATE,3 May 66,3 May 66,
DOW-UAP-D49-Launch-Summary-February-2000.pdf,44,DATE,13 May 66,13 May 66,
DOW-UAP-D49-Launch-Summary-February-2000.pdf,44,DATE,14 May 66,14 May 66,
DOW-UAP-D49-Launch-Summary-February-2000.pdf,44,DATE,15 May 66,15 May 66,
DOW-UAP-D49-Launch-Summary-February-2000.pdf,44,DATE,16 May 66,16 May 66,
DOW-UAP-D49-Launch-Summary-February-2000.pdf,44,DATE,17 May 66,17 May 66,
DOW-UAP-D49-Launch-Summary-February-2000.pdf,44,DATE,18 May 66,18 May 66,
DOW-UAP-D49-Launch-Summary-February-2000.pdf,44,DATE,23 May 66,23 May 66,
DOW-UAP-D49-Launch-Summary-February-2000.pdf,44,DATE,24 May 66,24 May 66,
DOW-UAP-D49-Launch-Summary-February-2000.pdf,44,DATE,26 May 66,26 May 66,
DOW-UAP-D49-Launch-Summary-February-2000.pdf,44,DATE,31 May 66,31 May 66,
DOW-UAP-D49-Launch-Summary-February-2000.pdf,44,DATE,2 Jun 66,2 Jun 66,
DOW-UAP-D49-Launch-Summary-February-2000.pdf,44,DATE,3 Jun 66,3 Jun 66,
DOW-UAP-D49-Launch-Summary-February-2000.pdf,45,ORG,AFSC,AFSC,
DOW-UAP-D49-Launch-Summary-February-2000.pdf,45,ORG,SAC,SAC,
DOW-UAP-D49-Launch-Summary-February-2000.pdf,45,DATE,9 Jun 66,9 Jun 66,
DOW-UAP-D49-Launch-Summary-February-2000.pdf,45,DATE,10 Jun 66,10 Jun 66,
DOW-UAP-D49-Launch-Summary-February-2000.pdf,45,DATE,21 Jun 66,21 Jun 66,
DOW-UAP-D49-Launch-Summary-February-2000.pdf,45,DATE,23 Jun 66,23 Jun 66,
DOW-UAP-D49-Launch-Summary-February-2000.pdf,45,DATE,26 Jun 66,26 Jun 66,
DOW-UAP-D49-Launch-Summary-February-2000.pdf,45,DATE,30 Jun 66,30 Jun 66,
DOW-UAP-D49-Launch-Summary-February-2000.pdf,45,DATE,11 Jul 66,11 Jul 66,
DOW-UAP-D49-Launch-Summary-February-2000.pdf,45,DATE,12 Jul 66,12 Jul 66,
DOW-UAP-D49-Launch-Summary-February-2000.pdf,45,DATE,13 Jul 66,13 Jul 66,
DOW-UAP-D49-Launch-Summary-February-2000.pdf,45,DATE,22 Jul 66,22 Jul 66,
DOW-UAP-D49-Launch-Summary-February-2000.pdf,45,DATE,26 Jul 66,26 Jul 66,
DOW-UAP-D49-Launch-Summary-February-2000.pdf,45,DATE,29 Jul 66,29 Jul 66,
DOW-UAP-D49-Launch-Summary-February-2000.pdf,45,DATE,1 Aug 66,1 Aug 66,
DOW-UAP-D49-Launch-Summary-February-2000.pdf,45,DATE,4 Aug 66,4 Aug 66,
DOW-UAP-D49-Launch-Summary-February-2000.pdf,45,DATE,5 Aug 66,5 Aug 66,
DOW-UAP-D49-Launch-Summary-February-2000.pdf,46,ORG,AFSC,AFSC,
DOW-UAP-D49-Launch-Summary-February-2000.pdf,46,ORG,SAC,SAC,
DOW-UAP-D49-Launch-Summary-February-2000.pdf,46,ORG,NASA,NASA,
DOW-UAP-D49-Launch-Summary-February-2000.pdf,46,DATE,9 Aug 66,9 Aug 66,
DOW-UAP-D49-Launch-Summary-February-2000.pdf,46,DATE,16 Aug 66,16 Aug 66,
DOW-UAP-D49-Launch-Summary-February-2000.pdf,46,DATE,17 Aug 66,17 Aug 66,
DOW-UAP-D49-Launch-Summary-February-2000.pdf,46,DATE,19 Aug 66,19 Aug 66,
DOW-UAP-D49-Launch-Summary-February-2000.pdf,46,DATE,22 Aug 66,22 Aug 66,
DOW-UAP-D49-Launch-Summary-February-2000.pdf,46,DATE,25 Aug 66,25 Aug 66,
DOW-UAP-D49-Launch-Summary-February-2000.pdf,46,DATE,26 Aug 66,26 Aug 66,
DOW-UAP-D49-Launch-Summary-February-2000.pdf,46,DATE,29 Aug 66,29 Aug 66,
DOW-UAP-D49-Launch-Summary-February-2000.pdf,46,DATE,15 Sep 66,15 Sep 66,
DOW-UAP-D49-Launch-Summary-February-2000.pdf,46,DATE,16 Sep 66,16 Sep 66,
DOW-UAP-D49-Launch-Summary-February-2000.pdf,46,DATE,20 Sep 66,20 Sep 66,
DOW-UAP-D49-Launch-Summary-February-2000.pdf,46,DATE,22 Sep 66,22 Sep 66,
DOW-UAP-D49-Launch-Summary-February-2000.pdf,46,DATE,28 Sep 66,28 Sep 66,
DOW-UAP-D49-Launch-Summary-February-2000.pdf,46,DATE,2 Oct 66,2 Oct 66,
DOW-UAP-D49-Launch-Summary-February-2000.pdf,47,ORG,SAC,SAC,
DOW-UAP-D49-Launch-Summary-February-2000.pdf,47,ORG,AFSC,AFSC,
DOW-UAP-D49-Launch-Summary-February-2000.pdf,47,DATE,3 Oct 66,3 Oct 66,
DOW-UAP-D49-Launch-Summary-February-2000.pdf,47,DATE,11 Oct 66,11 Oct 66,
DOW-UAP-D49-Launch-Summary-February-2000.pdf,47,DATE,12 Oct 66,12 Oct 66,
DOW-UAP-D49-Launch-Summary-February-2000.pdf,47,DATE,13 Oct 66,13 Oct 66,
DOW-UAP-D49-Launch-Summary-February-2000.pdf,47,DATE,14 Oct 66,14 Oct 66,
DOW-UAP-D49-Launch-Summary-February-2000.pdf,47,DATE,21 Oct 66,21 Oct 66,
DOW-UAP-D49-Launch-Summary-February-2000.pdf,47,DATE,28 Oct 66,28 Oct 66,
DOW-UAP-D49-Launch-Summary-February-2000.pdf,47,DATE,1 Nov 66,1 Nov 66,
DOW-UAP-D49-Launch-Summary-February-2000.pdf,47,DATE,2 Nov 66,2 Nov 66,
DOW-UAP-D49-Launch-Summary-February-2000.pdf,47,DATE,8 Nov 66,8 Nov 66,
DOW-UAP-D49-Launch-Summary-February-2000.pdf,47,DATE,16 Nov 66,16 Nov 66,
DOW-UAP-D49-Launch-Summary-February-2000.pdf,47,DATE,22 Nov 66,22 Nov 66,
DOW-UAP-D49-Launch-Summary-February-2000.pdf,47,DATE,24 Nov 66,24 Nov 66,
DOW-UAP-D49-Launch-Summary-February-2000.pdf,47,DATE,5 Dec 66,5 Dec 66,
DOW-UAP-D49-Launch-Summary-February-2000.pdf,47,DATE,11 Dec 66,11 Dec 66,
DOW-UAP-D49-Launch-Summary-February-2000.pdf,47,DATE,13 Dec 66,13 Dec 66,
DOW-UAP-D49-Launch-Summary-February-2000.pdf,47,DATE,14 Dec 66,14 Dec 66,
DOW-UAP-D49-Launch-Summary-February-2000.pdf,48,ORG,SAC,SAC,
DOW-UAP-D49-Launch-Summary-February-2000.pdf,48,ORG,AFSC,AFSC,
DOW-UAP-D49-Launch-Summary-February-2000.pdf,48,ORG,NASA,NASA,
DOW-UAP-D49-Launch-Summary-February-2000.pdf,48,DATE,20 Dec 66,20 Dec 66,
DOW-UAP-D49-Launch-Summary-February-2000.pdf,48,DATE,21 Dec 66,21 Dec 66,
DOW-UAP-D49-Launch-Summary-February-2000.pdf,48,DATE,22 Dec 66,22 Dec 66,
DOW-UAP-D49-Launch-Summary-February-2000.pdf,48,DATE,29 Dec 66,29 Dec 66,
DOW-UAP-D49-Launch-Summary-February-2000.pdf,48,DATE,11 Jan 67,11 Jan 67,
DOW-UAP-D49-Launch-Summary-February-2000.pdf,48,DATE,14 Jan 67,14 Jan 67,
DOW-UAP-D49-Launch-Summary-February-2000.pdf,48,DATE,17 Jan 67,17 Jan 67,
DOW-UAP-D49-Launch-Summary-February-2000.pdf,48,DATE,22 Jan 67,22 Jan 67,
DOW-UAP-D49-Launch-Summary-February-2000.pdf,48,DATE,24 Jan 67,24 Jan 67,
DOW-UAP-D49-Launch-Summary-February-2000.pdf,48,DATE,26 Jan 67,26 Jan 67,
DOW-UAP-D49-Launch-Summary-February-2000.pdf,48,DATE,30 Jan 67,30 Jan 67,
DOW-UAP-D49-Launch-Summary-February-2000.pdf,48,DATE,31 Jan 67,31 Jan 67,
DOW-UAP-D49-Launch-Summary-February-2000.pdf,48,DATE,2 Feb 67,2 Feb 67,
DOW-UAP-D49-Launch-Summary-February-2000.pdf,48,DATE,7 Feb 67,7 Feb 67,
DOW-UAP-D49-Launch-Summary-February-2000.pdf,48,DATE,8 Feb 67,8 Feb 67,
DOW-UAP-D49-Launch-Summary-February-2000.pdf,48,DATE,13 Feb 67,13 Feb 67,
DOW-UAP-D49-Launch-Summary-February-2000.pdf,49,ORG,SAC,SAC,
DOW-UAP-D49-Launch-Summary-February-2000.pdf,49,ORG,AFSC,AFSC,
DOW-UAP-D49-Launch-Summary-February-2000.pdf,49,ORG,NASA,NASA,
DOW-UAP-D49-Launch-Summary-February-2000.pdf,49,DATE,21 Feb 67,21 Feb 67,
DOW-UAP-D49-Launch-Summary-February-2000.pdf,49,DATE,22 Feb 67,22 Feb 67,
DOW-UAP-D49-Launch-Summary-February-2000.pdf,49,DATE,24 Feb 67,24 Feb 67,
DOW-UAP-D49-Launch-Summary-February-2000.pdf,49,DATE,5 Mar 67,5 Mar 67,
DOW-UAP-D49-Launch-Summary-February-2000.pdf,49,DATE,7 Mar 67,7 Mar 67,
DOW-UAP-D49-Launch-Summary-February-2000.pdf,49,DATE,16 Mar 67,16 Mar 67,
DOW-UAP-D49-Launch-Summary-February-2000.pdf,49,DATE,17 Mar 67,17 Mar 67,
DOW-UAP-D49-Launch-Summary-February-2000.pdf,49,DATE,22 Mar 67,22 Mar 67,
DOW-UAP-D49-Launch-Summary-February-2000.pdf,49,DATE,30 Mar 67,30 Mar 67,
DOW-UAP-D49-Launch-Summary-February-2000.pdf,49,DATE,7 Apr 67,7 Apr 67,
DOW-UAP-D49-Launch-Summary-February-2000.pdf,49,DATE,12 Apr 67,12 Apr 67,
DOW-UAP-D49-Launch-Summary-February-2000.pdf,49,DATE,13 Apr 67,13 Apr 67,
DOW-UAP-D49-Launch-Summary-February-2000.pdf,49,DATE,17 Apr 67,17 Apr 67,
DOW-UAP-D49-Launch-Summary-February-2000.pdf,49,DATE,19 Apr 67,19 Apr 67,
DOW-UAP-D49-Launch-Summary-February-2000.pdf,49,DATE,20 Apr 67,20 Apr 67,
DOW-UAP-D49-Launch-Summary-February-2000.pdf,49,DATE,21 Apr 67,21 Apr 67,
DOW-UAP-D49-Launch-Summary-February-2000.pdf,49,DATE,26 Apr 67,26 Apr 67,
DOW-UAP-D49-Launch-Summary-February-2000.pdf,50,ORG,SAC,SAC,
DOW-UAP-D49-Launch-Summary-February-2000.pdf,50,ORG,AFSC,AFSC,
DOW-UAP-D49-Launch-Summary-February-2000.pdf,50,ORG,NASA,NASA,
DOW-UAP-D49-Launch-Summary-February-2000.pdf,50,DATE,27 Apr 67,27 Apr 67,
DOW-UAP-D49-Launch-Summary-February-2000.pdf,50,DATE,28 Apr 67,28 Apr 67,
DOW-UAP-D49-Launch-Summary-February-2000.pdf,50,DATE,5 May 67,5 May 67,
DOW-UAP-D49-Launch-Summary-February-2000.pdf,50,DATE,9 May 67,9 May 67,
DOW-UAP-D49-Launch-Summary-February-2000.pdf,50,DATE,11 May 67,11 May 67,
DOW-UAP-D49-Launch-Summary-February-2000.pdf,50,DATE,18 May 67,18 May 67,
DOW-UAP-D49-Launch-Summary-February-2000.pdf,50,DATE,19 May 67,19 May 67,
DOW-UAP-D49-Launch-Summary-February-2000.pdf,50,DATE,22 May 67,22 May 67,
DOW-UAP-D49-Launch-Summary-February-2000.pdf,50,DATE,24 May 67,24 May 67,
DOW-UAP-D49-Launch-Summary-February-2000.pdf,50,DATE,25 May 67,25 May 67,
DOW-UAP-D49-Launch-Summary-February-2000.pdf,50,DATE,29 May 67,29 May 67,
DOW-UAP-D49-Launch-Summary-February-2000.pdf,50,DATE,31 May 67,31 May 67,
DOW-UAP-D49-Launch-Summary-February-2000.pdf,50,DATE,1 Jun 67,1 Jun 67,
DOW-UAP-D49-Launch-Summary-February-2000.pdf,50,DATE,4 Jun 67,4 Jun 67,
DOW-UAP-D49-Launch-Summary-February-2000.pdf,51,ORG,AFSC,AFSC,
DOW-UAP-D49-Launch-Summary-February-2000.pdf,51,ORG,SAC,SAC,
DOW-UAP-D49-Launch-Summary-February-2000.pdf,51,ORG,ADC,ADC,
DOW-UAP-D49-Launch-Summary-February-2000.pdf,51,DATE,9 Jun 67,9 Jun 67,
DOW-UAP-D49-Launch-Summary-February-2000.pdf,51,DATE,16 Jun 67,16 Jun 67,
DOW-UAP-D49-Launch-Summary-February-2000.pdf,51,DATE,20 Jun 67,20 Jun 67,
DOW-UAP-D49-Launch-Summary-February-2000.pdf,51,DATE,21 Jun 67,21 Jun 67,
DOW-UAP-D49-Launch-Summary-February-2000.pdf,51,DATE,23 Jun 67,23 Jun 67,
DOW-UAP-D49-Launch-Summary-February-2000.pdf,51,DATE,28 Jun 67,28 Jun 67,
DOW-UAP-D49-Launch-Summary-February-2000.pdf,51,DATE,29 Jun 67,29 Jun 67,
DOW-UAP-D49-Launch-Summary-February-2000.pdf,51,DATE,5 Jul 67,5 Jul 67,
DOW-UAP-D49-Launch-Summary-February-2000.pdf,51,DATE,6 Jul 67,6 Jul 67,
DOW-UAP-D49-Launch-Summary-February-2000.pdf,51,DATE,12 Jul 67,12 Jul 67,
DOW-UAP-D49-Launch-Summary-February-2000.pdf,51,DATE,13 Jul 67,13 Jul 67,
DOW-UAP-D49-Launch-Summary-February-2000.pdf,51,DATE,15 Jul 67,15 Jul 67,
DOW-UAP-D49-Launch-Summary-February-2000.pdf,51,DATE,15 Jul. 67,15 Jul. 67,
DOW-UAP-D49-Launch-Summary-February-2000.pdf,51,DATE,20 Jul 67,20 Jul 67,
DOW-UAP-D49-Launch-Summary-February-2000.pdf,51,DATE,22 Jul 67,22 Jul 67,
DOW-UAP-D49-Launch-Summary-February-2000.pdf,51,DATE,24 Jul 67,24 Jul 67,
DOW-UAP-D49-Launch-Summary-February-2000.pdf,51,DATE,27 Jul 67,27 Jul 67,
DOW-UAP-D49-Launch-Summary-February-2000.pdf,51,DATE,29 Jul 67,29 Jul 67,
DOW-UAP-D49-Launch-Summary-February-2000.pdf,52,ORG,AFSC,AFSC,
DOW-UAP-D49-Launch-Summary-February-2000.pdf,52,ORG,SAC,SAC,
DOW-UAP-D49-Launch-Summary-February-2000.pdf,52,ORG,ADC,ADC,
DOW-UAP-D49-Launch-Summary-February-2000.pdf,52,DATE,7 Aug 67,7 Aug 67,
DOW-UAP-D49-Launch-Summary-February-2000.pdf,52,DATE,8 Aug 67,8 Aug 67,
DOW-UAP-D49-Launch-Summary-February-2000.pdf,52,DATE,16 Aug 67,16 Aug 67,
DOW-UAP-D49-Launch-Summary-February-2000.pdf,52,DATE,22 Aug 67,22 Aug 67,
DOW-UAP-D49-Launch-Summary-February-2000.pdf,52,DATE,6 Sep 67,6 Sep 67,
DOW-UAP-D49-Launch-Summary-February-2000.pdf,52,DATE,11 Sep 67,11 Sep 67,
DOW-UAP-D49-Launch-Summary-February-2000.pdf,52,DATE,15 Sep 67,15 Sep 67,
DOW-UAP-D49-Launch-Summary-February-2000.pdf,52,DATE,19 Sep 67,19 Sep 67,
DOW-UAP-D49-Launch-Summary-February-2000.pdf,52,DATE,21 Sep 67,21 Sep 67,
DOW-UAP-D49-Launch-Summary-February-2000.pdf,52,DATE,25 Sep 67,25 Sep 67,
DOW-UAP-D49-Launch-Summary-February-2000.pdf,52,DATE,26 Sep 67,26 Sep 67,
DOW-UAP-D49-Launch-Summary-February-2000.pdf,52,DATE,11 Oct 67,11 Oct 67,
DOW-UAP-D49-Launch-Summary-February-2000.pdf,52,DATE,14 Oct 67,14 Oct 67,
DOW-UAP-D49-Launch-Summary-February-2000.pdf,52,DATE,21 Oct 67,21 Oct 67,
DOW-UAP-D49-Launch-Summary-February-2000.pdf,52,DATE,25 Oct 67,25 Oct 67,
DOW-UAP-D49-Launch-Summary-February-2000.pdf,52,DATE,27 Oct 67,27 Oct 67,
DOW-UAP-D49-Launch-Summary-February-2000.pdf,52,DATE,2 Nov 67,2 Nov 67,
DOW-UAP-D49-Launch-Summary-February-2000.pdf,52,DATE,3 Nov 67,3 Nov 67,
DOW-UAP-D49-Launch-Summary-February-2000.pdf,52,DATE,7 Nov 67,7 Nov 67,
DOW-UAP-D49-Launch-Summary-February-2000.pdf,53,ORG,AFSC,AFSC,
DOW-UAP-D49-Launch-Summary-February-2000.pdf,53,ORG,NASA,NASA,
DOW-UAP-D49-Launch-Summary-February-2000.pdf,53,ORG,SAC,SAC,
DOW-UAP-D49-Launch-Summary-February-2000.pdf,53,DATE,10 Nov 67,10 Nov 67,
DOW-UAP-D49-Launch-Summary-February-2000.pdf,53,DATE,14 Nov 67,14 Nov 67,
DOW-UAP-D49-Launch-Summary-February-2000.pdf,53,DATE,17 Nov 67,17 Nov 67,
DOW-UAP-D49-Launch-Summary-February-2000.pdf,53,DATE,21 Nov 67,21 Nov 67,
DOW-UAP-D49-Launch-Summary-February-2000.pdf,53,DATE,1 Dec 67,1 Dec 67,
DOW-UAP-D49-Launch-Summary-February-2000.pdf,53,DATE,4 Dec 67,4 Dec 67,
DOW-UAP-D49-Launch-Summary-February-2000.pdf,53,DATE,5 Dec 67,5 Dec 67,
DOW-UAP-D49-Launch-Summary-February-2000.pdf,53,DATE,8 Dec 67,8 Dec 67,
DOW-UAP-D49-Launch-Summary-February-2000.pdf,53,DATE,9 Dec 67,9 Dec 67,
DOW-UAP-D49-Launch-Summary-February-2000.pdf,53,DATE,18 Dec 67,18 Dec 67,
DOW-UAP-D49-Launch-Summary-February-2000.pdf,53,DATE,21 Dec 67,21 Dec 67,
DOW-UAP-D49-Launch-Summary-February-2000.pdf,53,DATE,23 Dec 67,23 Dec 67,
DOW-UAP-D49-Launch-Summary-February-2000.pdf,53,DATE,28 Dec 67,28 Dec 67,
DOW-UAP-D49-Launch-Summary-February-2000.pdf,53,DATE,10 Jan 68,10 Jan 68,
DOW-UAP-D49-Launch-Summary-February-2000.pdf,53,DATE,11 Jan 68,11 Jan 68,
DOW-UAP-D49-Launch-Summary-February-2000.pdf,54,ORG,SAC,SAC,
DOW-UAP-D49-Launch-Summary-February-2000.pdf,54,ORG,AFSC,AFSC,
DOW-UAP-D49-Launch-Summary-February-2000.pdf,54,DATE,16 Jan 68,16 Jan 68,
DOW-UAP-D49-Launch-Summary-February-2000.pdf,54,DATE,17 Jan 68,17 Jan 68,
DOW-UAP-D49-Launch-Summary-February-2000.pdf,54,DATE,18 Jan 68,18 Jan 68,
DOW-UAP-D49-Launch-Summary-February-2000.pdf,54,DATE,24 Jan 68,24 Jan 68,
DOW-UAP-D49-Launch-Summary-February-2000.pdf,54,DATE,25 Jan 68,25 Jan 68,
DOW-UAP-D49-Launch-Summary-February-2000.pdf,54,DATE,31 Jan 68,31 Jan 68,
DOW-UAP-D49-Launch-Summary-February-2000.pdf,54,DATE,2 Feb 68,2 Feb 68,
DOW-UAP-D49-Launch-Summary-February-2000.pdf,54,DATE,10 Feb 68,10 Feb 68,
DOW-UAP-D49-Launch-Summary-February-2000.pdf,54,DATE,26 Feb 68,26 Feb 68,
DOW-UAP-D49-Launch-Summary-February-2000.pdf,54,DATE,28 Feb 68,28 Feb 68,
DOW-UAP-D49-Launch-Summary-February-2000.pdf,54,DATE,1 Mar 68,1 Mar 68,
DOW-UAP-D49-Launch-Summary-February-2000.pdf,54,DATE,6 Mar 68,6 Mar 68,
DOW-UAP-D49-Launch-Summary-February-2000.pdf,54,DATE,13 Mar 68,13 Mar 68,
DOW-UAP-D49-Launch-Summary-February-2000.pdf,54,DATE,14 Mar 68,14 Mar 68,
DOW-UAP-D49-Launch-Summary-February-2000.pdf,54,DATE,29 Mar 68,29 Mar 68,
DOW-UAP-D49-Launch-Summary-February-2000.pdf,54,DATE,2 Apr 68,2 Apr 68,
DOW-UAP-D49-Launch-Summary-February-2000.pdf,54,DATE,4 Apr 68,4 Apr 68,
DOW-UAP-D49-Launch-Summary-February-2000.pdf,54,DATE,6 Apr 68,6 Apr 68,
DOW-UAP-D49-Launch-Summary-February-2000.pdf,54,DATE,10 Apr 68,10 Apr 68,
DOW-UAP-D49-Launch-Summary-February-2000.pdf,55,ORG,AFSC,AFSC,
DOW-UAP-D49-Launch-Summary-February-2000.pdf,55,ORG,SAC,SAC,
DOW-UAP-D49-Launch-Summary-February-2000.pdf,55,ORG,ADC,ADC,
DOW-UAP-D49-Launch-Summary-February-2000.pdf,55,DATE,17 Apr 68,17 Apr 68,
DOW-UAP-D49-Launch-Summary-February-2000.pdf,55,DATE,18 Apr 68,18 Apr 68,
DOW-UAP-D49-Launch-Summary-February-2000.pdf,55,DATE,23 Apr 68,23 Apr 68,
DOW-UAP-D49-Launch-Summary-February-2000.pdf,55,DATE,27 Apr 68,27 Apr 68,
DOW-UAP-D49-Launch-Summary-February-2000.pdf,55,DATE,30 Apr 68,30 Apr 68,
DOW-UAP-D49-Launch-Summary-February-2000.pdf,55,DATE,1 May 68,1 May 68,
DOW-UAP-D49-Launch-Summary-February-2000.pdf,55,DATE,3 May 68,3 May 68,
DOW-UAP-D49-Launch-Summary-February-2000.pdf,55,DATE,16 May 68,16 May 68,
DOW-UAP-D49-Launch-Summary-February-2000.pdf,55,DATE,18 May 68,18 May 68,
DOW-UAP-D49-Launch-Summary-February-2000.pdf,55,DATE,22 May 68,22 May 68,
DOW-UAP-D49-Launch-Summary-February-2000.pdf,55,DATE,23 May 68,23 May 68,
DOW-UAP-D49-Launch-Summary-February-2000.pdf,55,DATE,1 Jun 68,1 Jun 68,
DOW-UAP-D49-Launch-Summary-February-2000.pdf,55,DATE,5 Jun 68,5 Jun 68,
DOW-UAP-D49-Launch-Summary-February-2000.pdf,55,DATE,12 Jun 68,12 Jun 68,
DOW-UAP-D49-Launch-Summary-February-2000.pdf,55,DATE,20 Jun 68,20 Jun 68,
DOW-UAP-D49-Launch-Summary-February-2000.pdf,55,DATE,22 Jun 68,22 Jun 68,
DOW-UAP-D49-Launch-Summary-February-2000.pdf,55,DATE,27 Jun 68,27 Jun 68,
DOW-UAP-D49-Launch-Summary-February-2000.pdf,55,DATE,29 Jun 68,29 Jun 68,
DOW-UAP-D49-Launch-Summary-February-2000.pdf,56,ORG,NASA,NASA,
DOW-UAP-D49-Launch-Summary-February-2000.pdf,56,ORG,SAC,SAC,
DOW-UAP-D49-Launch-Summary-February-2000.pdf,56,ORG,AFSC,AFSC,
DOW-UAP-D49-Launch-Summary-February-2000.pdf,56,ORG,ADC,ADC,
DOW-UAP-D49-Launch-Summary-February-2000.pdf,56,DATE,4 Jul 68,4 Jul 68,
DOW-UAP-D49-Launch-Summary-February-2000.pdf,56,DATE,8 Jul 68,8 Jul 68,
DOW-UAP-D49-Launch-Summary-February-2000.pdf,56,DATE,11 Jul 68,11 Jul 68,
DOW-UAP-D49-Launch-Summary-February-2000.pdf,56,DATE,12 Jul 68,12 Jul 68,
DOW-UAP-D49-Launch-Summary-February-2000.pdf,56,DATE,6 Aug 68,6 Aug 68,
DOW-UAP-D49-Launch-Summary-February-2000.pdf,56,DATE,7 Aug 68,7 Aug 68,
DOW-UAP-D49-Launch-Summary-February-2000.pdf,56,DATE,8 Aug 68,8 Aug 68,
DOW-UAP-D49-Launch-Summary-February-2000.pdf,56,DATE,16 Aug 68,16 Aug 68,
DOW-UAP-D49-Launch-Summary-February-2000.pdf,56,DATE,19 Aug 68,19 Aug 68,
DOW-UAP-D49-Launch-Summary-February-2000.pdf,56,DATE,21 Aug 68,21 Aug 68,
DOW-UAP-D49-Launch-Summary-February-2000.pdf,56,DATE,1 Sep 68,1 Sep 68,
DOW-UAP-D49-Launch-Summary-February-2000.pdf,56,DATE,10 Sep 68,10 Sep 68,
DOW-UAP-D49-Launch-Summary-February-2000.pdf,56,DATE,18 Sep 68,18 Sep 68,
DOW-UAP-D49-Launch-Summary-February-2000.pdf,56,DATE,25 Sep 68,25 Sep 68,
DOW-UAP-D49-Launch-Summary-February-2000.pdf,56,DATE,27 Sep 68,27 Sep 68,
DOW-UAP-D49-Launch-Summary-February-2000.pdf,56,DATE,3 Oct 68,3 Oct 68,
DOW-UAP-D49-Launch-Summary-February-2000.pdf,56,DATE,5 Oct 68,5 Oct 68,
DOW-UAP-D49-Launch-Summary-February-2000.pdf,56,DATE,7 Oct 68,7 Oct 68,
DOW-UAP-D49-Launch-Summary-February-2000.pdf,56,DATE,22 Oct 68,22 Oct 68,
DOW-UAP-D49-Launch-Summary-February-2000.pdf,57,ORG,SAC,SAC,
DOW-UAP-D49-Launch-Summary-February-2000.pdf,57,ORG,AFSC,AFSC,
DOW-UAP-D49-Launch-Summary-February-2000.pdf,57,ORG,NASA,NASA,
DOW-UAP-D49-Launch-Summary-February-2000.pdf,57,DATE,24 Oct 68,24 Oct 68,
DOW-UAP-D49-Launch-Summary-February-2000.pdf,57,DATE,30 Oct 68,30 Oct 68,
DOW-UAP-D49-Launch-Summary-February-2000.pdf,57,DATE,3 Nov 68,3 Nov 68,
DOW-UAP-D49-Launch-Summary-February-2000.pdf,57,DATE,6 Nov 68,6 Nov 68,
DOW-UAP-D49-Launch-Summary-February-2000.pdf,57,DATE,13 Nov 68,13 Nov 68,
DOW-UAP-D49-Launch-Summary-February-2000.pdf,57,DATE,16 Nov 68,16 Nov 68,
DOW-UAP-D49-Launch-Summary-February-2000.pdf,57,DATE,19 Nov 68,19 Nov 68,
DOW-UAP-D49-Launch-Summary-February-2000.pdf,57,DATE,21 Nov 68,21 Nov 68,
DOW-UAP-D49-Launch-Summary-February-2000.pdf,57,DATE,24 Nov 68,24 Nov 68,
DOW-UAP-D49-Launch-Summary-February-2000.pdf,57,DATE,4 Dec 68,4 Dec 68,
DOW-UAP-D49-Launch-Summary-February-2000.pdf,57,DATE,7 Dec 68,7 Dec 68,
DOW-UAP-D49-Launch-Summary-February-2000.pdf,57,DATE,10 Dec 68,10 Dec 68,
DOW-UAP-D49-Launch-Summary-February-2000.pdf,57,DATE,12 Dec 68,12 Dec 68,
DOW-UAP-D49-Launch-Summary-February-2000.pdf,57,DATE,15 Dec 68,15 Dec 68,
DOW-UAP-D49-Launch-Summary-February-2000.pdf,57,DATE,20 Dec 68,20 Dec 68,
DOW-UAP-D49-Launch-Summary-February-2000.pdf,57,DATE,8 Jan 69,8 Jan 69,
DOW-UAP-D49-Launch-Summary-February-2000.pdf,57,DATE,16 Jan 69,16 Jan 69,
DOW-UAP-D49-Launch-Summary-February-2000.pdf,57,DATE,21 Jan 69,21 Jan 69,
DOW-UAP-D49-Launch-Summary-February-2000.pdf,57,DATE,22 Jan 69,22 Jan 69,
DOW-UAP-D49-Launch-Summary-February-2000.pdf,58,ORG,AFSC,AFSC,
DOW-UAP-D49-Launch-Summary-February-2000.pdf,58,ORG,NASA,NASA,
DOW-UAP-D49-Launch-Summary-February-2000.pdf,58,ORG,SAC,SAC,
DOW-UAP-D49-Launch-Summary-February-2000.pdf,58,DATE,29 Jan 69,29 Jan 69,
DOW-UAP-D49-Launch-Summary-February-2000.pdf,58,DATE,9 Jan 69,9 Jan 69,
DOW-UAP-D49-Launch-Summary-February-2000.pdf,58,DATE,30 Jan 69,30 Jan 69,
DOW-UAP-D49-Launch-Summary-February-2000.pdf,58,DATE,2 Feb 69,2 Feb 69,
DOW-UAP-D49-Launch-Summary-February-2000.pdf,58,DATE,5 Feb 69,5 Feb 69,
DOW-UAP-D49-Launch-Summary-February-2000.pdf,58,DATE,20 Feb 69,20 Feb 69,
DOW-UAP-D49-Launch-Summary-February-2000.pdf,58,DATE,21 Feb 69,21 Feb 69,
DOW-UAP-D49-Launch-Summary-February-2000.pdf,58,DATE,4 Mar 69,4 Mar 69,
DOW-UAP-D49-Launch-Summary-February-2000.pdf,58,DATE,7 Mar 69,7 Mar 69,
DOW-UAP-D49-Launch-Summary-February-2000.pdf,58,DATE,12 Mar 69,12 Mar 69,
DOW-UAP-D49-Launch-Summary-February-2000.pdf,58,DATE,15 Mar 69,15 Mar 69,
DOW-UAP-D49-Launch-Summary-February-2000.pdf,58,DATE,17 Mar 69,17 Mar 69,
DOW-UAP-D49-Launch-Summary-February-2000.pdf,58,DATE,19 Mar 69,19 Mar 69,
DOW-UAP-D49-Launch-Summary-February-2000.pdf,58,DATE,22 Mar 69,22 Mar 69,
DOW-UAP-D49-Launch-Summary-February-2000.pdf,58,DATE,24 Mar 69,24 Mar 69,
DOW-UAP-D49-Launch-Summary-February-2000.pdf,58,DATE,25 Mar 69,25 Mar 69,
DOW-UAP-D49-Launch-Summary-February-2000.pdf,58,DATE,11 Apr 69,11 Apr 69,
DOW-UAP-D49-Launch-Summary-February-2000.pdf,59,ORG,AFSC,AFSC,
DOW-UAP-D49-Launch-Summary-February-2000.pdf,59,ORG,SAC,SAC,
DOW-UAP-D49-Launch-Summary-February-2000.pdf,59,DATE,15 Apr 69,15 Apr 69,
DOW-UAP-D49-Launch-Summary-February-2000.pdf,59,DATE,16 Apr 69,16 Apr 69,
DOW-UAP-D49-Launch-Summary-February-2000.pdf,59,DATE,17 Apr 69,17 Apr 69,
DOW-UAP-D49-Launch-Summary-February-2000.pdf,59,DATE,18 Apr 69,18 Apr 69,
DOW-UAP-D49-Launch-Summary-February-2000.pdf,59,DATE,23 Apr 69,23 Apr 69,
DOW-UAP-D49-Launch-Summary-February-2000.pdf,59,DATE,25 Apr 69,25 Apr 69,
DOW-UAP-D49-Launch-Summary-February-2000.pdf,59,DATE,30 Apr 69,30 Apr 69,
DOW-UAP-D49-Launch-Summary-February-2000.pdf,59,DATE,1 May 69,1 May 69,
DOW-UAP-D49-Launch-Summary-February-2000.pdf,59,DATE,2 May 69,2 May 69,
DOW-UAP-D49-Launch-Summary-February-2000.pdf,59,DATE,20 May 69,20 May 69,
DOW-UAP-D49-Launch-Summary-February-2000.pdf,59,DATE,21 May 69,21 May 69,
DOW-UAP-D49-Launch-Summary-February-2000.pdf,59,DATE,28 May 69,28 May 69,
DOW-UAP-D49-Launch-Summary-February-2000.pdf,59,DATE,29 May 69,29 May 69,
DOW-UAP-D49-Launch-Summary-February-2000.pdf,59,DATE,3 Jun 69,3 Jun 69,
DOW-UAP-D49-Launch-Summary-February-2000.pdf,59,DATE,5 Jun 69,5 Jun 69,
DOW-UAP-D49-Launch-Summary-February-2000.pdf,59,DATE,19 Jun 69,19 Jun 69,
DOW-UAP-D49-Launch-Summary-February-2000.pdf,59,DATE,20 Jun 69,20 Jun 69,
DOW-UAP-D49-Launch-Summary-February-2000.pdf,60,ORG,NASA,NASA,
DOW-UAP-D49-Launch-Summary-February-2000.pdf,60,ORG,SAC,SAC,
DOW-UAP-D49-Launch-Summary-February-2000.pdf,60,ORG,ADC,ADC,
DOW-UAP-D49-Launch-Summary-February-2000.pdf,60,ORG,AFSC,AFSC,
DOW-UAP-D49-Launch-Summary-February-2000.pdf,60,DATE,21 Jun 69,21 Jun 69,
DOW-UAP-D49-Launch-Summary-February-2000.pdf,60,DATE,30 Jun 69,30 Jun 69,
DOW-UAP-D49-Launch-Summary-February-2000.pdf,60,DATE,2 Jul 69,2 Jul 69,
DOW-UAP-D49-Launch-Summary-February-2000.pdf,60,DATE,3 Jul 69,3 Jul 69,
DOW-UAP-D49-Launch-Summary-February-2000.pdf,60,DATE,8 Jul 69,8 Jul 69,
DOW-UAP-D49-Launch-Summary-February-2000.pdf,60,DATE,12 Jul 69,12 Jul 69,
DOW-UAP-D49-Launch-Summary-February-2000.pdf,60,DATE,15 Jul 69,15 Jul 69,
DOW-UAP-D49-Launch-Summary-February-2000.pdf,60,DATE,22 Jul 69,22 Jul 69,
DOW-UAP-D49-Launch-Summary-February-2000.pdf,60,DATE,23 Jul 69,23 Jul 69,
DOW-UAP-D49-Launch-Summary-February-2000.pdf,60,DATE,25 Jul 69,25 Jul 69,
DOW-UAP-D49-Launch-Summary-February-2000.pdf,60,DATE,31 Jul 69,31 Jul 69,
DOW-UAP-D49-Launch-Summary-February-2000.pdf,60,DATE,20 Aug 69,20 Aug 69,
DOW-UAP-D49-Launch-Summary-February-2000.pdf,60,DATE,21 Aug 69,21 Aug 69,
DOW-UAP-D49-Launch-Summary-February-2000.pdf,60,DATE,23 Aug 69,23 Aug 69,
DOW-UAP-D49-Launch-Summary-February-2000.pdf,60,DATE,24 Aug 69,24 Aug 69,
DOW-UAP-D49-Launch-Summary-February-2000.pdf,60,DATE,26 Aug 69,26 Aug 69,
DOW-UAP-D49-Launch-Summary-February-2000.pdf,60,DATE,28 Aug 69,28 Aug 69,
DOW-UAP-D49-Launch-Summary-February-2000.pdf,60,DATE,2 Sep 69,2 Sep 69,
DOW-UAP-D49-Launch-Summary-February-2000.pdf,61,ORG,SAC,SAC,
DOW-UAP-D49-Launch-Summary-February-2000.pdf,61,ORG,AFSC,AFSC,
DOW-UAP-D49-Launch-Summary-February-2000.pdf,61,ORG,SAFEGUARD,SAFEGUARD,
DOW-UAP-D49-Launch-Summary-February-2000.pdf,61,DATE,3 Sep 69,3 Sep 69,
DOW-UAP-D49-Launch-Summary-February-2000.pdf,61,DATE,10 Sep 69,10 Sep 69,
DOW-UAP-D49-Launch-Summary-February-2000.pdf,61,DATE,13 Sep 69,13 Sep 69,
DOW-UAP-D49-Launch-Summary-February-2000.pdf,61,DATE,16 Sep 69,16 Sep 69,
DOW-UAP-D49-Launch-Summary-February-2000.pdf,61,DATE,20 Sep 69,20 Sep 69,
DOW-UAP-D49-Launch-Summary-February-2000.pdf,61,DATE,22 Sep 69,22 Sep 69,
DOW-UAP-D49-Launch-Summary-February-2000.pdf,61,DATE,23 Sep 69,23 Sep 69,
DOW-UAP-D49-Launch-Summary-February-2000.pdf,61,DATE,24 Sep 69,24 Sep 69,
DOW-UAP-D49-Launch-Summary-February-2000.pdf,61,DATE,30 Sep 69,30 Sep 69,
DOW-UAP-D49-Launch-Summary-February-2000.pdf,61,DATE,1 Oct 69,1 Oct 69,
DOW-UAP-D49-Launch-Summary-February-2000.pdf,61,DATE,2 Oct 69,2 Oct 69,
DOW-UAP-D49-Launch-Summary-February-2000.pdf,61,DATE,10 Oct 69,10 Oct 69,
DOW-UAP-D49-Launch-Summary-February-2000.pdf,61,DATE,13 Oct 69,13 Oct 69,
DOW-UAP-D49-Launch-Summary-February-2000.pdf,61,DATE,15 Oct 69,15 Oct 69,
DOW-UAP-D49-Launch-Summary-February-2000.pdf,61,DATE,21 Oct 69,21 Oct 69,
DOW-UAP-D49-Launch-Summary-February-2000.pdf,61,DATE,24 Oct 69,24 Oct 69,
DOW-UAP-D49-Launch-Summary-February-2000.pdf,61,DATE,31 Oct 69,31 Oct 69,
DOW-UAP-D49-Launch-Summary-February-2000.pdf,61,DATE,6 Nov 69,6 Nov 69,
DOW-UAP-D49-Launch-Summary-February-2000.pdf,62,ORG,AFSC,AFSC,
DOW-UAP-D49-Launch-Summary-February-2000.pdf,62,ORG,SAC,SAC,
DOW-UAP-D49-Launch-Summary-February-2000.pdf,62,ORG,NASA,NASA,
DOW-UAP-D49-Launch-Summary-February-2000.pdf,62,ORG,ADC,ADC,
DOW-UAP-D49-Launch-Summary-February-2000.pdf,62,DATE,7 Nov 69,7 Nov 69,
DOW-UAP-D49-Launch-Summary-February-2000.pdf,62,DATE,13 Nov 69,13 Nov 69,
DOW-UAP-D49-Launch-Summary-February-2000.pdf,62,DATE,18 Nov 69,18 Nov 69,
DOW-UAP-D49-Launch-Summary-February-2000.pdf,62,DATE,19 Nov 69,19 Nov 69,
DOW-UAP-D49-Launch-Summary-February-2000.pdf,62,DATE,25 Nov 69,25 Nov 69,
DOW-UAP-D49-Launch-Summary-February-2000.pdf,62,DATE,3 Dec 69,3 Dec 69,
DOW-UAP-D49-Launch-Summary-February-2000.pdf,62,DATE,4 Dec 69,4 Dec 69,
DOW-UAP-D49-Launch-Summary-February-2000.pdf,62,DATE,5 Dec 69,5 Dec 69,
DOW-UAP-D49-Launch-Summary-February-2000.pdf,62,DATE,12 Dec 69,12 Dec 69,
DOW-UAP-D49-Launch-Summary-February-2000.pdf,62,DATE,16 Dec 69,16 Dec 69,
DOW-UAP-D49-Launch-Summary-February-2000.pdf,62,DATE,14 Jan 70,14 Jan 70,
DOW-UAP-D49-Launch-Summary-February-2000.pdf,62,DATE,15 Jan 70,15 Jan 70,
DOW-UAP-D49-Launch-Summary-February-2000.pdf,62,DATE,23 Jan 70,23 Jan 70,
DOW-UAP-D49-Launch-Summary-February-2000.pdf,62,DATE,3 Feb 70,3 Feb 70,
DOW-UAP-D49-Launch-Summary-February-2000.pdf,62,DATE,8 Feb 10,8 Feb 10,
DOW-UAP-D49-Launch-Summary-February-2000.pdf,62,DATE,11 Feb 70,11 Feb 70,
DOW-UAP-D49-Launch-Summary-February-2000.pdf,62,DATE,25 Feb 70,25 Feb 70,
DOW-UAP-D49-Launch-Summary-February-2000.pdf,62,DATE,4 Mar 70,4 Mar 70,
DOW-UAP-D49-Launch-Summary-February-2000.pdf,63,ORG,SAC,SAC,
DOW-UAP-D49-Launch-Summary-February-2000.pdf,63,ORG,AFSC,AFSC,
DOW-UAP-D49-Launch-Summary-February-2000.pdf,63,DATE,7 Mar 70,7 Mar 70,
DOW-UAP-D49-Launch-Summary-February-2000.pdf,63,DATE,10 Mar 70,10 Mar 70,
DOW-UAP-D49-Launch-Summary-February-2000.pdf,63,DATE,11 Mar 70,11 Mar 70,
DOW-UAP-D49-Launch-Summary-February-2000.pdf,63,DATE,13 Mar 70,13 Mar 70,
DOW-UAP-D49-Launch-Summary-February-2000.pdf,63,DATE,23 Mar 70,23 Mar 70,
DOW-UAP-D49-Launch-Summary-February-2000.pdf,63,DATE,26 Mar 70,26 Mar 70,
DOW-UAP-D49-Launch-Summary-February-2000.pdf,63,DATE,31 Mar 70,31 Mar 70,
DOW-UAP-D49-Launch-Summary-February-2000.pdf,63,DATE,2 Apr 70,2 Apr 70,
DOW-UAP-D49-Launch-Summary-February-2000.pdf,63,DATE,8 Apr 70,8 Apr 70,
DOW-UAP-D49-Launch-Summary-February-2000.pdf,63,DATE,15 Apr 70,15 Apr 70,
DOW-UAP-D49-Launch-Summary-February-2000.pdf,63,DATE,18 Apr 70,18 Apr 70,
DOW-UAP-D49-Launch-Summary-February-2000.pdf,63,DATE,21 Apr 70,21 Apr 70,
DOW-UAP-D49-Launch-Summary-February-2000.pdf,63,DATE,22 Apr 70,22 Apr 70,
DOW-UAP-D49-Launch-Summary-February-2000.pdf,63,DATE,25 Apr 70,25 Apr 70,
DOW-UAP-D49-Launch-Summary-February-2000.pdf,63,DATE,4 May 70,4 May 70,
DOW-UAP-D49-Launch-Summary-February-2000.pdf,63,DATE,8 May 70,8 May 70,
DOW-UAP-D49-Launch-Summary-February-2000.pdf,63,DATE,20 May 70,20 May 70,
DOW-UAP-D49-Launch-Summary-February-2000.pdf,63,DATE,21 May 70,21 May 70,
DOW-UAP-D49-Launch-Summary-February-2000.pdf,64,ORG,SAC,SAC,
DOW-UAP-D49-Launch-Summary-February-2000.pdf,64,ORG,AFSC,AFSC,
DOW-UAP-D49-Launch-Summary-February-2000.pdf,64,ORG,SAFEGUARD,SAFEGUARD,
DOW-UAP-D49-Launch-Summary-February-2000.pdf,64,DATE,27 May 70,27 May 70,
DOW-UAP-D49-Launch-Summary-February-2000.pdf,64,DATE,30 May 70,30 May 70,
DOW-UAP-D49-Launch-Summary-February-2000.pdf,64,DATE,0 Jun 70,0 Jun 70,
DOW-UAP-D49-Launch-Summary-February-2000.pdf,64,DATE,9 Jun 70,9 Jun 70,
DOW-UAP-D49-Launch-Summary-February-2000.pdf,64,DATE,17 Jun 70,17 Jun 70,
DOW-UAP-D49-Launch-Summary-February-2000.pdf,64,DATE,19 Jun 70,19 Jun 70,
DOW-UAP-D49-Launch-Summary-February-2000.pdf,64,DATE,20 Jun 70,20 Jun 70,
DOW-UAP-D49-Launch-Summary-February-2000.pdf,64,DATE,23 Jun 70,23 Jun 70,
DOW-UAP-D49-Launch-Summary-February-2000.pdf,64,DATE,25 Jun 70,25 Jun 70,
DOW-UAP-D49-Launch-Summary-February-2000.pdf,64,DATE,26 Jun 70,26 Jun 70,
DOW-UAP-D49-Launch-Summary-February-2000.pdf,64,DATE,2 Jul 70,2 Jul 70,
DOW-UAP-D49-Launch-Summary-February-2000.pdf,64,DATE,9 Jul 70,9 Jul 70,
DOW-UAP-D49-Launch-Summary-February-2000.pdf,64,DATE,14 Jul 70,14 Jul 70,
DOW-UAP-D49-Launch-Summary-February-2000.pdf,64,DATE,18 Jul 70,18 Jul 70,
DOW-UAP-D49-Launch-Summary-February-2000.pdf,64,DATE,22 Jul 70,22 Jul 70,
DOW-UAP-D49-Launch-Summary-February-2000.pdf,64,DATE,23 Jul 70,23 Jul 70,
DOW-UAP-D49-Launch-Summary-February-2000.pdf,64,DATE,28 Jul 70,28 Jul 70,
DOW-UAP-D49-Launch-Summary-February-2000.pdf,64,DATE,29 Jul 70,29 Jul 70,
DOW-UAP-D49-Launch-Summary-February-2000.pdf,64,DATE,3 Aug 70,3 Aug 70,
DOW-UAP-D49-Launch-Summary-February-2000.pdf,65,ORG,SAC,SAC,
DOW-UAP-D49-Launch-Summary-February-2000.pdf,65,ORG,AFSC,AFSC,
DOW-UAP-D49-Launch-Summary-February-2000.pdf,65,ORG,SAFEGUARD,SAFEGUARD,
DOW-UAP-D49-Launch-Summary-February-2000.pdf,65,ORG,ADC,ADC,
DOW-UAP-D49-Launch-Summary-February-2000.pdf,65,DATE,4 Aug 70,4 Aug 70,
DOW-UAP-D49-Launch-Summary-February-2000.pdf,65,DATE,11 Aug 70,11 Aug 70,
DOW-UAP-D49-Launch-Summary-February-2000.pdf,65,DATE,14 Aug 70,14 Aug 70,
DOW-UAP-D49-Launch-Summary-February-2000.pdf,65,DATE,18 Aug 70,18 Aug 70,
DOW-UAP-D49-Launch-Summary-February-2000.pdf,65,DATE,20 Aug 70,20 Aug 70,
DOW-UAP-D49-Launch-Summary-February-2000.pdf,65,DATE,26 Aug 70,26 Aug 70,
DOW-UAP-D49-Launch-Summary-February-2000.pdf,65,DATE,27 Aug 70,27 Aug 70,
DOW-UAP-D49-Launch-Summary-February-2000.pdf,65,DATE,28 Aug 70,28 Aug 70,
DOW-UAP-D49-Launch-Summary-February-2000.pdf,65,DATE,2 Sep 70,2 Sep 70,
DOW-UAP-D49-Launch-Summary-February-2000.pdf,65,DATE,3 Sep 70,3 Sep 70,
DOW-UAP-D49-Launch-Summary-February-2000.pdf,65,DATE,14 Sep 70,14 Sep 70,
DOW-UAP-D49-Launch-Summary-February-2000.pdf,65,DATE,17 Sep 70,17 Sep 70,
DOW-UAP-D49-Launch-Summary-February-2000.pdf,65,DATE,25 Sep 70,25 Sep 70,
DOW-UAP-D49-Launch-Summary-February-2000.pdf,65,DATE,26 Sep 70,26 Sep 70,
DOW-UAP-D49-Launch-Summary-February-2000.pdf,65,DATE,3 Oct 70,3 Oct 70,
DOW-UAP-D49-Launch-Summary-February-2000.pdf,66,ORG,SAC,SAC,
DOW-UAP-D49-Launch-Summary-February-2000.pdf,66,ORG,AFSC,AFSC,
DOW-UAP-D49-Launch-Summary-February-2000.pdf,66,ORG,NASA,NASA,
DOW-UAP-D49-Launch-Summary-February-2000.pdf,66,ORG,SAFEGUARD,SAFEGUARD,
DOW-UAP-D49-Launch-Summary-February-2000.pdf,66,DATE,7 Oct 70,7 Oct 70,
DOW-UAP-D49-Launch-Summary-February-2000.pdf,66,DATE,22 Oct 70,22 Oct 70,
DOW-UAP-D49-Launch-Summary-February-2000.pdf,66,DATE,23 Oct 70,23 Oct 70,
DOW-UAP-D49-Launch-Summary-February-2000.pdf,66,DATE,26 Oct 70,26 Oct 70,
DOW-UAP-D49-Launch-Summary-February-2000.pdf,66,DATE,2 Nov 70,2 Nov 70,
DOW-UAP-D49-Launch-Summary-February-2000.pdf,66,DATE,4 Nov 70,4 Nov 70,
DOW-UAP-D49-Launch-Summary-February-2000.pdf,66,DATE,5 Nov 70,5 Nov 70,
DOW-UAP-D49-Launch-Summary-February-2000.pdf,66,DATE,8 Nov 70,8 Nov 70,
DOW-UAP-D49-Launch-Summary-February-2000.pdf,66,DATE,13 Nov 70,13 Nov 70,
DOW-UAP-D49-Launch-Summary-February-2000.pdf,66,DATE,18 Nov 70,18 Nov 70,
DOW-UAP-D49-Launch-Summary-February-2000.pdf,66,DATE,7 Dec 70,7 Dec 70,
DOW-UAP-D49-Launch-Summary-February-2000.pdf,66,DATE,11 Dec 70,11 Dec 70,
DOW-UAP-D49-Launch-Summary-February-2000.pdf,66,DATE,17 Dec 70,17 Dec 70,
DOW-UAP-D49-Launch-Summary-February-2000.pdf,66,DATE,22 Dec 70,22 Dec 70,
DOW-UAP-D49-Launch-Summary-February-2000.pdf,66,DATE,23 Dec 70,23 Dec 70,
DOW-UAP-D49-Launch-Summary-February-2000.pdf,66,DATE,11 Jan 71,11 Jan 71,
DOW-UAP-D49-Launch-Summary-February-2000.pdf,66,DATE,21 Jan 71,21 Jan 71,
DOW-UAP-D49-Launch-Summary-February-2000.pdf,66,DATE,27 Jan 71,27 Jan 71,
DOW-UAP-D49-Launch-Summary-February-2000.pdf,67,ORG,SAC,SAC,
DOW-UAP-D49-Launch-Summary-February-2000.pdf,67,ORG,ADC,ADC,
DOW-UAP-D49-Launch-Summary-February-2000.pdf,67,ORG,AFSC,AFSC,
DOW-UAP-D49-Launch-Summary-February-2000.pdf,67,ORG,SAFEGUARD,SAFEGUARD,
DOW-UAP-D49-Launch-Summary-February-2000.pdf,67,ORG,NASA,NASA,
DOW-UAP-D49-Launch-Summary-February-2000.pdf,67,DATE,28 Jan 71,28 Jan 71,
DOW-UAP-D49-Launch-Summary-February-2000.pdf,67,DATE,3 Feb 71,3 Feb 71,
DOW-UAP-D49-Launch-Summary-February-2000.pdf,67,DATE,4 Feb 71,4 Feb 71,
DOW-UAP-D49-Launch-Summary-February-2000.pdf,67,DATE,16 Feb 71,16 Feb 71,
DOW-UAP-D49-Launch-Summary-February-2000.pdf,67,DATE,17 Feb 71,17 Feb 71,
DOW-UAP-D49-Launch-Summary-February-2000.pdf,67,DATE,22 Feb 71,22 Feb 71,
DOW-UAP-D49-Launch-Summary-February-2000.pdf,67,DATE,24 Feb 71,24 Feb 71,
DOW-UAP-D49-Launch-Summary-February-2000.pdf,67,DATE,27 Feb 71,27 Feb 71,
DOW-UAP-D49-Launch-Summary-February-2000.pdf,67,DATE,2 Mar 71,2 Mar 71,
DOW-UAP-D49-Launch-Summary-February-2000.pdf,67,DATE,16 Mar 71,16 Mar 71,
DOW-UAP-D49-Launch-Summary-February-2000.pdf,67,DATE,20 Mar 71,20 Mar 71,
DOW-UAP-D49-Launch-Summary-February-2000.pdf,67,DATE,23 Mar 71,23 Mar 71,
DOW-UAP-D49-Launch-Summary-February-2000.pdf,67,DATE,24 Mar 71,24 Mar 71,
DOW-UAP-D49-Launch-Summary-February-2000.pdf,67,DATE,31 Mar 71,31 Mar 71,
DOW-UAP-D49-Launch-Summary-February-2000.pdf,67,DATE,5 Apr 71,5 Apr 71,
DOW-UAP-D49-Launch-Summary-February-2000.pdf,68,ORG,AFSC,AFSC,
DOW-UAP-D49-Launch-Summary-February-2000.pdf,68,ORG,SAC,SAC,
DOW-UAP-D49-Launch-Summary-February-2000.pdf,68,ORG,ADC,ADC,
DOW-UAP-D49-Launch-Summary-February-2000.pdf,68,ORG,SAFEGUARD,SAFEGUARD,
DOW-UAP-D49-Launch-Summary-February-2000.pdf,68,DATE,8 Apr 71,8 Apr 71,
DOW-UAP-D49-Launch-Summary-February-2000.pdf,68,DATE,14 Apr 71,14 Apr 71,
DOW-UAP-D49-Launch-Summary-February-2000.pdf,68,DATE,22 Apr 71,22 Apr 71,
DOW-UAP-D49-Launch-Summary-February-2000.pdf,68,DATE,23 Apr 71,23 Apr 71,
DOW-UAP-D49-Launch-Summary-February-2000.pdf,68,DATE,26 Apr 71,26 Apr 71,
DOW-UAP-D49-Launch-Summary-February-2000.pdf,68,DATE,18 May 71,18 May 71,
DOW-UAP-D49-Launch-Summary-February-2000.pdf,68,DATE,21 May 71,21 May 71,
DOW-UAP-D49-Launch-Summary-February-2000.pdf,68,DATE,24 May 71,24 May 71,
DOW-UAP-D49-Launch-Summary-February-2000.pdf,68,DATE,26 May 71,26 May 71,
DOW-UAP-D49-Launch-Summary-February-2000.pdf,68,DATE,27 May 71,27 May 71,
DOW-UAP-D49-Launch-Summary-February-2000.pdf,68,DATE,4 Jun 71,4 Jun 71,
DOW-UAP-D49-Launch-Summary-February-2000.pdf,68,DATE,8 Jun 71,8 Jun 71,
DOW-UAP-D49-Launch-Summary-February-2000.pdf,68,DATE,11 Jun 71,11 Jun 71,
DOW-UAP-D49-Launch-Summary-February-2000.pdf,68,DATE,15 Jun 71,15 Jun 71,
DOW-UAP-D49-Launch-Summary-February-2000.pdf,68,DATE,18 Jun 71,18 Jun 71,
DOW-UAP-D49-Launch-Summary-February-2000.pdf,68,DATE,20 Jun 71,20 Jun 71,
DOW-UAP-D49-Launch-Summary-February-2000.pdf,68,DATE,23 Jun 71,23 Jun 71,
DOW-UAP-D49-Launch-Summary-February-2000.pdf,68,DATE,26 Jun 71,26 Jun 71,
DOW-UAP-D49-Launch-Summary-February-2000.pdf,68,DATE,29 Jun 71,29 Jun 71,
DOW-UAP-D49-Launch-Summary-February-2000.pdf,69,ORG,AFSC,AFSC,
DOW-UAP-D49-Launch-Summary-February-2000.pdf,69,ORG,SAC,SAC,
DOW-UAP-D49-Launch-Summary-February-2000.pdf,69,ORG,SAFEGUARD,SAFEGUARD,
DOW-UAP-D49-Launch-Summary-February-2000.pdf,69,DATE,29 Jun 71,29 Jun 71,
DOW-UAP-D49-Launch-Summary-February-2000.pdf,69,DATE,8 Jul 71,8 Jul 71,
DOW-UAP-D49-Launch-Summary-February-2000.pdf,69,DATE,12 Jul 71,12 Jul 71,
DOW-UAP-D49-Launch-Summary-February-2000.pdf,69,DATE,6 Jul 71,6 Jul 71,
DOW-UAP-D49-Launch-Summary-February-2000.pdf,69,DATE,3 Aug 71,3 Aug 71,
DOW-UAP-D49-Launch-Summary-February-2000.pdf,69,DATE,4 Aug 71,4 Aug 71,
DOW-UAP-D49-Launch-Summary-February-2000.pdf,69,DATE,6 Aug 71,6 Aug 71,
DOW-UAP-D49-Launch-Summary-February-2000.pdf,69,DATE,12 Aug 71,12 Aug 71,
DOW-UAP-D49-Launch-Summary-February-2000.pdf,69,DATE,13 Aug 71,13 Aug 71,
DOW-UAP-D49-Launch-Summary-February-2000.pdf,69,DATE,27 Aug 71,27 Aug 71,
DOW-UAP-D49-Launch-Summary-February-2000.pdf,69,DATE,1 Sep 71,1 Sep 71,
DOW-UAP-D49-Launch-Summary-February-2000.pdf,69,DATE,2 Sep 71,2 Sep 71,
DOW-UAP-D49-Launch-Summary-February-2000.pdf,69,DATE,3 Sep 71,3 Sep 71,
DOW-UAP-D49-Launch-Summary-February-2000.pdf,69,DATE,8 Sep 71,8 Sep 71,
DOW-UAP-D49-Launch-Summary-February-2000.pdf,69,DATE,10 Sep 71,10 Sep 71,
DOW-UAP-D49-Launch-Summary-February-2000.pdf,69,DATE,16 Sep 71,16 Sep 71,
DOW-UAP-D49-Launch-Summary-February-2000.pdf,70,ORG,SAC,SAC,
DOW-UAP-D49-Launch-Summary-February-2000.pdf,70,ORG,SAFEGUARD,SAFEGUARD,
DOW-UAP-D49-Launch-Summary-February-2000.pdf,70,ORG,AFSC,AFSC,
DOW-UAP-D49-Launch-Summary-February-2000.pdf,70,ORG,ADC,ADC,
DOW-UAP-D49-Launch-Summary-February-2000.pdf,70,ORG,NASA,NASA,
DOW-UAP-D49-Launch-Summary-February-2000.pdf,70,DATE,16 Sep 71,16 Sep 71,
DOW-UAP-D49-Launch-Summary-February-2000.pdf,70,DATE,6 Oct 71,6 Oct 71,
DOW-UAP-D49-Launch-Summary-February-2000.pdf,70,DATE,7 Oct 71,7 Oct 71,
DOW-UAP-D49-Launch-Summary-February-2000.pdf,70,DATE,14 Oct 71,14 Oct 71,
DOW-UAP-D49-Launch-Summary-February-2000.pdf,70,DATE,15 Oct 71,15 Oct 71,
DOW-UAP-D49-Launch-Summary-February-2000.pdf,70,DATE,17 Oct 71,17 Oct 71,
DOW-UAP-D49-Launch-Summary-February-2000.pdf,70,DATE,18 Oct 71,18 Oct 71,
DOW-UAP-D49-Launch-Summary-February-2000.pdf,70,DATE,20 Oct 71,20 Oct 71,
DOW-UAP-D49-Launch-Summary-February-2000.pdf,70,DATE,21 Oct 71,21 Oct 71,
DOW-UAP-D49-Launch-Summary-February-2000.pdf,70,DATE,23 Oct 71,23 Oct 71,
DOW-UAP-D49-Launch-Summary-February-2000.pdf,70,DATE,17 Nov 71,17 Nov 71,
DOW-UAP-D49-Launch-Summary-February-2000.pdf,70,DATE,22 Nov 71,22 Nov 71,
DOW-UAP-D49-Launch-Summary-February-2000.pdf,70,DATE,23 Nov 71,23 Nov 71,
DOW-UAP-D49-Launch-Summary-February-2000.pdf,70,DATE,2 Dec 71,2 Dec 71,
DOW-UAP-D49-Launch-Summary-February-2000.pdf,70,DATE,9 Dec 71,9 Dec 71,
DOW-UAP-D49-Launch-Summary-February-2000.pdf,70,DATE,11 Dec 71,11 Dec 71,
DOW-UAP-D49-Launch-Summary-February-2000.pdf,70,DATE,4 Dec 71,4 Dec 71,
DOW-UAP-D49-Launch-Summary-February-2000.pdf,70,DATE,15 Dec 71,15 Dec 71,
DOW-UAP-D49-Launch-Summary-February-2000.pdf,71,ORG,SAC,SAC,
DOW-UAP-D49-Launch-Summary-February-2000.pdf,71,ORG,AFSC,AFSC,
DOW-UAP-D49-Launch-Summary-February-2000.pdf,71,ORG,NASA,NASA,
DOW-UAP-D49-Launch-Summary-February-2000.pdf,71,ORG,SAFEGUARD,SAFEGUARD,
DOW-UAP-D49-Launch-Summary-February-2000.pdf,71,ORG,ADC,ADC,
DOW-UAP-D49-Launch-Summary-February-2000.pdf,71,DATE,17 Dec 71,17 Dec 71,
DOW-UAP-D49-Launch-Summary-February-2000.pdf,71,DATE,19 Jan 72,19 Jan 72,
DOW-UAP-D49-Launch-Summary-February-2000.pdf,71,DATE,20 Jan 72,20 Jan 72,
DOW-UAP-D49-Launch-Summary-February-2000.pdf,71,DATE,26 Jan 72,26 Jan 72,
DOW-UAP-D49-Launch-Summary-February-2000.pdf,71,DATE,31 Jan 72,31 Jan 72,
DOW-UAP-D49-Launch-Summary-February-2000.pdf,71,DATE,4 Feb 72,4 Feb 72,
DOW-UAP-D49-Launch-Summary-February-2000.pdf,71,DATE,9 Feb 72,9 Feb 72,
DOW-UAP-D49-Launch-Summary-February-2000.pdf,71,DATE,16 Feb 72,16 Feb 72,
DOW-UAP-D49-Launch-Summary-February-2000.pdf,71,DATE,11 Mar 72,11 Mar 72,
DOW-UAP-D49-Launch-Summary-February-2000.pdf,71,DATE,16 Mar 72,16 Mar 72,
DOW-UAP-D49-Launch-Summary-February-2000.pdf,71,DATE,17 Mar 72,17 Mar 72,
DOW-UAP-D49-Launch-Summary-February-2000.pdf,71,DATE,21 Mar 72,21 Mar 72,
DOW-UAP-D49-Launch-Summary-February-2000.pdf,71,DATE,24 Mar 72,24 Mar 72,
DOW-UAP-D49-Launch-Summary-February-2000.pdf,71,DATE,13 Apr 72,13 Apr 72,
DOW-UAP-D49-Launch-Summary-February-2000.pdf,71,DATE,14 Apr 72,14 Apr 72,
DOW-UAP-D49-Launch-Summary-February-2000.pdf,71,DATE,19 Apr 72,19 Apr 72,
DOW-UAP-D49-Launch-Summary-February-2000.pdf,71,DATE,21 Apr 72,21 Apr 72,
DOW-UAP-D49-Launch-Summary-February-2000.pdf,71,DATE,5 May 72,5 May 72,
DOW-UAP-D49-Launch-Summary-February-2000.pdf,71,DATE,12 May 72,12 May 72,
DOW-UAP-D49-Launch-Summary-February-2000.pdf,71,DATE,20 May 72,20 May 72,
DOW-UAP-D49-Launch-Summary-February-2000.pdf,72,ORG,SAFEGUARD,SAFEGUARD,
DOW-UAP-D49-Launch-Summary-February-2000.pdf,72,ORG,SAC,SAC,
DOW-UAP-D49-Launch-Summary-February-2000.pdf,72,ORG,AFSC,AFSC,
DOW-UAP-D49-Launch-Summary-February-2000.pdf,72,ORG,NASA,NASA,
DOW-UAP-D49-Launch-Summary-February-2000.pdf,72,DATE,24 May 72,24 May 72,
DOW-UAP-D49-Launch-Summary-February-2000.pdf,72,DATE,25 May 72,25 May 72,
DOW-UAP-D49-Launch-Summary-February-2000.pdf,72,DATE,31 May 72,31 May 72,
DOW-UAP-D49-Launch-Summary-February-2000.pdf,72,DATE,6 Jun 72,6 Jun 72,
DOW-UAP-D49-Launch-Summary-February-2000.pdf,72,DATE,11 Jun 72,11 Jun 72,
DOW-UAP-D49-Launch-Summary-February-2000.pdf,72,DATE,13 Jun 72,13 Jun 72,
DOW-UAP-D49-Launch-Summary-February-2000.pdf,72,DATE,17 Jun 72,17 Jun 72,
DOW-UAP-D49-Launch-Summary-February-2000.pdf,72,DATE,20 Jun 72,20 Jun 72,
DOW-UAP-D49-Launch-Summary-February-2000.pdf,72,DATE,7 Jul 72,7 Jul 72,
DOW-UAP-D49-Launch-Summary-February-2000.pdf,72,DATE,15 Jul 72,15 Jul 72,
DOW-UAP-D49-Launch-Summary-February-2000.pdf,72,DATE,23 Jul 72,23 Jul 72,
DOW-UAP-D49-Launch-Summary-February-2000.pdf,72,DATE,25 Jul 72,25 Jul 72,
DOW-UAP-D49-Launch-Summary-February-2000.pdf,72,DATE,27 Jul 72,27 Jul 72,
DOW-UAP-D49-Launch-Summary-February-2000.pdf,72,DATE,2 Aug 72,2 Aug 72,
DOW-UAP-D49-Launch-Summary-February-2000.pdf,72,DATE,1 Sep 72,1 Sep 72,
DOW-UAP-D49-Launch-Summary-February-2000.pdf,72,DATE,2 Sep 72,2 Sep 72,
DOW-UAP-D49-Launch-Summary-February-2000.pdf,72,DATE,19 Sep 72,19 Sep 72,
DOW-UAP-D49-Launch-Summary-February-2000.pdf,72,DATE,25 Sep 72,25 Sep 72,
DOW-UAP-D49-Launch-Summary-February-2000.pdf,73,ORG,AFSC,AFSC,
DOW-UAP-D49-Launch-Summary-February-2000.pdf,73,ORG,SAC,SAC,
DOW-UAP-D49-Launch-Summary-February-2000.pdf,73,ORG,SAFEGUARD,SAFEGUARD,
DOW-UAP-D49-Launch-Summary-February-2000.pdf,73,ORG,NASA,NASA,
DOW-UAP-D49-Launch-Summary-February-2000.pdf,73,ORG,ADC,ADC,
DOW-UAP-D49-Launch-Summary-February-2000.pdf,73,DATE,2 Oct 72,2 Oct 72,
DOW-UAP-D49-Launch-Summary-February-2000.pdf,73,DATE,3 Oct 72,3 Oct 72,
DOW-UAP-D49-Launch-Summary-February-2000.pdf,73,DATE,10 Oct 72,10 Oct 72,
DOW-UAP-D49-Launch-Summary-February-2000.pdf,73,DATE,11 Oct 72,11 Oct 72,
DOW-UAP-D49-Launch-Summary-February-2000.pdf,73,DATE,16 Oct 72,16 Oct 72,
DOW-UAP-D49-Launch-Summary-February-2000.pdf,73,DATE,20 Oct 72,20 Oct 72,
DOW-UAP-D49-Launch-Summary-February-2000.pdf,73,DATE,27 Oct 72,27 Oct 72,
DOW-UAP-D49-Launch-Summary-February-2000.pdf,73,DATE,8 Nov 72,8 Nov 72,
DOW-UAP-D49-Launch-Summary-February-2000.pdf,73,DATE,21 Nov 72,21 Nov 72,
DOW-UAP-D49-Launch-Summary-February-2000.pdf,73,DATE,24 Nov 72,24 Nov 72,
DOW-UAP-D49-Launch-Summary-February-2000.pdf,73,DATE,29 Nov 72,29 Nov 72,
DOW-UAP-D49-Launch-Summary-February-2000.pdf,73,DATE,1 Dec 72,1 Dec 72,
DOW-UAP-D49-Launch-Summary-February-2000.pdf,73,DATE,4 Dec 72,4 Dec 72,
DOW-UAP-D49-Launch-Summary-February-2000.pdf,73,DATE,8 Dec 72,8 Dec 72,
DOW-UAP-D49-Launch-Summary-February-2000.pdf,73,DATE,10 Dec 72,10 Dec 72,
DOW-UAP-D49-Launch-Summary-February-2000.pdf,73,DATE,12 Dec 72,12 Dec 72,
DOW-UAP-D49-Launch-Summary-February-2000.pdf,73,DATE,16 Dec 72,16 Dec 72,
DOW-UAP-D49-Launch-Summary-February-2000.pdf,74,ORG,AFSC,AFSC,
DOW-UAP-D49-Launch-Summary-February-2000.pdf,74,ORG,SAC,SAC,
DOW-UAP-D49-Launch-Summary-February-2000.pdf,74,ORG,SAFEGUARD,SAFEGUARD,
DOW-UAP-D49-Launch-Summary-February-2000.pdf,74,DATE,18 Dec 72,18 Dec 72,
DOW-UAP-D49-Launch-Summary-February-2000.pdf,74,DATE,19 Dec 72,19 Dec 72,
DOW-UAP-D49-Launch-Summary-February-2000.pdf,74,DATE,21 Dec 72,21 Dec 72,
DOW-UAP-D49-Launch-Summary-February-2000.pdf,74,DATE,27 Dec 72,27 Dec 72,
DOW-UAP-D49-Launch-Summary-February-2000.pdf,74,DATE,29 Dec 72,29 Dec 72,
DOW-UAP-D49-Launch-Summary-February-2000.pdf,74,DATE,30 Jan 73,30 Jan 73,
DOW-UAP-D49-Launch-Summary-February-2000.pdf,74,DATE,9 Mar 73,9 Mar 73,
DOW-UAP-D49-Launch-Summary-February-2000.pdf,74,DATE,17 Apr 73,17 Apr 73,
DOW-UAP-D49-Launch-Summary-February-2000.pdf,74,DATE,25 Apr 73,25 Apr 73,
DOW-UAP-D49-Launch-Summary-February-2000.pdf,74,DATE,26 Apr 73,26 Apr 73,
DOW-UAP-D49-Launch-Summary-February-2000.pdf,74,DATE,3 May 73,3 May 73,
DOW-UAP-D49-Launch-Summary-February-2000.pdf,74,DATE,4 May 73,4 May 73,
DOW-UAP-D49-Launch-Summary-February-2000.pdf,74,DATE,16 May 73,16 May 73,
DOW-UAP-D49-Launch-Summary-February-2000.pdf,74,DATE,31 May 73,31 May 73,
DOW-UAP-D49-Launch-Summary-February-2000.pdf,74,DATE,7 Jun 73,7 Jun 73,
DOW-UAP-D49-Launch-Summary-February-2000.pdf,74,DATE,26 Jun 73,26 Jun 73,
DOW-UAP-D49-Launch-Summary-February-2000.pdf,74,DATE,27 Jun 73,27 Jun 73,
DOW-UAP-D49-Launch-Summary-February-2000.pdf,74,DATE,6 Jul 73,6 Jul 73,
DOW-UAP-D49-Launch-Summary-February-2000.pdf,75,ORG,AFSC,AFSC,
DOW-UAP-D49-Launch-Summary-February-2000.pdf,75,ORG,NASA,NASA,
DOW-UAP-D49-Launch-Summary-February-2000.pdf,75,ORG,SAFEGUARD,SAFEGUARD,
DOW-UAP-D49-Launch-Summary-February-2000.pdf,75,ORG,SAC,SAC,
DOW-UAP-D49-Launch-Summary-February-2000.pdf,75,ORG,ADC,ADC,
DOW-UAP-D49-Launch-Summary-February-2000.pdf,75,DATE,13 Jul 73,13 Jul 73,
DOW-UAP-D49-Launch-Summary-February-2000.pdf,75,DATE,16 Jul 73,16 Jul 73,
DOW-UAP-D49-Launch-Summary-February-2000.pdf,75,DATE,20 Jul 73,20 Jul 73,
DOW-UAP-D49-Launch-Summary-February-2000.pdf,75,DATE,26 Jul 73,26 Jul 73,
DOW-UAP-D49-Launch-Summary-February-2000.pdf,75,DATE,2 Aug 73,2 Aug 73,
DOW-UAP-D49-Launch-Summary-February-2000.pdf,75,DATE,9 Aug 73,9 Aug 73,
DOW-UAP-D49-Launch-Summary-February-2000.pdf,75,DATE,16 Aug 73,16 Aug 73,
DOW-UAP-D49-Launch-Summary-February-2000.pdf,75,DATE,21 Aug 73,21 Aug 73,
DOW-UAP-D49-Launch-Summary-February-2000.pdf,75,DATE,23 Aug 73,23 Aug 73,
DOW-UAP-D49-Launch-Summary-February-2000.pdf,75,DATE,29 Aug 73,29 Aug 73,
DOW-UAP-D49-Launch-Summary-February-2000.pdf,75,DATE,5 Sep 73,5 Sep 73,
DOW-UAP-D49-Launch-Summary-February-2000.pdf,75,DATE,7 Sep 73,7 Sep 73,
DOW-UAP-D49-Launch-Summary-February-2000.pdf,75,DATE,11 Sep 73,11 Sep 73,
DOW-UAP-D49-Launch-Summary-February-2000.pdf,75,DATE,14 Sep 73,14 Sep 73,
DOW-UAP-D49-Launch-Summary-February-2000.pdf,75,DATE,25 Sep 73,25 Sep 73,
DOW-UAP-D49-Launch-Summary-February-2000.pdf,75,DATE,27 Sep 73,27 Sep 73,
DOW-UAP-D49-Launch-Summary-February-2000.pdf,75,DATE,30 Sep 73,30 Sep 73,
DOW-UAP-D49-Launch-Summary-February-2000.pdf,75,DATE,2 Oct 73,2 Oct 73,
DOW-UAP-D49-Launch-Summary-February-2000.pdf,75,DATE,5 Oct 73,5 Oct 73,
DOW-UAP-D49-Launch-Summary-February-2000.pdf,75,DATE,29 Oct 73,29 Oct 73,
DOW-UAP-D49-Launch-Summary-February-2000.pdf,76,ORG,SAFEGUARD,SAFEGUARD,
DOW-UAP-D49-Launch-Summary-February-2000.pdf,76,ORG,AFSC,AFSC,
DOW-UAP-D49-Launch-Summary-February-2000.pdf,76,ORG,NASA,NASA,
DOW-UAP-D49-Launch-Summary-February-2000.pdf,76,ORG,SAC,SAC,
DOW-UAP-D49-Launch-Summary-February-2000.pdf,76,ORG,ADC,ADC,
DOW-UAP-D49-Launch-Summary-February-2000.pdf,76,DATE,2 Nov 73,2 Nov 73,
DOW-UAP-D49-Launch-Summary-February-2000.pdf,76,DATE,6 Nov 73,6 Nov 73,
DOW-UAP-D49-Launch-Summary-February-2000.pdf,76,DATE,10 Nov 73,10 Nov 73,
DOW-UAP-D49-Launch-Summary-February-2000.pdf,76,DATE,22 Nov 73,22 Nov 73,
DOW-UAP-D49-Launch-Summary-February-2000.pdf,76,DATE,29 Nov 73,29 Nov 73,
DOW-UAP-D49-Launch-Summary-February-2000.pdf,76,DATE,14 Dec 73,14 Dec 73,
DOW-UAP-D49-Launch-Summary-February-2000.pdf,76,DATE,15 Dec 73,15 Dec 73,
DOW-UAP-D49-Launch-Summary-February-2000.pdf,76,DATE,17 Dec 73,17 Dec 73,
DOW-UAP-D49-Launch-Summary-February-2000.pdf,76,DATE,22 Dec 73,22 Dec 73,
DOW-UAP-D49-Launch-Summary-February-2000.pdf,76,DATE,22 Jan 74,22 Jan 74,
DOW-UAP-D49-Launch-Summary-February-2000.pdf,76,DATE,6 Jan 74,6 Jan 74,
DOW-UAP-D49-Launch-Summary-February-2000.pdf,76,DATE,13 Feb 74,13 Feb 74,
DOW-UAP-D49-Launch-Summary-February-2000.pdf,76,DATE,1 Mar 74,1 Mar 74,
DOW-UAP-D49-Launch-Summary-February-2000.pdf,76,DATE,6 Mar 74,6 Mar 74,
DOW-UAP-D49-Launch-Summary-February-2000.pdf,76,DATE,8 Mar 74,8 Mar 74,
DOW-UAP-D49-Launch-Summary-February-2000.pdf,76,DATE,12 Mar 74,12 Mar 74,
DOW-UAP-D49-Launch-Summary-February-2000.pdf,76,DATE,16 Mar 74,16 Mar 74,
DOW-UAP-D49-Launch-Summary-February-2000.pdf,76,DATE,20 Mar 74,20 Mar 74,
DOW-UAP-D49-Launch-Summary-February-2000.pdf,76,DATE,23 Mar 74,23 Mar 74,
DOW-UAP-D49-Launch-Summary-February-2000.pdf,77,ORG,SAC,SAC,
DOW-UAP-D49-Launch-Summary-February-2000.pdf,77,ORG,AFSC,AFSC,
DOW-UAP-D49-Launch-Summary-February-2000.pdf,77,ORG,SAFEGUARD,SAFEGUARD,
DOW-UAP-D49-Launch-Summary-February-2000.pdf,77,ORG,NASA,NASA,
DOW-UAP-D49-Launch-Summary-February-2000.pdf,77,ORG,ADC,ADC,
DOW-UAP-D49-Launch-Summary-February-2000.pdf,77,DATE,27 Mar 74,27 Mar 74,
DOW-UAP-D49-Launch-Summary-February-2000.pdf,77,DATE,2 Apr 74,2 Apr 74,
DOW-UAP-D49-Launch-Summary-February-2000.pdf,77,DATE,4 Apr 74,4 Apr 74,
DOW-UAP-D49-Launch-Summary-February-2000.pdf,77,DATE,10 Apr 74,10 Apr 74,
DOW-UAP-D49-Launch-Summary-February-2000.pdf,77,DATE,16 Apr 74,16 Apr 74,
DOW-UAP-D49-Launch-Summary-February-2000.pdf,77,DATE,26 Apr 74,26 Apr 74,
DOW-UAP-D49-Launch-Summary-February-2000.pdf,77,DATE,1 May 74,1 May 74,
DOW-UAP-D49-Launch-Summary-February-2000.pdf,77,DATE,2 May 74,2 May 74,
DOW-UAP-D49-Launch-Summary-February-2000.pdf,77,DATE,30 May 74,30 May 74,
DOW-UAP-D49-Launch-Summary-February-2000.pdf,77,DATE,3 Jun 74,3 Jun 74,
DOW-UAP-D49-Launch-Summary-February-2000.pdf,77,DATE,6 Jun 74,6 Jun 74,
DOW-UAP-D49-Launch-Summary-February-2000.pdf,77,DATE,28 Jun 74,28 Jun 74,
DOW-UAP-D49-Launch-Summary-February-2000.pdf,77,DATE,9 Jul 74,9 Jul 74,
DOW-UAP-D49-Launch-Summary-February-2000.pdf,77,DATE,11 Jul 74,11 Jul 74,
DOW-UAP-D49-Launch-Summary-February-2000.pdf,77,DATE,13 Jul 74,13 Jul 74,
DOW-UAP-D49-Launch-Summary-February-2000.pdf,77,DATE,16 Jul 74,16 Jul 74,
DOW-UAP-D49-Launch-Summary-February-2000.pdf,77,DATE,18 Jul 74,18 Jul 74,
DOW-UAP-D49-Launch-Summary-February-2000.pdf,77,DATE,1 Aug 74,1 Aug 74,
DOW-UAP-D49-Launch-Summary-February-2000.pdf,77,DATE,8 Aug 74,8 Aug 74,
DOW-UAP-D49-Launch-Summary-February-2000.pdf,78,ORG,AFSC,AFSC,
DOW-UAP-D49-Launch-Summary-February-2000.pdf,78,ORG,SAC,SAC,
DOW-UAP-D49-Launch-Summary-February-2000.pdf,78,ORG,NASA,NASA,
DOW-UAP-D49-Launch-Summary-February-2000.pdf,78,DATE,14 Aug 74,14 Aug 74,
DOW-UAP-D49-Launch-Summary-February-2000.pdf,78,DATE,17 Aug 74,17 Aug 74,
DOW-UAP-D49-Launch-Summary-February-2000.pdf,78,DATE,30 Aug 74,30 Aug 74,
DOW-UAP-D49-Launch-Summary-February-2000.pdf,78,DATE,8 Sep 74,8 Sep 74,
DOW-UAP-D49-Launch-Summary-February-2000.pdf,78,DATE,28 Sep 74,28 Sep 74,
DOW-UAP-D49-Launch-Summary-February-2000.pdf,78,DATE,1 Oct 74,1 Oct 74,
DOW-UAP-D49-Launch-Summary-February-2000.pdf,78,DATE,4 Oct 74,4 Oct 74,
DOW-UAP-D49-Launch-Summary-February-2000.pdf,78,DATE,7 Oct 74,7 Oct 74,
DOW-UAP-D49-Launch-Summary-February-2000.pdf,78,DATE,11 Oct 74,11 Oct 74,
DOW-UAP-D49-Launch-Summary-February-2000.pdf,78,DATE,12 Oct 74,12 Oct 74,
DOW-UAP-D49-Launch-Summary-February-2000.pdf,78,DATE,16 Oct 74,16 Oct 74,
DOW-UAP-D49-Launch-Summary-February-2000.pdf,78,DATE,22 Oct 74,22 Oct 74,
DOW-UAP-D49-Launch-Summary-February-2000.pdf,78,DATE,25 Oct 74,25 Oct 74,
DOW-UAP-D49-Launch-Summary-February-2000.pdf,78,DATE,29 Oct 74,29 Oct 74,
DOW-UAP-D49-Launch-Summary-February-2000.pdf,78,DATE,15 Nov 74,15 Nov 74,
DOW-UAP-D49-Launch-Summary-February-2000.pdf,78,DATE,26 Nov 74,26 Nov 74,
DOW-UAP-D49-Launch-Summary-February-2000.pdf,78,DATE,3 Dec 74,3 Dec 74,
DOW-UAP-D49-Launch-Summary-February-2000.pdf,78,DATE,17 Dec 74,17 Dec 74,
DOW-UAP-D49-Launch-Summary-February-2000.pdf,78,DATE,9 Jan 75,9 Jan 75,
DOW-UAP-D49-Launch-Summary-February-2000.pdf,79,ORG,AFSC,AFSC,
DOW-UAP-D49-Launch-Summary-February-2000.pdf,79,ORG,NASA,NASA,
DOW-UAP-D49-Launch-Summary-February-2000.pdf,79,ORG,SAC,SAC,
DOW-UAP-D49-Launch-Summary-February-2000.pdf,79,ORG,ADC,ADC,
DOW-UAP-D49-Launch-Summary-February-2000.pdf,79,DATE,19 Jan 75,19 Jan 75,
DOW-UAP-D49-Launch-Summary-February-2000.pdf,79,DATE,22 Jan 75,22 Jan 75,
DOW-UAP-D49-Launch-Summary-February-2000.pdf,79,DATE,29 Jan 75,29 Jan 75,
DOW-UAP-D49-Launch-Summary-February-2000.pdf,79,DATE,5 Feb 75,5 Feb 75,
DOW-UAP-D49-Launch-Summary-February-2000.pdf,79,DATE,6 Mar 75,6 Mar 75,
DOW-UAP-D49-Launch-Summary-February-2000.pdf,79,DATE,9 Mar 75,9 Mar 75,
DOW-UAP-D49-Launch-Summary-February-2000.pdf,79,DATE,20 Mar 75,20 Mar 75,
DOW-UAP-D49-Launch-Summary-February-2000.pdf,79,DATE,9 Apr 75,9 Apr 75,
DOW-UAP-D49-Launch-Summary-February-2000.pdf,79,DATE,10 Apr 75,10 Apr 75,
DOW-UAP-D49-Launch-Summary-February-2000.pdf,79,DATE,12 Apr 75,12 Apr 75,
DOW-UAP-D49-Launch-Summary-February-2000.pdf,79,DATE,18 Apr 75,18 Apr 75,
DOW-UAP-D49-Launch-Summary-February-2000.pdf,79,DATE,6 May 75,6 May 75,
DOW-UAP-D49-Launch-Summary-February-2000.pdf,79,DATE,9 May 75,9 May 75,
DOW-UAP-D49-Launch-Summary-February-2000.pdf,79,DATE,16 May 75,16 May 75,
DOW-UAP-D49-Launch-Summary-February-2000.pdf,79,DATE,22 May 75,22 May 75,
DOW-UAP-D49-Launch-Summary-February-2000.pdf,79,DATE,23 May 75,23 May 75,
DOW-UAP-D49-Launch-Summary-February-2000.pdf,79,DATE,8 Jun 75,8 Jun 75,
DOW-UAP-D49-Launch-Summary-February-2000.pdf,79,DATE,11 Jun 75,11 Jun 75,
DOW-UAP-D49-Launch-Summary-February-2000.pdf,79,DATE,12 Jun 75,12 Jun 75,
DOW-UAP-D49-Launch-Summary-February-2000.pdf,80,ORG,SAC,SAC,
DOW-UAP-D49-Launch-Summary-February-2000.pdf,80,ORG,AFSC,AFSC,
DOW-UAP-D49-Launch-Summary-February-2000.pdf,80,ORG,NASA,NASA,
DOW-UAP-D49-Launch-Summary-February-2000.pdf,80,DATE,20 Jun 75,20 Jun 75,
DOW-UAP-D49-Launch-Summary-February-2000.pdf,80,DATE,1 Jul 75,1 Jul 75,
DOW-UAP-D49-Launch-Summary-February-2000.pdf,80,DATE,23 Jul 75,23 Jul 75,
DOW-UAP-D49-Launch-Summary-February-2000.pdf,80,DATE,26 Jul 75,26 Jul 75,
DOW-UAP-D49-Launch-Summary-February-2000.pdf,80,DATE,7 Aug 75,7 Aug 75,
DOW-UAP-D49-Launch-Summary-February-2000.pdf,80,DATE,8 Aug 75,8 Aug 75,
DOW-UAP-D49-Launch-Summary-February-2000.pdf,80,DATE,14 Aug 75,14 Aug 75,
DOW-UAP-D49-Launch-Summary-February-2000.pdf,80,DATE,22 Aug 75,22 Aug 75,
DOW-UAP-D49-Launch-Summary-February-2000.pdf,80,DATE,29 Aug 75,29 Aug 75,
DOW-UAP-D49-Launch-Summary-February-2000.pdf,80,DATE,5 Sep 75,5 Sep 75,
DOW-UAP-D49-Launch-Summary-February-2000.pdf,80,DATE,10 Sep 75,10 Sep 75,
DOW-UAP-D49-Launch-Summary-February-2000.pdf,80,DATE,16 Sep 75,16 Sep 75,
DOW-UAP-D49-Launch-Summary-February-2000.pdf,80,DATE,23 Sep 75,23 Sep 75,
DOW-UAP-D49-Launch-Summary-February-2000.pdf,80,DATE,30 Sep 75,30 Sep 75,
DOW-UAP-D49-Launch-Summary-February-2000.pdf,80,DATE,6 Oct 75,6 Oct 75,
DOW-UAP-D49-Launch-Summary-February-2000.pdf,80,DATE,9 Oct 75,9 Oct 75,
DOW-UAP-D49-Launch-Summary-February-2000.pdf,80,DATE,11 Oct 75,11 Oct 75,
DOW-UAP-D49-Launch-Summary-February-2000.pdf,80,DATE,13 Nov 75,13 Nov 75,
DOW-UAP-D49-Launch-Summary-February-2000.pdf,80,DATE,14 Nov 75,14 Nov 75,
DOW-UAP-D49-Launch-Summary-February-2000.pdf,81,ORG,AFSC,AFSC,
DOW-UAP-D49-Launch-Summary-February-2000.pdf,81,ORG,SAC,SAC,
DOW-UAP-D49-Launch-Summary-February-2000.pdf,81,ORG,ADC,ADC,
DOW-UAP-D49-Launch-Summary-February-2000.pdf,81,ORG,NASA,NASA,
DOW-UAP-D49-Launch-Summary-February-2000.pdf,81,DATE,4 Dec 75,4 Dec 75,
DOW-UAP-D49-Launch-Summary-February-2000.pdf,81,DATE,5 Dec 75,5 Dec 75,
DOW-UAP-D49-Launch-Summary-February-2000.pdf,81,DATE,10 Dec 75,10 Dec 75,
DOW-UAP-D49-Launch-Summary-February-2000.pdf,81,DATE,16 Dec 75,16 Dec 75,
DOW-UAP-D49-Launch-Summary-February-2000.pdf,81,DATE,17 Dec 75,17 Dec 75,
DOW-UAP-D49-Launch-Summary-February-2000.pdf,81,DATE,8 Jan 76,8 Jan 76,
DOW-UAP-D49-Launch-Summary-February-2000.pdf,81,DATE,23 Jan 76,23 Jan 76,
DOW-UAP-D49-Launch-Summary-February-2000.pdf,81,DATE,29 Jan 76,29 Jan 76,
DOW-UAP-D49-Launch-Summary-February-2000.pdf,81,DATE,6 Feb 76,6 Feb 76,
DOW-UAP-D49-Launch-Summary-February-2000.pdf,81,DATE,8 Feb 76,8 Feb 76,
DOW-UAP-D49-Launch-Summary-February-2000.pdf,81,DATE,19 Feb 76,19 Feb 76,
DOW-UAP-D49-Launch-Summary-February-2000.pdf,81,DATE,24 Feb 76,24 Feb 76,
DOW-UAP-D49-Launch-Summary-February-2000.pdf,81,DATE,27 Feb 76,27 Feb 76,
DOW-UAP-D49-Launch-Summary-February-2000.pdf,81,DATE,4 Mar 76,4 Mar 76,
DOW-UAP-D49-Launch-Summary-February-2000.pdf,81,DATE,14 Mar 76,14 Mar 76,
DOW-UAP-D49-Launch-Summary-February-2000.pdf,81,DATE,22 Mar 76,22 Mar 76,
DOW-UAP-D49-Launch-Summary-February-2000.pdf,81,DATE,30 Apr 76,30 Apr 76,
DOW-UAP-D49-Launch-Summary-February-2000.pdf,81,DATE,3 May 76,3 May 76,
DOW-UAP-D49-Launch-Summary-February-2000.pdf,81,DATE,5 May 76,5 May 76,
DOW-UAP-D49-Launch-Summary-February-2000.pdf,82,ORG,AFSC,AFSC,
DOW-UAP-D49-Launch-Summary-February-2000.pdf,82,ORG,SAC,SAC,
DOW-UAP-D49-Launch-Summary-February-2000.pdf,82,ORG,NASA,NASA,
DOW-UAP-D49-Launch-Summary-February-2000.pdf,82,ORG,ADC,ADC,
DOW-UAP-D49-Launch-Summary-February-2000.pdf,82,DATE,22 May 76,22 May 76,
DOW-UAP-D49-Launch-Summary-February-2000.pdf,82,DATE,2 Jun 76,2 Jun 76,
DOW-UAP-D49-Launch-Summary-February-2000.pdf,82,DATE,3 Jun 76,3 Jun 76,
DOW-UAP-D49-Launch-Summary-February-2000.pdf,82,DATE,9 Jun 76,9 Jun 76,
DOW-UAP-D49-Launch-Summary-February-2000.pdf,82,DATE,22 Jun 76,22 Jun 76,
DOW-UAP-D49-Launch-Summary-February-2000.pdf,82,DATE,27 Jun 76,27 Jun 76,
DOW-UAP-D49-Launch-Summary-February-2000.pdf,82,DATE,30 Jun 76,30 Jun 76,
DOW-UAP-D49-Launch-Summary-February-2000.pdf,82,DATE,8 Jul 76,8 Jul 76,
DOW-UAP-D49-Launch-Summary-February-2000.pdf,82,DATE,13 Jul 76,13 Jul 76,
DOW-UAP-D49-Launch-Summary-February-2000.pdf,82,DATE,15 Jul 76,15 Jul 76,
DOW-UAP-D49-Launch-Summary-February-2000.pdf,82,DATE,29 Jul 76,29 Jul 76,
DOW-UAP-D49-Launch-Summary-February-2000.pdf,82,DATE,6 Aug 76,6 Aug 76,
DOW-UAP-D49-Launch-Summary-February-2000.pdf,82,DATE,19 Aug 76,19 Aug 76,
DOW-UAP-D49-Launch-Summary-February-2000.pdf,82,DATE,26 Aug 76,26 Aug 76,
DOW-UAP-D49-Launch-Summary-February-2000.pdf,82,DATE,1 Sep 76,1 Sep 76,
DOW-UAP-D49-Launch-Summary-February-2000.pdf,82,DATE,11 Sep 76,11 Sep 76,
DOW-UAP-D49-Launch-Summary-February-2000.pdf,82,DATE,15 Sep 76,15 Sep 76,
DOW-UAP-D49-Launch-Summary-February-2000.pdf,82,DATE,23 Sep 76,23 Sep 76,
DOW-UAP-D49-Launch-Summary-February-2000.pdf,82,DATE,26 Oct 76,26 Oct 76,
DOW-UAP-D49-Launch-Summary-February-2000.pdf,83,ORG,SAC,SAC,
DOW-UAP-D49-Launch-Summary-February-2000.pdf,83,ORG,AFSC,AFSC,
DOW-UAP-D49-Launch-Summary-February-2000.pdf,83,ORG,ADC,ADC,
DOW-UAP-D49-Launch-Summary-February-2000.pdf,83,DATE,28 Oct 76,28 Oct 76,
DOW-UAP-D49-Launch-Summary-February-2000.pdf,83,DATE,5 Nov 76,5 Nov 76,
DOW-UAP-D49-Launch-Summary-February-2000.pdf,83,DATE,8 Nov 76,8 Nov 76,
DOW-UAP-D49-Launch-Summary-February-2000.pdf,83,DATE,12 Nov 76,12 Nov 76,
DOW-UAP-D49-Launch-Summary-February-2000.pdf,83,DATE,30 Nov 76,30 Nov 76,
DOW-UAP-D49-Launch-Summary-February-2000.pdf,83,DATE,19 Dec 76,19 Dec 76,
DOW-UAP-D49-Launch-Summary-February-2000.pdf,83,DATE,21 Jan 77,21 Jan 77,
DOW-UAP-D49-Launch-Summary-February-2000.pdf,83,DATE,30 Jan 77,30 Jan 77,
DOW-UAP-D49-Launch-Summary-February-2000.pdf,83,DATE,1 Feb 77,1 Feb 77,
DOW-UAP-D49-Launch-Summary-February-2000.pdf,83,DATE,4 Feb 77,4 Feb 77,
DOW-UAP-D49-Launch-Summary-February-2000.pdf,83,DATE,16 Feb 77,16 Feb 77,
DOW-UAP-D49-Launch-Summary-February-2000.pdf,83,DATE,13 Mar 77,13 Mar 77,
DOW-UAP-D49-Launch-Summary-February-2000.pdf,83,DATE,31 Mar 77,31 Mar 77,
DOW-UAP-D49-Launch-Summary-February-2000.pdf,83,DATE,11 May 77,11 May 77,
DOW-UAP-D49-Launch-Summary-February-2000.pdf,83,DATE,18 May 77,18 May 77,
DOW-UAP-D49-Launch-Summary-February-2000.pdf,83,DATE,28 May 77,28 May 77,
DOW-UAP-D49-Launch-Summary-February-2000.pdf,83,DATE,1 Jun 77,1 Jun 77,
DOW-UAP-D49-Launch-Summary-February-2000.pdf,83,DATE,4 Jun 77,4 Jun 77,
DOW-UAP-D49-Launch-Summary-February-2000.pdf,84,ORG,AFSC,AFSC,
DOW-UAP-D49-Launch-Summary-February-2000.pdf,84,ORG,SAC,SAC,
DOW-UAP-D49-Launch-Summary-February-2000.pdf,84,ORG,NASA,NASA,
DOW-UAP-D49-Launch-Summary-February-2000.pdf,84,DATE,16 Jun 77,16 Jun 77,
DOW-UAP-D49-Launch-Summary-February-2000.pdf,84,DATE,23 Jun 77,23 Jun 77,
DOW-UAP-D49-Launch-Summary-February-2000.pdf,84,DATE,27 Jun 77,27 Jun 77,
DOW-UAP-D49-Launch-Summary-February-2000.pdf,84,DATE,28 Jun 77,28 Jun 77,
DOW-UAP-D49-Launch-Summary-February-2000.pdf,84,DATE,13 Jul 77,13 Jul 77,
DOW-UAP-D49-Launch-Summary-February-2000.pdf,84,DATE,14 Jul 77,14 Jul 77,
DOW-UAP-D49-Launch-Summary-February-2000.pdf,84,DATE,3 Aug 77,3 Aug 77,
DOW-UAP-D49-Launch-Summary-February-2000.pdf,84,DATE,19 Aug 77,19 Aug 77,
DOW-UAP-D49-Launch-Summary-February-2000.pdf,84,DATE,3 Sep 77,3 Sep 77,
DOW-UAP-D49-Launch-Summary-February-2000.pdf,84,DATE,14 Sep 77,14 Sep 77,
DOW-UAP-D49-Launch-Summary-February-2000.pdf,84,DATE,23 Sep 77,23 Sep 77,
DOW-UAP-D49-Launch-Summary-February-2000.pdf,84,DATE,27 Oct 77,27 Oct 77,
DOW-UAP-D49-Launch-Summary-February-2000.pdf,84,DATE,30 Nov 77,30 Nov 77,
DOW-UAP-D49-Launch-Summary-February-2000.pdf,84,DATE,6 Dec 77,6 Dec 77,
DOW-UAP-D49-Launch-Summary-February-2000.pdf,84,DATE,8 Dec 77,8 Dec 77,
DOW-UAP-D49-Launch-Summary-February-2000.pdf,84,DATE,9 Dec 77,9 Dec 77,
DOW-UAP-D49-Launch-Summary-February-2000.pdf,84,DATE,6 Jan 78,6 Jan 78,
DOW-UAP-D49-Launch-Summary-February-2000.pdf,85,ORG,SAC,SAC,
DOW-UAP-D49-Launch-Summary-February-2000.pdf,85,ORG,AFSC,AFSC,
DOW-UAP-D49-Launch-Summary-February-2000.pdf,85,ORG,NASA,NASA,
DOW-UAP-D49-Launch-Summary-February-2000.pdf,85,ORG,ADC,ADC,
DOW-UAP-D49-Launch-Summary-February-2000.pdf,85,DATE,8 Feb 78,8 Feb 78,
DOW-UAP-D49-Launch-Summary-February-2000.pdf,85,DATE,15 Feb 78,15 Feb 78,
DOW-UAP-D49-Launch-Summary-February-2000.pdf,85,DATE,22 Feb 78,22 Feb 78,
DOW-UAP-D49-Launch-Summary-February-2000.pdf,85,DATE,24 Feb 78,24 Feb 78,
DOW-UAP-D49-Launch-Summary-February-2000.pdf,85,DATE,2 Mar 78,2 Mar 78,
DOW-UAP-D49-Launch-Summary-February-2000.pdf,85,DATE,5 Mar 78,5 Mar 78,
DOW-UAP-D49-Launch-Summary-February-2000.pdf,85,DATE,16 Mar 78,16 Mar 78,
DOW-UAP-D49-Launch-Summary-February-2000.pdf,85,DATE,24 Mar 78,24 Mar 78,
DOW-UAP-D49-Launch-Summary-February-2000.pdf,85,DATE,5 Apr 78,5 Apr 78,
DOW-UAP-D49-Launch-Summary-February-2000.pdf,85,DATE,26 Apr 78,26 Apr 78,
DOW-UAP-D49-Launch-Summary-February-2000.pdf,85,DATE,30 Apr 78,30 Apr 78,
DOW-UAP-D49-Launch-Summary-February-2000.pdf,85,DATE,13 May 78,13 May 78,
DOW-UAP-D49-Launch-Summary-February-2000.pdf,85,DATE,2 Jun 78,2 Jun 78,
DOW-UAP-D49-Launch-Summary-February-2000.pdf,85,DATE,8 Jun 78,8 Jun 78,
DOW-UAP-D49-Launch-Summary-February-2000.pdf,85,DATE,14 Jun 78,14 Jun 78,
DOW-UAP-D49-Launch-Summary-February-2000.pdf,85,DATE,16 Jun 78,16 Jun 78,
DOW-UAP-D49-Launch-Summary-February-2000.pdf,85,DATE,22 Jun 78,22 Jun 78,
DOW-UAP-D49-Launch-Summary-February-2000.pdf,85,DATE,26 Jun 78,26 Jun 78,
DOW-UAP-D49-Launch-Summary-February-2000.pdf,85,DATE,27 Jun 78,27 Jun 78,
DOW-UAP-D49-Launch-Summary-February-2000.pdf,85,DATE,4 Jul 78,4 Jul 78,
DOW-UAP-D49-Launch-Summary-February-2000.pdf,86,ORG,SAC,SAC,
DOW-UAP-D49-Launch-Summary-February-2000.pdf,86,ORG,AFSC,AFSC,
DOW-UAP-D49-Launch-Summary-February-2000.pdf,86,ORG,NASA,NASA,
DOW-UAP-D49-Launch-Summary-February-2000.pdf,86,DATE,25 Jul 78,25 Jul 78,
DOW-UAP-D49-Launch-Summary-February-2000.pdf,86,DATE,4 Aug 78,4 Aug 78,
DOW-UAP-D49-Launch-Summary-February-2000.pdf,86,DATE,6 Sep 78,6 Sep 78,
DOW-UAP-D49-Launch-Summary-February-2000.pdf,86,DATE,6 Oct 78,6 Oct 78,
DOW-UAP-D49-Launch-Summary-February-2000.pdf,86,DATE,13 Oct 78,13 Oct 78,
DOW-UAP-D49-Launch-Summary-February-2000.pdf,86,DATE,24 Oct 78,24 Oct 78,
DOW-UAP-D49-Launch-Summary-February-2000.pdf,86,DATE,16 Nov 78,16 Nov 78,
DOW-UAP-D49-Launch-Summary-February-2000.pdf,86,DATE,27 Nov 78,27 Nov 78,
DOW-UAP-D49-Launch-Summary-February-2000.pdf,86,DATE,5 Dec 78,5 Dec 78,
DOW-UAP-D49-Launch-Summary-February-2000.pdf,86,DATE,8 Dec 78,8 Dec 78,
DOW-UAP-D49-Launch-Summary-February-2000.pdf,86,DATE,10 Dec 78,10 Dec 78,
DOW-UAP-D49-Launch-Summary-February-2000.pdf,86,DATE,19 Jan 79,19 Jan 79,
DOW-UAP-D49-Launch-Summary-February-2000.pdf,86,DATE,24 Jan 79,24 Jan 79,
DOW-UAP-D49-Launch-Summary-February-2000.pdf,86,DATE,30 Jan 79,30 Jan 79,
DOW-UAP-D49-Launch-Summary-February-2000.pdf,86,DATE,6 Feb 79,6 Feb 79,
DOW-UAP-D49-Launch-Summary-February-2000.pdf,86,DATE,15 Feb 79,15 Feb 79,
DOW-UAP-D49-Launch-Summary-February-2000.pdf,86,DATE,24 Feb 79,24 Feb 79,
DOW-UAP-D49-Launch-Summary-February-2000.pdf,86,DATE,27 Feb 79,27 Feb 79,
DOW-UAP-D49-Launch-Summary-February-2000.pdf,86,DATE,23 Mar 79,23 Mar 79,
DOW-UAP-D49-Launch-Summary-February-2000.pdf,87,ORG,SAC,SAC,
DOW-UAP-D49-Launch-Summary-February-2000.pdf,87,ORG,AFSC,AFSC,
DOW-UAP-D49-Launch-Summary-February-2000.pdf,87,ORG,ADC,ADC,
DOW-UAP-D49-Launch-Summary-February-2000.pdf,87,ORG,NASA,NASA,
DOW-UAP-D49-Launch-Summary-February-2000.pdf,87,DATE,28 May 79,28 May 79,
DOW-UAP-D49-Launch-Summary-February-2000.pdf,87,DATE,6 Jun 79,6 Jun 79,
DOW-UAP-D49-Launch-Summary-February-2000.pdf,87,DATE,27 Jun 79,27 Jun 79,
DOW-UAP-D49-Launch-Summary-February-2000.pdf,87,DATE,6 Jul 79,6 Jul 79,
DOW-UAP-D49-Launch-Summary-February-2000.pdf,87,DATE,10 Jul 79,10 Jul 79,
DOW-UAP-D49-Launch-Summary-February-2000.pdf,87,DATE,16 Jul 79,16 Jul 79,
DOW-UAP-D49-Launch-Summary-February-2000.pdf,87,DATE,26 Jul 79,26 Jul 79,
DOW-UAP-D49-Launch-Summary-February-2000.pdf,87,DATE,3 Aug 79,3 Aug 79,
DOW-UAP-D49-Launch-Summary-February-2000.pdf,87,DATE,30 Aug 79,30 Aug 79,
DOW-UAP-D49-Launch-Summary-February-2000.pdf,87,DATE,22 Sep 79,22 Sep 79,
DOW-UAP-D49-Launch-Summary-February-2000.pdf,87,DATE,25 Sep 79,25 Sep 79,
DOW-UAP-D49-Launch-Summary-February-2000.pdf,87,DATE,28 Sep 79,28 Sep 79,
DOW-UAP-D49-Launch-Summary-February-2000.pdf,87,DATE,30 Oct 79,30 Oct 79,
DOW-UAP-D49-Launch-Summary-February-2000.pdf,87,DATE,13 Dec 79,13 Dec 79,
DOW-UAP-D49-Launch-Summary-February-2000.pdf,87,DATE,20 Dec 79,20 Dec 79,
DOW-UAP-D49-Launch-Summary-February-2000.pdf,87,DATE,31 Jan 80,31 Jan 80,
DOW-UAP-D49-Launch-Summary-February-2000.pdf,87,DATE,5 Feb 80,5 Feb 80,
DOW-UAP-D49-Launch-Summary-February-2000.pdf,88,ORG,AFSC,AFSC,
DOW-UAP-D49-Launch-Summary-February-2000.pdf,88,ORG,SAC,SAC,
DOW-UAP-D49-Launch-Summary-February-2000.pdf,88,DATE,6 Feb 80,6 Feb 80,
DOW-UAP-D49-Launch-Summary-February-2000.pdf,88,DATE,9 Feb 80,9 Feb 80,
DOW-UAP-D49-Launch-Summary-February-2000.pdf,88,DATE,21 Feb 80,21 Feb 80,
DOW-UAP-D49-Launch-Summary-February-2000.pdf,88,DATE,23 Feb 80,23 Feb 80,
DOW-UAP-D49-Launch-Summary-February-2000.pdf,88,DATE,27 Feb 80,27 Feb 80,
DOW-UAP-D49-Launch-Summary-February-2000.pdf,88,DATE,3 Mar 80,3 Mar 80,
DOW-UAP-D49-Launch-Summary-February-2000.pdf,88,DATE,15 Mar 80,15 Mar 80,
DOW-UAP-D49-Launch-Summary-February-2000.pdf,88,DATE,27 Mar 80,27 Mar 80,
DOW-UAP-D49-Launch-Summary-February-2000.pdf,88,DATE,10 Apr 80,10 Apr 80,
DOW-UAP-D49-Launch-Summary-February-2000.pdf,88,DATE,26 Apr 80,26 Apr 80,
DOW-UAP-D49-Launch-Summary-February-2000.pdf,88,DATE,29 May 80,29 May 80,
DOW-UAP-D49-Launch-Summary-February-2000.pdf,88,DATE,18 Jun 80,18 Jun 80,
DOW-UAP-D49-Launch-Summary-February-2000.pdf,88,DATE,22 Jun 80,22 Jun 80,
DOW-UAP-D49-Launch-Summary-February-2000.pdf,88,DATE,14 Jul 80,14 Jul 80,
DOW-UAP-D49-Launch-Summary-February-2000.pdf,88,DATE,1 Aug 80,1 Aug 80,
DOW-UAP-D49-Launch-Summary-February-2000.pdf,88,DATE,20 Aug 80,20 Aug 80,
DOW-UAP-D49-Launch-Summary-February-2000.pdf,88,DATE,15 Sep 80,15 Sep 80,
DOW-UAP-D49-Launch-Summary-February-2000.pdf,88,DATE,17 Sep 80,17 Sep 80,
DOW-UAP-D49-Launch-Summary-February-2000.pdf,88,DATE,8 Oct 80,8 Oct 80,
DOW-UAP-D49-Launch-Summary-February-2000.pdf,89,ORG,AFSC,AFSC,
DOW-UAP-D49-Launch-Summary-February-2000.pdf,89,ORG,SAC,SAC,
DOW-UAP-D49-Launch-Summary-February-2000.pdf,89,ORG,NASA,NASA,
DOW-UAP-D49-Launch-Summary-February-2000.pdf,89,DATE,17 Nov 80,17 Nov 80,
DOW-UAP-D49-Launch-Summary-February-2000.pdf,89,DATE,8 Dec 80,8 Dec 80,
DOW-UAP-D49-Launch-Summary-February-2000.pdf,89,DATE,13 Dec 80,13 Dec 80,
DOW-UAP-D49-Launch-Summary-February-2000.pdf,89,DATE,16 Dec 80,16 Dec 80,
DOW-UAP-D49-Launch-Summary-February-2000.pdf,89,DATE,9 Feb 81,9 Feb 81,
DOW-UAP-D49-Launch-Summary-February-2000.pdf,89,DATE,18 Feb 81,18 Feb 81,
DOW-UAP-D49-Launch-Summary-February-2000.pdf,89,DATE,21 Feb 81,21 Feb 81,
DOW-UAP-D49-Launch-Summary-February-2000.pdf,89,DATE,28 Feb 81,28 Feb 81,
DOW-UAP-D49-Launch-Summary-February-2000.pdf,89,DATE,15 Mar 81,15 Mar 81,
DOW-UAP-D49-Launch-Summary-February-2000.pdf,89,DATE,4 Apr 81,4 Apr 81,
DOW-UAP-D49-Launch-Summary-February-2000.pdf,89,DATE,24 Apr 81,24 Apr 81,
DOW-UAP-D49-Launch-Summary-February-2000.pdf,89,DATE,12 Jun 81,12 Jun 81,
DOW-UAP-D49-Launch-Summary-February-2000.pdf,89,DATE,23 Jun 81,23 Jun 81,
DOW-UAP-D49-Launch-Summary-February-2000.pdf,89,DATE,26 Jun 81,26 Jun 81,
DOW-UAP-D49-Launch-Summary-February-2000.pdf,89,DATE,3 Aug 81,3 Aug 81,
DOW-UAP-D49-Launch-Summary-February-2000.pdf,90,ORG,AFSC,AFSC,
DOW-UAP-D49-Launch-Summary-February-2000.pdf,90,ORG,NASA,NASA,
DOW-UAP-D49-Launch-Summary-February-2000.pdf,90,ORG,SAC,SAC,
DOW-UAP-D49-Launch-Summary-February-2000.pdf,90,DATE,3 Sep 81,3 Sep 81,
DOW-UAP-D49-Launch-Summary-February-2000.pdf,90,DATE,12 Sep 81,12 Sep 81,
DOW-UAP-D49-Launch-Summary-February-2000.pdf,90,DATE,4 Oct 81,4 Oct 81,
DOW-UAP-D49-Launch-Summary-February-2000.pdf,90,DATE,6 Oct 81,6 Oct 81,
DOW-UAP-D49-Launch-Summary-February-2000.pdf,90,DATE,24 Nov 81,24 Nov 81,
DOW-UAP-D49-Launch-Summary-February-2000.pdf,90,DATE,9 Dec 81,9 Dec 81,
DOW-UAP-D49-Launch-Summary-February-2000.pdf,90,DATE,18 Dec 81,18 Dec 81,
DOW-UAP-D49-Launch-Summary-February-2000.pdf,90,DATE,21 Jan 82,21 Jan 82,
DOW-UAP-D49-Launch-Summary-February-2000.pdf,90,DATE,29 Jan 82,29 Jan 82,
DOW-UAP-D49-Launch-Summary-February-2000.pdf,90,DATE,18 Mar 82,18 Mar 82,
DOW-UAP-D49-Launch-Summary-February-2000.pdf,90,DATE,31 Mar 82,31 Mar 82,
DOW-UAP-D49-Launch-Summary-February-2000.pdf,90,DATE,11 May 82,11 May 82,
DOW-UAP-D49-Launch-Summary-February-2000.pdf,90,DATE,22 Jun 82,22 Jun 82,
DOW-UAP-D49-Launch-Summary-February-2000.pdf,90,DATE,14 Jul 82,14 Jul 82,
DOW-UAP-D49-Launch-Summary-February-2000.pdf,90,DATE,16 Jul 82,16 Jul 82,
DOW-UAP-D49-Launch-Summary-February-2000.pdf,90,DATE,19 Jul 82,19 Jul 82,
DOW-UAP-D49-Launch-Summary-February-2000.pdf,90,DATE,4 Aug 82,4 Aug 82,
DOW-UAP-D49-Launch-Summary-February-2000.pdf,90,DATE,24 Sep 82,24 Sep 82,
DOW-UAP-D49-Launch-Summary-February-2000.pdf,90,DATE,8 Oct 82,8 Oct 82,
DOW-UAP-D49-Launch-Summary-February-2000.pdf,91,ORG,SAC,SAC,
DOW-UAP-D49-Launch-Summary-February-2000.pdf,91,ORG,AFSC,AFSC,
DOW-UAP-D49-Launch-Summary-February-2000.pdf,91,ORG,NASA,NASA,
DOW-UAP-D49-Launch-Summary-February-2000.pdf,91,DATE,14 Oct 82,14 Oct 82,
DOW-UAP-D49-Launch-Summary-February-2000.pdf,91,DATE,17 Nov 82,17 Nov 82,
DOW-UAP-D49-Launch-Summary-February-2000.pdf,91,DATE,2 Dec 82,2 Dec 82,
DOW-UAP-D49-Launch-Summary-February-2000.pdf,91,DATE,20 Dec 82,20 Dec 82,
DOW-UAP-D49-Launch-Summary-February-2000.pdf,91,DATE,7 Jan 83,7 Jan 83,
DOW-UAP-D49-Launch-Summary-February-2000.pdf,91,DATE,25 Jan 83,25 Jan 83,
DOW-UAP-D49-Launch-Summary-February-2000.pdf,91,DATE,7 Feb 83,7 Feb 83,
DOW-UAP-D49-Launch-Summary-February-2000.pdf,91,DATE,9 Feb 83,9 Feb 83,
DOW-UAP-D49-Launch-Summary-February-2000.pdf,91,DATE,24 Feb 83,24 Feb 83,
DOW-UAP-D49-Launch-Summary-February-2000.pdf,91,DATE,11 Mar 83,11 Mar 83,
DOW-UAP-D49-Launch-Summary-February-2000.pdf,91,DATE,16 Mar 83,16 Mar 83,
DOW-UAP-D49-Launch-Summary-February-2000.pdf,91,DATE,28 Mar 83,28 Mar 83,
DOW-UAP-D49-Launch-Summary-February-2000.pdf,91,DATE,15 Apr 83,15 Apr 83,
DOW-UAP-D49-Launch-Summary-February-2000.pdf,91,DATE,5 May 83,5 May 83,
DOW-UAP-D49-Launch-Summary-February-2000.pdf,91,DATE,26 May 83,26 May 83,
DOW-UAP-D49-Launch-Summary-February-2000.pdf,91,DATE,17 Jun 83,17 Jun 83,
DOW-UAP-D49-Launch-Summary-February-2000.pdf,91,DATE,20 Jun 83,20 Jun 83,
DOW-UAP-D49-Launch-Summary-February-2000.pdf,91,DATE,25 Jun 83,25 Jun 83,
DOW-UAP-D49-Launch-Summary-February-2000.pdf,92,ORG,SAC,SAC,
DOW-UAP-D49-Launch-Summary-February-2000.pdf,92,ORG,NASA,NASA,
DOW-UAP-D49-Launch-Summary-February-2000.pdf,92,ORG,AFSC,AFSC,
DOW-UAP-D49-Launch-Summary-February-2000.pdf,92,DATE,27 Jun 83,27 Jun 83,
DOW-UAP-D49-Launch-Summary-February-2000.pdf,92,DATE,14 Jul 83,14 Jul 83,
DOW-UAP-D49-Launch-Summary-February-2000.pdf,92,DATE,31 Jul 83,31 Jul 83,
DOW-UAP-D49-Launch-Summary-February-2000.pdf,92,DATE,21 Sep 83,21 Sep 83,
DOW-UAP-D49-Launch-Summary-February-2000.pdf,92,DATE,28 Sep 83,28 Sep 83,
DOW-UAP-D49-Launch-Summary-February-2000.pdf,92,DATE,14 Oct 83,14 Oct 83,
DOW-UAP-D49-Launch-Summary-February-2000.pdf,92,DATE,17 Nov 83,17 Nov 83,
DOW-UAP-D49-Launch-Summary-February-2000.pdf,92,DATE,22 Nov 83,22 Nov 83,
DOW-UAP-D49-Launch-Summary-February-2000.pdf,92,DATE,16 Dec 83,16 Dec 83,
DOW-UAP-D49-Launch-Summary-February-2000.pdf,92,DATE,20 Dec 83,20 Dec 83,
DOW-UAP-D49-Launch-Summary-February-2000.pdf,92,DATE,25 Jan 84,25 Jan 84,
DOW-UAP-D49-Launch-Summary-February-2000.pdf,92,DATE,5 Feb 84,5 Feb 84,
DOW-UAP-D49-Launch-Summary-February-2000.pdf,92,DATE,29 Feb 84,29 Feb 84,
DOW-UAP-D49-Launch-Summary-February-2000.pdf,92,DATE,30 Mar 84,30 Mar 84,
DOW-UAP-D49-Launch-Summary-February-2000.pdf,92,DATE,8 Apr 84,8 Apr 84,
DOW-UAP-D49-Launch-Summary-February-2000.pdf,93,ORG,AFSC,AFSC,
DOW-UAP-D49-Launch-Summary-February-2000.pdf,93,ORG,SAC,SAC,
DOW-UAP-D49-Launch-Summary-February-2000.pdf,93,ORG,NASA,NASA,
DOW-UAP-D49-Launch-Summary-February-2000.pdf,93,DATE,17 Apr 84,17 Apr 84,
DOW-UAP-D49-Launch-Summary-February-2000.pdf,93,DATE,10 Jun 84,10 Jun 84,
DOW-UAP-D49-Launch-Summary-February-2000.pdf,93,DATE,13 Jun 84,13 Jun 84,
DOW-UAP-D49-Launch-Summary-February-2000.pdf,93,DATE,15 Jun 84,15 Jun 84,
DOW-UAP-D49-Launch-Summary-February-2000.pdf,93,DATE,28 Aug 84,28 Aug 84,
DOW-UAP-D49-Launch-Summary-February-2000.pdf,93,DATE,8 Sep 84,8 Sep 84,
DOW-UAP-D49-Launch-Summary-February-2000.pdf,93,DATE,13 Sep 84,13 Sep 84,
DOW-UAP-D49-Launch-Summary-February-2000.pdf,93,DATE,19 Sep 84,19 Sep 84,
DOW-UAP-D49-Launch-Summary-February-2000.pdf,93,DATE,1 Oct 84,1 Oct 84,
DOW-UAP-D49-Launch-Summary-February-2000.pdf,93,DATE,4 Oct 84,4 Oct 84,
DOW-UAP-D49-Launch-Summary-February-2000.pdf,93,DATE,11 Oct 84,11 Oct 84,
DOW-UAP-D49-Launch-Summary-February-2000.pdf,93,DATE,18 Oct 84,18 Oct 84,
DOW-UAP-D49-Launch-Summary-February-2000.pdf,93,DATE,4 Dec 84,4 Dec 84,
DOW-UAP-D49-Launch-Summary-February-2000.pdf,93,DATE,12 Dec 84,12 Dec 84,
DOW-UAP-D49-Launch-Summary-February-2000.pdf,93,DATE,1 Feb 85,1 Feb 85,
DOW-UAP-D49-Launch-Summary-February-2000.pdf,93,DATE,6 Feb 85,6 Feb 85,
DOW-UAP-D49-Launch-Summary-February-2000.pdf,93,DATE,12 Mar 85,12 Mar 85,
DOW-UAP-D49-Launch-Summary-February-2000.pdf,94,ORG,AFSC,AFSC,
DOW-UAP-D49-Launch-Summary-February-2000.pdf,94,ORG,SAC,SAC,
DOW-UAP-D49-Launch-Summary-February-2000.pdf,94,ORG,NASA,NASA,
DOW-UAP-D49-Launch-Summary-February-2000.pdf,94,DATE,22 May 85,22 May 85,
DOW-UAP-D49-Launch-Summary-February-2000.pdf,94,DATE,3 Jun 85,3 Jun 85,
DOW-UAP-D49-Launch-Summary-February-2000.pdf,94,DATE,16 Jun 85,16 Jun 85,
DOW-UAP-D49-Launch-Summary-February-2000.pdf,94,DATE,15 Jul 85,15 Jul 85,
DOW-UAP-D49-Launch-Summary-February-2000.pdf,94,DATE,2 Aug 85,2 Aug 85,
DOW-UAP-D49-Launch-Summary-February-2000.pdf,94,DATE,23 Aug 85,23 Aug 85,
DOW-UAP-D49-Launch-Summary-February-2000.pdf,94,DATE,28 Aug 85,28 Aug 85,
DOW-UAP-D49-Launch-Summary-February-2000.pdf,94,DATE,8 Oct 85,8 Oct 85,
DOW-UAP-D49-Launch-Summary-February-2000.pdf,94,DATE,22 Oct 85,22 Oct 85,
DOW-UAP-D49-Launch-Summary-February-2000.pdf,94,DATE,13 Nov 85,13 Nov 85,
DOW-UAP-D49-Launch-Summary-February-2000.pdf,94,DATE,14 Feb 86,14 Feb 86,
DOW-UAP-D49-Launch-Summary-February-2000.pdf,94,DATE,7 Mar 86,7 Mar 86,
DOW-UAP-D49-Launch-Summary-February-2000.pdf,94,DATE,15 Mar 86,15 Mar 86,
DOW-UAP-D49-Launch-Summary-February-2000.pdf,94,DATE,17 Mar 86,17 Mar 86,
DOW-UAP-D49-Launch-Summary-February-2000.pdf,94,DATE,18 Apr 86,18 Apr 86,
DOW-UAP-D49-Launch-Summary-February-2000.pdf,94,DATE,21 May 86,21 May 86,
DOW-UAP-D49-Launch-Summary-February-2000.pdf,95,ORG,SAC,SAC,
DOW-UAP-D49-Launch-Summary-February-2000.pdf,95,ORG,AFSC,AFSC,
DOW-UAP-D49-Launch-Summary-February-2000.pdf,95,ORG,NASA,NASA,
DOW-UAP-D49-Launch-Summary-February-2000.pdf,95,DATE,15 Jun 86,15 Jun 86,
DOW-UAP-D49-Launch-Summary-February-2000.pdf,95,DATE,1 Jul 86,1 Jul 86,
DOW-UAP-D49-Launch-Summary-February-2000.pdf,95,DATE,23 Aug 86,23 Aug 86,
DOW-UAP-D49-Launch-Summary-February-2000.pdf,95,DATE,28 Aug 86,28 Aug 86,
DOW-UAP-D49-Launch-Summary-February-2000.pdf,95,DATE,17 Sep 86,17 Sep 86,
DOW-UAP-D49-Launch-Summary-February-2000.pdf,95,DATE,18 Sep 86,18 Sep 86,
DOW-UAP-D49-Launch-Summary-February-2000.pdf,95,DATE,25 Sep 86,25 Sep 86,
DOW-UAP-D49-Launch-Summary-February-2000.pdf,95,DATE,13 Nov 86,13 Nov 86,
DOW-UAP-D49-Launch-Summary-February-2000.pdf,95,DATE,5 Dec 86,5 Dec 86,
DOW-UAP-D49-Launch-Summary-February-2000.pdf,95,DATE,20 Jan 87,20 Jan 87,
DOW-UAP-D49-Launch-Summary-February-2000.pdf,95,DATE,28 Jan 87,28 Jan 87,
DOW-UAP-D49-Launch-Summary-February-2000.pdf,95,DATE,4 Feb 87,4 Feb 87,
DOW-UAP-D49-Launch-Summary-February-2000.pdf,95,DATE,11 Feb 87,11 Feb 87,
DOW-UAP-D49-Launch-Summary-February-2000.pdf,95,DATE,13 Feb 87,13 Feb 87,
DOW-UAP-D49-Launch-Summary-February-2000.pdf,95,DATE,16 Mar 87,16 Mar 87,
DOW-UAP-D49-Launch-Summary-February-2000.pdf,95,DATE,21 Mar 87,21 Mar 87,
DOW-UAP-D49-Launch-Summary-February-2000.pdf,95,DATE,2 Apr 87,2 Apr 87,
DOW-UAP-D49-Launch-Summary-February-2000.pdf,95,DATE,15 May 87,15 May 87,
DOW-UAP-D49-Launch-Summary-February-2000.pdf,95,DATE,19 Jun 87,19 Jun 87,
DOW-UAP-D49-Launch-Summary-February-2000.pdf,95,DATE,25 Jun 87,25 Jun 87,
DOW-UAP-D49-Launch-Summary-February-2000.pdf,96,ORG,SAC,SAC,
DOW-UAP-D49-Launch-Summary-February-2000.pdf,96,ORG,AFSC,AFSC,
DOW-UAP-D49-Launch-Summary-February-2000.pdf,96,ORG,NASA,NASA,
DOW-UAP-D49-Launch-Summary-February-2000.pdf,96,DATE,7 Jul 87,7 Jul 87,
DOW-UAP-D49-Launch-Summary-February-2000.pdf,96,DATE,12 Jul 87,12 Jul 87,
DOW-UAP-D49-Launch-Summary-February-2000.pdf,96,DATE,1 Sep 87,1 Sep 87,
DOW-UAP-D49-Launch-Summary-February-2000.pdf,96,DATE,16 Sep 87,16 Sep 87,
DOW-UAP-D49-Launch-Summary-February-2000.pdf,96,DATE,21 Sep 87,21 Sep 87,
DOW-UAP-D49-Launch-Summary-February-2000.pdf,96,DATE,26 Oct 87,26 Oct 87,
DOW-UAP-D49-Launch-Summary-February-2000.pdf,96,DATE,28 Oct 87,28 Oct 87,
DOW-UAP-D49-Launch-Summary-February-2000.pdf,96,DATE,3 Nov 87,3 Nov 87,
DOW-UAP-D49-Launch-Summary-February-2000.pdf,96,DATE,9 Nov 87,9 Nov 87,
DOW-UAP-D49-Launch-Summary-February-2000.pdf,96,DATE,18 Jan 88,18 Jan 88,
DOW-UAP-D49-Launch-Summary-February-2000.pdf,96,DATE,29 Jan 88,29 Jan 88,
DOW-UAP-D49-Launch-Summary-February-2000.pdf,96,DATE,2 Feb 88,2 Feb 88,
DOW-UAP-D49-Launch-Summary-February-2000.pdf,96,DATE,25 Apr 88,25 Apr 88,
DOW-UAP-D49-Launch-Summary-February-2000.pdf,96,DATE,3 Jun 88,3 Jun 88,
DOW-UAP-D49-Launch-Summary-February-2000.pdf,96,DATE,15 Jun 88,15 Jun 88,
DOW-UAP-D49-Launch-Summary-February-2000.pdf,96,DATE,12 Jul 88,12 Jul 88,
DOW-UAP-D49-Launch-Summary-February-2000.pdf,96,DATE,25 Aug 88,25 Aug 88,
DOW-UAP-D49-Launch-Summary-February-2000.pdf,96,DATE,5 Sep 88,5 Sep 88,
DOW-UAP-D49-Launch-Summary-February-2000.pdf,96,DATE,24 Sep 88,24 Sep 88,
DOW-UAP-D49-Launch-Summary-February-2000.pdf,97,ORG,SAC,SAC,
DOW-UAP-D49-Launch-Summary-February-2000.pdf,97,ORG,AFSC,AFSC,
DOW-UAP-D49-Launch-Summary-February-2000.pdf,97,ORG,NASA,NASA,
DOW-UAP-D49-Launch-Summary-February-2000.pdf,97,DATE,27 Oct 88,27 Oct 88,
DOW-UAP-D49-Launch-Summary-February-2000.pdf,97,DATE,6 Nov 88,6 Nov 88,
DOW-UAP-D49-Launch-Summary-February-2000.pdf,97,DATE,25 Jan 89,25 Jan 89,
DOW-UAP-D49-Launch-Summary-February-2000.pdf,97,DATE,22 Feb 89,22 Feb 89,
DOW-UAP-D49-Launch-Summary-February-2000.pdf,97,DATE,7 Mar 89,7 Mar 89,
DOW-UAP-D49-Launch-Summary-February-2000.pdf,97,DATE,19 Mar 89,19 Mar 89,
DOW-UAP-D49-Launch-Summary-February-2000.pdf,97,DATE,11 May 89,11 May 89,
DOW-UAP-D49-Launch-Summary-February-2000.pdf,97,DATE,6 Jul 89,6 Jul 89,
DOW-UAP-D49-Launch-Summary-February-2000.pdf,97,DATE,11 Jul 89,11 Jul 89,
DOW-UAP-D49-Launch-Summary-February-2000.pdf,97,DATE,5 Sep 89,5 Sep 89,
DOW-UAP-D49-Launch-Summary-February-2000.pdf,97,DATE,14 Sep 89,14 Sep 89,
DOW-UAP-D49-Launch-Summary-February-2000.pdf,97,DATE,26 Sep 89,26 Sep 89,
DOW-UAP-D49-Launch-Summary-February-2000.pdf,97,DATE,5 Oct 89,5 Oct 89,
DOW-UAP-D49-Launch-Summary-February-2000.pdf,97,DATE,6 Nov 89,6 Nov 89,
DOW-UAP-D49-Launch-Summary-February-2000.pdf,97,DATE,18 Nov 89,18 Nov 89,
DOW-UAP-D49-Launch-Summary-February-2000.pdf,97,DATE,6 Feb 90,6 Feb 90,
DOW-UAP-D49-Launch-Summary-February-2000.pdf,97,DATE,14 Feb 90,14 Feb 90,
DOW-UAP-D49-Launch-Summary-February-2000.pdf,97,DATE,8 Mar 90,8 Mar 90,
DOW-UAP-D49-Launch-Summary-February-2000.pdf,97,DATE,21 Mar 90,21 Mar 90,
DOW-UAP-D49-Launch-Summary-February-2000.pdf,97,DATE,24 Mar 90,24 Mar 90,
DOW-UAP-D49-Launch-Summary-February-2000.pdf,98,ORG,AFSC,AFSC,
DOW-UAP-D49-Launch-Summary-February-2000.pdf,98,ORG,NASA,NASA,
DOW-UAP-D49-Launch-Summary-February-2000.pdf,98,ORG,SAC,SAC,
DOW-UAP-D49-Launch-Summary-February-2000.pdf,98,DATE,11 Apr 90,11 Apr 90,
DOW-UAP-D49-Launch-Summary-February-2000.pdf,98,DATE,9 May 90,9 May 90,
DOW-UAP-D49-Launch-Summary-February-2000.pdf,98,DATE,16 May 90,16 May 90,
DOW-UAP-D49-Launch-Summary-February-2000.pdf,98,DATE,26 Jun 90,26 Jun 90,
DOW-UAP-D49-Launch-Summary-February-2000.pdf,98,DATE,13 Sep 90,13 Sep 90,
DOW-UAP-D49-Launch-Summary-February-2000.pdf,98,DATE,19 Sep 90,19 Sep 90,
DOW-UAP-D49-Launch-Summary-February-2000.pdf,98,DATE,6 Nov 90,6 Nov 90,
DOW-UAP-D49-Launch-Summary-February-2000.pdf,98,DATE,1 Dec 90,1 Dec 90,
DOW-UAP-D49-Launch-Summary-February-2000.pdf,98,DATE,28 Jan 91,28 Jan 91,
DOW-UAP-D49-Launch-Summary-February-2000.pdf,98,DATE,8 Mar 91,8 Mar 91,
DOW-UAP-D49-Launch-Summary-February-2000.pdf,98,DATE,12 Mar 91,12 Mar 91,
DOW-UAP-D49-Launch-Summary-February-2000.pdf,98,DATE,18 Apr 91,18 Apr 91,
DOW-UAP-D49-Launch-Summary-February-2000.pdf,98,DATE,11 May 91,11 May 91,
DOW-UAP-D49-Launch-Summary-February-2000.pdf,98,DATE,14 May 91,14 May 91,
DOW-UAP-D49-Launch-Summary-February-2000.pdf,98,DATE,11 Jun 91,11 Jun 91,
DOW-UAP-D49-Launch-Summary-February-2000.pdf,98,DATE,20 Jun 91,20 Jun 91,
DOW-UAP-D49-Launch-Summary-February-2000.pdf,98,DATE,25 Jun 91,25 Jun 91,
DOW-UAP-D49-Launch-Summary-February-2000.pdf,98,DATE,29 Jun 91,29 Jun 91,
DOW-UAP-D49-Launch-Summary-February-2000.pdf,98,DATE,2 Jul 91,2 Jul 91,
DOW-UAP-D49-Launch-Summary-February-2000.pdf,98,DATE,3 Sep 91,3 Sep 91,
DOW-UAP-D49-Launch-Summary-February-2000.pdf,99,ORG,SAC,SAC,
DOW-UAP-D49-Launch-Summary-February-2000.pdf,99,ORG,AFSC,AFSC,
DOW-UAP-D49-Launch-Summary-February-2000.pdf,99,ORG,NASA,NASA,
DOW-UAP-D49-Launch-Summary-February-2000.pdf,99,DATE,17 Sep 91,17 Sep 91,
DOW-UAP-D49-Launch-Summary-February-2000.pdf,99,DATE,7 Nov 91,7 Nov 91,
DOW-UAP-D49-Launch-Summary-February-2000.pdf,99,DATE,11 Nov 91,11 Nov 91,
DOW-UAP-D49-Launch-Summary-February-2000.pdf,99,DATE,4 Mar 92,4 Mar 92,
DOW-UAP-D49-Launch-Summary-February-2000.pdf,99,DATE,13 Mar 92,13 Mar 92,
DOW-UAP-D49-Launch-Summary-February-2000.pdf,99,DATE,25 Apr 92,25 Apr 92,
DOW-UAP-D49-Launch-Summary-February-2000.pdf,99,DATE,5 May 92,5 May 92,
DOW-UAP-D49-Launch-Summary-February-2000.pdf,99,DATE,2 Jun 92,2 Jun 92,
DOW-UAP-D49-Launch-Summary-February-2000.pdf,99,DATE,30 Jun 92,30 Jun 92,
DOW-UAP-D49-Launch-Summary-February-2000.pdf,99,DATE,3 Jul 92,3 Jul 92,
DOW-UAP-D49-Launch-Summary-February-2000.pdf,99,DATE,15 Sep 92,15 Sep 92,
DOW-UAP-D49-Launch-Summary-February-2000.pdf,99,DATE,28 Sep 92,28 Sep 92,
DOW-UAP-D49-Launch-Summary-February-2000.pdf,99,DATE,24 Oct 92,24 Oct 92,
DOW-UAP-D49-Launch-Summary-February-2000.pdf,99,DATE,3 Nov 92,3 Nov 92,
DOW-UAP-D49-Launch-Summary-February-2000.pdf,99,DATE,21 Nov 92,21 Nov 92,
DOW-UAP-D49-Launch-Summary-February-2000.pdf,99,DATE,28 Nov 92,28 Nov 92,
DOW-UAP-D49-Launch-Summary-February-2000.pdf,99,DATE,4 Mar 93,4 Mar 93,
DOW-UAP-D49-Launch-Summary-February-2000.pdf,99,DATE,9 Mar 93,9 Mar 93,
DOW-UAP-D49-Launch-Summary-February-2000.pdf,99,DATE,15 Jun 93,15 Jun 93,
DOW-UAP-D49-Launch-Summary-February-2000.pdf,100,ORG,NASA,NASA,
DOW-UAP-D49-Launch-Summary-February-2000.pdf,100,DATE,25 Jun 93,25 Jun 93,
DOW-UAP-D49-Launch-Summary-February-2000.pdf,100,DATE,2 Jul 93,2 Jul 93,
DOW-UAP-D49-Launch-Summary-February-2000.pdf,100,DATE,13 Jul 93,13 Jul 93,
DOW-UAP-D49-Launch-Summary-February-2000.pdf,100,DATE,2 Aug 93,2 Aug 93,
DOW-UAP-D49-Launch-Summary-February-2000.pdf,100,DATE,9 Aug 93,9 Aug 93,
DOW-UAP-D49-Launch-Summary-February-2000.pdf,100,DATE,31 Aug 93,31 Aug 93,
DOW-UAP-D49-Launch-Summary-February-2000.pdf,100,DATE,15 Sep 93,15 Sep 93,
DOW-UAP-D49-Launch-Summary-February-2000.pdf,100,DATE,5 Oct 93,5 Oct 93,
DOW-UAP-D49-Launch-Summary-February-2000.pdf,100,DATE,25 Jan 94,25 Jan 94,
DOW-UAP-D49-Launch-Summary-February-2000.pdf,100,DATE,2 Feb 94,2 Feb 94,
DOW-UAP-D49-Launch-Summary-February-2000.pdf,100,DATE,4 Feb 94,4 Feb 94,
DOW-UAP-D49-Launch-Summary-February-2000.pdf,100,DATE,7 Mar 94,7 Mar 94,
DOW-UAP-D49-Launch-Summary-February-2000.pdf,100,DATE,13 Mar 94,13 Mar 94,
DOW-UAP-D49-Launch-Summary-February-2000.pdf,100,DATE,8 May 94,8 May 94,
DOW-UAP-D49-Launch-Summary-February-2000.pdf,100,DATE,17 May 94,17 May 94,
DOW-UAP-D49-Launch-Summary-February-2000.pdf,100,DATE,8 Jun 94,8 Jun 94,
DOW-UAP-D49-Launch-Summary-February-2000.pdf,100,DATE,6 Jul 94,6 Jul 94,
DOW-UAP-D49-Launch-Summary-February-2000.pdf,100,DATE,29 Aug 94,29 Aug 94,
DOW-UAP-D49-Launch-Summary-February-2000.pdf,101,ORG,NASA,NASA,
DOW-UAP-D49-Launch-Summary-February-2000.pdf,101,DATE,7 Sep 94,7 Sep 94,
DOW-UAP-D49-Launch-Summary-February-2000.pdf,101,DATE,5 Oct 94,5 Oct 94,
DOW-UAP-D49-Launch-Summary-February-2000.pdf,101,DATE,30 Dec 94,30 Dec 94,
DOW-UAP-D49-Launch-Summary-February-2000.pdf,101,DATE,19 Jan 95,19 Jan 95,
DOW-UAP-D49-Launch-Summary-February-2000.pdf,101,DATE,1 Feb 95,1 Feb 95,
DOW-UAP-D49-Launch-Summary-February-2000.pdf,101,DATE,17 Mar 95,17 Mar 95,
DOW-UAP-D49-Launch-Summary-February-2000.pdf,101,DATE,24 Mar 95,24 Mar 95,
DOW-UAP-D49-Launch-Summary-February-2000.pdf,101,DATE,3 Apr 95,3 Apr 95,
DOW-UAP-D49-Launch-Summary-February-2000.pdf,101,DATE,14 Jun 95,14 Jun 95,
DOW-UAP-D49-Launch-Summary-February-2000.pdf,101,DATE,22 Jun 95,22 Jun 95,
DOW-UAP-D49-Launch-Summary-February-2000.pdf,101,DATE,15 Aug 95,15 Aug 95,
DOW-UAP-D49-Launch-Summary-February-2000.pdf,101,DATE,30 Aug 95,30 Aug 95,
DOW-UAP-D49-Launch-Summary-February-2000.pdf,101,DATE,4 Nov 95,4 Nov 95,
DOW-UAP-D49-Launch-Summary-February-2000.pdf,101,DATE,5 Dec 95,5 Dec 95,
DOW-UAP-D49-Launch-Summary-February-2000.pdf,101,DATE,24 Feb 96,24 Feb 96,
DOW-UAP-D49-Launch-Summary-February-2000.pdf,101,DATE,6 Mar 96,6 Mar 96,
DOW-UAP-D49-Launch-Summary-February-2000.pdf,101,DATE,8 Mar 96,8 Mar 96,
DOW-UAP-D49-Launch-Summary-February-2000.pdf,101,DATE,24 Apr 96,24 Apr 96,
DOW-UAP-D49-Launch-Summary-February-2000.pdf,101,DATE,13 March 1994,13 March 1994,
DOW-UAP-D49-Launch-Summary-February-2000.pdf,102,DATE,8 May 96,8 May 96,
DOW-UAP-D49-Launch-Summary-February-2000.pdf,102,DATE,12 May 96,12 May 96,
DOW-UAP-D49-Launch-Summary-February-2000.pdf,102,DATE,16 May 96,16 May 96,
DOW-UAP-D49-Launch-Summary-February-2000.pdf,102,DATE,30 May 96,30 May 96,
DOW-UAP-D49-Launch-Summary-February-2000.pdf,102,DATE,26 Jun 96,26 Jun 96,
DOW-UAP-D49-Launch-Summary-February-2000.pdf,102,DATE,2 Jul 96,2 Jul 96,
DOW-UAP-D49-Launch-Summary-February-2000.pdf,102,DATE,21 Aug 96,21 Aug 96,
DOW-UAP-D49-Launch-Summary-February-2000.pdf,102,DATE,11 Sep 96,11 Sep 96,
DOW-UAP-D49-Launch-Summary-February-2000.pdf,102,DATE,27 Sep 96,27 Sep 96,
DOW-UAP-D49-Launch-Summary-February-2000.pdf,102,DATE,6 Nov 96,6 Nov 96,
DOW-UAP-D49-Launch-Summary-February-2000.pdf,102,DATE,20 Dec 96,20 Dec 96,
DOW-UAP-D49-Launch-Summary-February-2000.pdf,102,DATE,16 Jan 97,16 Jan 97,
DOW-UAP-D49-Launch-Summary-February-2000.pdf,102,DATE,30 Jan 97,30 Jan 97,
DOW-UAP-D49-Launch-Summary-February-2000.pdf,102,DATE,3 Apr 97,3 Apr 97,
DOW-UAP-D49-Launch-Summary-February-2000.pdf,102,DATE,5 May 97,5 May 97,
DOW-UAP-D49-Launch-Summary-February-2000.pdf,102,DATE,8 May 97,8 May 97,
DOW-UAP-D49-Launch-Summary-February-2000.pdf,102,DATE,21 May 97,21 May 97,
DOW-UAP-D49-Launch-Summary-February-2000.pdf,102,DATE,18 Jun 97,18 Jun 97,
DOW-UAP-D49-Launch-Summary-February-2000.pdf,103,DATE,23 Jun 97,23 Jun 97,
DOW-UAP-D49-Launch-Summary-February-2000.pdf,103,DATE,9 Jul 97,9 Jul 97,
DOW-UAP-D49-Launch-Summary-February-2000.pdf,103,DATE,1 Aug 97,1 Aug 97,
DOW-UAP-D49-Launch-Summary-February-2000.pdf,103,DATE,20 Aug 97,20 Aug 97,
DOW-UAP-D49-Launch-Summary-February-2000.pdf,103,DATE,22 Aug 97,22 Aug 97,
DOW-UAP-D49-Launch-Summary-February-2000.pdf,103,DATE,29 Aug 97,29 Aug 97,
DOW-UAP-D49-Launch-Summary-February-2000.pdf,103,DATE,17 Sep 97,17 Sep 97,
DOW-UAP-D49-Launch-Summary-February-2000.pdf,103,DATE,26 Sep 97,26 Sep 97,
DOW-UAP-D49-Launch-Summary-February-2000.pdf,103,DATE,23 Oct 97,23 Oct 97,
DOW-UAP-D49-Launch-Summary-February-2000.pdf,103,DATE,5 Nov 97,5 Nov 97,
DOW-UAP-D49-Launch-Summary-February-2000.pdf,103,DATE,8 Nov 97,8 Nov 97,
DOW-UAP-D49-Launch-Summary-February-2000.pdf,103,DATE,20 Dec 97,20 Dec 97,
DOW-UAP-D49-Launch-Summary-February-2000.pdf,103,DATE,15 Jan 98,15 Jan 98,
DOW-UAP-D49-Launch-Summary-February-2000.pdf,103,DATE,10 Feb 98,10 Feb 98,
DOW-UAP-D49-Launch-Summary-February-2000.pdf,103,DATE,18 Feb 98,18 Feb 98,
DOW-UAP-D49-Launch-Summary-February-2000.pdf,103,DATE,20 Feb 98,20 Feb 98,
DOW-UAP-D49-Launch-Summary-February-2000.pdf,103,DATE,25 Feb 98,25 Feb 98,
DOW-UAP-D49-Launch-Summary-February-2000.pdf,103,DATE,4 August 1997,4 August 1997,
DOW-UAP-D49-Launch-Summary-February-2000.pdf,104,DATE,1 Apr 98,1 Apr 98,
DOW-UAP-D49-Launch-Summary-February-2000.pdf,104,DATE,13 May 98,13 May 98,
DOW-UAP-D49-Launch-Summary-February-2000.pdf,104,DATE,17 May 98,17 May 98,
DOW-UAP-D49-Launch-Summary-February-2000.pdf,104,DATE,3 Jun 98,3 Jun 98,
DOW-UAP-D49-Launch-Summary-February-2000.pdf,104,DATE,24 Jun 98,24 Jun 98,
DOW-UAP-D49-Launch-Summary-February-2000.pdf,104,DATE,8 Sep 98,8 Sep 98,
DOW-UAP-D49-Launch-Summary-February-2000.pdf,104,DATE,3 Oct 98,3 Oct 98,
DOW-UAP-D49-Launch-Summary-February-2000.pdf,104,DATE,6 Nov 98,6 Nov 98,
DOW-UAP-D49-Launch-Summary-February-2000.pdf,104,DATE,5 Dec 98,5 Dec 98,
DOW-UAP-D49-Launch-Summary-February-2000.pdf,104,DATE,10 Feb 99,10 Feb 99,
DOW-UAP-D49-Launch-Summary-February-2000.pdf,104,DATE,23 Feb 99,23 Feb 99,
DOW-UAP-D49-Launch-Summary-February-2000.pdf,104,DATE,4 Mar 99,4 Mar 99,
DOW-UAP-D49-Launch-Summary-February-2000.pdf,104,DATE,10 Mar 99,10 Mar 99,
DOW-UAP-D49-Launch-Summary-February-2000.pdf,104,DATE,15 Apr 99,15 Apr 99,
DOW-UAP-D49-Launch-Summary-February-2000.pdf,105,ORG,NASA,NASA,
DOW-UAP-D49-Launch-Summary-February-2000.pdf,105,DATE,27 Apr 99,27 Apr 99,
DOW-UAP-D49-Launch-Summary-February-2000.pdf,105,DATE,17 May 99,17 May 99,
DOW-UAP-D49-Launch-Summary-February-2000.pdf,105,DATE,22 May 99,22 May 99,
DOW-UAP-D49-Launch-Summary-February-2000.pdf,105,DATE,19 Jun 99,19 Jun 99,
DOW-UAP-D49-Launch-Summary-February-2000.pdf,105,DATE,29 Aug 99,29 Aug 99,
DOW-UAP-D49-Launch-Summary-February-2000.pdf,105,DATE,24 Sep 99,24 Sep 99,
DOW-UAP-D49-Launch-Summary-February-2000.pdf,105,DATE,2 Oct 99,2 Oct 99,
DOW-UAP-D49-Launch-Summary-February-2000.pdf,105,DATE,13 Nov 99,13 Nov 99,
DOW-UAP-D49-Launch-Summary-February-2000.pdf,105,DATE,12 Dec 99,12 Dec 99,
DOW-UAP-D49-Launch-Summary-February-2000.pdf,105,DATE,18 Dec 99,18 Dec 99,
DOW-UAP-D49-Launch-Summary-February-2000.pdf,105,DATE,20 Dec 99,20 Dec 99,
DOW-UAP-D49-Launch-Summary-February-2000.pdf,105,DATE,18 Jan 00,18 Jan 00,
DOW-UAP-D49-Launch-Summary-February-2000.pdf,105,DATE,26 Jan 00,26 Jan 00,
DOW-UAP-D49-Launch-Summary-February-2000.pdf,106,ORG,NASA,NASA,
DOW-UAP-D49-Launch-Summary-February-2000.pdf,106,DATE,25 Jul 58,25 Jul 58,
DOW-UAP-D49-Launch-Summary-February-2000.pdf,106,DATE,16 Dec 58,16 Dec 58,
DOW-UAP-D49-Launch-Summary-February-2000.pdf,106,DATE,16 Jun 61,16 Jun 61,
DOW-UAP-D49-Launch-Summary-February-2000.pdf,106,DATE,11 Mar 72,11 Mar 72,
DOW-UAP-D49-Launch-Summary-February-2000.pdf,106,DATE,17 Sep 59,17 Sep 59,
DOW-UAP-D49-Launch-Summary-February-2000.pdf,106,DATE,28 Aug 62,28 Aug 62,
DOW-UAP-D49-Launch-Summary-February-2000.pdf,106,DATE,1 Oct 58,1 Oct 58,
DOW-UAP-D49-Launch-Summary-February-2000.pdf,106,DATE,25 Jun 59,25 Jun 59,
DOW-UAP-D49-Launch-Summary-February-2000.pdf,106,DATE,18 Sep 68,18 Sep 68,
DOW-UAP-D49-Launch-Summary-February-2000.pdf,106,DATE,28 Feb 59,28 Feb 59,
DOW-UAP-D49-Launch-Summary-February-2000.pdf,106,DATE,14 Dec 71,14 Dec 71,
DOW-UAP-D49-Launch-Summary-February-2000.pdf,106,DATE,29 Oct 58,29 Oct 58,
DOW-UAP-D49-Launch-Summary-February-2000.pdf,106,DATE,19 Mar 62,19 Mar 62,
DOW-UAP-D49-Launch-Summary-February-2000.pdf,106,DATE,14 Aug 59,14 Aug 59,
DOW-UAP-D49-Launch-Summary-February-2000.pdf,106,DATE,11 Sep 76,11 Sep 76,
DOW-UAP-D49-Launch-Summary-February-2000.pdf,106,DATE,14 Jul 80,14 Jul 80,
DOW-UAP-D49-Launch-Summary-February-2000.pdf,106,DATE,18 Jun 62,18 Jun 62,
DOW-UAP-D49-Launch-Summary-February-2000.pdf,106,DATE,14 May 58,14 May 58,
DOW-UAP-D49-Launch-Summary-February-2000.pdf,106,DATE,26 Oct 62,26 Oct 62,
DOW-UAP-D49-Launch-Summary-February-2000.pdf,106,DATE,4 Nov 63,4 Nov 63,
DOW-UAP-D49-Launch-Summary-February-2000.pdf,106,DATE,27 May 65,27 May 65,
DOW-UAP-D49-Launch-Summary-February-2000.pdf,106,DATE,8 Sep 74,8 Sep 74,
DOW-UAP-D49-Launch-Summary-February-2000.pdf,107,ORG,USAF,USAF,
DOW-UAP-D49-Launch-Summary-February-2000.pdf,107,DATE,4 Nov 58,4 Nov 58,
DOW-UAP-D49-Launch-Summary-February-2000.pdf,107,DATE,5 Aug 65,5 Aug 65,
DOW-UAP-D49-Launch-Summary-February-2000.pdf,107,DATE,6 Apr 68,6 Apr 68,
DOW-UAP-D49-Launch-Summary-February-2000.pdf,107,DATE,6 Aug 71,6 Aug 71,
DOW-UAP-D49-Launch-Summary-February-2000.pdf,107,DATE,8 Apr 59,8 Apr 59,
DOW-UAP-D49-Launch-Summary-February-2000.pdf,107,DATE,26 Jan 60,26 Jan 60,
DOW-UAP-D49-Launch-Summary-February-2000.pdf,107,DATE,22 Jul 60,22 Jul 60,
DOW-UAP-D49-Launch-Summary-February-2000.pdf,107,DATE,6 Apr 65,6 Apr 65,
DOW-UAP-D49-Launch-Summary-February-2000.pdf,107,DATE,10 Jul 59,10 Jul 59,
DOW-UAP-D49-Launch-Summary-February-2000.pdf,107,DATE,10 Jun 66,10 Jun 66,
DOW-UAP-D49-Launch-Summary-February-2000.pdf,107,DATE,3 Juli 65,3 Juli 65,
DOW-UAP-D49-Launch-Summary-February-2000.pdf,107,DATE,19 Jun 59,19 Jun 59,
DOW-UAP-D49-Launch-Summary-February-2000.pdf,107,DATE,22 Apr 60,22 Apr 60,
DOW-UAP-D49-Launch-Summary-February-2000.pdf,107,DATE,7 Nov 67,7 Nov 67,
DOW-UAP-D49-Launch-Summary-February-2000.pdf,107,DATE,20 Aug 59,20 Aug 59,
DOW-UAP-D49-Launch-Summary-February-2000.pdf,107,DATE,12 Sep 60,12 Sep 60,
DOW-UAP-D49-Launch-Summary-February-2000.pdf,107,DATE,21 Jan 65,21 Jan 65,
DOW-UAP-D49-Launch-Summary-February-2000.pdf,107,DATE,27 May 65,27 May 65,
DOW-UAP-D49-Launch-Summary-February-2000.pdf,107,DATE,11 Oct 67,11 Oct 67,
DOW-UAP-D49-Launch-Summary-February-2000.pdf,107,DATE,10 Sep 59,10 Sep 59,
DOW-UAP-D49-Launch-Summary-February-2000.pdf,107,DATE,11 Oct 60,11 Oct 60,
DOW-UAP-D49-Launch-Summary-February-2000.pdf,107,DATE,12 Jul 61,12 Jul 61,
DOW-UAP-D49-Launch-Summary-February-2000.pdf,107,DATE,15 Dec 59,15 Dec 59,
DOW-UAP-D49-Launch-Summary-February-2000.pdf,107,DATE,3 Dec 60,3 Dec 60,
DOW-UAP-D49-Launch-Summary-February-2000.pdf,108,ORG,USAF,USAF,
DOW-UAP-D49-Launch-Summary-February-2000.pdf,108,DATE,8 Dec 59,8 Dec 59,
DOW-UAP-D49-Launch-Summary-February-2000.pdf,108,DATE,14 Jul 59,14 Jul 59,
DOW-UAP-D49-Launch-Summary-February-2000.pdf,108,DATE,9 Feb 73,9 Feb 73,
DOW-UAP-D49-Launch-Summary-February-2000.pdf,108,DATE,4 Feb 60,4 Feb 60,
DOW-UAP-D49-Launch-Summary-February-2000.pdf,108,DATE,11 May 63,11 May 63,
DOW-UAP-D49-Launch-Summary-February-2000.pdf,108,DATE,18 Mar 60,18 Mar 60,
DOW-UAP-D49-Launch-Summary-February-2000.pdf,108,DATE,10 Aug 62,10 Aug 62,
DOW-UAP-D49-Launch-Summary-February-2000.pdf,108,DATE,8 Jan 65,8 Jan 65,
DOW-UAP-D49-Launch-Summary-February-2000.pdf,108,DATE,20 May 60,20 May 60,
DOW-UAP-D49-Launch-Summary-February-2000.pdf,108,DATE,7 Jun 61,7 Jun 61,
DOW-UAP-D49-Launch-Summary-February-2000.pdf,108,DATE,27 Aug 64,27 Aug 64,
DOW-UAP-D49-Launch-Summary-February-2000.pdf,108,DATE,19 Jul 60,19 Jul 60,
DOW-UAP-D49-Launch-Summary-February-2000.pdf,108,DATE,3 Jul 63,3 Jul 63,
DOW-UAP-D49-Launch-Summary-February-2000.pdf,108,DATE,25 Sep 63,25 Sep 63,
DOW-UAP-D49-Launch-Summary-February-2000.pdf,108,DATE,10 Aug 60,10 Aug 60,
DOW-UAP-D49-Launch-Summary-February-2000.pdf,108,DATE,30 Aug 60,30 Aug 60,
DOW-UAP-D49-Launch-Summary-February-2000.pdf,108,DATE,23 Sep 61,23 Sep 61,
DOW-UAP-D49-Launch-Summary-February-2000.pdf,108,DATE,8 Dec 64,8 Dec 64,
DOW-UAP-D49-Launch-Summary-February-2000.pdf,108,DATE,30 Mar 63,30 Mar 63,
DOW-UAP-D49-Launch-Summary-February-2000.pdf,108,DATE,3 Mar 65,3 Mar 65,
DOW-UAP-D49-Launch-Summary-February-2000.pdf,109,ORG,NASA,NASA,
DOW-UAP-D49-Launch-Summary-February-2000.pdf,109,ORG,USAF,USAF,
DOW-UAP-D49-Launch-Summary-February-2000.pdf,109,DATE,14 Jan 65,14 Jan 65,
DOW-UAP-D49-Launch-Summary-February-2000.pdf,109,DATE,27 Sep 60,27 Sep 60,
DOW-UAP-D49-Launch-Summary-February-2000.pdf,109,DATE,20 Jan 62,20 Jan 62,
DOW-UAP-D49-Launch-Summary-February-2000.pdf,109,DATE,20 May 69,20 May 69,
DOW-UAP-D49-Launch-Summary-February-2000.pdf,109,DATE,15 Jun 61,15 Jun 61,
DOW-UAP-D49-Launch-Summary-February-2000.pdf,109,DATE,17 Feb 64,17 Feb 64,
DOW-UAP-D49-Launch-Summary-February-2000.pdf,109,DATE,4 May 61,4 May 61,
DOW-UAP-D49-Launch-Summary-February-2000.pdf,109,DATE,16 Feb 63,16 Feb 63,
DOW-UAP-D49-Launch-Summary-February-2000.pdf,109,DATE,27 Jun 76,27 Jun 76,
DOW-UAP-D49-Launch-Summary-February-2000.pdf,109,DATE,25 May 61,25 May 61,
DOW-UAP-D49-Launch-Summary-February-2000.pdf,109,DATE,13 May 63,13 May 63,
DOW-UAP-D49-Launch-Summary-February-2000.pdf,109,DATE,5 Apr 66,5 Apr 66,
DOW-UAP-D49-Launch-Summary-February-2000.pdf,109,DATE,30 Jun 61,30 Jun 61,
DOW-UAP-D49-Launch-Summary-February-2000.pdf,109,DATE,15 Mar 63,15 Mar 63,
DOW-UAP-D49-Launch-Summary-February-2000.pdf,109,DATE,31 Aug 64,31 Aug 64,
DOW-UAP-D49-Launch-Summary-February-2000.pdf,109,DATE,7 Jul 61,7 Jul 61,
DOW-UAP-D49-Launch-Summary-February-2000.pdf,109,DATE,1 Aug 62,1 Aug 62,
DOW-UAP-D49-Launch-Summary-February-2000.pdf,109,DATE,22 Dec 64,22 Dec 64,
DOW-UAP-D49-Launch-Summary-February-2000.pdf,109,DATE,7 Nov 61,7 Nov 61,
DOW-UAP-D49-Launch-Summary-February-2000.pdf,109,DATE,26 Apr 62,26 Apr 62,
DOW-UAP-D49-Launch-Summary-February-2000.pdf,109,DATE,21 Nov 61,21 Nov 61,
DOW-UAP-D49-Launch-Summary-February-2000.pdf,109,DATE,12 Apr 63,12 Apr 63,
DOW-UAP-D49-Launch-Summary-February-2000.pdf,109,DATE,26 Jul 75,26 Jul 75,
DOW-UAP-D49-Launch-Summary-February-2000.pdf,109,DATE,30 Apr 63,30 Apr 63,
DOW-UAP-D49-Launch-Summary-February-2000.pdf,109,DATE,1 July 1967,1 July 1967,
DOW-UAP-D49-Launch-Summary-February-2000.pdf,110,ORG,SAC,SAC,
DOW-UAP-D49-Launch-Summary-February-2000.pdf,110,ORG,NASA,NASA,
DOW-UAP-D49-Launch-Summary-February-2000.pdf,110,ORG,USAF,USAF,
DOW-UAP-D49-Launch-Summary-February-2000.pdf,110,DATE,1 Nov 61,1 Nov 61,
DOW-UAP-D49-Launch-Summary-February-2000.pdf,110,DATE,10 Dec 62,10 Dec 62,
DOW-UAP-D49-Launch-Summary-February-2000.pdf,110,DATE,26 Oct 76,26 Oct 76,
DOW-UAP-D49-Launch-Summary-February-2000.pdf,110,DATE,28 Dec 61,28 Dec 61,
DOW-UAP-D49-Launch-Summary-February-2000.pdf,110,DATE,11 Apr 63,11 Apr 63,
DOW-UAP-D49-Launch-Summary-February-2000.pdf,110,DATE,30 Mar 62,30 Mar 62,
DOW-UAP-D49-Launch-Summary-February-2000.pdf,110,DATE,29 Jun 71,29 Jun 71,
DOW-UAP-D49-Launch-Summary-February-2000.pdf,110,DATE,3 Apr 62,3 Apr 62,
DOW-UAP-D49-Launch-Summary-February-2000.pdf,110,DATE,24 May 63,24 May 63,
DOW-UAP-D49-Launch-Summary-February-2000.pdf,110,DATE,6 Nov 62,6 Nov 62,
DOW-UAP-D49-Launch-Summary-February-2000.pdf,110,DATE,14 Aug 64,14 Aug 64,
DOW-UAP-D49-Launch-Summary-February-2000.pdf,110,DATE,1 Mar 81,1 Mar 81,
DOW-UAP-D49-Launch-Summary-February-2000.pdf,110,DATE,13 Jul 63,13 Jul 63,
DOW-UAP-D49-Launch-Summary-February-2000.pdf,110,DATE,29 Jul 66,29 Jul 66,
DOW-UAP-D49-Launch-Summary-February-2000.pdf,110,DATE,24 Apr 63,24 Apr 63,
DOW-UAP-D49-Launch-Summary-February-2000.pdf,110,DATE,17 Dec 63,17 Dec 63,
DOW-UAP-D49-Launch-Summary-February-2000.pdf,110,DATE,11 Jan 67,11 Jan 67,
DOW-UAP-D49-Launch-Summary-February-2000.pdf,110,DATE,18 Mar 63,18 Mar 63,
DOW-UAP-D49-Launch-Summary-February-2000.pdf,110,DATE,26 Sep 63,26 Sep 63,
DOW-UAP-D49-Launch-Summary-February-2000.pdf,110,DATE,29 Jun 64,29 Jun 64,
DOW-UAP-D49-Launch-Summary-February-2000.pdf,110,DATE,3 Aug 64,3 Aug 64,
DOW-UAP-D49-Launch-Summary-February-2000.pdf,110,DATE,18 Aug 65,18 Aug 65,
DOW-UAP-D49-Launch-Summary-February-2000.pdf,110,DATE,27 Mar 80,27 Mar 80,
DOW-UAP-D49-Launch-Summary-February-2000.pdf,110,DATE,16 August 1965,16 August 1965,
DOW-UAP-D49-Launch-Summary-February-2000.pdf,111,DATE,2 Nov 64,2 Nov 64,
DOW-UAP-D49-Launch-Summary-February-2000.pdf,111,DATE,6 Oct 65,6 Oct 65,
DOW-UAP-D49-Launch-Summary-February-2000.pdf,111,DATE,17 Dec 75,17 Dec 75,
DOW-UAP-D49-Launch-Summary-February-2000.pdf,111,DATE,2 Oct 64,2 Oct 64,
DOW-UAP-D49-Launch-Summary-February-2000.pdf,111,DATE,5 Jan 65,5 Jan 65,
DOW-UAP-D49-Launch-Summary-February-2000.pdf,111,DATE,15 Dec 65,15 Dec 65,
DOW-UAP-D49-Launch-Summary-February-2000.pdf,111,DATE,18 May 71,18 May 71,
DOW-UAP-D49-Launch-Summary-February-2000.pdf,111,DATE,16 Feb 66,16 Feb 66,
DOW-UAP-D49-Launch-Summary-February-2000.pdf,111,DATE,4 Mar 76,4 Mar 76,
DOW-UAP-D49-Launch-Summary-February-2000.pdf,111,DATE,2 Feb 65,2 Feb 65,
DOW-UAP-D49-Launch-Summary-February-2000.pdf,111,DATE,18 Jan 66,18 Jan 66,
DOW-UAP-D49-Launch-Summary-February-2000.pdf,111,DATE,18 Feb 66,18 Feb 66,
DOW-UAP-D49-Launch-Summary-February-2000.pdf,111,DATE,14 Oct 66,14 Oct 66,
DOW-UAP-D49-Launch-Summary-February-2000.pdf,111,DATE,14 Jul 82,14 Jul 82,
DOW-UAP-D49-Launch-Summary-February-2000.pdf,111,DATE,25 Aug 66,25 Aug 66,
DOW-UAP-D49-Launch-Summary-February-2000.pdf,111,DATE,26 Feb 70,26 Feb 70,
DOW-UAP-D49-Launch-Summary-February-2000.pdf,111,DATE,26 Mar 82,26 Mar 82,
DOW-UAP-D49-Launch-Summary-February-2000.pdf,112,ORG,USAF,USAF,
DOW-UAP-D49-Launch-Summary-February-2000.pdf,113,ORG,SAC,SAC,
DOW-UAP-D50-Email-Correspondence-INDOPACOM-April-2025.pdf,1,MARKING,UNCLASSIFIED,UNCLASSIFIED,
DOW-UAP-D50-Email-Correspondence-INDOPACOM-April-2025.pdf,1,MARKING,SECRET,SECRET,
DOW-UAP-D50-Email-Correspondence-INDOPACOM-April-2025.pdf,1,MARKING,NOFORN,NOFORN,
DOW-UAP-D50-Email-Correspondence-INDOPACOM-April-2025.pdf,2,MARKING,SECRET,SECRET,
DOW-UAP-D50-Email-Correspondence-INDOPACOM-April-2025.pdf,2,MARKING,NOFORN,NOFORN,
DOW-UAP-D50-Email-Correspondence-INDOPACOM-April-2025.pdf,2,MARKING,UNCLASSIFIED,UNCLASSIFIED,
DOW-UAP-D51-Email-Correspondence-Pacific-Time-Zone-March-2023.pdf,1,ORG,OSI,OSI,
DOW-UAP-D51-Email-Correspondence-Pacific-Time-Zone-March-2023.pdf,1,MARKING,UNCLASSIFIED,UNCLASSIFIED,
DOW-UAP-D51-Email-Correspondence-Pacific-Time-Zone-March-2023.pdf,2,ORG,OSI,OSI,
DOW-UAP-D51-Email-Correspondence-Pacific-Time-Zone-March-2023.pdf,4,MARKING,UNCLASSIFIED,UNCLASSIFIED,
DOW-UAP-D51-Email-Correspondence-Pacific-Time-Zone-March-2023.pdf,5,MARKING,SECRET,SECRET,
DOW-UAP-D51-Email-Correspondence-Pacific-Time-Zone-March-2023.pdf,5,MARKING,NOFORN,NOFORN,
DOW-UAP-D52-Email-Correspondance-NA-August-2024.pdf,1,MARKING,SECRET,SECRET,
DOW-UAP-D52-Email-Correspondance-NA-August-2024.pdf,1,MARKING,NOFORN,NOFORN,
DOW-UAP-D52-Email-Correspondance-NA-August-2024.pdf,1,MARKING,UNCLASSIFIED,UNCLASSIFIED,
DOW-UAP-D52-Email-Correspondance-NA-August-2024.pdf,2,MARKING,UNCLASSIFIED,UNCLASSIFIED,
DOW-UAP-D52-Email-Correspondance-NA-August-2024.pdf,2,MARKING,SECRET,SECRET,
DOW-UAP-D52-Email-Correspondance-NA-August-2024.pdf,2,MARKING,NOFORN,NOFORN,
DOW-UAP-D54-Mission-Report-Mediterranean-Sea-NA.pdf,7,MARKING,SECRET,SECRET,
DOW-UAP-D54-Mission-Report-Mediterranean-Sea-NA.pdf,7,MARKING,NOFORN,NOFORN,
DOW-UAP-D55-Mission-Report-Syria-November-2016.pdf,1,DATE,03/27/26,03/27/26,
DOW-UAP-D55-Mission-Report-Syria-November-2016.pdf,1,MARKING,Declassified,DECLASSIFIED,MARKING
DOW-UAP-D7-Mission-Report-Arabian-Gulf-2020.pdf,6,MARKING,SECRET,SECRET,
DOW-UAP-D8-Mission-Report-Djibouti-2025.pdf,7,MARKING,SECRET,SECRET,
CIA-UAP-002-Scientific-Advisory-Panel-on-Unidentified-Flying-Objects-Report-1952-1953.pdf,1,ORG,CIA,CIA,
CIA-UAP-002-Scientific-Advisory-Panel-on-Unidentified-Flying-Objects-Report-1952-1953.pdf,4,PERSON,Mr. Secretary,Mr. Secretary,
CIA-UAP-002-Scientific-Advisory-Panel-on-Unidentified-Flying-Objects-Report-1952-1953.pdf,4,DATE,13 March 1953,13 March 1953,
CIA-UAP-002-Scientific-Advisory-Panel-on-Unidentified-Flying-Objects-Report-1952-1953.pdf,5,DATE,13 March 1953,13 March 1953,
CIA-UAP-002-Scientific-Advisory-Panel-on-Unidentified-Flying-Objects-Report-1952-1953.pdf,6,PERSON,Mr. C. D. Jackeoo Special,Mr. C. D. Jackeoo Special,
CIA-UAP-002-Scientific-Advisory-Panel-on-Unidentified-Flying-Objects-Report-1952-1953.pdf,6,PERSON,Mr. Jackson,Mr. Jackson,
CIA-UAP-002-Scientific-Advisory-Panel-on-Unidentified-Flying-Objects-Report-1952-1953.pdf,6,PERSON,Mr. Robert Amory,Mr. Robert Amory,
CIA-UAP-002-Scientific-Advisory-Panel-on-Unidentified-Flying-Objects-Report-1952-1953.pdf,6,DATE,"January 17, 1953","January 17, 1953",
CIA-UAP-002-Scientific-Advisory-Panel-on-Unidentified-Flying-Objects-Report-1952-1953.pdf,6,DATE,12 March 1953,12 March 1953,
CIA-UAP-002-Scientific-Advisory-Panel-on-Unidentified-Flying-Objects-Report-1952-1953.pdf,7,PERSON,Mr. Robert CUtler,Mr. Robert CUtler,
CIA-UAP-002-Scientific-Advisory-Panel-on-Unidentified-Flying-Objects-Report-1952-1953.pdf,7,PERSON,Mr. Jamee,Mr. Jamee,
CIA-UAP-002-Scientific-Advisory-Panel-on-Unidentified-Flying-Objects-Report-1952-1953.pdf,7,PERSON,Mr. George Morgan Psychological Strategy,Mr. George Morgan Psychological Strategy,
CIA-UAP-002-Scientific-Advisory-Panel-on-Unidentified-Flying-Objects-Report-1952-1953.pdf,10,ORG,ATIC,ATIC,
CIA-UAP-002-Scientific-Advisory-Panel-on-Unidentified-Flying-Objects-Report-1952-1953.pdf,10,ORG,USAF,USAF,
CIA-UAP-002-Scientific-Advisory-Panel-on-Unidentified-Flying-Objects-Report-1952-1953.pdf,10,DATE,17 January 1953,17 January 1953,
CIA-UAP-002-Scientific-Advisory-Panel-on-Unidentified-Flying-Objects-Report-1952-1953.pdf,10,DATE,2 July 1952,2 July 1952,
CIA-UAP-002-Scientific-Advisory-Panel-on-Unidentified-Flying-Objects-Report-1952-1953.pdf,12,PERSON,Dr. I,Dr. I,
CIA-UAP-002-Scientific-Advisory-Panel-on-Unidentified-Flying-Objects-Report-1952-1953.pdf,12,PERSON,Dr. B. Mu,Dr. B. Mu,
CIA-UAP-002-Scientific-Advisory-Panel-on-Unidentified-Flying-Objects-Report-1952-1953.pdf,12,ORG,ATIC,ATIC,
CIA-UAP-002-Scientific-Advisory-Panel-on-Unidentified-Flying-Objects-Report-1952-1953.pdf,12,ORG,CIA,CIA,
CIA-UAP-002-Scientific-Advisory-Panel-on-Unidentified-Flying-Objects-Report-1952-1953.pdf,13,ORG,USAF,USAF,
CIA-UAP-002-Scientific-Advisory-Panel-on-Unidentified-Flying-Objects-Report-1952-1953.pdf,14,ORG,CIA,CIA,
CIA-UAP-002-Scientific-Advisory-Panel-on-Unidentified-Flying-Objects-Report-1952-1953.pdf,14,DATE,18 February 1953,18 February 1953,
CIA-UAP-002-Scientific-Advisory-Panel-on-Unidentified-Flying-Objects-Report-1952-1953.pdf,14,DATE,25 February 1953,25 February 1953,
CIA-UAP-002-Scientific-Advisory-Panel-on-Unidentified-Flying-Objects-Report-1952-1953.pdf,14,MARKING,Secret,SECRET,MARKING
CIA-UAP-002-Scientific-Advisory-Panel-on-Unidentified-Flying-Objects-Report-1952-1953.pdf,15,ORG,CIA,CIA,
CIA-UAP-002-Scientific-Advisory-Panel-on-Unidentified-Flying-Objects-Report-1952-1953.pdf,17,DATE,15 August 1950,15 August 1950,
CIA-UAP-002-Scientific-Advisory-Panel-on-Unidentified-Flying-Objects-Report-1952-1953.pdf,17,DATE,19 July 1952,19 July 1952,
CIA-UAP-002-Scientific-Advisory-Panel-on-Unidentified-Flying-Objects-Report-1952-1953.pdf,17,DATE,5 August 1952,5 August 1952,
CIA-UAP-002-Scientific-Advisory-Panel-on-Unidentified-Flying-Objects-Report-1952-1953.pdf,20,PERSON,Dr. Robertson,Dr. Robertson,
CIA-UAP-002-Scientific-Advisory-Panel-on-Unidentified-Flying-Objects-Report-1952-1953.pdf,20,PERSON,Mr. Fournet,Mr. Fournet,
CIA-UAP-002-Scientific-Advisory-Panel-on-Unidentified-Flying-Objects-Report-1952-1953.pdf,20,ORG,ATIC,ATIC,
CIA-UAP-002-Scientific-Advisory-Panel-on-Unidentified-Flying-Objects-Report-1952-1953.pdf,21,PERSON,Dr. Goudamit,Dr. Goudamit,
CIA-UAP-002-Scientific-Advisory-Panel-on-Unidentified-Flying-Objects-Report-1952-1953.pdf,21,PERSON,Dr. Robertson,Dr. Robertson,
CIA-UAP-002-Scientific-Advisory-Panel-on-Unidentified-Flying-Objects-Report-1952-1953.pdf,21,PERSON,Dr. Page,Dr. Page,
CIA-UAP-002-Scientific-Advisory-Panel-on-Unidentified-Flying-Objects-Report-1952-1953.pdf,21,ORG,ATIC,ATIC,
CIA-UAP-002-Scientific-Advisory-Panel-on-Unidentified-Flying-Objects-Report-1952-1953.pdf,25,ORG,CIA,CIA,
CIA-UAP-002-Scientific-Advisory-Panel-on-Unidentified-Flying-Objects-Report-1952-1953.pdf,25,ORG,ADC,ADC,
CIA-UAP-002-Scientific-Advisory-Panel-on-Unidentified-Flying-Objects-Report-1952-1953.pdf,26,PERSON,Dr. Page,Dr. Page,
CIA-UAP-002-Scientific-Advisory-Panel-on-Unidentified-Flying-Objects-Report-1952-1953.pdf,26,PERSON,Dr. Robertson,Dr. Robertson,
CIA-UAP-002-Scientific-Advisory-Panel-on-Unidentified-Flying-Objects-Report-1952-1953.pdf,27,PERSON,Dr. Page,Dr. Page,
CIA-UAP-002-Scientific-Advisory-Panel-on-Unidentified-Flying-Objects-Report-1952-1953.pdf,27,PERSON,Dr. Hynek,Dr. Hynek,
CIA-UAP-002-Scientific-Advisory-Panel-on-Unidentified-Flying-Objects-Report-1952-1953.pdf,28,PERSON,Dr. Ba-,Dr. Ba-,
CIA-UAP-002-Scientific-Advisory-Panel-on-Unidentified-Flying-Objects-Report-1952-1953.pdf,29,PERSON,Dr. Al,Dr. Al,
CIA-UAP-002-Scientific-Advisory-Panel-on-Unidentified-Flying-Objects-Report-1952-1953.pdf,29,PERSON,Dr. Alvarez,Dr. Alvarez,
CIA-UAP-002-Scientific-Advisory-Panel-on-Unidentified-Flying-Objects-Report-1952-1953.pdf,31,PERSON,Dr. Bm-,Dr. Bm-,
CIA-UAP-002-Scientific-Advisory-Panel-on-Unidentified-Flying-Objects-Report-1952-1953.pdf,31,PERSON,Dr. Hynek,Dr. Hynek,
CIA-UAP-002-Scientific-Advisory-Panel-on-Unidentified-Flying-Objects-Report-1952-1953.pdf,31,ORG,ATIC,ATIC,
CIA-UAP-002-Scientific-Advisory-Panel-on-Unidentified-Flying-Objects-Report-1952-1953.pdf,32,ORG,ATIC,ATIC,
CIA-UAP-002-Scientific-Advisory-Panel-on-Unidentified-Flying-Objects-Report-1952-1953.pdf,33,PERSON,Dr. Robertson,Dr. Robertson,
CIA-UAP-002-Scientific-Advisory-Panel-on-Unidentified-Flying-Objects-Report-1952-1953.pdf,33,ORG,ATIC,ATIC,
CIA-UAP-002-Scientific-Advisory-Panel-on-Unidentified-Flying-Objects-Report-1952-1953.pdf,35,ORG,CIA,CIA,
CIA-UAP-002-Scientific-Advisory-Panel-on-Unidentified-Flying-Objects-Report-1952-1953.pdf,35,MARKING,RESTRICTED,RESTRICTED,
CIA-UAP-002-Scientific-Advisory-Panel-on-Unidentified-Flying-Objects-Report-1952-1953.pdf,36,MARKING,declassified,DECLASSIFIED,MARKING
CIA-UAP-002-Scientific-Advisory-Panel-on-Unidentified-Flying-Objects-Report-1952-1953.pdf,36,MARKING,Confidential,CONFIDENTIAL,MARKING
CIA-UAP-002-Scientific-Advisory-Panel-on-Unidentified-Flying-Objects-Report-1952-1953.pdf,37,PERSON,Mr Defense,Mr Defense,
CIA-UAP-002-Scientific-Advisory-Panel-on-Unidentified-Flying-Objects-Report-1952-1953.pdf,37,ORG,USAF,USAF,
CIA-UAP-002-Scientific-Advisory-Panel-on-Unidentified-Flying-Objects-Report-1952-1953.pdf,38,ORG,ATIC,ATIC,
CIA-UAP-002-Scientific-Advisory-Panel-on-Unidentified-Flying-Objects-Report-1952-1953.pdf,38,ORG,OSI,OSI,
CIA-UAP-002-Scientific-Advisory-Panel-on-Unidentified-Flying-Objects-Report-1952-1953.pdf,38,DATE,13 October 1952,13 October 1952,
CIA-UAP-002-Scientific-Advisory-Panel-on-Unidentified-Flying-Objects-Report-1952-1953.pdf,42,ORG,CIA,CIA,
CIA-UAP-002-Scientific-Advisory-Panel-on-Unidentified-Flying-Objects-Report-1952-1953.pdf,42,MARKING,RESTRICTED,RESTRICTED,
CIA-UAP-003-THE-CENTRAL-INTELLIGENCE-AGENCY-AND-OVERHEAD-RECONNAISSANCE-THE-U-2-AND-OXCART-PROGRAMS-1954-1974.pdf,2,MARKING,Secret,SECRET,MARKING
CIA-UAP-003-THE-CENTRAL-INTELLIGENCE-AGENCY-AND-OVERHEAD-RECONNAISSANCE-THE-U-2-AND-OXCART-PROGRAMS-1954-1974.pdf,4,ORG,CIA,CIA,
CIA-UAP-003-THE-CENTRAL-INTELLIGENCE-AGENCY-AND-OVERHEAD-RECONNAISSANCE-THE-U-2-AND-OXCART-PROGRAMS-1954-1974.pdf,5,MARKING,NOFORN,NOFORN,
CIA-UAP-003-THE-CENTRAL-INTELLIGENCE-AGENCY-AND-OVERHEAD-RECONNAISSANCE-THE-U-2-AND-OXCART-PROGRAMS-1954-1974.pdf,7,ORG,CIA,CIA,
CIA-UAP-003-THE-CENTRAL-INTELLIGENCE-AGENCY-AND-OVERHEAD-RECONNAISSANCE-THE-U-2-AND-OXCART-PROGRAMS-1954-1974.pdf,7,DATE,4 July 1954,4 July 1954,
CIA-UAP-003-THE-CENTRAL-INTELLIGENCE-AGENCY-AND-OVERHEAD-RECONNAISSANCE-THE-U-2-AND-OXCART-PROGRAMS-1954-1974.pdf,7,DATE,1 May 1960,1 May 1960,
CIA-UAP-003-THE-CENTRAL-INTELLIGENCE-AGENCY-AND-OVERHEAD-RECONNAISSANCE-THE-U-2-AND-OXCART-PROGRAMS-1954-1974.pdf,8,MARKING,NOFORN,NOFORN,
CIA-UAP-003-THE-CENTRAL-INTELLIGENCE-AGENCY-AND-OVERHEAD-RECONNAISSANCE-THE-U-2-AND-OXCART-PROGRAMS-1954-1974.pdf,8,MARKING,Unclassified,UNCLASSIFIED,MARKING
CIA-UAP-003-THE-CENTRAL-INTELLIGENCE-AGENCY-AND-OVERHEAD-RECONNAISSANCE-THE-U-2-AND-OXCART-PROGRAMS-1954-1974.pdf,9,ORG,CIA,CIA,
CIA-UAP-003-THE-CENTRAL-INTELLIGENCE-AGENCY-AND-OVERHEAD-RECONNAISSANCE-THE-U-2-AND-OXCART-PROGRAMS-1954-1974.pdf,10,PERSON,Mr. Welzenbach,Mr. Welzenbach,
CIA-UAP-003-THE-CENTRAL-INTELLIGENCE-AGENCY-AND-OVERHEAD-RECONNAISSANCE-THE-U-2-AND-OXCART-PROGRAMS-1954-1974.pdf,10,PERSON,Dr. Pedlow,Dr. Pedlow,
CIA-UAP-003-THE-CENTRAL-INTELLIGENCE-AGENCY-AND-OVERHEAD-RECONNAISSANCE-THE-U-2-AND-OXCART-PROGRAMS-1954-1974.pdf,10,ORG,CIA,CIA,
CIA-UAP-003-THE-CENTRAL-INTELLIGENCE-AGENCY-AND-OVERHEAD-RECONNAISSANCE-THE-U-2-AND-OXCART-PROGRAMS-1954-1974.pdf,11,ORG,CIA,CIA,
CIA-UAP-003-THE-CENTRAL-INTELLIGENCE-AGENCY-AND-OVERHEAD-RECONNAISSANCE-THE-U-2-AND-OXCART-PROGRAMS-1954-1974.pdf,11,MARKING,Secret,SECRET,MARKING
CIA-UAP-003-THE-CENTRAL-INTELLIGENCE-AGENCY-AND-OVERHEAD-RECONNAISSANCE-THE-U-2-AND-OXCART-PROGRAMS-1954-1974.pdf,12,ORG,CIA,CIA,
CIA-UAP-003-THE-CENTRAL-INTELLIGENCE-AGENCY-AND-OVERHEAD-RECONNAISSANCE-THE-U-2-AND-OXCART-PROGRAMS-1954-1974.pdf,12,MARKING,declassified,DECLASSIFIED,MARKING
CIA-UAP-003-THE-CENTRAL-INTELLIGENCE-AGENCY-AND-OVERHEAD-RECONNAISSANCE-THE-U-2-AND-OXCART-PROGRAMS-1954-1974.pdf,12,MARKING,unclassified,UNCLASSIFIED,MARKING
CIA-UAP-003-THE-CENTRAL-INTELLIGENCE-AGENCY-AND-OVERHEAD-RECONNAISSANCE-THE-U-2-AND-OXCART-PROGRAMS-1954-1974.pdf,13,ORG,CIA,CIA,
CIA-UAP-003-THE-CENTRAL-INTELLIGENCE-AGENCY-AND-OVERHEAD-RECONNAISSANCE-THE-U-2-AND-OXCART-PROGRAMS-1954-1974.pdf,13,MARKING,Top Secret,TOP SECRET,MARKING
CIA-UAP-003-THE-CENTRAL-INTELLIGENCE-AGENCY-AND-OVERHEAD-RECONNAISSANCE-THE-U-2-AND-OXCART-PROGRAMS-1954-1974.pdf,13,MARKING,Secret,SECRET,MARKING
CIA-UAP-003-THE-CENTRAL-INTELLIGENCE-AGENCY-AND-OVERHEAD-RECONNAISSANCE-THE-U-2-AND-OXCART-PROGRAMS-1954-1974.pdf,14,PERSON,Gen. Werner,Gen Werner,RANK
CIA-UAP-003-THE-CENTRAL-INTELLIGENCE-AGENCY-AND-OVERHEAD-RECONNAISSANCE-THE-U-2-AND-OXCART-PROGRAMS-1954-1974.pdf,14,MARKING,NOFORN,NOFORN,
CIA-UAP-003-THE-CENTRAL-INTELLIGENCE-AGENCY-AND-OVERHEAD-RECONNAISSANCE-THE-U-2-AND-OXCART-PROGRAMS-1954-1974.pdf,15,ORG,CIA,CIA,
CIA-UAP-003-THE-CENTRAL-INTELLIGENCE-AGENCY-AND-OVERHEAD-RECONNAISSANCE-THE-U-2-AND-OXCART-PROGRAMS-1954-1974.pdf,15,MARKING,secret,SECRET,MARKING
CIA-UAP-003-THE-CENTRAL-INTELLIGENCE-AGENCY-AND-OVERHEAD-RECONNAISSANCE-THE-U-2-AND-OXCART-PROGRAMS-1954-1974.pdf,16,DATE,8 April 1950,8 April 1950,
CIA-UAP-003-THE-CENTRAL-INTELLIGENCE-AGENCY-AND-OVERHEAD-RECONNAISSANCE-THE-U-2-AND-OXCART-PROGRAMS-1954-1974.pdf,16,DATE,13 June 1952,13 June 1952,
CIA-UAP-003-THE-CENTRAL-INTELLIGENCE-AGENCY-AND-OVERHEAD-RECONNAISSANCE-THE-U-2-AND-OXCART-PROGRAMS-1954-1974.pdf,16,DATE,14 December 1983,14 December 1983,
CIA-UAP-003-THE-CENTRAL-INTELLIGENCE-AGENCY-AND-OVERHEAD-RECONNAISSANCE-THE-U-2-AND-OXCART-PROGRAMS-1954-1974.pdf,17,DATE,7 October 1952,7 October 1952,
CIA-UAP-003-THE-CENTRAL-INTELLIGENCE-AGENCY-AND-OVERHEAD-RECONNAISSANCE-THE-U-2-AND-OXCART-PROGRAMS-1954-1974.pdf,17,DATE,19 August 1985,19 August 1985,
CIA-UAP-003-THE-CENTRAL-INTELLIGENCE-AGENCY-AND-OVERHEAD-RECONNAISSANCE-THE-U-2-AND-OXCART-PROGRAMS-1954-1974.pdf,17,MARKING,NOFORN,NOFORN,
CIA-UAP-003-THE-CENTRAL-INTELLIGENCE-AGENCY-AND-OVERHEAD-RECONNAISSANCE-THE-U-2-AND-OXCART-PROGRAMS-1954-1974.pdf,18,MARKING,Secret,SECRET,MARKING
CIA-UAP-003-THE-CENTRAL-INTELLIGENCE-AGENCY-AND-OVERHEAD-RECONNAISSANCE-THE-U-2-AND-OXCART-PROGRAMS-1954-1974.pdf,19,PERSON,Lt. Col. Joseph J. Pellegrini,Lt Col Joseph J. Pellegrini,RANK
CIA-UAP-003-THE-CENTRAL-INTELLIGENCE-AGENCY-AND-OVERHEAD-RECONNAISSANCE-THE-U-2-AND-OXCART-PROGRAMS-1954-1974.pdf,19,MARKING,Secret,SECRET,MARKING
CIA-UAP-003-THE-CENTRAL-INTELLIGENCE-AGENCY-AND-OVERHEAD-RECONNAISSANCE-THE-U-2-AND-OXCART-PROGRAMS-1954-1974.pdf,20,PERSON,Col. Bernard A. Schriever,Col Bernard A. Schriever,RANK
CIA-UAP-003-THE-CENTRAL-INTELLIGENCE-AGENCY-AND-OVERHEAD-RECONNAISSANCE-THE-U-2-AND-OXCART-PROGRAMS-1954-1974.pdf,20,DATE,28 August 1988,28 August 1988,
CIA-UAP-003-THE-CENTRAL-INTELLIGENCE-AGENCY-AND-OVERHEAD-RECONNAISSANCE-THE-U-2-AND-OXCART-PROGRAMS-1954-1974.pdf,20,MARKING,NOFORN,NOFORN,
CIA-UAP-003-THE-CENTRAL-INTELLIGENCE-AGENCY-AND-OVERHEAD-RECONNAISSANCE-THE-U-2-AND-OXCART-PROGRAMS-1954-1974.pdf,21,PERSON,Maj. John Seaberg,Maj John Seaberg,RANK
CIA-UAP-003-THE-CENTRAL-INTELLIGENCE-AGENCY-AND-OVERHEAD-RECONNAISSANCE-THE-U-2-AND-OXCART-PROGRAMS-1954-1974.pdf,21,ORG,OSI,OSI,
CIA-UAP-003-THE-CENTRAL-INTELLIGENCE-AGENCY-AND-OVERHEAD-RECONNAISSANCE-THE-U-2-AND-OXCART-PROGRAMS-1954-1974.pdf,21,MARKING,NOFORN,NOFORN,
CIA-UAP-003-THE-CENTRAL-INTELLIGENCE-AGENCY-AND-OVERHEAD-RECONNAISSANCE-THE-U-2-AND-OXCART-PROGRAMS-1954-1974.pdf,23,MARKING,Secret,SECRET,MARKING
CIA-UAP-003-THE-CENTRAL-INTELLIGENCE-AGENCY-AND-OVERHEAD-RECONNAISSANCE-THE-U-2-AND-OXCART-PROGRAMS-1954-1974.pdf,24,PERSON,Brig. Gen. Bernard A. Schriever's Office,Brig Gen Bernard A. Schriever's Office,RANK
CIA-UAP-003-THE-CENTRAL-INTELLIGENCE-AGENCY-AND-OVERHEAD-RECONNAISSANCE-THE-U-2-AND-OXCART-PROGRAMS-1954-1974.pdf,24,PERSON,Lt. Gen. Donald L. Putt,Lt Gen Donald L. Putt,RANK
CIA-UAP-003-THE-CENTRAL-INTELLIGENCE-AGENCY-AND-OVERHEAD-RECONNAISSANCE-THE-U-2-AND-OXCART-PROGRAMS-1954-1974.pdf,24,PERSON,Gen. Curtis E. LeMay,Gen Curtis E. LeMay,RANK
CIA-UAP-003-THE-CENTRAL-INTELLIGENCE-AGENCY-AND-OVERHEAD-RECONNAISSANCE-THE-U-2-AND-OXCART-PROGRAMS-1954-1974.pdf,24,ORG,SAC,SAC,
CIA-UAP-003-THE-CENTRAL-INTELLIGENCE-AGENCY-AND-OVERHEAD-RECONNAISSANCE-THE-U-2-AND-OXCART-PROGRAMS-1954-1974.pdf,24,ORG,CIA,CIA,
CIA-UAP-003-THE-CENTRAL-INTELLIGENCE-AGENCY-AND-OVERHEAD-RECONNAISSANCE-THE-U-2-AND-OXCART-PROGRAMS-1954-1974.pdf,24,DATE,30 November 1953,30 November 1953,
CIA-UAP-003-THE-CENTRAL-INTELLIGENCE-AGENCY-AND-OVERHEAD-RECONNAISSANCE-THE-U-2-AND-OXCART-PROGRAMS-1954-1974.pdf,24,DATE,5 March 1954,5 March 1954,
CIA-UAP-003-THE-CENTRAL-INTELLIGENCE-AGENCY-AND-OVERHEAD-RECONNAISSANCE-THE-U-2-AND-OXCART-PROGRAMS-1954-1974.pdf,25,DATE,23 July 1988,23 July 1988,
CIA-UAP-003-THE-CENTRAL-INTELLIGENCE-AGENCY-AND-OVERHEAD-RECONNAISSANCE-THE-U-2-AND-OXCART-PROGRAMS-1954-1974.pdf,25,MARKING,NOFORN,NOFORN,
CIA-UAP-003-THE-CENTRAL-INTELLIGENCE-AGENCY-AND-OVERHEAD-RECONNAISSANCE-THE-U-2-AND-OXCART-PROGRAMS-1954-1974.pdf,26,ORG,CIA,CIA,
CIA-UAP-003-THE-CENTRAL-INTELLIGENCE-AGENCY-AND-OVERHEAD-RECONNAISSANCE-THE-U-2-AND-OXCART-PROGRAMS-1954-1974.pdf,26,DATE,7 June 1954,7 June 1954,
CIA-UAP-003-THE-CENTRAL-INTELLIGENCE-AGENCY-AND-OVERHEAD-RECONNAISSANCE-THE-U-2-AND-OXCART-PROGRAMS-1954-1974.pdf,26,DATE,20 May 1985,20 May 1985,
CIA-UAP-003-THE-CENTRAL-INTELLIGENCE-AGENCY-AND-OVERHEAD-RECONNAISSANCE-THE-U-2-AND-OXCART-PROGRAMS-1954-1974.pdf,26,MARKING,NOFORN,NOFORN,
CIA-UAP-003-THE-CENTRAL-INTELLIGENCE-AGENCY-AND-OVERHEAD-RECONNAISSANCE-THE-U-2-AND-OXCART-PROGRAMS-1954-1974.pdf,27,ORG,SAC,SAC,
CIA-UAP-003-THE-CENTRAL-INTELLIGENCE-AGENCY-AND-OVERHEAD-RECONNAISSANCE-THE-U-2-AND-OXCART-PROGRAMS-1954-1974.pdf,27,ORG,CIA,CIA,
CIA-UAP-003-THE-CENTRAL-INTELLIGENCE-AGENCY-AND-OVERHEAD-RECONNAISSANCE-THE-U-2-AND-OXCART-PROGRAMS-1954-1974.pdf,27,DATE,12 May 1954,12 May 1954,
CIA-UAP-003-THE-CENTRAL-INTELLIGENCE-AGENCY-AND-OVERHEAD-RECONNAISSANCE-THE-U-2-AND-OXCART-PROGRAMS-1954-1974.pdf,27,DATE,23 May 1983,23 May 1983,
CIA-UAP-003-THE-CENTRAL-INTELLIGENCE-AGENCY-AND-OVERHEAD-RECONNAISSANCE-THE-U-2-AND-OXCART-PROGRAMS-1954-1974.pdf,28,ORG,CIA,CIA,
CIA-UAP-003-THE-CENTRAL-INTELLIGENCE-AGENCY-AND-OVERHEAD-RECONNAISSANCE-THE-U-2-AND-OXCART-PROGRAMS-1954-1974.pdf,28,ORG,OSI,OSI,
CIA-UAP-003-THE-CENTRAL-INTELLIGENCE-AGENCY-AND-OVERHEAD-RECONNAISSANCE-THE-U-2-AND-OXCART-PROGRAMS-1954-1974.pdf,28,DATE,12 May 1954,12 May 1954,
CIA-UAP-003-THE-CENTRAL-INTELLIGENCE-AGENCY-AND-OVERHEAD-RECONNAISSANCE-THE-U-2-AND-OXCART-PROGRAMS-1954-1974.pdf,29,ORG,CIA,CIA,
CIA-UAP-003-THE-CENTRAL-INTELLIGENCE-AGENCY-AND-OVERHEAD-RECONNAISSANCE-THE-U-2-AND-OXCART-PROGRAMS-1954-1974.pdf,29,ORG,OSI,OSI,
CIA-UAP-003-THE-CENTRAL-INTELLIGENCE-AGENCY-AND-OVERHEAD-RECONNAISSANCE-THE-U-2-AND-OXCART-PROGRAMS-1954-1974.pdf,29,ORG,OSI (OSWR),OSI (OSWR),
CIA-UAP-003-THE-CENTRAL-INTELLIGENCE-AGENCY-AND-OVERHEAD-RECONNAISSANCE-THE-U-2-AND-OXCART-PROGRAMS-1954-1974.pdf,29,DATE,13 May 1955,13 May 1955,
CIA-UAP-003-THE-CENTRAL-INTELLIGENCE-AGENCY-AND-OVERHEAD-RECONNAISSANCE-THE-U-2-AND-OXCART-PROGRAMS-1954-1974.pdf,29,DATE,8 November 1984,8 November 1984,
CIA-UAP-003-THE-CENTRAL-INTELLIGENCE-AGENCY-AND-OVERHEAD-RECONNAISSANCE-THE-U-2-AND-OXCART-PROGRAMS-1954-1974.pdf,29,DATE,15 October 1954,15 October 1954,
CIA-UAP-003-THE-CENTRAL-INTELLIGENCE-AGENCY-AND-OVERHEAD-RECONNAISSANCE-THE-U-2-AND-OXCART-PROGRAMS-1954-1974.pdf,29,MARKING,Secret,SECRET,MARKING
CIA-UAP-003-THE-CENTRAL-INTELLIGENCE-AGENCY-AND-OVERHEAD-RECONNAISSANCE-THE-U-2-AND-OXCART-PROGRAMS-1954-1974.pdf,30,PERSON,Maj. Gen. Gordon P. Saville,Maj Gen Gordon P. Saville,RANK
CIA-UAP-003-THE-CENTRAL-INTELLIGENCE-AGENCY-AND-OVERHEAD-RECONNAISSANCE-THE-U-2-AND-OXCART-PROGRAMS-1954-1974.pdf,30,ORG,CIA,CIA,
CIA-UAP-003-THE-CENTRAL-INTELLIGENCE-AGENCY-AND-OVERHEAD-RECONNAISSANCE-THE-U-2-AND-OXCART-PROGRAMS-1954-1974.pdf,30,ORG,USAF,USAF,
CIA-UAP-003-THE-CENTRAL-INTELLIGENCE-AGENCY-AND-OVERHEAD-RECONNAISSANCE-THE-U-2-AND-OXCART-PROGRAMS-1954-1974.pdf,30,DATE,22 April 1987,22 April 1987,
CIA-UAP-003-THE-CENTRAL-INTELLIGENCE-AGENCY-AND-OVERHEAD-RECONNAISSANCE-THE-U-2-AND-OXCART-PROGRAMS-1954-1974.pdf,31,PERSON,Lt. Col. Richard Leghorn,Lt Col Richard Leghorn,RANK
CIA-UAP-003-THE-CENTRAL-INTELLIGENCE-AGENCY-AND-OVERHEAD-RECONNAISSANCE-THE-U-2-AND-OXCART-PROGRAMS-1954-1974.pdf,31,ORG,USAF,USAF,
CIA-UAP-003-THE-CENTRAL-INTELLIGENCE-AGENCY-AND-OVERHEAD-RECONNAISSANCE-THE-U-2-AND-OXCART-PROGRAMS-1954-1974.pdf,31,DATE,15 June 1952,15 June 1952,
CIA-UAP-003-THE-CENTRAL-INTELLIGENCE-AGENCY-AND-OVERHEAD-RECONNAISSANCE-THE-U-2-AND-OXCART-PROGRAMS-1954-1974.pdf,31,DATE,21 June 1985,21 June 1985,
CIA-UAP-003-THE-CENTRAL-INTELLIGENCE-AGENCY-AND-OVERHEAD-RECONNAISSANCE-THE-U-2-AND-OXCART-PROGRAMS-1954-1974.pdf,31,DATE,24 April 1985,24 April 1985,
CIA-UAP-003-THE-CENTRAL-INTELLIGENCE-AGENCY-AND-OVERHEAD-RECONNAISSANCE-THE-U-2-AND-OXCART-PROGRAMS-1954-1974.pdf,31,MARKING,Secret,SECRET,MARKING
CIA-UAP-003-THE-CENTRAL-INTELLIGENCE-AGENCY-AND-OVERHEAD-RECONNAISSANCE-THE-U-2-AND-OXCART-PROGRAMS-1954-1974.pdf,32,DATE,15 June 1952,15 June 1952,
CIA-UAP-003-THE-CENTRAL-INTELLIGENCE-AGENCY-AND-OVERHEAD-RECONNAISSANCE-THE-U-2-AND-OXCART-PROGRAMS-1954-1974.pdf,33,ORG,SAC,SAC,
CIA-UAP-003-THE-CENTRAL-INTELLIGENCE-AGENCY-AND-OVERHEAD-RECONNAISSANCE-THE-U-2-AND-OXCART-PROGRAMS-1954-1974.pdf,33,DATE,"April 15, 1953","April 15, 1953",
CIA-UAP-003-THE-CENTRAL-INTELLIGENCE-AGENCY-AND-OVERHEAD-RECONNAISSANCE-THE-U-2-AND-OXCART-PROGRAMS-1954-1974.pdf,33,MARKING,top secret,TOP SECRET,MARKING
CIA-UAP-003-THE-CENTRAL-INTELLIGENCE-AGENCY-AND-OVERHEAD-RECONNAISSANCE-THE-U-2-AND-OXCART-PROGRAMS-1954-1974.pdf,34,PERSON,Dr. James G. Baker,Dr. James G. Baker,
CIA-UAP-003-THE-CENTRAL-INTELLIGENCE-AGENCY-AND-OVERHEAD-RECONNAISSANCE-THE-U-2-AND-OXCART-PROGRAMS-1954-1974.pdf,34,ORG,CIA,CIA,
CIA-UAP-003-THE-CENTRAL-INTELLIGENCE-AGENCY-AND-OVERHEAD-RECONNAISSANCE-THE-U-2-AND-OXCART-PROGRAMS-1954-1974.pdf,34,ORG,OSI,OSI,
CIA-UAP-003-THE-CENTRAL-INTELLIGENCE-AGENCY-AND-OVERHEAD-RECONNAISSANCE-THE-U-2-AND-OXCART-PROGRAMS-1954-1974.pdf,34,ORG,USAF,USAF,
CIA-UAP-003-THE-CENTRAL-INTELLIGENCE-AGENCY-AND-OVERHEAD-RECONNAISSANCE-THE-U-2-AND-OXCART-PROGRAMS-1954-1974.pdf,34,ORG,OSI (OSWR),OSI (OSWR),
CIA-UAP-003-THE-CENTRAL-INTELLIGENCE-AGENCY-AND-OVERHEAD-RECONNAISSANCE-THE-U-2-AND-OXCART-PROGRAMS-1954-1974.pdf,34,DATE,26 Augusl 1953,26 Augusl 1953,
CIA-UAP-003-THE-CENTRAL-INTELLIGENCE-AGENCY-AND-OVERHEAD-RECONNAISSANCE-THE-U-2-AND-OXCART-PROGRAMS-1954-1974.pdf,35,PERSON,Dr. Duncan E. Macdonald,Dr. Duncan E. Macdonald,
CIA-UAP-003-THE-CENTRAL-INTELLIGENCE-AGENCY-AND-OVERHEAD-RECONNAISSANCE-THE-U-2-AND-OXCART-PROGRAMS-1954-1974.pdf,35,ORG,OSI,OSI,
CIA-UAP-003-THE-CENTRAL-INTELLIGENCE-AGENCY-AND-OVERHEAD-RECONNAISSANCE-THE-U-2-AND-OXCART-PROGRAMS-1954-1974.pdf,35,ORG,USAF,USAF,
CIA-UAP-003-THE-CENTRAL-INTELLIGENCE-AGENCY-AND-OVERHEAD-RECONNAISSANCE-THE-U-2-AND-OXCART-PROGRAMS-1954-1974.pdf,35,ORG,OSI (OSWR),OSI (OSWR),
CIA-UAP-003-THE-CENTRAL-INTELLIGENCE-AGENCY-AND-OVERHEAD-RECONNAISSANCE-THE-U-2-AND-OXCART-PROGRAMS-1954-1974.pdf,35,DATE,3 August 1953,3 August 1953,
CIA-UAP-003-THE-CENTRAL-INTELLIGENCE-AGENCY-AND-OVERHEAD-RECONNAISSANCE-THE-U-2-AND-OXCART-PROGRAMS-1954-1974.pdf,35,DATE,22 May 1985,22 May 1985,
CIA-UAP-003-THE-CENTRAL-INTELLIGENCE-AGENCY-AND-OVERHEAD-RECONNAISSANCE-THE-U-2-AND-OXCART-PROGRAMS-1954-1974.pdf,35,MARKING,Secret,SECRET,MARKING
CIA-UAP-003-THE-CENTRAL-INTELLIGENCE-AGENCY-AND-OVERHEAD-RECONNAISSANCE-THE-U-2-AND-OXCART-PROGRAMS-1954-1974.pdf,36,ORG,OSI,OSI,
CIA-UAP-003-THE-CENTRAL-INTELLIGENCE-AGENCY-AND-OVERHEAD-RECONNAISSANCE-THE-U-2-AND-OXCART-PROGRAMS-1954-1974.pdf,36,ORG,CIA,CIA,
CIA-UAP-003-THE-CENTRAL-INTELLIGENCE-AGENCY-AND-OVERHEAD-RECONNAISSANCE-THE-U-2-AND-OXCART-PROGRAMS-1954-1974.pdf,36,DATE,29 August 1955,29 August 1955,
CIA-UAP-003-THE-CENTRAL-INTELLIGENCE-AGENCY-AND-OVERHEAD-RECONNAISSANCE-THE-U-2-AND-OXCART-PROGRAMS-1954-1974.pdf,36,DATE,23 March 1954,23 March 1954,
CIA-UAP-003-THE-CENTRAL-INTELLIGENCE-AGENCY-AND-OVERHEAD-RECONNAISSANCE-THE-U-2-AND-OXCART-PROGRAMS-1954-1974.pdf,36,DATE,21 October 1953,21 October 1953,
CIA-UAP-003-THE-CENTRAL-INTELLIGENCE-AGENCY-AND-OVERHEAD-RECONNAISSANCE-THE-U-2-AND-OXCART-PROGRAMS-1954-1974.pdf,36,DATE,26 October 1953,26 October 1953,
CIA-UAP-003-THE-CENTRAL-INTELLIGENCE-AGENCY-AND-OVERHEAD-RECONNAISSANCE-THE-U-2-AND-OXCART-PROGRAMS-1954-1974.pdf,37,ORG,CIA,CIA,
CIA-UAP-003-THE-CENTRAL-INTELLIGENCE-AGENCY-AND-OVERHEAD-RECONNAISSANCE-THE-U-2-AND-OXCART-PROGRAMS-1954-1974.pdf,37,DATE,2 August 1954,2 August 1954,
CIA-UAP-003-THE-CENTRAL-INTELLIGENCE-AGENCY-AND-OVERHEAD-RECONNAISSANCE-THE-U-2-AND-OXCART-PROGRAMS-1954-1974.pdf,38,DATE,24 September 1954,24 September 1954,
CIA-UAP-003-THE-CENTRAL-INTELLIGENCE-AGENCY-AND-OVERHEAD-RECONNAISSANCE-THE-U-2-AND-OXCART-PROGRAMS-1954-1974.pdf,38,MARKING,NOFORN,NOFORN,
CIA-UAP-003-THE-CENTRAL-INTELLIGENCE-AGENCY-AND-OVERHEAD-RECONNAISSANCE-THE-U-2-AND-OXCART-PROGRAMS-1954-1974.pdf,39,PERSON,Dr. Lee DuBridge,Dr. Lee DuBridge,
CIA-UAP-003-THE-CENTRAL-INTELLIGENCE-AGENCY-AND-OVERHEAD-RECONNAISSANCE-THE-U-2-AND-OXCART-PROGRAMS-1954-1974.pdf,39,ORG,SAC,SAC,
CIA-UAP-003-THE-CENTRAL-INTELLIGENCE-AGENCY-AND-OVERHEAD-RECONNAISSANCE-THE-U-2-AND-OXCART-PROGRAMS-1954-1974.pdf,40,DATE,15 April 1954,15 April 1954,
CIA-UAP-003-THE-CENTRAL-INTELLIGENCE-AGENCY-AND-OVERHEAD-RECONNAISSANCE-THE-U-2-AND-OXCART-PROGRAMS-1954-1974.pdf,40,DATE,26 July 1954,26 July 1954,
CIA-UAP-003-THE-CENTRAL-INTELLIGENCE-AGENCY-AND-OVERHEAD-RECONNAISSANCE-THE-U-2-AND-OXCART-PROGRAMS-1954-1974.pdf,40,DATE,13 September 1954,13 September 1954,
CIA-UAP-003-THE-CENTRAL-INTELLIGENCE-AGENCY-AND-OVERHEAD-RECONNAISSANCE-THE-U-2-AND-OXCART-PROGRAMS-1954-1974.pdf,40,MARKING,Secret,SECRET,MARKING
CIA-UAP-003-THE-CENTRAL-INTELLIGENCE-AGENCY-AND-OVERHEAD-RECONNAISSANCE-THE-U-2-AND-OXCART-PROGRAMS-1954-1974.pdf,41,PERSON,Lt. Col. V. T. Ford,Lt Col V. T. Ford,RANK
CIA-UAP-003-THE-CENTRAL-INTELLIGENCE-AGENCY-AND-OVERHEAD-RECONNAISSANCE-THE-U-2-AND-OXCART-PROGRAMS-1954-1974.pdf,41,PERSON,Lt. Gen. L,Lt Gen L,RANK
CIA-UAP-003-THE-CENTRAL-INTELLIGENCE-AGENCY-AND-OVERHEAD-RECONNAISSANCE-THE-U-2-AND-OXCART-PROGRAMS-1954-1974.pdf,41,PERSON,Maj. Gen. H. McK. Roper,Maj Gen H. McK. Roper,RANK
CIA-UAP-003-THE-CENTRAL-INTELLIGENCE-AGENCY-AND-OVERHEAD-RECONNAISSANCE-THE-U-2-AND-OXCART-PROGRAMS-1954-1974.pdf,41,ORG,USAF,USAF,
CIA-UAP-003-THE-CENTRAL-INTELLIGENCE-AGENCY-AND-OVERHEAD-RECONNAISSANCE-THE-U-2-AND-OXCART-PROGRAMS-1954-1974.pdf,42,DATE,2 November 198,2 November 198,
CIA-UAP-003-THE-CENTRAL-INTELLIGENCE-AGENCY-AND-OVERHEAD-RECONNAISSANCE-THE-U-2-AND-OXCART-PROGRAMS-1954-1974.pdf,43,PERSON,Lt. Gen. Charles Pearre Cabell,Lt Gen Charles Pearre Cabell,RANK
CIA-UAP-003-THE-CENTRAL-INTELLIGENCE-AGENCY-AND-OVERHEAD-RECONNAISSANCE-THE-U-2-AND-OXCART-PROGRAMS-1954-1974.pdf,43,ORG,CIA,CIA,
CIA-UAP-003-THE-CENTRAL-INTELLIGENCE-AGENCY-AND-OVERHEAD-RECONNAISSANCE-THE-U-2-AND-OXCART-PROGRAMS-1954-1974.pdf,43,ORG,USAF,USAF,
CIA-UAP-003-THE-CENTRAL-INTELLIGENCE-AGENCY-AND-OVERHEAD-RECONNAISSANCE-THE-U-2-AND-OXCART-PROGRAMS-1954-1974.pdf,44,PERSON,Dr. Henry Yutzy,Dr. Henry Yutzy,
CIA-UAP-003-THE-CENTRAL-INTELLIGENCE-AGENCY-AND-OVERHEAD-RECONNAISSANCE-THE-U-2-AND-OXCART-PROGRAMS-1954-1974.pdf,44,MARKING,Secret,SECRET,MARKING
CIA-UAP-003-THE-CENTRAL-INTELLIGENCE-AGENCY-AND-OVERHEAD-RECONNAISSANCE-THE-U-2-AND-OXCART-PROGRAMS-1954-1974.pdf,45,ORG,CIA,CIA,
CIA-UAP-003-THE-CENTRAL-INTELLIGENCE-AGENCY-AND-OVERHEAD-RECONNAISSANCE-THE-U-2-AND-OXCART-PROGRAMS-1954-1974.pdf,45,MARKING,Secret,SECRET,MARKING
CIA-UAP-003-THE-CENTRAL-INTELLIGENCE-AGENCY-AND-OVERHEAD-RECONNAISSANCE-THE-U-2-AND-OXCART-PROGRAMS-1954-1974.pdf,46,ORG,CIA,CIA,
CIA-UAP-003-THE-CENTRAL-INTELLIGENCE-AGENCY-AND-OVERHEAD-RECONNAISSANCE-THE-U-2-AND-OXCART-PROGRAMS-1954-1974.pdf,46,DATE,5 November 1954,5 November 1954,
CIA-UAP-003-THE-CENTRAL-INTELLIGENCE-AGENCY-AND-OVERHEAD-RECONNAISSANCE-THE-U-2-AND-OXCART-PROGRAMS-1954-1974.pdf,46,MARKING,Secret,SECRET,MARKING
CIA-UAP-003-THE-CENTRAL-INTELLIGENCE-AGENCY-AND-OVERHEAD-RECONNAISSANCE-THE-U-2-AND-OXCART-PROGRAMS-1954-1974.pdf,47,ORG,CIA,CIA,
CIA-UAP-003-THE-CENTRAL-INTELLIGENCE-AGENCY-AND-OVERHEAD-RECONNAISSANCE-THE-U-2-AND-OXCART-PROGRAMS-1954-1974.pdf,47,DATE,5 November 1954,5 November 1954,
CIA-UAP-003-THE-CENTRAL-INTELLIGENCE-AGENCY-AND-OVERHEAD-RECONNAISSANCE-THE-U-2-AND-OXCART-PROGRAMS-1954-1974.pdf,47,MARKING,NOFORN,NOFORN,
CIA-UAP-003-THE-CENTRAL-INTELLIGENCE-AGENCY-AND-OVERHEAD-RECONNAISSANCE-THE-U-2-AND-OXCART-PROGRAMS-1954-1974.pdf,48,PERSON,Lt. Gen. Donald L. Putt,Lt Gen Donald L. Putt,RANK
CIA-UAP-003-THE-CENTRAL-INTELLIGENCE-AGENCY-AND-OVERHEAD-RECONNAISSANCE-THE-U-2-AND-OXCART-PROGRAMS-1954-1974.pdf,48,PERSON,Maj. John Seaberg,Maj John Seaberg,RANK
CIA-UAP-003-THE-CENTRAL-INTELLIGENCE-AGENCY-AND-OVERHEAD-RECONNAISSANCE-THE-U-2-AND-OXCART-PROGRAMS-1954-1974.pdf,48,DATE,18 November 1954,18 November 1954,
CIA-UAP-003-THE-CENTRAL-INTELLIGENCE-AGENCY-AND-OVERHEAD-RECONNAISSANCE-THE-U-2-AND-OXCART-PROGRAMS-1954-1974.pdf,48,MARKING,Secret,SECRET,MARKING
CIA-UAP-003-THE-CENTRAL-INTELLIGENCE-AGENCY-AND-OVERHEAD-RECONNAISSANCE-THE-U-2-AND-OXCART-PROGRAMS-1954-1974.pdf,49,ORG,CIA,CIA,
CIA-UAP-003-THE-CENTRAL-INTELLIGENCE-AGENCY-AND-OVERHEAD-RECONNAISSANCE-THE-U-2-AND-OXCART-PROGRAMS-1954-1974.pdf,49,DATE,19 November 1954,19 November 1954,
CIA-UAP-003-THE-CENTRAL-INTELLIGENCE-AGENCY-AND-OVERHEAD-RECONNAISSANCE-THE-U-2-AND-OXCART-PROGRAMS-1954-1974.pdf,50,ORG,CIA,CIA,
CIA-UAP-003-THE-CENTRAL-INTELLIGENCE-AGENCY-AND-OVERHEAD-RECONNAISSANCE-THE-U-2-AND-OXCART-PROGRAMS-1954-1974.pdf,50,DATE,24 November 1954,24 November 1954,
CIA-UAP-003-THE-CENTRAL-INTELLIGENCE-AGENCY-AND-OVERHEAD-RECONNAISSANCE-THE-U-2-AND-OXCART-PROGRAMS-1954-1974.pdf,50,MARKING,declassified,DECLASSIFIED,MARKING
CIA-UAP-003-THE-CENTRAL-INTELLIGENCE-AGENCY-AND-OVERHEAD-RECONNAISSANCE-THE-U-2-AND-OXCART-PROGRAMS-1954-1974.pdf,52,DATE,26 November 1954,26 November 1954,
CIA-UAP-003-THE-CENTRAL-INTELLIGENCE-AGENCY-AND-OVERHEAD-RECONNAISSANCE-THE-U-2-AND-OXCART-PROGRAMS-1954-1974.pdf,52,DATE,2 December 1954,2 December 1954,
CIA-UAP-003-THE-CENTRAL-INTELLIGENCE-AGENCY-AND-OVERHEAD-RECONNAISSANCE-THE-U-2-AND-OXCART-PROGRAMS-1954-1974.pdf,52,MARKING,secret,SECRET,MARKING
CIA-UAP-003-THE-CENTRAL-INTELLIGENCE-AGENCY-AND-OVERHEAD-RECONNAISSANCE-THE-U-2-AND-OXCART-PROGRAMS-1954-1974.pdf,53,PERSON,Lt. Gen. Donald L. Putt,Lt Gen Donald L. Putt,RANK
CIA-UAP-003-THE-CENTRAL-INTELLIGENCE-AGENCY-AND-OVERHEAD-RECONNAISSANCE-THE-U-2-AND-OXCART-PROGRAMS-1954-1974.pdf,53,ORG,CIA,CIA,
CIA-UAP-003-THE-CENTRAL-INTELLIGENCE-AGENCY-AND-OVERHEAD-RECONNAISSANCE-THE-U-2-AND-OXCART-PROGRAMS-1954-1974.pdf,53,DATE,8 November 1984,8 November 1984,
CIA-UAP-003-THE-CENTRAL-INTELLIGENCE-AGENCY-AND-OVERHEAD-RECONNAISSANCE-THE-U-2-AND-OXCART-PROGRAMS-1954-1974.pdf,53,MARKING,Secret,SECRET,MARKING
CIA-UAP-003-THE-CENTRAL-INTELLIGENCE-AGENCY-AND-OVERHEAD-RECONNAISSANCE-THE-U-2-AND-OXCART-PROGRAMS-1954-1974.pdf,54,ORG,CIA,CIA,
CIA-UAP-003-THE-CENTRAL-INTELLIGENCE-AGENCY-AND-OVERHEAD-RECONNAISSANCE-THE-U-2-AND-OXCART-PROGRAMS-1954-1974.pdf,54,ORG,USAF,USAF,
CIA-UAP-003-THE-CENTRAL-INTELLIGENCE-AGENCY-AND-OVERHEAD-RECONNAISSANCE-THE-U-2-AND-OXCART-PROGRAMS-1954-1974.pdf,55,ORG,SAC,SAC,
CIA-UAP-003-THE-CENTRAL-INTELLIGENCE-AGENCY-AND-OVERHEAD-RECONNAISSANCE-THE-U-2-AND-OXCART-PROGRAMS-1954-1974.pdf,55,ORG,CIA,CIA,
CIA-UAP-003-THE-CENTRAL-INTELLIGENCE-AGENCY-AND-OVERHEAD-RECONNAISSANCE-THE-U-2-AND-OXCART-PROGRAMS-1954-1974.pdf,55,DATE,28 April 1955,28 April 1955,
CIA-UAP-003-THE-CENTRAL-INTELLIGENCE-AGENCY-AND-OVERHEAD-RECONNAISSANCE-THE-U-2-AND-OXCART-PROGRAMS-1954-1974.pdf,55,MARKING,Secret,SECRET,MARKING
CIA-UAP-003-THE-CENTRAL-INTELLIGENCE-AGENCY-AND-OVERHEAD-RECONNAISSANCE-THE-U-2-AND-OXCART-PROGRAMS-1954-1974.pdf,56,PERSON,Gen. Charles Pearre Cabell,Gen Charles Pearre Cabell,RANK
CIA-UAP-003-THE-CENTRAL-INTELLIGENCE-AGENCY-AND-OVERHEAD-RECONNAISSANCE-THE-U-2-AND-OXCART-PROGRAMS-1954-1974.pdf,56,ORG,CIA,CIA,
CIA-UAP-003-THE-CENTRAL-INTELLIGENCE-AGENCY-AND-OVERHEAD-RECONNAISSANCE-THE-U-2-AND-OXCART-PROGRAMS-1954-1974.pdf,56,DATE,3 December 1954,3 December 1954,
CIA-UAP-003-THE-CENTRAL-INTELLIGENCE-AGENCY-AND-OVERHEAD-RECONNAISSANCE-THE-U-2-AND-OXCART-PROGRAMS-1954-1974.pdf,56,MARKING,NOFORN,NOFORN,
CIA-UAP-003-THE-CENTRAL-INTELLIGENCE-AGENCY-AND-OVERHEAD-RECONNAISSANCE-THE-U-2-AND-OXCART-PROGRAMS-1954-1974.pdf,57,ORG,OAR,OAR,
CIA-UAP-003-THE-CENTRAL-INTELLIGENCE-AGENCY-AND-OVERHEAD-RECONNAISSANCE-THE-U-2-AND-OXCART-PROGRAMS-1954-1974.pdf,57,ORG,CIA,CIA,
CIA-UAP-003-THE-CENTRAL-INTELLIGENCE-AGENCY-AND-OVERHEAD-RECONNAISSANCE-THE-U-2-AND-OXCART-PROGRAMS-1954-1974.pdf,57,DATE,20 June 1949,20 June 1949,
CIA-UAP-003-THE-CENTRAL-INTELLIGENCE-AGENCY-AND-OVERHEAD-RECONNAISSANCE-THE-U-2-AND-OXCART-PROGRAMS-1954-1974.pdf,57,DATE,22 December 1954,22 December 1954,
CIA-UAP-003-THE-CENTRAL-INTELLIGENCE-AGENCY-AND-OVERHEAD-RECONNAISSANCE-THE-U-2-AND-OXCART-PROGRAMS-1954-1974.pdf,57,DATE,2 March 1955,2 March 1955,
CIA-UAP-003-THE-CENTRAL-INTELLIGENCE-AGENCY-AND-OVERHEAD-RECONNAISSANCE-THE-U-2-AND-OXCART-PROGRAMS-1954-1974.pdf,57,DATE,21 February 1955,21 February 1955,
CIA-UAP-003-THE-CENTRAL-INTELLIGENCE-AGENCY-AND-OVERHEAD-RECONNAISSANCE-THE-U-2-AND-OXCART-PROGRAMS-1954-1974.pdf,57,DATE,5 Aug 1983,5 Aug 1983,
CIA-UAP-003-THE-CENTRAL-INTELLIGENCE-AGENCY-AND-OVERHEAD-RECONNAISSANCE-THE-U-2-AND-OXCART-PROGRAMS-1954-1974.pdf,57,MARKING,NOFORN,NOFORN,
CIA-UAP-003-THE-CENTRAL-INTELLIGENCE-AGENCY-AND-OVERHEAD-RECONNAISSANCE-THE-U-2-AND-OXCART-PROGRAMS-1954-1974.pdf,58,DATE,26 August 1988,26 August 1988,
CIA-UAP-003-THE-CENTRAL-INTELLIGENCE-AGENCY-AND-OVERHEAD-RECONNAISSANCE-THE-U-2-AND-OXCART-PROGRAMS-1954-1974.pdf,59,MARKING,Secret,SECRET,MARKING
CIA-UAP-003-THE-CENTRAL-INTELLIGENCE-AGENCY-AND-OVERHEAD-RECONNAISSANCE-THE-U-2-AND-OXCART-PROGRAMS-1954-1974.pdf,61,DATE,28 January 1955,28 January 1955,
CIA-UAP-003-THE-CENTRAL-INTELLIGENCE-AGENCY-AND-OVERHEAD-RECONNAISSANCE-THE-U-2-AND-OXCART-PROGRAMS-1954-1974.pdf,61,MARKING,NOFORN,NOFORN,
CIA-UAP-003-THE-CENTRAL-INTELLIGENCE-AGENCY-AND-OVERHEAD-RECONNAISSANCE-THE-U-2-AND-OXCART-PROGRAMS-1954-1974.pdf,63,ORG,CIA,CIA,
CIA-UAP-003-THE-CENTRAL-INTELLIGENCE-AGENCY-AND-OVERHEAD-RECONNAISSANCE-THE-U-2-AND-OXCART-PROGRAMS-1954-1974.pdf,63,MARKING,NOFORN,NOFORN,
CIA-UAP-003-THE-CENTRAL-INTELLIGENCE-AGENCY-AND-OVERHEAD-RECONNAISSANCE-THE-U-2-AND-OXCART-PROGRAMS-1954-1974.pdf,64,PERSON,Dr. Roderic M. Scott,Dr. Roderic M. Scott,
CIA-UAP-003-THE-CENTRAL-INTELLIGENCE-AGENCY-AND-OVERHEAD-RECONNAISSANCE-THE-U-2-AND-OXCART-PROGRAMS-1954-1974.pdf,64,DATE,31 January 1955,31 January 1955,
CIA-UAP-003-THE-CENTRAL-INTELLIGENCE-AGENCY-AND-OVERHEAD-RECONNAISSANCE-THE-U-2-AND-OXCART-PROGRAMS-1954-1974.pdf,64,MARKING,Secret,SECRET,MARKING
CIA-UAP-003-THE-CENTRAL-INTELLIGENCE-AGENCY-AND-OVERHEAD-RECONNAISSANCE-THE-U-2-AND-OXCART-PROGRAMS-1954-1974.pdf,64,MARKING,NOFORN,NOFORN,
CIA-UAP-003-THE-CENTRAL-INTELLIGENCE-AGENCY-AND-OVERHEAD-RECONNAISSANCE-THE-U-2-AND-OXCART-PROGRAMS-1954-1974.pdf,66,DATE,24 January 1956,24 January 1956,
CIA-UAP-003-THE-CENTRAL-INTELLIGENCE-AGENCY-AND-OVERHEAD-RECONNAISSANCE-THE-U-2-AND-OXCART-PROGRAMS-1954-1974.pdf,66,MARKING,NOFORN,NOFORN,
CIA-UAP-003-THE-CENTRAL-INTELLIGENCE-AGENCY-AND-OVERHEAD-RECONNAISSANCE-THE-U-2-AND-OXCART-PROGRAMS-1954-1974.pdf,68,ORG,CIA,CIA,
CIA-UAP-003-THE-CENTRAL-INTELLIGENCE-AGENCY-AND-OVERHEAD-RECONNAISSANCE-THE-U-2-AND-OXCART-PROGRAMS-1954-1974.pdf,68,MARKING,unclassified,UNCLASSIFIED,MARKING
CIA-UAP-003-THE-CENTRAL-INTELLIGENCE-AGENCY-AND-OVERHEAD-RECONNAISSANCE-THE-U-2-AND-OXCART-PROGRAMS-1954-1974.pdf,69,PERSON,Col. Osmund Ritland,Col Osmund Ritland,RANK
CIA-UAP-003-THE-CENTRAL-INTELLIGENCE-AGENCY-AND-OVERHEAD-RECONNAISSANCE-THE-U-2-AND-OXCART-PROGRAMS-1954-1974.pdf,69,PERSON,Adm. Lewis Strauss,Adm. Lewis Strauss,
CIA-UAP-003-THE-CENTRAL-INTELLIGENCE-AGENCY-AND-OVERHEAD-RECONNAISSANCE-THE-U-2-AND-OXCART-PROGRAMS-1954-1974.pdf,69,DATE,12 April 1955,12 April 1955,
CIA-UAP-003-THE-CENTRAL-INTELLIGENCE-AGENCY-AND-OVERHEAD-RECONNAISSANCE-THE-U-2-AND-OXCART-PROGRAMS-1954-1974.pdf,69,DATE,12 May 1986,12 May 1986,
CIA-UAP-003-THE-CENTRAL-INTELLIGENCE-AGENCY-AND-OVERHEAD-RECONNAISSANCE-THE-U-2-AND-OXCART-PROGRAMS-1954-1974.pdf,69,MARKING,NOFORN,NOFORN,
CIA-UAP-003-THE-CENTRAL-INTELLIGENCE-AGENCY-AND-OVERHEAD-RECONNAISSANCE-THE-U-2-AND-OXCART-PROGRAMS-1954-1974.pdf,70,MARKING,unclassified,UNCLASSIFIED,MARKING
CIA-UAP-003-THE-CENTRAL-INTELLIGENCE-AGENCY-AND-OVERHEAD-RECONNAISSANCE-THE-U-2-AND-OXCART-PROGRAMS-1954-1974.pdf,72,ORG,CIA,CIA,
CIA-UAP-003-THE-CENTRAL-INTELLIGENCE-AGENCY-AND-OVERHEAD-RECONNAISSANCE-THE-U-2-AND-OXCART-PROGRAMS-1954-1974.pdf,72,DATE,29 April 1955,29 April 1955,
CIA-UAP-003-THE-CENTRAL-INTELLIGENCE-AGENCY-AND-OVERHEAD-RECONNAISSANCE-THE-U-2-AND-OXCART-PROGRAMS-1954-1974.pdf,72,MARKING,NOFORN,NOFORN,
CIA-UAP-003-THE-CENTRAL-INTELLIGENCE-AGENCY-AND-OVERHEAD-RECONNAISSANCE-THE-U-2-AND-OXCART-PROGRAMS-1954-1974.pdf,72,MARKING,secret,SECRET,MARKING
CIA-UAP-003-THE-CENTRAL-INTELLIGENCE-AGENCY-AND-OVERHEAD-RECONNAISSANCE-THE-U-2-AND-OXCART-PROGRAMS-1954-1974.pdf,73,PERSON,Gen. Curtis E. LeMay,Gen Curtis E. LeMay,RANK
CIA-UAP-003-THE-CENTRAL-INTELLIGENCE-AGENCY-AND-OVERHEAD-RECONNAISSANCE-THE-U-2-AND-OXCART-PROGRAMS-1954-1974.pdf,73,ORG,CIA,CIA,
CIA-UAP-003-THE-CENTRAL-INTELLIGENCE-AGENCY-AND-OVERHEAD-RECONNAISSANCE-THE-U-2-AND-OXCART-PROGRAMS-1954-1974.pdf,73,ORG,SAC,SAC,
CIA-UAP-003-THE-CENTRAL-INTELLIGENCE-AGENCY-AND-OVERHEAD-RECONNAISSANCE-THE-U-2-AND-OXCART-PROGRAMS-1954-1974.pdf,73,ORG,USAF,USAF,
CIA-UAP-003-THE-CENTRAL-INTELLIGENCE-AGENCY-AND-OVERHEAD-RECONNAISSANCE-THE-U-2-AND-OXCART-PROGRAMS-1954-1974.pdf,73,DATE,3 August 1955,3 August 1955,
CIA-UAP-003-THE-CENTRAL-INTELLIGENCE-AGENCY-AND-OVERHEAD-RECONNAISSANCE-THE-U-2-AND-OXCART-PROGRAMS-1954-1974.pdf,73,MARKING,NOFORN,NOFORN,
CIA-UAP-003-THE-CENTRAL-INTELLIGENCE-AGENCY-AND-OVERHEAD-RECONNAISSANCE-THE-U-2-AND-OXCART-PROGRAMS-1954-1974.pdf,74,PERSON,Col. Osmund J. Rieland. He,Col Osmund J. Rieland. He,RANK
CIA-UAP-003-THE-CENTRAL-INTELLIGENCE-AGENCY-AND-OVERHEAD-RECONNAISSANCE-THE-U-2-AND-OXCART-PROGRAMS-1954-1974.pdf,74,PERSON,Col. Jack A. Gibbs. Osmund,Col Jack A. Gibbs. Osmund,RANK
CIA-UAP-003-THE-CENTRAL-INTELLIGENCE-AGENCY-AND-OVERHEAD-RECONNAISSANCE-THE-U-2-AND-OXCART-PROGRAMS-1954-1974.pdf,74,PERSON,Lt. Col. Leo P. Geary,Lt Col Leo P. Geary,RANK
CIA-UAP-003-THE-CENTRAL-INTELLIGENCE-AGENCY-AND-OVERHEAD-RECONNAISSANCE-THE-U-2-AND-OXCART-PROGRAMS-1954-1974.pdf,74,PERSON,Gen. James H. Doolittle,Gen James H. Doolittle,RANK
CIA-UAP-003-THE-CENTRAL-INTELLIGENCE-AGENCY-AND-OVERHEAD-RECONNAISSANCE-THE-U-2-AND-OXCART-PROGRAMS-1954-1974.pdf,74,PERSON,Brig. Gen. Leo A. Geary,Brig Gen Leo A. Geary,RANK
CIA-UAP-003-THE-CENTRAL-INTELLIGENCE-AGENCY-AND-OVERHEAD-RECONNAISSANCE-THE-U-2-AND-OXCART-PROGRAMS-1954-1974.pdf,74,ORG,CIA,CIA,
CIA-UAP-003-THE-CENTRAL-INTELLIGENCE-AGENCY-AND-OVERHEAD-RECONNAISSANCE-THE-U-2-AND-OXCART-PROGRAMS-1954-1974.pdf,74,ORG,USAF,USAF,
CIA-UAP-003-THE-CENTRAL-INTELLIGENCE-AGENCY-AND-OVERHEAD-RECONNAISSANCE-THE-U-2-AND-OXCART-PROGRAMS-1954-1974.pdf,74,DATE,27 June 1955,27 June 1955,
CIA-UAP-003-THE-CENTRAL-INTELLIGENCE-AGENCY-AND-OVERHEAD-RECONNAISSANCE-THE-U-2-AND-OXCART-PROGRAMS-1954-1974.pdf,74,DATE,12 October 1965,12 October 1965,
CIA-UAP-003-THE-CENTRAL-INTELLIGENCE-AGENCY-AND-OVERHEAD-RECONNAISSANCE-THE-U-2-AND-OXCART-PROGRAMS-1954-1974.pdf,74,DATE,3 April 1986,3 April 1986,
CIA-UAP-003-THE-CENTRAL-INTELLIGENCE-AGENCY-AND-OVERHEAD-RECONNAISSANCE-THE-U-2-AND-OXCART-PROGRAMS-1954-1974.pdf,74,MARKING,Secret,SECRET,MARKING
CIA-UAP-003-THE-CENTRAL-INTELLIGENCE-AGENCY-AND-OVERHEAD-RECONNAISSANCE-THE-U-2-AND-OXCART-PROGRAMS-1954-1974.pdf,75,PERSON,Col. Donald D. Flickinger,Col Donald D. Flickinger,RANK
CIA-UAP-003-THE-CENTRAL-INTELLIGENCE-AGENCY-AND-OVERHEAD-RECONNAISSANCE-THE-U-2-AND-OXCART-PROGRAMS-1954-1974.pdf,75,PERSON,Col. W. Randolph Lovelace,Col W. Randolph Lovelace,RANK
CIA-UAP-003-THE-CENTRAL-INTELLIGENCE-AGENCY-AND-OVERHEAD-RECONNAISSANCE-THE-U-2-AND-OXCART-PROGRAMS-1954-1974.pdf,75,PERSON,Dr. Lovelace,Dr. Lovelace,
CIA-UAP-003-THE-CENTRAL-INTELLIGENCE-AGENCY-AND-OVERHEAD-RECONNAISSANCE-THE-U-2-AND-OXCART-PROGRAMS-1954-1974.pdf,75,ORG,USAF,USAF,
CIA-UAP-003-THE-CENTRAL-INTELLIGENCE-AGENCY-AND-OVERHEAD-RECONNAISSANCE-THE-U-2-AND-OXCART-PROGRAMS-1954-1974.pdf,75,DATE,4 October 1983,4 October 1983,
CIA-UAP-003-THE-CENTRAL-INTELLIGENCE-AGENCY-AND-OVERHEAD-RECONNAISSANCE-THE-U-2-AND-OXCART-PROGRAMS-1954-1974.pdf,76,MARKING,Secret,SECRET,MARKING
CIA-UAP-003-THE-CENTRAL-INTELLIGENCE-AGENCY-AND-OVERHEAD-RECONNAISSANCE-THE-U-2-AND-OXCART-PROGRAMS-1954-1974.pdf,77,PERSON,Maj. Gen. Patrick J. Halloran,Maj Gen Patrick J. Halloran,RANK
CIA-UAP-003-THE-CENTRAL-INTELLIGENCE-AGENCY-AND-OVERHEAD-RECONNAISSANCE-THE-U-2-AND-OXCART-PROGRAMS-1954-1974.pdf,77,DATE,24 April 1986,24 April 1986,
CIA-UAP-003-THE-CENTRAL-INTELLIGENCE-AGENCY-AND-OVERHEAD-RECONNAISSANCE-THE-U-2-AND-OXCART-PROGRAMS-1954-1974.pdf,78,MARKING,secret,SECRET,MARKING
CIA-UAP-003-THE-CENTRAL-INTELLIGENCE-AGENCY-AND-OVERHEAD-RECONNAISSANCE-THE-U-2-AND-OXCART-PROGRAMS-1954-1974.pdf,79,PERSON,Col. Allman T. Culbertson,Col Allman T. Culbertson,RANK
CIA-UAP-003-THE-CENTRAL-INTELLIGENCE-AGENCY-AND-OVERHEAD-RECONNAISSANCE-THE-U-2-AND-OXCART-PROGRAMS-1954-1974.pdf,79,PERSON,Dr. Alex Batlin Re Project,Dr. Alex Batlin Re Project,
CIA-UAP-003-THE-CENTRAL-INTELLIGENCE-AGENCY-AND-OVERHEAD-RECONNAISSANCE-THE-U-2-AND-OXCART-PROGRAMS-1954-1974.pdf,79,ORG,CIA,CIA,
CIA-UAP-003-THE-CENTRAL-INTELLIGENCE-AGENCY-AND-OVERHEAD-RECONNAISSANCE-THE-U-2-AND-OXCART-PROGRAMS-1954-1974.pdf,80,MARKING,Secret,SECRET,MARKING
CIA-UAP-003-THE-CENTRAL-INTELLIGENCE-AGENCY-AND-OVERHEAD-RECONNAISSANCE-THE-U-2-AND-OXCART-PROGRAMS-1954-1974.pdf,80,MARKING,NOFORN,NOFORN,
CIA-UAP-003-THE-CENTRAL-INTELLIGENCE-AGENCY-AND-OVERHEAD-RECONNAISSANCE-THE-U-2-AND-OXCART-PROGRAMS-1954-1974.pdf,81,DATE,27 July 1955,27 July 1955,
CIA-UAP-003-THE-CENTRAL-INTELLIGENCE-AGENCY-AND-OVERHEAD-RECONNAISSANCE-THE-U-2-AND-OXCART-PROGRAMS-1954-1974.pdf,81,DATE,14 March 1986,14 March 1986,
CIA-UAP-003-THE-CENTRAL-INTELLIGENCE-AGENCY-AND-OVERHEAD-RECONNAISSANCE-THE-U-2-AND-OXCART-PROGRAMS-1954-1974.pdf,82,DATE,4 August 1955,4 August 1955,
CIA-UAP-003-THE-CENTRAL-INTELLIGENCE-AGENCY-AND-OVERHEAD-RECONNAISSANCE-THE-U-2-AND-OXCART-PROGRAMS-1954-1974.pdf,82,MARKING,NOFORN,NOFORN,
CIA-UAP-003-THE-CENTRAL-INTELLIGENCE-AGENCY-AND-OVERHEAD-RECONNAISSANCE-THE-U-2-AND-OXCART-PROGRAMS-1954-1974.pdf,82,MARKING,secret,SECRET,MARKING
CIA-UAP-003-THE-CENTRAL-INTELLIGENCE-AGENCY-AND-OVERHEAD-RECONNAISSANCE-THE-U-2-AND-OXCART-PROGRAMS-1954-1974.pdf,83,PERSON,Col. Osmond Ritla,Col Osmond Ritla,RANK
CIA-UAP-003-THE-CENTRAL-INTELLIGENCE-AGENCY-AND-OVERHEAD-RECONNAISSANCE-THE-U-2-AND-OXCART-PROGRAMS-1954-1974.pdf,83,DATE,4 August 1955,4 August 1955,
CIA-UAP-003-THE-CENTRAL-INTELLIGENCE-AGENCY-AND-OVERHEAD-RECONNAISSANCE-THE-U-2-AND-OXCART-PROGRAMS-1954-1974.pdf,83,DATE,8 August 1955,8 August 1955,
CIA-UAP-003-THE-CENTRAL-INTELLIGENCE-AGENCY-AND-OVERHEAD-RECONNAISSANCE-THE-U-2-AND-OXCART-PROGRAMS-1954-1974.pdf,84,DATE,22 September 1955,22 September 1955,
CIA-UAP-003-THE-CENTRAL-INTELLIGENCE-AGENCY-AND-OVERHEAD-RECONNAISSANCE-THE-U-2-AND-OXCART-PROGRAMS-1954-1974.pdf,85,ORG,USAF,USAF,
CIA-UAP-003-THE-CENTRAL-INTELLIGENCE-AGENCY-AND-OVERHEAD-RECONNAISSANCE-THE-U-2-AND-OXCART-PROGRAMS-1954-1974.pdf,85,ORG,CIA,CIA,
CIA-UAP-003-THE-CENTRAL-INTELLIGENCE-AGENCY-AND-OVERHEAD-RECONNAISSANCE-THE-U-2-AND-OXCART-PROGRAMS-1954-1974.pdf,85,DATE,3 October 1955,3 October 1955,
CIA-UAP-003-THE-CENTRAL-INTELLIGENCE-AGENCY-AND-OVERHEAD-RECONNAISSANCE-THE-U-2-AND-OXCART-PROGRAMS-1954-1974.pdf,85,MARKING,Secret,SECRET,MARKING
CIA-UAP-003-THE-CENTRAL-INTELLIGENCE-AGENCY-AND-OVERHEAD-RECONNAISSANCE-THE-U-2-AND-OXCART-PROGRAMS-1954-1974.pdf,87,PERSON,Lt. Gen,Lt Gen,RANK
CIA-UAP-003-THE-CENTRAL-INTELLIGENCE-AGENCY-AND-OVERHEAD-RECONNAISSANCE-THE-U-2-AND-OXCART-PROGRAMS-1954-1974.pdf,87,ORG,SAC,SAC,
CIA-UAP-003-THE-CENTRAL-INTELLIGENCE-AGENCY-AND-OVERHEAD-RECONNAISSANCE-THE-U-2-AND-OXCART-PROGRAMS-1954-1974.pdf,87,ORG,CIA,CIA,
CIA-UAP-003-THE-CENTRAL-INTELLIGENCE-AGENCY-AND-OVERHEAD-RECONNAISSANCE-THE-U-2-AND-OXCART-PROGRAMS-1954-1974.pdf,87,MARKING,NOFORN,NOFORN,
CIA-UAP-003-THE-CENTRAL-INTELLIGENCE-AGENCY-AND-OVERHEAD-RECONNAISSANCE-THE-U-2-AND-OXCART-PROGRAMS-1954-1974.pdf,88,PERSON,Col. William F. Yancey,Col William F. Yancey,RANK
CIA-UAP-003-THE-CENTRAL-INTELLIGENCE-AGENCY-AND-OVERHEAD-RECONNAISSANCE-THE-U-2-AND-OXCART-PROGRAMS-1954-1974.pdf,88,ORG,CIA,CIA,
CIA-UAP-003-THE-CENTRAL-INTELLIGENCE-AGENCY-AND-OVERHEAD-RECONNAISSANCE-THE-U-2-AND-OXCART-PROGRAMS-1954-1974.pdf,88,ORG,SAC,SAC,
CIA-UAP-003-THE-CENTRAL-INTELLIGENCE-AGENCY-AND-OVERHEAD-RECONNAISSANCE-THE-U-2-AND-OXCART-PROGRAMS-1954-1974.pdf,88,DATE,28 November 1955,28 November 1955,
CIA-UAP-003-THE-CENTRAL-INTELLIGENCE-AGENCY-AND-OVERHEAD-RECONNAISSANCE-THE-U-2-AND-OXCART-PROGRAMS-1954-1974.pdf,89,ORG,SAC,SAC,
CIA-UAP-003-THE-CENTRAL-INTELLIGENCE-AGENCY-AND-OVERHEAD-RECONNAISSANCE-THE-U-2-AND-OXCART-PROGRAMS-1954-1974.pdf,89,DATE,6 March 1986,6 March 1986,
CIA-UAP-003-THE-CENTRAL-INTELLIGENCE-AGENCY-AND-OVERHEAD-RECONNAISSANCE-THE-U-2-AND-OXCART-PROGRAMS-1954-1974.pdf,89,MARKING,NOFORN,NOFORN,
CIA-UAP-003-THE-CENTRAL-INTELLIGENCE-AGENCY-AND-OVERHEAD-RECONNAISSANCE-THE-U-2-AND-OXCART-PROGRAMS-1954-1974.pdf,90,ORG,CIA,CIA,
CIA-UAP-003-THE-CENTRAL-INTELLIGENCE-AGENCY-AND-OVERHEAD-RECONNAISSANCE-THE-U-2-AND-OXCART-PROGRAMS-1954-1974.pdf,90,DATE,14 April 1956,14 April 1956,
CIA-UAP-003-THE-CENTRAL-INTELLIGENCE-AGENCY-AND-OVERHEAD-RECONNAISSANCE-THE-U-2-AND-OXCART-PROGRAMS-1954-1974.pdf,91,PERSON,Brig. Gen. Ralph E,Brig Gen Ralph E,RANK
CIA-UAP-003-THE-CENTRAL-INTELLIGENCE-AGENCY-AND-OVERHEAD-RECONNAISSANCE-THE-U-2-AND-OXCART-PROGRAMS-1954-1974.pdf,91,ORG,SAC,SAC,
CIA-UAP-003-THE-CENTRAL-INTELLIGENCE-AGENCY-AND-OVERHEAD-RECONNAISSANCE-THE-U-2-AND-OXCART-PROGRAMS-1954-1974.pdf,91,DATE,14 April 1956,14 April 1956,
CIA-UAP-003-THE-CENTRAL-INTELLIGENCE-AGENCY-AND-OVERHEAD-RECONNAISSANCE-THE-U-2-AND-OXCART-PROGRAMS-1954-1974.pdf,91,MARKING,Secret,SECRET,MARKING
CIA-UAP-003-THE-CENTRAL-INTELLIGENCE-AGENCY-AND-OVERHEAD-RECONNAISSANCE-THE-U-2-AND-OXCART-PROGRAMS-1954-1974.pdf,91,MARKING,NOfORN,NOFORN,MARKING
CIA-UAP-003-THE-CENTRAL-INTELLIGENCE-AGENCY-AND-OVERHEAD-RECONNAISSANCE-THE-U-2-AND-OXCART-PROGRAMS-1954-1974.pdf,92,PERSON,Brig. Gen. Leo A. Geary,Brig Gen Leo A. Geary,RANK
CIA-UAP-003-THE-CENTRAL-INTELLIGENCE-AGENCY-AND-OVERHEAD-RECONNAISSANCE-THE-U-2-AND-OXCART-PROGRAMS-1954-1974.pdf,92,DATE,15 May 1956,15 May 1956,
CIA-UAP-003-THE-CENTRAL-INTELLIGENCE-AGENCY-AND-OVERHEAD-RECONNAISSANCE-THE-U-2-AND-OXCART-PROGRAMS-1954-1974.pdf,92,DATE,12 October 1988,12 October 1988,
CIA-UAP-003-THE-CENTRAL-INTELLIGENCE-AGENCY-AND-OVERHEAD-RECONNAISSANCE-THE-U-2-AND-OXCART-PROGRAMS-1954-1974.pdf,92,MARKING,NOFORN,NOFORN,
CIA-UAP-003-THE-CENTRAL-INTELLIGENCE-AGENCY-AND-OVERHEAD-RECONNAISSANCE-THE-U-2-AND-OXCART-PROGRAMS-1954-1974.pdf,93,DATE,1 August 1956,1 August 1956,
CIA-UAP-003-THE-CENTRAL-INTELLIGENCE-AGENCY-AND-OVERHEAD-RECONNAISSANCE-THE-U-2-AND-OXCART-PROGRAMS-1954-1974.pdf,93,DATE,17 September 1956,17 September 1956,
CIA-UAP-003-THE-CENTRAL-INTELLIGENCE-AGENCY-AND-OVERHEAD-RECONNAISSANCE-THE-U-2-AND-OXCART-PROGRAMS-1954-1974.pdf,93,DATE,9 December 1956,9 December 1956,
CIA-UAP-003-THE-CENTRAL-INTELLIGENCE-AGENCY-AND-OVERHEAD-RECONNAISSANCE-THE-U-2-AND-OXCART-PROGRAMS-1954-1974.pdf,93,DATE,5 November 1954,5 November 1954,
CIA-UAP-003-THE-CENTRAL-INTELLIGENCE-AGENCY-AND-OVERHEAD-RECONNAISSANCE-THE-U-2-AND-OXCART-PROGRAMS-1954-1974.pdf,94,ORG,CIA,CIA,
CIA-UAP-003-THE-CENTRAL-INTELLIGENCE-AGENCY-AND-OVERHEAD-RECONNAISSANCE-THE-U-2-AND-OXCART-PROGRAMS-1954-1974.pdf,94,ORG,NSA,NSA,
CIA-UAP-003-THE-CENTRAL-INTELLIGENCE-AGENCY-AND-OVERHEAD-RECONNAISSANCE-THE-U-2-AND-OXCART-PROGRAMS-1954-1974.pdf,94,DATE,15 August 1960,15 August 1960,
CIA-UAP-003-THE-CENTRAL-INTELLIGENCE-AGENCY-AND-OVERHEAD-RECONNAISSANCE-THE-U-2-AND-OXCART-PROGRAMS-1954-1974.pdf,95,ORG,CIA,CIA,
CIA-UAP-003-THE-CENTRAL-INTELLIGENCE-AGENCY-AND-OVERHEAD-RECONNAISSANCE-THE-U-2-AND-OXCART-PROGRAMS-1954-1974.pdf,95,DATE,13 December 1954,13 December 1954,
CIA-UAP-003-THE-CENTRAL-INTELLIGENCE-AGENCY-AND-OVERHEAD-RECONNAISSANCE-THE-U-2-AND-OXCART-PROGRAMS-1954-1974.pdf,95,DATE,21 May 1987,21 May 1987,
CIA-UAP-003-THE-CENTRAL-INTELLIGENCE-AGENCY-AND-OVERHEAD-RECONNAISSANCE-THE-U-2-AND-OXCART-PROGRAMS-1954-1974.pdf,96,ORG,CIA,CIA,
CIA-UAP-003-THE-CENTRAL-INTELLIGENCE-AGENCY-AND-OVERHEAD-RECONNAISSANCE-THE-U-2-AND-OXCART-PROGRAMS-1954-1974.pdf,98,DATE,27 December 1955,27 December 1955,
CIA-UAP-003-THE-CENTRAL-INTELLIGENCE-AGENCY-AND-OVERHEAD-RECONNAISSANCE-THE-U-2-AND-OXCART-PROGRAMS-1954-1974.pdf,98,DATE,15 February 1956,15 February 1956,
CIA-UAP-003-THE-CENTRAL-INTELLIGENCE-AGENCY-AND-OVERHEAD-RECONNAISSANCE-THE-U-2-AND-OXCART-PROGRAMS-1954-1974.pdf,99,DATE,7 February 1956,7 February 1956,
CIA-UAP-003-THE-CENTRAL-INTELLIGENCE-AGENCY-AND-OVERHEAD-RECONNAISSANCE-THE-U-2-AND-OXCART-PROGRAMS-1954-1974.pdf,99,MARKING,Secret,SECRET,MARKING
CIA-UAP-003-THE-CENTRAL-INTELLIGENCE-AGENCY-AND-OVERHEAD-RECONNAISSANCE-THE-U-2-AND-OXCART-PROGRAMS-1954-1974.pdf,99,MARKING,NOFORN,NOFORN,
CIA-UAP-003-THE-CENTRAL-INTELLIGENCE-AGENCY-AND-OVERHEAD-RECONNAISSANCE-THE-U-2-AND-OXCART-PROGRAMS-1954-1974.pdf,100,DATE,5 March 1956,5 March 1956,
CIA-UAP-003-THE-CENTRAL-INTELLIGENCE-AGENCY-AND-OVERHEAD-RECONNAISSANCE-THE-U-2-AND-OXCART-PROGRAMS-1954-1974.pdf,100,MARKING,declassified,DECLASSIFIED,MARKING
CIA-UAP-003-THE-CENTRAL-INTELLIGENCE-AGENCY-AND-OVERHEAD-RECONNAISSANCE-THE-U-2-AND-OXCART-PROGRAMS-1954-1974.pdf,101,ORG,CIA,CIA,
CIA-UAP-003-THE-CENTRAL-INTELLIGENCE-AGENCY-AND-OVERHEAD-RECONNAISSANCE-THE-U-2-AND-OXCART-PROGRAMS-1954-1974.pdf,101,ORG,OSI,OSI,
CIA-UAP-003-THE-CENTRAL-INTELLIGENCE-AGENCY-AND-OVERHEAD-RECONNAISSANCE-THE-U-2-AND-OXCART-PROGRAMS-1954-1974.pdf,101,DATE,24 February 1956,24 February 1956,
CIA-UAP-003-THE-CENTRAL-INTELLIGENCE-AGENCY-AND-OVERHEAD-RECONNAISSANCE-THE-U-2-AND-OXCART-PROGRAMS-1954-1974.pdf,102,PERSON,Dr. Hugh Dryden. Moreover,Dr. Hugh Dryden. Moreover,
CIA-UAP-003-THE-CENTRAL-INTELLIGENCE-AGENCY-AND-OVERHEAD-RECONNAISSANCE-THE-U-2-AND-OXCART-PROGRAMS-1954-1974.pdf,102,ORG,SAC,SAC,
CIA-UAP-003-THE-CENTRAL-INTELLIGENCE-AGENCY-AND-OVERHEAD-RECONNAISSANCE-THE-U-2-AND-OXCART-PROGRAMS-1954-1974.pdf,102,ORG,CIA,CIA,
CIA-UAP-003-THE-CENTRAL-INTELLIGENCE-AGENCY-AND-OVERHEAD-RECONNAISSANCE-THE-U-2-AND-OXCART-PROGRAMS-1954-1974.pdf,102,DATE,21 June 1956,21 June 1956,
CIA-UAP-003-THE-CENTRAL-INTELLIGENCE-AGENCY-AND-OVERHEAD-RECONNAISSANCE-THE-U-2-AND-OXCART-PROGRAMS-1954-1974.pdf,103,MARKING,NOfORN,NOFORN,MARKING
CIA-UAP-003-THE-CENTRAL-INTELLIGENCE-AGENCY-AND-OVERHEAD-RECONNAISSANCE-THE-U-2-AND-OXCART-PROGRAMS-1954-1974.pdf,106,ORG,USAF,USAF,
CIA-UAP-003-THE-CENTRAL-INTELLIGENCE-AGENCY-AND-OVERHEAD-RECONNAISSANCE-THE-U-2-AND-OXCART-PROGRAMS-1954-1974.pdf,106,ORG,SAC,SAC,
CIA-UAP-003-THE-CENTRAL-INTELLIGENCE-AGENCY-AND-OVERHEAD-RECONNAISSANCE-THE-U-2-AND-OXCART-PROGRAMS-1954-1974.pdf,106,DATE,10 January 1956,10 January 1956,
CIA-UAP-003-THE-CENTRAL-INTELLIGENCE-AGENCY-AND-OVERHEAD-RECONNAISSANCE-THE-U-2-AND-OXCART-PROGRAMS-1954-1974.pdf,106,MARKING,NOFORN,NOFORN,
CIA-UAP-003-THE-CENTRAL-INTELLIGENCE-AGENCY-AND-OVERHEAD-RECONNAISSANCE-THE-U-2-AND-OXCART-PROGRAMS-1954-1974.pdf,107,ORG,USAF,USAF,
CIA-UAP-003-THE-CENTRAL-INTELLIGENCE-AGENCY-AND-OVERHEAD-RECONNAISSANCE-THE-U-2-AND-OXCART-PROGRAMS-1954-1974.pdf,107,DATE,29 April 1956,29 April 1956,
CIA-UAP-003-THE-CENTRAL-INTELLIGENCE-AGENCY-AND-OVERHEAD-RECONNAISSANCE-THE-U-2-AND-OXCART-PROGRAMS-1954-1974.pdf,107,DATE,7 May 1956,7 May 1956,
CIA-UAP-003-THE-CENTRAL-INTELLIGENCE-AGENCY-AND-OVERHEAD-RECONNAISSANCE-THE-U-2-AND-OXCART-PROGRAMS-1954-1974.pdf,107,MARKING,unclassified,UNCLASSIFIED,MARKING
CIA-UAP-003-THE-CENTRAL-INTELLIGENCE-AGENCY-AND-OVERHEAD-RECONNAISSANCE-THE-U-2-AND-OXCART-PROGRAMS-1954-1974.pdf,108,PERSON,Col. Frederick McCoy,Col Frederick McCoy,RANK
CIA-UAP-003-THE-CENTRAL-INTELLIGENCE-AGENCY-AND-OVERHEAD-RECONNAISSANCE-THE-U-2-AND-OXCART-PROGRAMS-1954-1974.pdf,108,ORG,SAC,SAC,
CIA-UAP-003-THE-CENTRAL-INTELLIGENCE-AGENCY-AND-OVERHEAD-RECONNAISSANCE-THE-U-2-AND-OXCART-PROGRAMS-1954-1974.pdf,108,DATE,28 May 1956,28 May 1956,
CIA-UAP-003-THE-CENTRAL-INTELLIGENCE-AGENCY-AND-OVERHEAD-RECONNAISSANCE-THE-U-2-AND-OXCART-PROGRAMS-1954-1974.pdf,108,MARKING,NOFORN,NOFORN,
CIA-UAP-003-THE-CENTRAL-INTELLIGENCE-AGENCY-AND-OVERHEAD-RECONNAISSANCE-THE-U-2-AND-OXCART-PROGRAMS-1954-1974.pdf,108,MARKING,Secret,SECRET,MARKING
CIA-UAP-003-THE-CENTRAL-INTELLIGENCE-AGENCY-AND-OVERHEAD-RECONNAISSANCE-THE-U-2-AND-OXCART-PROGRAMS-1954-1974.pdf,109,ORG,CIA,CIA,
CIA-UAP-003-THE-CENTRAL-INTELLIGENCE-AGENCY-AND-OVERHEAD-RECONNAISSANCE-THE-U-2-AND-OXCART-PROGRAMS-1954-1974.pdf,109,DATE,21 July 1955,21 July 1955,
CIA-UAP-003-THE-CENTRAL-INTELLIGENCE-AGENCY-AND-OVERHEAD-RECONNAISSANCE-THE-U-2-AND-OXCART-PROGRAMS-1954-1974.pdf,109,DATE,31 May 1956,31 May 1956,
CIA-UAP-003-THE-CENTRAL-INTELLIGENCE-AGENCY-AND-OVERHEAD-RECONNAISSANCE-THE-U-2-AND-OXCART-PROGRAMS-1954-1974.pdf,109,MARKING,secret,SECRET,MARKING
CIA-UAP-003-THE-CENTRAL-INTELLIGENCE-AGENCY-AND-OVERHEAD-RECONNAISSANCE-THE-U-2-AND-OXCART-PROGRAMS-1954-1974.pdf,110,PERSON,Col. Andrew J. Goodpaster,Col Andrew J. Goodpaster,RANK
CIA-UAP-003-THE-CENTRAL-INTELLIGENCE-AGENCY-AND-OVERHEAD-RECONNAISSANCE-THE-U-2-AND-OXCART-PROGRAMS-1954-1974.pdf,110,ORG,CIA,CIA,
CIA-UAP-003-THE-CENTRAL-INTELLIGENCE-AGENCY-AND-OVERHEAD-RECONNAISSANCE-THE-U-2-AND-OXCART-PROGRAMS-1954-1974.pdf,110,ORG,OSI,OSI,
CIA-UAP-003-THE-CENTRAL-INTELLIGENCE-AGENCY-AND-OVERHEAD-RECONNAISSANCE-THE-U-2-AND-OXCART-PROGRAMS-1954-1974.pdf,110,DATE,28 May 1956,28 May 1956,
CIA-UAP-003-THE-CENTRAL-INTELLIGENCE-AGENCY-AND-OVERHEAD-RECONNAISSANCE-THE-U-2-AND-OXCART-PROGRAMS-1954-1974.pdf,110,MARKING,NOFORN,NOFORN,
CIA-UAP-003-THE-CENTRAL-INTELLIGENCE-AGENCY-AND-OVERHEAD-RECONNAISSANCE-THE-U-2-AND-OXCART-PROGRAMS-1954-1974.pdf,111,ORG,CIA,CIA,
CIA-UAP-003-THE-CENTRAL-INTELLIGENCE-AGENCY-AND-OVERHEAD-RECONNAISSANCE-THE-U-2-AND-OXCART-PROGRAMS-1954-1974.pdf,112,DATE,30 January 1956,30 January 1956,
CIA-UAP-003-THE-CENTRAL-INTELLIGENCE-AGENCY-AND-OVERHEAD-RECONNAISSANCE-THE-U-2-AND-OXCART-PROGRAMS-1954-1974.pdf,112,DATE,23 May 1955,23 May 1955,
CIA-UAP-003-THE-CENTRAL-INTELLIGENCE-AGENCY-AND-OVERHEAD-RECONNAISSANCE-THE-U-2-AND-OXCART-PROGRAMS-1954-1974.pdf,112,DATE,30 May 1955,30 May 1955,
CIA-UAP-003-THE-CENTRAL-INTELLIGENCE-AGENCY-AND-OVERHEAD-RECONNAISSANCE-THE-U-2-AND-OXCART-PROGRAMS-1954-1974.pdf,112,DATE,27 February 1956,27 February 1956,
CIA-UAP-003-THE-CENTRAL-INTELLIGENCE-AGENCY-AND-OVERHEAD-RECONNAISSANCE-THE-U-2-AND-OXCART-PROGRAMS-1954-1974.pdf,112,DATE,11 May 1956,11 May 1956,
CIA-UAP-003-THE-CENTRAL-INTELLIGENCE-AGENCY-AND-OVERHEAD-RECONNAISSANCE-THE-U-2-AND-OXCART-PROGRAMS-1954-1974.pdf,112,DATE,26 September 1955,26 September 1955,
CIA-UAP-003-THE-CENTRAL-INTELLIGENCE-AGENCY-AND-OVERHEAD-RECONNAISSANCE-THE-U-2-AND-OXCART-PROGRAMS-1954-1974.pdf,113,ORG,CIA,CIA,
CIA-UAP-003-THE-CENTRAL-INTELLIGENCE-AGENCY-AND-OVERHEAD-RECONNAISSANCE-THE-U-2-AND-OXCART-PROGRAMS-1954-1974.pdf,113,DATE,23 April 1956,23 April 1956,
CIA-UAP-003-THE-CENTRAL-INTELLIGENCE-AGENCY-AND-OVERHEAD-RECONNAISSANCE-THE-U-2-AND-OXCART-PROGRAMS-1954-1974.pdf,113,DATE,20 June 1956,20 June 1956,
CIA-UAP-003-THE-CENTRAL-INTELLIGENCE-AGENCY-AND-OVERHEAD-RECONNAISSANCE-THE-U-2-AND-OXCART-PROGRAMS-1954-1974.pdf,113,DATE,22 June 1956,22 June 1956,
CIA-UAP-003-THE-CENTRAL-INTELLIGENCE-AGENCY-AND-OVERHEAD-RECONNAISSANCE-THE-U-2-AND-OXCART-PROGRAMS-1954-1974.pdf,113,DATE,20 February 1956,20 February 1956,
CIA-UAP-003-THE-CENTRAL-INTELLIGENCE-AGENCY-AND-OVERHEAD-RECONNAISSANCE-THE-U-2-AND-OXCART-PROGRAMS-1954-1974.pdf,113,DATE,4 May 1956,4 May 1956,
CIA-UAP-003-THE-CENTRAL-INTELLIGENCE-AGENCY-AND-OVERHEAD-RECONNAISSANCE-THE-U-2-AND-OXCART-PROGRAMS-1954-1974.pdf,113,DATE,21 June 1956,21 June 1956,
CIA-UAP-003-THE-CENTRAL-INTELLIGENCE-AGENCY-AND-OVERHEAD-RECONNAISSANCE-THE-U-2-AND-OXCART-PROGRAMS-1954-1974.pdf,114,ORG,CIA,CIA,
CIA-UAP-003-THE-CENTRAL-INTELLIGENCE-AGENCY-AND-OVERHEAD-RECONNAISSANCE-THE-U-2-AND-OXCART-PROGRAMS-1954-1974.pdf,114,DATE,23 June 1956,23 June 1956,
CIA-UAP-003-THE-CENTRAL-INTELLIGENCE-AGENCY-AND-OVERHEAD-RECONNAISSANCE-THE-U-2-AND-OXCART-PROGRAMS-1954-1974.pdf,114,DATE,2 July 1956,2 July 1956,
CIA-UAP-003-THE-CENTRAL-INTELLIGENCE-AGENCY-AND-OVERHEAD-RECONNAISSANCE-THE-U-2-AND-OXCART-PROGRAMS-1954-1974.pdf,115,DATE,5 July 1956,5 July 1956,
CIA-UAP-003-THE-CENTRAL-INTELLIGENCE-AGENCY-AND-OVERHEAD-RECONNAISSANCE-THE-U-2-AND-OXCART-PROGRAMS-1954-1974.pdf,116,DATE,4 July 1956,4 July 1956,
CIA-UAP-003-THE-CENTRAL-INTELLIGENCE-AGENCY-AND-OVERHEAD-RECONNAISSANCE-THE-U-2-AND-OXCART-PROGRAMS-1954-1974.pdf,116,DATE,5 July 1956,5 July 1956,
CIA-UAP-003-THE-CENTRAL-INTELLIGENCE-AGENCY-AND-OVERHEAD-RECONNAISSANCE-THE-U-2-AND-OXCART-PROGRAMS-1954-1974.pdf,117,ORG,CIA,CIA,
CIA-UAP-003-THE-CENTRAL-INTELLIGENCE-AGENCY-AND-OVERHEAD-RECONNAISSANCE-THE-U-2-AND-OXCART-PROGRAMS-1954-1974.pdf,117,DATE,4 July 1956,4 July 1956,
CIA-UAP-003-THE-CENTRAL-INTELLIGENCE-AGENCY-AND-OVERHEAD-RECONNAISSANCE-THE-U-2-AND-OXCART-PROGRAMS-1954-1974.pdf,117,DATE,2 July 1956,2 July 1956,
CIA-UAP-003-THE-CENTRAL-INTELLIGENCE-AGENCY-AND-OVERHEAD-RECONNAISSANCE-THE-U-2-AND-OXCART-PROGRAMS-1954-1974.pdf,117,MARKING,NOFORN,NOFORN,
CIA-UAP-003-THE-CENTRAL-INTELLIGENCE-AGENCY-AND-OVERHEAD-RECONNAISSANCE-THE-U-2-AND-OXCART-PROGRAMS-1954-1974.pdf,118,PERSON,Mr. Allen,Mr. Allen,
CIA-UAP-003-THE-CENTRAL-INTELLIGENCE-AGENCY-AND-OVERHEAD-RECONNAISSANCE-THE-U-2-AND-OXCART-PROGRAMS-1954-1974.pdf,118,DATE,5 July 1956,5 July 1956,
CIA-UAP-003-THE-CENTRAL-INTELLIGENCE-AGENCY-AND-OVERHEAD-RECONNAISSANCE-THE-U-2-AND-OXCART-PROGRAMS-1954-1974.pdf,118,DATE,4 July 1956,4 July 1956,
CIA-UAP-003-THE-CENTRAL-INTELLIGENCE-AGENCY-AND-OVERHEAD-RECONNAISSANCE-THE-U-2-AND-OXCART-PROGRAMS-1954-1974.pdf,119,PERSON,Gen. Andrew J. Goodpaster,Gen Andrew J. Goodpaster,RANK
CIA-UAP-003-THE-CENTRAL-INTELLIGENCE-AGENCY-AND-OVERHEAD-RECONNAISSANCE-THE-U-2-AND-OXCART-PROGRAMS-1954-1974.pdf,119,ORG,CIA,CIA,
CIA-UAP-003-THE-CENTRAL-INTELLIGENCE-AGENCY-AND-OVERHEAD-RECONNAISSANCE-THE-U-2-AND-OXCART-PROGRAMS-1954-1974.pdf,119,DATE,9 July 1956,9 July 1956,
CIA-UAP-003-THE-CENTRAL-INTELLIGENCE-AGENCY-AND-OVERHEAD-RECONNAISSANCE-THE-U-2-AND-OXCART-PROGRAMS-1954-1974.pdf,119,DATE,5 July 1956,5 July 1956,
CIA-UAP-003-THE-CENTRAL-INTELLIGENCE-AGENCY-AND-OVERHEAD-RECONNAISSANCE-THE-U-2-AND-OXCART-PROGRAMS-1954-1974.pdf,119,DATE,8 July 1987,8 July 1987,
CIA-UAP-003-THE-CENTRAL-INTELLIGENCE-AGENCY-AND-OVERHEAD-RECONNAISSANCE-THE-U-2-AND-OXCART-PROGRAMS-1954-1974.pdf,119,DATE,4 July 1956,4 July 1956,
CIA-UAP-003-THE-CENTRAL-INTELLIGENCE-AGENCY-AND-OVERHEAD-RECONNAISSANCE-THE-U-2-AND-OXCART-PROGRAMS-1954-1974.pdf,120,DATE,10 July 1956,10 July 1956,
CIA-UAP-003-THE-CENTRAL-INTELLIGENCE-AGENCY-AND-OVERHEAD-RECONNAISSANCE-THE-U-2-AND-OXCART-PROGRAMS-1954-1974.pdf,120,DATE,9 July 1956,9 July 1956,
CIA-UAP-003-THE-CENTRAL-INTELLIGENCE-AGENCY-AND-OVERHEAD-RECONNAISSANCE-THE-U-2-AND-OXCART-PROGRAMS-1954-1974.pdf,120,MARKING,NOFORN,NOFORN,
CIA-UAP-003-THE-CENTRAL-INTELLIGENCE-AGENCY-AND-OVERHEAD-RECONNAISSANCE-THE-U-2-AND-OXCART-PROGRAMS-1954-1974.pdf,121,DATE,9 July 1956,9 July 1956,
CIA-UAP-003-THE-CENTRAL-INTELLIGENCE-AGENCY-AND-OVERHEAD-RECONNAISSANCE-THE-U-2-AND-OXCART-PROGRAMS-1954-1974.pdf,121,DATE,10 July 1956,10 July 1956,
CIA-UAP-003-THE-CENTRAL-INTELLIGENCE-AGENCY-AND-OVERHEAD-RECONNAISSANCE-THE-U-2-AND-OXCART-PROGRAMS-1954-1974.pdf,122,DATE,10 July 1956,10 July 1956,
CIA-UAP-003-THE-CENTRAL-INTELLIGENCE-AGENCY-AND-OVERHEAD-RECONNAISSANCE-THE-U-2-AND-OXCART-PROGRAMS-1954-1974.pdf,122,DATE,11 July 1956,11 July 1956,
CIA-UAP-003-THE-CENTRAL-INTELLIGENCE-AGENCY-AND-OVERHEAD-RECONNAISSANCE-THE-U-2-AND-OXCART-PROGRAMS-1954-1974.pdf,123,PERSON,Col. Richard S. Leghorn,Col Richard S. Leghorn,RANK
CIA-UAP-003-THE-CENTRAL-INTELLIGENCE-AGENCY-AND-OVERHEAD-RECONNAISSANCE-THE-U-2-AND-OXCART-PROGRAMS-1954-1974.pdf,123,DATE,19 July 1956,19 July 1956,
CIA-UAP-003-THE-CENTRAL-INTELLIGENCE-AGENCY-AND-OVERHEAD-RECONNAISSANCE-THE-U-2-AND-OXCART-PROGRAMS-1954-1974.pdf,123,DATE,26 November 1956,26 November 1956,
CIA-UAP-003-THE-CENTRAL-INTELLIGENCE-AGENCY-AND-OVERHEAD-RECONNAISSANCE-THE-U-2-AND-OXCART-PROGRAMS-1954-1974.pdf,123,DATE,30 July 1956,30 July 1956,
CIA-UAP-003-THE-CENTRAL-INTELLIGENCE-AGENCY-AND-OVERHEAD-RECONNAISSANCE-THE-U-2-AND-OXCART-PROGRAMS-1954-1974.pdf,123,MARKING,NOFORN,NOFORN,
CIA-UAP-003-THE-CENTRAL-INTELLIGENCE-AGENCY-AND-OVERHEAD-RECONNAISSANCE-THE-U-2-AND-OXCART-PROGRAMS-1954-1974.pdf,124,ORG,CIA,CIA,
CIA-UAP-003-THE-CENTRAL-INTELLIGENCE-AGENCY-AND-OVERHEAD-RECONNAISSANCE-THE-U-2-AND-OXCART-PROGRAMS-1954-1974.pdf,124,DATE,10 July 1956,10 July 1956,
CIA-UAP-003-THE-CENTRAL-INTELLIGENCE-AGENCY-AND-OVERHEAD-RECONNAISSANCE-THE-U-2-AND-OXCART-PROGRAMS-1954-1974.pdf,125,ORG,CIA,CIA,
CIA-UAP-003-THE-CENTRAL-INTELLIGENCE-AGENCY-AND-OVERHEAD-RECONNAISSANCE-THE-U-2-AND-OXCART-PROGRAMS-1954-1974.pdf,125,DATE,26 July 1956,26 July 1956,
CIA-UAP-003-THE-CENTRAL-INTELLIGENCE-AGENCY-AND-OVERHEAD-RECONNAISSANCE-THE-U-2-AND-OXCART-PROGRAMS-1954-1974.pdf,125,MARKING,secret,SECRET,MARKING
CIA-UAP-003-THE-CENTRAL-INTELLIGENCE-AGENCY-AND-OVERHEAD-RECONNAISSANCE-THE-U-2-AND-OXCART-PROGRAMS-1954-1974.pdf,125,MARKING,restricted,RESTRICTED,MARKING
CIA-UAP-003-THE-CENTRAL-INTELLIGENCE-AGENCY-AND-OVERHEAD-RECONNAISSANCE-THE-U-2-AND-OXCART-PROGRAMS-1954-1974.pdf,126,MARKING,NOFORN,NOFORN,
CIA-UAP-003-THE-CENTRAL-INTELLIGENCE-AGENCY-AND-OVERHEAD-RECONNAISSANCE-THE-U-2-AND-OXCART-PROGRAMS-1954-1974.pdf,127,ORG,CIA,CIA,
CIA-UAP-003-THE-CENTRAL-INTELLIGENCE-AGENCY-AND-OVERHEAD-RECONNAISSANCE-THE-U-2-AND-OXCART-PROGRAMS-1954-1974.pdf,127,ORG,NSA,NSA,
CIA-UAP-003-THE-CENTRAL-INTELLIGENCE-AGENCY-AND-OVERHEAD-RECONNAISSANCE-THE-U-2-AND-OXCART-PROGRAMS-1954-1974.pdf,127,DATE,29 August 1956,29 August 1956,
CIA-UAP-003-THE-CENTRAL-INTELLIGENCE-AGENCY-AND-OVERHEAD-RECONNAISSANCE-THE-U-2-AND-OXCART-PROGRAMS-1954-1974.pdf,127,MARKING,Secret,SECRET,MARKING
CIA-UAP-003-THE-CENTRAL-INTELLIGENCE-AGENCY-AND-OVERHEAD-RECONNAISSANCE-THE-U-2-AND-OXCART-PROGRAMS-1954-1974.pdf,128,ORG,CIA,CIA,
CIA-UAP-003-THE-CENTRAL-INTELLIGENCE-AGENCY-AND-OVERHEAD-RECONNAISSANCE-THE-U-2-AND-OXCART-PROGRAMS-1954-1974.pdf,129,ORG,CIA,CIA,
CIA-UAP-003-THE-CENTRAL-INTELLIGENCE-AGENCY-AND-OVERHEAD-RECONNAISSANCE-THE-U-2-AND-OXCART-PROGRAMS-1954-1974.pdf,129,DATE,11 September 1956,11 September 1956,
CIA-UAP-003-THE-CENTRAL-INTELLIGENCE-AGENCY-AND-OVERHEAD-RECONNAISSANCE-THE-U-2-AND-OXCART-PROGRAMS-1954-1974.pdf,129,DATE,15 October 1956,15 October 1956,
CIA-UAP-003-THE-CENTRAL-INTELLIGENCE-AGENCY-AND-OVERHEAD-RECONNAISSANCE-THE-U-2-AND-OXCART-PROGRAMS-1954-1974.pdf,129,MARKING,Secret,SECRET,MARKING
CIA-UAP-003-THE-CENTRAL-INTELLIGENCE-AGENCY-AND-OVERHEAD-RECONNAISSANCE-THE-U-2-AND-OXCART-PROGRAMS-1954-1974.pdf,130,DATE,29 October 1956,29 October 1956,
CIA-UAP-003-THE-CENTRAL-INTELLIGENCE-AGENCY-AND-OVERHEAD-RECONNAISSANCE-THE-U-2-AND-OXCART-PROGRAMS-1954-1974.pdf,130,DATE,28 October 1956,28 October 1956,
CIA-UAP-003-THE-CENTRAL-INTELLIGENCE-AGENCY-AND-OVERHEAD-RECONNAISSANCE-THE-U-2-AND-OXCART-PROGRAMS-1954-1974.pdf,130,DATE,30 October 1956,30 October 1956,
CIA-UAP-003-THE-CENTRAL-INTELLIGENCE-AGENCY-AND-OVERHEAD-RECONNAISSANCE-THE-U-2-AND-OXCART-PROGRAMS-1954-1974.pdf,130,MARKING,Secret,SECRET,MARKING
CIA-UAP-003-THE-CENTRAL-INTELLIGENCE-AGENCY-AND-OVERHEAD-RECONNAISSANCE-THE-U-2-AND-OXCART-PROGRAMS-1954-1974.pdf,131,DATE,1 November 1956,1 November 1956,
CIA-UAP-003-THE-CENTRAL-INTELLIGENCE-AGENCY-AND-OVERHEAD-RECONNAISSANCE-THE-U-2-AND-OXCART-PROGRAMS-1954-1974.pdf,131,MARKING,Secret,SECRET,MARKING
CIA-UAP-003-THE-CENTRAL-INTELLIGENCE-AGENCY-AND-OVERHEAD-RECONNAISSANCE-THE-U-2-AND-OXCART-PROGRAMS-1954-1974.pdf,131,MARKING,NOFORN,NOFORN,
CIA-UAP-003-THE-CENTRAL-INTELLIGENCE-AGENCY-AND-OVERHEAD-RECONNAISSANCE-THE-U-2-AND-OXCART-PROGRAMS-1954-1974.pdf,132,DATE,29 October 1956,29 October 1956,
CIA-UAP-003-THE-CENTRAL-INTELLIGENCE-AGENCY-AND-OVERHEAD-RECONNAISSANCE-THE-U-2-AND-OXCART-PROGRAMS-1954-1974.pdf,133,DATE,18 December 1956,18 December 1956,
CIA-UAP-003-THE-CENTRAL-INTELLIGENCE-AGENCY-AND-OVERHEAD-RECONNAISSANCE-THE-U-2-AND-OXCART-PROGRAMS-1954-1974.pdf,133,DATE,6 November 1956,6 November 1956,
CIA-UAP-003-THE-CENTRAL-INTELLIGENCE-AGENCY-AND-OVERHEAD-RECONNAISSANCE-THE-U-2-AND-OXCART-PROGRAMS-1954-1974.pdf,134,DATE,7 November 1956,7 November 1956,
CIA-UAP-003-THE-CENTRAL-INTELLIGENCE-AGENCY-AND-OVERHEAD-RECONNAISSANCE-THE-U-2-AND-OXCART-PROGRAMS-1954-1974.pdf,135,PERSON,Adm. Arthur W. Radford,Adm. Arthur W. Radford,
CIA-UAP-003-THE-CENTRAL-INTELLIGENCE-AGENCY-AND-OVERHEAD-RECONNAISSANCE-THE-U-2-AND-OXCART-PROGRAMS-1954-1974.pdf,135,ORG,CIA,CIA,
CIA-UAP-003-THE-CENTRAL-INTELLIGENCE-AGENCY-AND-OVERHEAD-RECONNAISSANCE-THE-U-2-AND-OXCART-PROGRAMS-1954-1974.pdf,135,DATE,17 September 1956,17 September 1956,
CIA-UAP-003-THE-CENTRAL-INTELLIGENCE-AGENCY-AND-OVERHEAD-RECONNAISSANCE-THE-U-2-AND-OXCART-PROGRAMS-1954-1974.pdf,135,DATE,3 October 1956,3 October 1956,
CIA-UAP-003-THE-CENTRAL-INTELLIGENCE-AGENCY-AND-OVERHEAD-RECONNAISSANCE-THE-U-2-AND-OXCART-PROGRAMS-1954-1974.pdf,135,MARKING,NOFORN,NOFORN,
CIA-UAP-003-THE-CENTRAL-INTELLIGENCE-AGENCY-AND-OVERHEAD-RECONNAISSANCE-THE-U-2-AND-OXCART-PROGRAMS-1954-1974.pdf,136,ORG,CIA,CIA,
CIA-UAP-003-THE-CENTRAL-INTELLIGENCE-AGENCY-AND-OVERHEAD-RECONNAISSANCE-THE-U-2-AND-OXCART-PROGRAMS-1954-1974.pdf,136,DATE,23 October 1956,23 October 1956,
CIA-UAP-003-THE-CENTRAL-INTELLIGENCE-AGENCY-AND-OVERHEAD-RECONNAISSANCE-THE-U-2-AND-OXCART-PROGRAMS-1954-1974.pdf,136,DATE,15 November 1956,15 November 1956,
CIA-UAP-003-THE-CENTRAL-INTELLIGENCE-AGENCY-AND-OVERHEAD-RECONNAISSANCE-THE-U-2-AND-OXCART-PROGRAMS-1954-1974.pdf,136,MARKING,NOFORN,NOFORN,
CIA-UAP-003-THE-CENTRAL-INTELLIGENCE-AGENCY-AND-OVERHEAD-RECONNAISSANCE-THE-U-2-AND-OXCART-PROGRAMS-1954-1974.pdf,137,PERSON,Adm. Arthur Radford. DCI Allen,Adm. Arthur Radford. DCI Allen,
CIA-UAP-003-THE-CENTRAL-INTELLIGENCE-AGENCY-AND-OVERHEAD-RECONNAISSANCE-THE-U-2-AND-OXCART-PROGRAMS-1954-1974.pdf,137,DATE,20 November 1956,20 November 1956,
CIA-UAP-003-THE-CENTRAL-INTELLIGENCE-AGENCY-AND-OVERHEAD-RECONNAISSANCE-THE-U-2-AND-OXCART-PROGRAMS-1954-1974.pdf,137,DATE,10 December 1956,10 December 1956,
CIA-UAP-003-THE-CENTRAL-INTELLIGENCE-AGENCY-AND-OVERHEAD-RECONNAISSANCE-THE-U-2-AND-OXCART-PROGRAMS-1954-1974.pdf,137,MARKING,secret,SECRET,MARKING
CIA-UAP-003-THE-CENTRAL-INTELLIGENCE-AGENCY-AND-OVERHEAD-RECONNAISSANCE-THE-U-2-AND-OXCART-PROGRAMS-1954-1974.pdf,138,PERSON,Col. William Shelton,Col William Shelton,RANK
CIA-UAP-003-THE-CENTRAL-INTELLIGENCE-AGENCY-AND-OVERHEAD-RECONNAISSANCE-THE-U-2-AND-OXCART-PROGRAMS-1954-1974.pdf,138,DATE,7 May 1986,7 May 1986,
CIA-UAP-003-THE-CENTRAL-INTELLIGENCE-AGENCY-AND-OVERHEAD-RECONNAISSANCE-THE-U-2-AND-OXCART-PROGRAMS-1954-1974.pdf,138,DATE,4 January 1960,4 January 1960,
CIA-UAP-003-THE-CENTRAL-INTELLIGENCE-AGENCY-AND-OVERHEAD-RECONNAISSANCE-THE-U-2-AND-OXCART-PROGRAMS-1954-1974.pdf,138,DATE,7 January 1960,7 January 1960,
CIA-UAP-003-THE-CENTRAL-INTELLIGENCE-AGENCY-AND-OVERHEAD-RECONNAISSANCE-THE-U-2-AND-OXCART-PROGRAMS-1954-1974.pdf,138,MARKING,NOFORN,NOFORN,
CIA-UAP-003-THE-CENTRAL-INTELLIGENCE-AGENCY-AND-OVERHEAD-RECONNAISSANCE-THE-U-2-AND-OXCART-PROGRAMS-1954-1974.pdf,139,ORG,USAF,USAF,
CIA-UAP-003-THE-CENTRAL-INTELLIGENCE-AGENCY-AND-OVERHEAD-RECONNAISSANCE-THE-U-2-AND-OXCART-PROGRAMS-1954-1974.pdf,139,DATE,15 December 1956,15 December 1956,
CIA-UAP-003-THE-CENTRAL-INTELLIGENCE-AGENCY-AND-OVERHEAD-RECONNAISSANCE-THE-U-2-AND-OXCART-PROGRAMS-1954-1974.pdf,139,DATE,22 December 1956,22 December 1956,
CIA-UAP-003-THE-CENTRAL-INTELLIGENCE-AGENCY-AND-OVERHEAD-RECONNAISSANCE-THE-U-2-AND-OXCART-PROGRAMS-1954-1974.pdf,139,DATE,18 March 1957,18 March 1957,
CIA-UAP-003-THE-CENTRAL-INTELLIGENCE-AGENCY-AND-OVERHEAD-RECONNAISSANCE-THE-U-2-AND-OXCART-PROGRAMS-1954-1974.pdf,139,DATE,18 December 1956,18 December 1956,
CIA-UAP-003-THE-CENTRAL-INTELLIGENCE-AGENCY-AND-OVERHEAD-RECONNAISSANCE-THE-U-2-AND-OXCART-PROGRAMS-1954-1974.pdf,139,MARKING,NOFORN,NOFORN,
CIA-UAP-003-THE-CENTRAL-INTELLIGENCE-AGENCY-AND-OVERHEAD-RECONNAISSANCE-THE-U-2-AND-OXCART-PROGRAMS-1954-1974.pdf,140,ORG,CIA,CIA,
CIA-UAP-003-THE-CENTRAL-INTELLIGENCE-AGENCY-AND-OVERHEAD-RECONNAISSANCE-THE-U-2-AND-OXCART-PROGRAMS-1954-1974.pdf,140,DATE,6 May 1957,6 May 1957,
CIA-UAP-003-THE-CENTRAL-INTELLIGENCE-AGENCY-AND-OVERHEAD-RECONNAISSANCE-THE-U-2-AND-OXCART-PROGRAMS-1954-1974.pdf,140,DATE,18 March 1957,18 March 1957,
CIA-UAP-003-THE-CENTRAL-INTELLIGENCE-AGENCY-AND-OVERHEAD-RECONNAISSANCE-THE-U-2-AND-OXCART-PROGRAMS-1954-1974.pdf,140,MARKING,NOFORN,NOFORN,
CIA-UAP-003-THE-CENTRAL-INTELLIGENCE-AGENCY-AND-OVERHEAD-RECONNAISSANCE-THE-U-2-AND-OXCART-PROGRAMS-1954-1974.pdf,141,ORG,CIA,CIA,
CIA-UAP-003-THE-CENTRAL-INTELLIGENCE-AGENCY-AND-OVERHEAD-RECONNAISSANCE-THE-U-2-AND-OXCART-PROGRAMS-1954-1974.pdf,141,DATE,6 May 1957,6 May 1957,
CIA-UAP-003-THE-CENTRAL-INTELLIGENCE-AGENCY-AND-OVERHEAD-RECONNAISSANCE-THE-U-2-AND-OXCART-PROGRAMS-1954-1974.pdf,141,MARKING,NOFORN,NOFORN,
CIA-UAP-003-THE-CENTRAL-INTELLIGENCE-AGENCY-AND-OVERHEAD-RECONNAISSANCE-THE-U-2-AND-OXCART-PROGRAMS-1954-1974.pdf,142,PERSON,Dr. Franklin A. Rodgers,Dr. Franklin A. Rodgers,
CIA-UAP-003-THE-CENTRAL-INTELLIGENCE-AGENCY-AND-OVERHEAD-RECONNAISSANCE-THE-U-2-AND-OXCART-PROGRAMS-1954-1974.pdf,142,ORG,CIA,CIA,
CIA-UAP-003-THE-CENTRAL-INTELLIGENCE-AGENCY-AND-OVERHEAD-RECONNAISSANCE-THE-U-2-AND-OXCART-PROGRAMS-1954-1974.pdf,142,DATE,"May 6, 1957","May 6, 1957",
CIA-UAP-003-THE-CENTRAL-INTELLIGENCE-AGENCY-AND-OVERHEAD-RECONNAISSANCE-THE-U-2-AND-OXCART-PROGRAMS-1954-1974.pdf,143,DATE,2 April 1957,2 April 1957,
CIA-UAP-003-THE-CENTRAL-INTELLIGENCE-AGENCY-AND-OVERHEAD-RECONNAISSANCE-THE-U-2-AND-OXCART-PROGRAMS-1954-1974.pdf,144,MARKING,NOFORN,NOFORN,
CIA-UAP-003-THE-CENTRAL-INTELLIGENCE-AGENCY-AND-OVERHEAD-RECONNAISSANCE-THE-U-2-AND-OXCART-PROGRAMS-1954-1974.pdf,145,DATE,2 April 1957,2 April 1957,
CIA-UAP-003-THE-CENTRAL-INTELLIGENCE-AGENCY-AND-OVERHEAD-RECONNAISSANCE-THE-U-2-AND-OXCART-PROGRAMS-1954-1974.pdf,145,DATE,12 April 1957,12 April 1957,
CIA-UAP-003-THE-CENTRAL-INTELLIGENCE-AGENCY-AND-OVERHEAD-RECONNAISSANCE-THE-U-2-AND-OXCART-PROGRAMS-1954-1974.pdf,146,ORG,CIA,CIA,
CIA-UAP-003-THE-CENTRAL-INTELLIGENCE-AGENCY-AND-OVERHEAD-RECONNAISSANCE-THE-U-2-AND-OXCART-PROGRAMS-1954-1974.pdf,146,DATE,8 June 1957,8 June 1957,
CIA-UAP-003-THE-CENTRAL-INTELLIGENCE-AGENCY-AND-OVERHEAD-RECONNAISSANCE-THE-U-2-AND-OXCART-PROGRAMS-1954-1974.pdf,146,MARKING,NOFORN,NOFORN,
CIA-UAP-003-THE-CENTRAL-INTELLIGENCE-AGENCY-AND-OVERHEAD-RECONNAISSANCE-THE-U-2-AND-OXCART-PROGRAMS-1954-1974.pdf,147,ORG,NSA,NSA,
CIA-UAP-003-THE-CENTRAL-INTELLIGENCE-AGENCY-AND-OVERHEAD-RECONNAISSANCE-THE-U-2-AND-OXCART-PROGRAMS-1954-1974.pdf,147,DATE,16 September 1957,16 September 1957,
CIA-UAP-003-THE-CENTRAL-INTELLIGENCE-AGENCY-AND-OVERHEAD-RECONNAISSANCE-THE-U-2-AND-OXCART-PROGRAMS-1954-1974.pdf,147,DATE,8 June 1957,8 June 1957,
CIA-UAP-003-THE-CENTRAL-INTELLIGENCE-AGENCY-AND-OVERHEAD-RECONNAISSANCE-THE-U-2-AND-OXCART-PROGRAMS-1954-1974.pdf,147,DATE,0 June 1957,0 June 1957,
CIA-UAP-003-THE-CENTRAL-INTELLIGENCE-AGENCY-AND-OVERHEAD-RECONNAISSANCE-THE-U-2-AND-OXCART-PROGRAMS-1954-1974.pdf,147,MARKING,secret,SECRET,MARKING
CIA-UAP-003-THE-CENTRAL-INTELLIGENCE-AGENCY-AND-OVERHEAD-RECONNAISSANCE-THE-U-2-AND-OXCART-PROGRAMS-1954-1974.pdf,148,PERSON,Gen. Ayub Khan,Gen Ayub Khan,RANK
CIA-UAP-003-THE-CENTRAL-INTELLIGENCE-AGENCY-AND-OVERHEAD-RECONNAISSANCE-THE-U-2-AND-OXCART-PROGRAMS-1954-1974.pdf,148,DATE,6 May 1957,6 May 1957,
CIA-UAP-003-THE-CENTRAL-INTELLIGENCE-AGENCY-AND-OVERHEAD-RECONNAISSANCE-THE-U-2-AND-OXCART-PROGRAMS-1954-1974.pdf,148,DATE,7 June 1957,7 June 1957,
CIA-UAP-003-THE-CENTRAL-INTELLIGENCE-AGENCY-AND-OVERHEAD-RECONNAISSANCE-THE-U-2-AND-OXCART-PROGRAMS-1954-1974.pdf,148,MARKING,NOFORN,NOFORN,
CIA-UAP-003-THE-CENTRAL-INTELLIGENCE-AGENCY-AND-OVERHEAD-RECONNAISSANCE-THE-U-2-AND-OXCART-PROGRAMS-1954-1974.pdf,149,MARKING,Secret,SECRET,MARKING
CIA-UAP-003-THE-CENTRAL-INTELLIGENCE-AGENCY-AND-OVERHEAD-RECONNAISSANCE-THE-U-2-AND-OXCART-PROGRAMS-1954-1974.pdf,149,MARKING,NOFORN,NOFORN,
CIA-UAP-003-THE-CENTRAL-INTELLIGENCE-AGENCY-AND-OVERHEAD-RECONNAISSANCE-THE-U-2-AND-OXCART-PROGRAMS-1954-1974.pdf,151,DATE,22 August 1957,22 August 1957,
CIA-UAP-003-THE-CENTRAL-INTELLIGENCE-AGENCY-AND-OVERHEAD-RECONNAISSANCE-THE-U-2-AND-OXCART-PROGRAMS-1954-1974.pdf,151,DATE,28 August 1957,28 August 1957,
CIA-UAP-003-THE-CENTRAL-INTELLIGENCE-AGENCY-AND-OVERHEAD-RECONNAISSANCE-THE-U-2-AND-OXCART-PROGRAMS-1954-1974.pdf,151,DATE,9 July 1959,9 July 1959,
CIA-UAP-003-THE-CENTRAL-INTELLIGENCE-AGENCY-AND-OVERHEAD-RECONNAISSANCE-THE-U-2-AND-OXCART-PROGRAMS-1954-1974.pdf,151,DATE,21 August 1957,21 August 1957,
CIA-UAP-003-THE-CENTRAL-INTELLIGENCE-AGENCY-AND-OVERHEAD-RECONNAISSANCE-THE-U-2-AND-OXCART-PROGRAMS-1954-1974.pdf,151,DATE,6 September 1957,6 September 1957,
CIA-UAP-003-THE-CENTRAL-INTELLIGENCE-AGENCY-AND-OVERHEAD-RECONNAISSANCE-THE-U-2-AND-OXCART-PROGRAMS-1954-1974.pdf,152,DATE,23 August 1957,23 August 1957,
CIA-UAP-003-THE-CENTRAL-INTELLIGENCE-AGENCY-AND-OVERHEAD-RECONNAISSANCE-THE-U-2-AND-OXCART-PROGRAMS-1954-1974.pdf,152,DATE,10 August 1957,10 August 1957,
CIA-UAP-003-THE-CENTRAL-INTELLIGENCE-AGENCY-AND-OVERHEAD-RECONNAISSANCE-THE-U-2-AND-OXCART-PROGRAMS-1954-1974.pdf,152,DATE,21 August 1957,21 August 1957,
CIA-UAP-003-THE-CENTRAL-INTELLIGENCE-AGENCY-AND-OVERHEAD-RECONNAISSANCE-THE-U-2-AND-OXCART-PROGRAMS-1954-1974.pdf,153,DATE,10 December 1956,10 December 1956,
CIA-UAP-003-THE-CENTRAL-INTELLIGENCE-AGENCY-AND-OVERHEAD-RECONNAISSANCE-THE-U-2-AND-OXCART-PROGRAMS-1954-1974.pdf,153,DATE,25 April 1957,25 April 1957,
CIA-UAP-003-THE-CENTRAL-INTELLIGENCE-AGENCY-AND-OVERHEAD-RECONNAISSANCE-THE-U-2-AND-OXCART-PROGRAMS-1954-1974.pdf,153,DATE,11 October 1957,11 October 1957,
CIA-UAP-003-THE-CENTRAL-INTELLIGENCE-AGENCY-AND-OVERHEAD-RECONNAISSANCE-THE-U-2-AND-OXCART-PROGRAMS-1954-1974.pdf,153,DATE,3 October 1957,3 October 1957,
CIA-UAP-003-THE-CENTRAL-INTELLIGENCE-AGENCY-AND-OVERHEAD-RECONNAISSANCE-THE-U-2-AND-OXCART-PROGRAMS-1954-1974.pdf,153,DATE,20 September 1957,20 September 1957,
CIA-UAP-003-THE-CENTRAL-INTELLIGENCE-AGENCY-AND-OVERHEAD-RECONNAISSANCE-THE-U-2-AND-OXCART-PROGRAMS-1954-1974.pdf,153,DATE,15 November 1957,15 November 1957,
CIA-UAP-003-THE-CENTRAL-INTELLIGENCE-AGENCY-AND-OVERHEAD-RECONNAISSANCE-THE-U-2-AND-OXCART-PROGRAMS-1954-1974.pdf,153,DATE,13 October 1957,13 October 1957,
CIA-UAP-003-THE-CENTRAL-INTELLIGENCE-AGENCY-AND-OVERHEAD-RECONNAISSANCE-THE-U-2-AND-OXCART-PROGRAMS-1954-1974.pdf,154,DATE,13 October 1957,13 October 1957,
CIA-UAP-003-THE-CENTRAL-INTELLIGENCE-AGENCY-AND-OVERHEAD-RECONNAISSANCE-THE-U-2-AND-OXCART-PROGRAMS-1954-1974.pdf,154,MARKING,Secret,SECRET,MARKING
CIA-UAP-003-THE-CENTRAL-INTELLIGENCE-AGENCY-AND-OVERHEAD-RECONNAISSANCE-THE-U-2-AND-OXCART-PROGRAMS-1954-1974.pdf,154,MARKING,NOFORN,NOFORN,
CIA-UAP-003-THE-CENTRAL-INTELLIGENCE-AGENCY-AND-OVERHEAD-RECONNAISSANCE-THE-U-2-AND-OXCART-PROGRAMS-1954-1974.pdf,155,PERSON,Col. Vilhelm Evan,Col Vilhelm Evan,RANK
CIA-UAP-003-THE-CENTRAL-INTELLIGENCE-AGENCY-AND-OVERHEAD-RECONNAISSANCE-THE-U-2-AND-OXCART-PROGRAMS-1954-1974.pdf,155,ORG,CIA,CIA,
CIA-UAP-003-THE-CENTRAL-INTELLIGENCE-AGENCY-AND-OVERHEAD-RECONNAISSANCE-THE-U-2-AND-OXCART-PROGRAMS-1954-1974.pdf,155,DATE,6 November 1958,6 November 1958,
CIA-UAP-003-THE-CENTRAL-INTELLIGENCE-AGENCY-AND-OVERHEAD-RECONNAISSANCE-THE-U-2-AND-OXCART-PROGRAMS-1954-1974.pdf,156,DATE,27 August 1957,27 August 1957,
CIA-UAP-003-THE-CENTRAL-INTELLIGENCE-AGENCY-AND-OVERHEAD-RECONNAISSANCE-THE-U-2-AND-OXCART-PROGRAMS-1954-1974.pdf,156,MARKING,Secret,SECRET,MARKING
CIA-UAP-003-THE-CENTRAL-INTELLIGENCE-AGENCY-AND-OVERHEAD-RECONNAISSANCE-THE-U-2-AND-OXCART-PROGRAMS-1954-1974.pdf,157,ORG,CIA,CIA,
CIA-UAP-003-THE-CENTRAL-INTELLIGENCE-AGENCY-AND-OVERHEAD-RECONNAISSANCE-THE-U-2-AND-OXCART-PROGRAMS-1954-1974.pdf,157,DATE,5 March 1958,5 March 1958,
CIA-UAP-003-THE-CENTRAL-INTELLIGENCE-AGENCY-AND-OVERHEAD-RECONNAISSANCE-THE-U-2-AND-OXCART-PROGRAMS-1954-1974.pdf,157,DATE,27 June 1958,27 June 1958,
CIA-UAP-003-THE-CENTRAL-INTELLIGENCE-AGENCY-AND-OVERHEAD-RECONNAISSANCE-THE-U-2-AND-OXCART-PROGRAMS-1954-1974.pdf,157,DATE,27 October 1957,27 October 1957,
CIA-UAP-003-THE-CENTRAL-INTELLIGENCE-AGENCY-AND-OVERHEAD-RECONNAISSANCE-THE-U-2-AND-OXCART-PROGRAMS-1954-1974.pdf,157,DATE,1 March 1958,1 March 1958,
CIA-UAP-003-THE-CENTRAL-INTELLIGENCE-AGENCY-AND-OVERHEAD-RECONNAISSANCE-THE-U-2-AND-OXCART-PROGRAMS-1954-1974.pdf,157,DATE,7 March 1958,7 March 1958,
CIA-UAP-003-THE-CENTRAL-INTELLIGENCE-AGENCY-AND-OVERHEAD-RECONNAISSANCE-THE-U-2-AND-OXCART-PROGRAMS-1954-1974.pdf,157,MARKING,declassified,DECLASSIFIED,MARKING
CIA-UAP-003-THE-CENTRAL-INTELLIGENCE-AGENCY-AND-OVERHEAD-RECONNAISSANCE-THE-U-2-AND-OXCART-PROGRAMS-1954-1974.pdf,158,DATE,7 July 1958,7 July 1958,
CIA-UAP-003-THE-CENTRAL-INTELLIGENCE-AGENCY-AND-OVERHEAD-RECONNAISSANCE-THE-U-2-AND-OXCART-PROGRAMS-1954-1974.pdf,158,DATE,25 June 1958,25 June 1958,
CIA-UAP-003-THE-CENTRAL-INTELLIGENCE-AGENCY-AND-OVERHEAD-RECONNAISSANCE-THE-U-2-AND-OXCART-PROGRAMS-1954-1974.pdf,158,MARKING,Secret,SECRET,MARKING
CIA-UAP-003-THE-CENTRAL-INTELLIGENCE-AGENCY-AND-OVERHEAD-RECONNAISSANCE-THE-U-2-AND-OXCART-PROGRAMS-1954-1974.pdf,159,DATE,11 October 1958,11 October 1958,
CIA-UAP-003-THE-CENTRAL-INTELLIGENCE-AGENCY-AND-OVERHEAD-RECONNAISSANCE-THE-U-2-AND-OXCART-PROGRAMS-1954-1974.pdf,159,DATE,29 July 1958,29 July 1958,
CIA-UAP-003-THE-CENTRAL-INTELLIGENCE-AGENCY-AND-OVERHEAD-RECONNAISSANCE-THE-U-2-AND-OXCART-PROGRAMS-1954-1974.pdf,159,DATE,9 July 1958,9 July 1958,
CIA-UAP-003-THE-CENTRAL-INTELLIGENCE-AGENCY-AND-OVERHEAD-RECONNAISSANCE-THE-U-2-AND-OXCART-PROGRAMS-1954-1974.pdf,159,MARKING,Secret,SECRET,MARKING
CIA-UAP-003-THE-CENTRAL-INTELLIGENCE-AGENCY-AND-OVERHEAD-RECONNAISSANCE-THE-U-2-AND-OXCART-PROGRAMS-1954-1974.pdf,159,MARKING,NOFORN,NOFORN,
CIA-UAP-003-THE-CENTRAL-INTELLIGENCE-AGENCY-AND-OVERHEAD-RECONNAISSANCE-THE-U-2-AND-OXCART-PROGRAMS-1954-1974.pdf,160,DATE,8 September 1958,8 September 1958,
CIA-UAP-003-THE-CENTRAL-INTELLIGENCE-AGENCY-AND-OVERHEAD-RECONNAISSANCE-THE-U-2-AND-OXCART-PROGRAMS-1954-1974.pdf,160,MARKING,Secret,SECRET,MARKING
CIA-UAP-003-THE-CENTRAL-INTELLIGENCE-AGENCY-AND-OVERHEAD-RECONNAISSANCE-THE-U-2-AND-OXCART-PROGRAMS-1954-1974.pdf,161,DATE,16 February 1985,16 February 1985,
CIA-UAP-003-THE-CENTRAL-INTELLIGENCE-AGENCY-AND-OVERHEAD-RECONNAISSANCE-THE-U-2-AND-OXCART-PROGRAMS-1954-1974.pdf,161,MARKING,Secret,SECRET,MARKING
CIA-UAP-003-THE-CENTRAL-INTELLIGENCE-AGENCY-AND-OVERHEAD-RECONNAISSANCE-THE-U-2-AND-OXCART-PROGRAMS-1954-1974.pdf,161,MARKING,NOFORN,NOFORN,
CIA-UAP-003-THE-CENTRAL-INTELLIGENCE-AGENCY-AND-OVERHEAD-RECONNAISSANCE-THE-U-2-AND-OXCART-PROGRAMS-1954-1974.pdf,163,DATE,13 October 1957,13 October 1957,
CIA-UAP-003-THE-CENTRAL-INTELLIGENCE-AGENCY-AND-OVERHEAD-RECONNAISSANCE-THE-U-2-AND-OXCART-PROGRAMS-1954-1974.pdf,163,MARKING,NOFORN,NOFORN,
CIA-UAP-003-THE-CENTRAL-INTELLIGENCE-AGENCY-AND-OVERHEAD-RECONNAISSANCE-THE-U-2-AND-OXCART-PROGRAMS-1954-1974.pdf,164,MARKING,NOFORN,NOFORN,
CIA-UAP-003-THE-CENTRAL-INTELLIGENCE-AGENCY-AND-OVERHEAD-RECONNAISSANCE-THE-U-2-AND-OXCART-PROGRAMS-1954-1974.pdf,165,ORG,CIA,CIA,
CIA-UAP-003-THE-CENTRAL-INTELLIGENCE-AGENCY-AND-OVERHEAD-RECONNAISSANCE-THE-U-2-AND-OXCART-PROGRAMS-1954-1974.pdf,165,DATE,15 July 1958,15 July 1958,
CIA-UAP-003-THE-CENTRAL-INTELLIGENCE-AGENCY-AND-OVERHEAD-RECONNAISSANCE-THE-U-2-AND-OXCART-PROGRAMS-1954-1974.pdf,167,ORG,CIA,CIA,
CIA-UAP-003-THE-CENTRAL-INTELLIGENCE-AGENCY-AND-OVERHEAD-RECONNAISSANCE-THE-U-2-AND-OXCART-PROGRAMS-1954-1974.pdf,167,DATE,6 May 1957,6 May 1957,
CIA-UAP-003-THE-CENTRAL-INTELLIGENCE-AGENCY-AND-OVERHEAD-RECONNAISSANCE-THE-U-2-AND-OXCART-PROGRAMS-1954-1974.pdf,167,DATE,7 February 1958,7 February 1958,
CIA-UAP-003-THE-CENTRAL-INTELLIGENCE-AGENCY-AND-OVERHEAD-RECONNAISSANCE-THE-U-2-AND-OXCART-PROGRAMS-1954-1974.pdf,167,DATE,"May 6, 1957","May 6, 1957",
CIA-UAP-003-THE-CENTRAL-INTELLIGENCE-AGENCY-AND-OVERHEAD-RECONNAISSANCE-THE-U-2-AND-OXCART-PROGRAMS-1954-1974.pdf,168,ORG,CIA,CIA,
CIA-UAP-003-THE-CENTRAL-INTELLIGENCE-AGENCY-AND-OVERHEAD-RECONNAISSANCE-THE-U-2-AND-OXCART-PROGRAMS-1954-1974.pdf,169,MARKING,Secret,SECRET,MARKING
CIA-UAP-003-THE-CENTRAL-INTELLIGENCE-AGENCY-AND-OVERHEAD-RECONNAISSANCE-THE-U-2-AND-OXCART-PROGRAMS-1954-1974.pdf,170,ORG,CIA,CIA,
CIA-UAP-003-THE-CENTRAL-INTELLIGENCE-AGENCY-AND-OVERHEAD-RECONNAISSANCE-THE-U-2-AND-OXCART-PROGRAMS-1954-1974.pdf,170,DATE,6 October 1959,6 October 1959,
CIA-UAP-003-THE-CENTRAL-INTELLIGENCE-AGENCY-AND-OVERHEAD-RECONNAISSANCE-THE-U-2-AND-OXCART-PROGRAMS-1954-1974.pdf,170,DATE,16 February 1959,16 February 1959,
CIA-UAP-003-THE-CENTRAL-INTELLIGENCE-AGENCY-AND-OVERHEAD-RECONNAISSANCE-THE-U-2-AND-OXCART-PROGRAMS-1954-1974.pdf,172,DATE,4 December 1958,4 December 1958,
CIA-UAP-003-THE-CENTRAL-INTELLIGENCE-AGENCY-AND-OVERHEAD-RECONNAISSANCE-THE-U-2-AND-OXCART-PROGRAMS-1954-1974.pdf,173,DATE,4 October 1957,4 October 1957,
CIA-UAP-003-THE-CENTRAL-INTELLIGENCE-AGENCY-AND-OVERHEAD-RECONNAISSANCE-THE-U-2-AND-OXCART-PROGRAMS-1954-1974.pdf,173,DATE,29 May 1958,29 May 1958,
CIA-UAP-003-THE-CENTRAL-INTELLIGENCE-AGENCY-AND-OVERHEAD-RECONNAISSANCE-THE-U-2-AND-OXCART-PROGRAMS-1954-1974.pdf,173,DATE,17 February 1959,17 February 1959,
CIA-UAP-003-THE-CENTRAL-INTELLIGENCE-AGENCY-AND-OVERHEAD-RECONNAISSANCE-THE-U-2-AND-OXCART-PROGRAMS-1954-1974.pdf,174,ORG,CIA,CIA,
CIA-UAP-003-THE-CENTRAL-INTELLIGENCE-AGENCY-AND-OVERHEAD-RECONNAISSANCE-THE-U-2-AND-OXCART-PROGRAMS-1954-1974.pdf,174,MARKING,NOFORN,NOFORN,
CIA-UAP-003-THE-CENTRAL-INTELLIGENCE-AGENCY-AND-OVERHEAD-RECONNAISSANCE-THE-U-2-AND-OXCART-PROGRAMS-1954-1974.pdf,175,DATE,18 June 1959,18 June 1959,
CIA-UAP-003-THE-CENTRAL-INTELLIGENCE-AGENCY-AND-OVERHEAD-RECONNAISSANCE-THE-U-2-AND-OXCART-PROGRAMS-1954-1974.pdf,175,DATE,7 July 1959,7 July 1959,
CIA-UAP-003-THE-CENTRAL-INTELLIGENCE-AGENCY-AND-OVERHEAD-RECONNAISSANCE-THE-U-2-AND-OXCART-PROGRAMS-1954-1974.pdf,175,DATE,12 February 1959,12 February 1959,
CIA-UAP-003-THE-CENTRAL-INTELLIGENCE-AGENCY-AND-OVERHEAD-RECONNAISSANCE-THE-U-2-AND-OXCART-PROGRAMS-1954-1974.pdf,175,DATE,9 June 1959,9 June 1959,
CIA-UAP-003-THE-CENTRAL-INTELLIGENCE-AGENCY-AND-OVERHEAD-RECONNAISSANCE-THE-U-2-AND-OXCART-PROGRAMS-1954-1974.pdf,176,ORG,CIA,CIA,
CIA-UAP-003-THE-CENTRAL-INTELLIGENCE-AGENCY-AND-OVERHEAD-RECONNAISSANCE-THE-U-2-AND-OXCART-PROGRAMS-1954-1974.pdf,176,DATE,9 July 1959,9 July 1959,
CIA-UAP-003-THE-CENTRAL-INTELLIGENCE-AGENCY-AND-OVERHEAD-RECONNAISSANCE-THE-U-2-AND-OXCART-PROGRAMS-1954-1974.pdf,176,DATE,27 September 1959,27 September 1959,
CIA-UAP-003-THE-CENTRAL-INTELLIGENCE-AGENCY-AND-OVERHEAD-RECONNAISSANCE-THE-U-2-AND-OXCART-PROGRAMS-1954-1974.pdf,176,DATE,12 September 1959,12 September 1959,
CIA-UAP-003-THE-CENTRAL-INTELLIGENCE-AGENCY-AND-OVERHEAD-RECONNAISSANCE-THE-U-2-AND-OXCART-PROGRAMS-1954-1974.pdf,176,DATE,7 July 1959,7 July 1959,
CIA-UAP-003-THE-CENTRAL-INTELLIGENCE-AGENCY-AND-OVERHEAD-RECONNAISSANCE-THE-U-2-AND-OXCART-PROGRAMS-1954-1974.pdf,177,DATE,6 December 1959,6 December 1959,
CIA-UAP-003-THE-CENTRAL-INTELLIGENCE-AGENCY-AND-OVERHEAD-RECONNAISSANCE-THE-U-2-AND-OXCART-PROGRAMS-1954-1974.pdf,178,ORG,CIA,CIA,
CIA-UAP-003-THE-CENTRAL-INTELLIGENCE-AGENCY-AND-OVERHEAD-RECONNAISSANCE-THE-U-2-AND-OXCART-PROGRAMS-1954-1974.pdf,178,DATE,6 December 1959,6 December 1959,
CIA-UAP-003-THE-CENTRAL-INTELLIGENCE-AGENCY-AND-OVERHEAD-RECONNAISSANCE-THE-U-2-AND-OXCART-PROGRAMS-1954-1974.pdf,179,DATE,6 December 19,6 December 19,
CIA-UAP-003-THE-CENTRAL-INTELLIGENCE-AGENCY-AND-OVERHEAD-RECONNAISSANCE-THE-U-2-AND-OXCART-PROGRAMS-1954-1974.pdf,180,PERSON,Gen. James Doolittle,Gen James Doolittle,RANK
CIA-UAP-003-THE-CENTRAL-INTELLIGENCE-AGENCY-AND-OVERHEAD-RECONNAISSANCE-THE-U-2-AND-OXCART-PROGRAMS-1954-1974.pdf,180,DATE,2 February 1960,2 February 1960,
CIA-UAP-003-THE-CENTRAL-INTELLIGENCE-AGENCY-AND-OVERHEAD-RECONNAISSANCE-THE-U-2-AND-OXCART-PROGRAMS-1954-1974.pdf,180,DATE,5 February 1960,5 February 1960,
CIA-UAP-003-THE-CENTRAL-INTELLIGENCE-AGENCY-AND-OVERHEAD-RECONNAISSANCE-THE-U-2-AND-OXCART-PROGRAMS-1954-1974.pdf,181,PERSON,Col. William Burke,Col William Burke,RANK
CIA-UAP-003-THE-CENTRAL-INTELLIGENCE-AGENCY-AND-OVERHEAD-RECONNAISSANCE-THE-U-2-AND-OXCART-PROGRAMS-1954-1974.pdf,181,PERSON,Col. William Burke. Acting Chief,Col William Burke. Acting Chief,RANK
CIA-UAP-003-THE-CENTRAL-INTELLIGENCE-AGENCY-AND-OVERHEAD-RECONNAISSANCE-THE-U-2-AND-OXCART-PROGRAMS-1954-1974.pdf,181,ORG,CIA,CIA,
CIA-UAP-003-THE-CENTRAL-INTELLIGENCE-AGENCY-AND-OVERHEAD-RECONNAISSANCE-THE-U-2-AND-OXCART-PROGRAMS-1954-1974.pdf,181,ORG,ATIC,ATIC,
CIA-UAP-003-THE-CENTRAL-INTELLIGENCE-AGENCY-AND-OVERHEAD-RECONNAISSANCE-THE-U-2-AND-OXCART-PROGRAMS-1954-1974.pdf,181,DATE,0 April 1960,0 April 1960,
CIA-UAP-003-THE-CENTRAL-INTELLIGENCE-AGENCY-AND-OVERHEAD-RECONNAISSANCE-THE-U-2-AND-OXCART-PROGRAMS-1954-1974.pdf,181,DATE,9 April 1960,9 April 1960,
CIA-UAP-003-THE-CENTRAL-INTELLIGENCE-AGENCY-AND-OVERHEAD-RECONNAISSANCE-THE-U-2-AND-OXCART-PROGRAMS-1954-1974.pdf,181,DATE,14 March 1960,14 March 1960,
CIA-UAP-003-THE-CENTRAL-INTELLIGENCE-AGENCY-AND-OVERHEAD-RECONNAISSANCE-THE-U-2-AND-OXCART-PROGRAMS-1954-1974.pdf,182,DATE,9 April 1960,9 April 1960,
CIA-UAP-003-THE-CENTRAL-INTELLIGENCE-AGENCY-AND-OVERHEAD-RECONNAISSANCE-THE-U-2-AND-OXCART-PROGRAMS-1954-1974.pdf,183,ORG,CIA,CIA,
CIA-UAP-003-THE-CENTRAL-INTELLIGENCE-AGENCY-AND-OVERHEAD-RECONNAISSANCE-THE-U-2-AND-OXCART-PROGRAMS-1954-1974.pdf,183,DATE,26 April 1960,26 April 1960,
CIA-UAP-003-THE-CENTRAL-INTELLIGENCE-AGENCY-AND-OVERHEAD-RECONNAISSANCE-THE-U-2-AND-OXCART-PROGRAMS-1954-1974.pdf,185,ORG,USAF,USAF,
CIA-UAP-003-THE-CENTRAL-INTELLIGENCE-AGENCY-AND-OVERHEAD-RECONNAISSANCE-THE-U-2-AND-OXCART-PROGRAMS-1954-1974.pdf,185,ORG,CIA,CIA,
CIA-UAP-003-THE-CENTRAL-INTELLIGENCE-AGENCY-AND-OVERHEAD-RECONNAISSANCE-THE-U-2-AND-OXCART-PROGRAMS-1954-1974.pdf,185,DATE,16 May 1960,16 May 1960,
CIA-UAP-003-THE-CENTRAL-INTELLIGENCE-AGENCY-AND-OVERHEAD-RECONNAISSANCE-THE-U-2-AND-OXCART-PROGRAMS-1954-1974.pdf,186,DATE,1 May 1960,1 May 1960,
CIA-UAP-003-THE-CENTRAL-INTELLIGENCE-AGENCY-AND-OVERHEAD-RECONNAISSANCE-THE-U-2-AND-OXCART-PROGRAMS-1954-1974.pdf,187,PERSON,Col. William Burke. Acting Chic,Col William Burke. Acting Chic,RANK
CIA-UAP-003-THE-CENTRAL-INTELLIGENCE-AGENCY-AND-OVERHEAD-RECONNAISSANCE-THE-U-2-AND-OXCART-PROGRAMS-1954-1974.pdf,187,DATE,14 March 1960,14 March 1960,
CIA-UAP-003-THE-CENTRAL-INTELLIGENCE-AGENCY-AND-OVERHEAD-RECONNAISSANCE-THE-U-2-AND-OXCART-PROGRAMS-1954-1974.pdf,188,DATE,30 April. 20,30 April. 20,
CIA-UAP-003-THE-CENTRAL-INTELLIGENCE-AGENCY-AND-OVERHEAD-RECONNAISSANCE-THE-U-2-AND-OXCART-PROGRAMS-1954-1974.pdf,189,PERSON,Col. William Shelton,Col William Shelton,RANK
CIA-UAP-003-THE-CENTRAL-INTELLIGENCE-AGENCY-AND-OVERHEAD-RECONNAISSANCE-THE-U-2-AND-OXCART-PROGRAMS-1954-1974.pdf,190,ORG,CIA,CIA,
CIA-UAP-003-THE-CENTRAL-INTELLIGENCE-AGENCY-AND-OVERHEAD-RECONNAISSANCE-THE-U-2-AND-OXCART-PROGRAMS-1954-1974.pdf,190,DATE,13 February 1962,13 February 1962,
CIA-UAP-003-THE-CENTRAL-INTELLIGENCE-AGENCY-AND-OVERHEAD-RECONNAISSANCE-THE-U-2-AND-OXCART-PROGRAMS-1954-1974.pdf,190,DATE,4 October 1983,4 October 1983,
CIA-UAP-003-THE-CENTRAL-INTELLIGENCE-AGENCY-AND-OVERHEAD-RECONNAISSANCE-THE-U-2-AND-OXCART-PROGRAMS-1954-1974.pdf,190,MARKING,NOFORN,NOFORN,
CIA-UAP-003-THE-CENTRAL-INTELLIGENCE-AGENCY-AND-OVERHEAD-RECONNAISSANCE-THE-U-2-AND-OXCART-PROGRAMS-1954-1974.pdf,191,ORG,NASA,NASA,
CIA-UAP-003-THE-CENTRAL-INTELLIGENCE-AGENCY-AND-OVERHEAD-RECONNAISSANCE-THE-U-2-AND-OXCART-PROGRAMS-1954-1974.pdf,191,MARKING,Secret,SECRET,MARKING
CIA-UAP-003-THE-CENTRAL-INTELLIGENCE-AGENCY-AND-OVERHEAD-RECONNAISSANCE-THE-U-2-AND-OXCART-PROGRAMS-1954-1974.pdf,192,ORG,NASA,NASA,
CIA-UAP-003-THE-CENTRAL-INTELLIGENCE-AGENCY-AND-OVERHEAD-RECONNAISSANCE-THE-U-2-AND-OXCART-PROGRAMS-1954-1974.pdf,192,DATE,7 May 1960,7 May 1960,
CIA-UAP-003-THE-CENTRAL-INTELLIGENCE-AGENCY-AND-OVERHEAD-RECONNAISSANCE-THE-U-2-AND-OXCART-PROGRAMS-1954-1974.pdf,193,MARKING,Secret,SECRET,MARKING
CIA-UAP-003-THE-CENTRAL-INTELLIGENCE-AGENCY-AND-OVERHEAD-RECONNAISSANCE-THE-U-2-AND-OXCART-PROGRAMS-1954-1974.pdf,194,ORG,CIA,CIA,
CIA-UAP-003-THE-CENTRAL-INTELLIGENCE-AGENCY-AND-OVERHEAD-RECONNAISSANCE-THE-U-2-AND-OXCART-PROGRAMS-1954-1974.pdf,194,DATE,27 May 1960,27 May 1960,
CIA-UAP-003-THE-CENTRAL-INTELLIGENCE-AGENCY-AND-OVERHEAD-RECONNAISSANCE-THE-U-2-AND-OXCART-PROGRAMS-1954-1974.pdf,194,DATE,8 July 1960,8 July 1960,
CIA-UAP-003-THE-CENTRAL-INTELLIGENCE-AGENCY-AND-OVERHEAD-RECONNAISSANCE-THE-U-2-AND-OXCART-PROGRAMS-1954-1974.pdf,194,MARKING,secret,SECRET,MARKING
CIA-UAP-003-THE-CENTRAL-INTELLIGENCE-AGENCY-AND-OVERHEAD-RECONNAISSANCE-THE-U-2-AND-OXCART-PROGRAMS-1954-1974.pdf,195,PERSON,Dr. Keith Glennan,Dr. Keith Glennan,
CIA-UAP-003-THE-CENTRAL-INTELLIGENCE-AGENCY-AND-OVERHEAD-RECONNAISSANCE-THE-U-2-AND-OXCART-PROGRAMS-1954-1974.pdf,195,PERSON,Dr. Hugh Dryden,Dr. Hugh Dryden,
CIA-UAP-003-THE-CENTRAL-INTELLIGENCE-AGENCY-AND-OVERHEAD-RECONNAISSANCE-THE-U-2-AND-OXCART-PROGRAMS-1954-1974.pdf,195,ORG,CIA,CIA,
CIA-UAP-003-THE-CENTRAL-INTELLIGENCE-AGENCY-AND-OVERHEAD-RECONNAISSANCE-THE-U-2-AND-OXCART-PROGRAMS-1954-1974.pdf,195,ORG,NASA,NASA,
CIA-UAP-003-THE-CENTRAL-INTELLIGENCE-AGENCY-AND-OVERHEAD-RECONNAISSANCE-THE-U-2-AND-OXCART-PROGRAMS-1954-1974.pdf,195,DATE,25 July 1960,25 July 1960,
CIA-UAP-003-THE-CENTRAL-INTELLIGENCE-AGENCY-AND-OVERHEAD-RECONNAISSANCE-THE-U-2-AND-OXCART-PROGRAMS-1954-1974.pdf,195,DATE,31 May 1960,31 May 1960,
CIA-UAP-003-THE-CENTRAL-INTELLIGENCE-AGENCY-AND-OVERHEAD-RECONNAISSANCE-THE-U-2-AND-OXCART-PROGRAMS-1954-1974.pdf,195,MARKING,Secret,SECRET,MARKING
CIA-UAP-003-THE-CENTRAL-INTELLIGENCE-AGENCY-AND-OVERHEAD-RECONNAISSANCE-THE-U-2-AND-OXCART-PROGRAMS-1954-1974.pdf,196,ORG,CIA,CIA,
CIA-UAP-003-THE-CENTRAL-INTELLIGENCE-AGENCY-AND-OVERHEAD-RECONNAISSANCE-THE-U-2-AND-OXCART-PROGRAMS-1954-1974.pdf,196,DATE,17 August 1960,17 August 1960,
CIA-UAP-003-THE-CENTRAL-INTELLIGENCE-AGENCY-AND-OVERHEAD-RECONNAISSANCE-THE-U-2-AND-OXCART-PROGRAMS-1954-1974.pdf,196,DATE,0 February 1962,0 February 1962,
CIA-UAP-003-THE-CENTRAL-INTELLIGENCE-AGENCY-AND-OVERHEAD-RECONNAISSANCE-THE-U-2-AND-OXCART-PROGRAMS-1954-1974.pdf,196,MARKING,Secret,SECRET,MARKING
CIA-UAP-003-THE-CENTRAL-INTELLIGENCE-AGENCY-AND-OVERHEAD-RECONNAISSANCE-THE-U-2-AND-OXCART-PROGRAMS-1954-1974.pdf,196,MARKING,NOFORN,NOFORN,
CIA-UAP-003-THE-CENTRAL-INTELLIGENCE-AGENCY-AND-OVERHEAD-RECONNAISSANCE-THE-U-2-AND-OXCART-PROGRAMS-1954-1974.pdf,196,MARKING,confidential,CONFIDENTIAL,MARKING
CIA-UAP-003-THE-CENTRAL-INTELLIGENCE-AGENCY-AND-OVERHEAD-RECONNAISSANCE-THE-U-2-AND-OXCART-PROGRAMS-1954-1974.pdf,197,ORG,CIA,CIA,
CIA-UAP-003-THE-CENTRAL-INTELLIGENCE-AGENCY-AND-OVERHEAD-RECONNAISSANCE-THE-U-2-AND-OXCART-PROGRAMS-1954-1974.pdf,198,ORG,NSA,NSA,
CIA-UAP-003-THE-CENTRAL-INTELLIGENCE-AGENCY-AND-OVERHEAD-RECONNAISSANCE-THE-U-2-AND-OXCART-PROGRAMS-1954-1974.pdf,198,ORG,CIA,CIA,
CIA-UAP-003-THE-CENTRAL-INTELLIGENCE-AGENCY-AND-OVERHEAD-RECONNAISSANCE-THE-U-2-AND-OXCART-PROGRAMS-1954-1974.pdf,198,DATE,6 March 1962,6 March 1962,
CIA-UAP-003-THE-CENTRAL-INTELLIGENCE-AGENCY-AND-OVERHEAD-RECONNAISSANCE-THE-U-2-AND-OXCART-PROGRAMS-1954-1974.pdf,198,MARKING,Secret,SECRET,MARKING
CIA-UAP-003-THE-CENTRAL-INTELLIGENCE-AGENCY-AND-OVERHEAD-RECONNAISSANCE-THE-U-2-AND-OXCART-PROGRAMS-1954-1974.pdf,198,MARKING,declassified,DECLASSIFIED,MARKING
CIA-UAP-003-THE-CENTRAL-INTELLIGENCE-AGENCY-AND-OVERHEAD-RECONNAISSANCE-THE-U-2-AND-OXCART-PROGRAMS-1954-1974.pdf,199,PERSON,Col. Leo P. Geary,Col Leo P. Geary,RANK
CIA-UAP-003-THE-CENTRAL-INTELLIGENCE-AGENCY-AND-OVERHEAD-RECONNAISSANCE-THE-U-2-AND-OXCART-PROGRAMS-1954-1974.pdf,199,ORG,CIA,CIA,
CIA-UAP-003-THE-CENTRAL-INTELLIGENCE-AGENCY-AND-OVERHEAD-RECONNAISSANCE-THE-U-2-AND-OXCART-PROGRAMS-1954-1974.pdf,199,ORG,USAF,USAF,
CIA-UAP-003-THE-CENTRAL-INTELLIGENCE-AGENCY-AND-OVERHEAD-RECONNAISSANCE-THE-U-2-AND-OXCART-PROGRAMS-1954-1974.pdf,199,DATE,25 April 1965,25 April 1965,
CIA-UAP-003-THE-CENTRAL-INTELLIGENCE-AGENCY-AND-OVERHEAD-RECONNAISSANCE-THE-U-2-AND-OXCART-PROGRAMS-1954-1974.pdf,199,DATE,21 March 1961,21 March 1961,
CIA-UAP-003-THE-CENTRAL-INTELLIGENCE-AGENCY-AND-OVERHEAD-RECONNAISSANCE-THE-U-2-AND-OXCART-PROGRAMS-1954-1974.pdf,200,ORG,CIA,CIA,
CIA-UAP-003-THE-CENTRAL-INTELLIGENCE-AGENCY-AND-OVERHEAD-RECONNAISSANCE-THE-U-2-AND-OXCART-PROGRAMS-1954-1974.pdf,200,DATE,25 September 1969,25 September 1969,
CIA-UAP-003-THE-CENTRAL-INTELLIGENCE-AGENCY-AND-OVERHEAD-RECONNAISSANCE-THE-U-2-AND-OXCART-PROGRAMS-1954-1974.pdf,201,PERSON,Gen. Maxwell Taylor,Gen Maxwell Taylor,RANK
CIA-UAP-003-THE-CENTRAL-INTELLIGENCE-AGENCY-AND-OVERHEAD-RECONNAISSANCE-THE-U-2-AND-OXCART-PROGRAMS-1954-1974.pdf,201,ORG,CIA,CIA,
CIA-UAP-003-THE-CENTRAL-INTELLIGENCE-AGENCY-AND-OVERHEAD-RECONNAISSANCE-THE-U-2-AND-OXCART-PROGRAMS-1954-1974.pdf,202,ORG,CIA,CIA,
CIA-UAP-003-THE-CENTRAL-INTELLIGENCE-AGENCY-AND-OVERHEAD-RECONNAISSANCE-THE-U-2-AND-OXCART-PROGRAMS-1954-1974.pdf,202,DATE,9 August 1960,9 August 1960,
CIA-UAP-003-THE-CENTRAL-INTELLIGENCE-AGENCY-AND-OVERHEAD-RECONNAISSANCE-THE-U-2-AND-OXCART-PROGRAMS-1954-1974.pdf,202,DATE,1 March 1962,1 March 1962,
CIA-UAP-003-THE-CENTRAL-INTELLIGENCE-AGENCY-AND-OVERHEAD-RECONNAISSANCE-THE-U-2-AND-OXCART-PROGRAMS-1954-1974.pdf,202,MARKING,NOFORN,NOFORN,
CIA-UAP-003-THE-CENTRAL-INTELLIGENCE-AGENCY-AND-OVERHEAD-RECONNAISSANCE-THE-U-2-AND-OXCART-PROGRAMS-1954-1974.pdf,203,ORG,CIA,CIA,
CIA-UAP-003-THE-CENTRAL-INTELLIGENCE-AGENCY-AND-OVERHEAD-RECONNAISSANCE-THE-U-2-AND-OXCART-PROGRAMS-1954-1974.pdf,203,DATE,6 May 1960,6 May 1960,
CIA-UAP-003-THE-CENTRAL-INTELLIGENCE-AGENCY-AND-OVERHEAD-RECONNAISSANCE-THE-U-2-AND-OXCART-PROGRAMS-1954-1974.pdf,204,ORG,CIA,CIA,
CIA-UAP-003-THE-CENTRAL-INTELLIGENCE-AGENCY-AND-OVERHEAD-RECONNAISSANCE-THE-U-2-AND-OXCART-PROGRAMS-1954-1974.pdf,204,DATE,18 January 1961,18 January 1961,
CIA-UAP-003-THE-CENTRAL-INTELLIGENCE-AGENCY-AND-OVERHEAD-RECONNAISSANCE-THE-U-2-AND-OXCART-PROGRAMS-1954-1974.pdf,204,DATE,1 January 1959,1 January 1959,
CIA-UAP-003-THE-CENTRAL-INTELLIGENCE-AGENCY-AND-OVERHEAD-RECONNAISSANCE-THE-U-2-AND-OXCART-PROGRAMS-1954-1974.pdf,205,PERSON,Col. Stanley W. Beerli,Col Stanley W. Beerli,RANK
CIA-UAP-003-THE-CENTRAL-INTELLIGENCE-AGENCY-AND-OVERHEAD-RECONNAISSANCE-THE-U-2-AND-OXCART-PROGRAMS-1954-1974.pdf,205,ORG,CIA,CIA,
CIA-UAP-003-THE-CENTRAL-INTELLIGENCE-AGENCY-AND-OVERHEAD-RECONNAISSANCE-THE-U-2-AND-OXCART-PROGRAMS-1954-1974.pdf,205,DATE,17 February 1962,17 February 1962,
CIA-UAP-003-THE-CENTRAL-INTELLIGENCE-AGENCY-AND-OVERHEAD-RECONNAISSANCE-THE-U-2-AND-OXCART-PROGRAMS-1954-1974.pdf,205,DATE,30 July 1962,30 July 1962,
CIA-UAP-003-THE-CENTRAL-INTELLIGENCE-AGENCY-AND-OVERHEAD-RECONNAISSANCE-THE-U-2-AND-OXCART-PROGRAMS-1954-1974.pdf,205,DATE,30 September 1962,30 September 1962,
CIA-UAP-003-THE-CENTRAL-INTELLIGENCE-AGENCY-AND-OVERHEAD-RECONNAISSANCE-THE-U-2-AND-OXCART-PROGRAMS-1954-1974.pdf,205,DATE,5 August 1963,5 August 1963,
CIA-UAP-003-THE-CENTRAL-INTELLIGENCE-AGENCY-AND-OVERHEAD-RECONNAISSANCE-THE-U-2-AND-OXCART-PROGRAMS-1954-1974.pdf,205,DATE,7 February 1962,7 February 1962,
CIA-UAP-003-THE-CENTRAL-INTELLIGENCE-AGENCY-AND-OVERHEAD-RECONNAISSANCE-THE-U-2-AND-OXCART-PROGRAMS-1954-1974.pdf,206,ORG,CIA,CIA,
CIA-UAP-003-THE-CENTRAL-INTELLIGENCE-AGENCY-AND-OVERHEAD-RECONNAISSANCE-THE-U-2-AND-OXCART-PROGRAMS-1954-1974.pdf,206,MARKING,Secret,SECRET,MARKING
CIA-UAP-003-THE-CENTRAL-INTELLIGENCE-AGENCY-AND-OVERHEAD-RECONNAISSANCE-THE-U-2-AND-OXCART-PROGRAMS-1954-1974.pdf,208,DATE,25 January 1961,25 January 1961,
CIA-UAP-003-THE-CENTRAL-INTELLIGENCE-AGENCY-AND-OVERHEAD-RECONNAISSANCE-THE-U-2-AND-OXCART-PROGRAMS-1954-1974.pdf,208,DATE,15 January 1964,15 January 1964,
CIA-UAP-003-THE-CENTRAL-INTELLIGENCE-AGENCY-AND-OVERHEAD-RECONNAISSANCE-THE-U-2-AND-OXCART-PROGRAMS-1954-1974.pdf,209,PERSON,Mr. Bissell,Mr. Bissell,
CIA-UAP-003-THE-CENTRAL-INTELLIGENCE-AGENCY-AND-OVERHEAD-RECONNAISSANCE-THE-U-2-AND-OXCART-PROGRAMS-1954-1974.pdf,209,PERSON,Col. Stanley Beerli,Col Stanley Beerli,RANK
CIA-UAP-003-THE-CENTRAL-INTELLIGENCE-AGENCY-AND-OVERHEAD-RECONNAISSANCE-THE-U-2-AND-OXCART-PROGRAMS-1954-1974.pdf,209,ORG,CIA,CIA,
CIA-UAP-003-THE-CENTRAL-INTELLIGENCE-AGENCY-AND-OVERHEAD-RECONNAISSANCE-THE-U-2-AND-OXCART-PROGRAMS-1954-1974.pdf,209,ORG,USAF,USAF,
CIA-UAP-003-THE-CENTRAL-INTELLIGENCE-AGENCY-AND-OVERHEAD-RECONNAISSANCE-THE-U-2-AND-OXCART-PROGRAMS-1954-1974.pdf,209,DATE,14 September 1961,14 September 1961,
CIA-UAP-003-THE-CENTRAL-INTELLIGENCE-AGENCY-AND-OVERHEAD-RECONNAISSANCE-THE-U-2-AND-OXCART-PROGRAMS-1954-1974.pdf,209,DATE,25 September 1961,25 September 1961,
CIA-UAP-003-THE-CENTRAL-INTELLIGENCE-AGENCY-AND-OVERHEAD-RECONNAISSANCE-THE-U-2-AND-OXCART-PROGRAMS-1954-1974.pdf,209,DATE,1 October 1961,1 October 1961,
CIA-UAP-003-THE-CENTRAL-INTELLIGENCE-AGENCY-AND-OVERHEAD-RECONNAISSANCE-THE-U-2-AND-OXCART-PROGRAMS-1954-1974.pdf,209,DATE,21 September 1961,21 September 1961,
CIA-UAP-003-THE-CENTRAL-INTELLIGENCE-AGENCY-AND-OVERHEAD-RECONNAISSANCE-THE-U-2-AND-OXCART-PROGRAMS-1954-1974.pdf,210,ORG,CIA,CIA,
CIA-UAP-003-THE-CENTRAL-INTELLIGENCE-AGENCY-AND-OVERHEAD-RECONNAISSANCE-THE-U-2-AND-OXCART-PROGRAMS-1954-1974.pdf,210,DATE,14 December 1962,14 December 1962,
CIA-UAP-003-THE-CENTRAL-INTELLIGENCE-AGENCY-AND-OVERHEAD-RECONNAISSANCE-THE-U-2-AND-OXCART-PROGRAMS-1954-1974.pdf,211,ORG,SAC,SAC,
CIA-UAP-003-THE-CENTRAL-INTELLIGENCE-AGENCY-AND-OVERHEAD-RECONNAISSANCE-THE-U-2-AND-OXCART-PROGRAMS-1954-1974.pdf,211,DATE,27 October 1960,27 October 1960,
CIA-UAP-003-THE-CENTRAL-INTELLIGENCE-AGENCY-AND-OVERHEAD-RECONNAISSANCE-THE-U-2-AND-OXCART-PROGRAMS-1954-1974.pdf,211,DATE,11 December 1960,11 December 1960,
CIA-UAP-003-THE-CENTRAL-INTELLIGENCE-AGENCY-AND-OVERHEAD-RECONNAISSANCE-THE-U-2-AND-OXCART-PROGRAMS-1954-1974.pdf,211,DATE,21 March 1961,21 March 1961,
CIA-UAP-003-THE-CENTRAL-INTELLIGENCE-AGENCY-AND-OVERHEAD-RECONNAISSANCE-THE-U-2-AND-OXCART-PROGRAMS-1954-1974.pdf,211,MARKING,NOFORN,NOFORN,
CIA-UAP-003-THE-CENTRAL-INTELLIGENCE-AGENCY-AND-OVERHEAD-RECONNAISSANCE-THE-U-2-AND-OXCART-PROGRAMS-1954-1974.pdf,212,DATE,20 April 1961,20 April 1961,
CIA-UAP-003-THE-CENTRAL-INTELLIGENCE-AGENCY-AND-OVERHEAD-RECONNAISSANCE-THE-U-2-AND-OXCART-PROGRAMS-1954-1974.pdf,212,MARKING,NOFORN,NOFORN,
CIA-UAP-003-THE-CENTRAL-INTELLIGENCE-AGENCY-AND-OVERHEAD-RECONNAISSANCE-THE-U-2-AND-OXCART-PROGRAMS-1954-1974.pdf,213,ORG,CIA,CIA,
CIA-UAP-003-THE-CENTRAL-INTELLIGENCE-AGENCY-AND-OVERHEAD-RECONNAISSANCE-THE-U-2-AND-OXCART-PROGRAMS-1954-1974.pdf,213,MARKING,Secret,SECRET,MARKING
CIA-UAP-003-THE-CENTRAL-INTELLIGENCE-AGENCY-AND-OVERHEAD-RECONNAISSANCE-THE-U-2-AND-OXCART-PROGRAMS-1954-1974.pdf,214,ORG,CIA,CIA,
CIA-UAP-003-THE-CENTRAL-INTELLIGENCE-AGENCY-AND-OVERHEAD-RECONNAISSANCE-THE-U-2-AND-OXCART-PROGRAMS-1954-1974.pdf,214,ORG,SAC,SAC,
CIA-UAP-003-THE-CENTRAL-INTELLIGENCE-AGENCY-AND-OVERHEAD-RECONNAISSANCE-THE-U-2-AND-OXCART-PROGRAMS-1954-1974.pdf,214,DATE,30 August 1962,30 August 1962,
CIA-UAP-003-THE-CENTRAL-INTELLIGENCE-AGENCY-AND-OVERHEAD-RECONNAISSANCE-THE-U-2-AND-OXCART-PROGRAMS-1954-1974.pdf,214,DATE,16 October 1962,16 October 1962,
CIA-UAP-003-THE-CENTRAL-INTELLIGENCE-AGENCY-AND-OVERHEAD-RECONNAISSANCE-THE-U-2-AND-OXCART-PROGRAMS-1954-1974.pdf,214,DATE,14 November 1962,14 November 1962,
CIA-UAP-003-THE-CENTRAL-INTELLIGENCE-AGENCY-AND-OVERHEAD-RECONNAISSANCE-THE-U-2-AND-OXCART-PROGRAMS-1954-1974.pdf,216,DATE,7 October 14,7 October 14,
CIA-UAP-003-THE-CENTRAL-INTELLIGENCE-AGENCY-AND-OVERHEAD-RECONNAISSANCE-THE-U-2-AND-OXCART-PROGRAMS-1954-1974.pdf,218,ORG,CIA,CIA,
CIA-UAP-003-THE-CENTRAL-INTELLIGENCE-AGENCY-AND-OVERHEAD-RECONNAISSANCE-THE-U-2-AND-OXCART-PROGRAMS-1954-1974.pdf,218,DATE,14 October 1962,14 October 1962,
CIA-UAP-003-THE-CENTRAL-INTELLIGENCE-AGENCY-AND-OVERHEAD-RECONNAISSANCE-THE-U-2-AND-OXCART-PROGRAMS-1954-1974.pdf,218,DATE,27 February 1963,27 February 1963,
CIA-UAP-003-THE-CENTRAL-INTELLIGENCE-AGENCY-AND-OVERHEAD-RECONNAISSANCE-THE-U-2-AND-OXCART-PROGRAMS-1954-1974.pdf,218,DATE,24 October 1962,24 October 1962,
CIA-UAP-003-THE-CENTRAL-INTELLIGENCE-AGENCY-AND-OVERHEAD-RECONNAISSANCE-THE-U-2-AND-OXCART-PROGRAMS-1954-1974.pdf,218,MARKING,NOFORN,NOFORN,
CIA-UAP-003-THE-CENTRAL-INTELLIGENCE-AGENCY-AND-OVERHEAD-RECONNAISSANCE-THE-U-2-AND-OXCART-PROGRAMS-1954-1974.pdf,219,DATE,4 October 1962,4 October 1962,
CIA-UAP-003-THE-CENTRAL-INTELLIGENCE-AGENCY-AND-OVERHEAD-RECONNAISSANCE-THE-U-2-AND-OXCART-PROGRAMS-1954-1974.pdf,219,DATE,6 October 1962,6 October 1962,
CIA-UAP-003-THE-CENTRAL-INTELLIGENCE-AGENCY-AND-OVERHEAD-RECONNAISSANCE-THE-U-2-AND-OXCART-PROGRAMS-1954-1974.pdf,219,DATE,20 November 1962,20 November 1962,
CIA-UAP-003-THE-CENTRAL-INTELLIGENCE-AGENCY-AND-OVERHEAD-RECONNAISSANCE-THE-U-2-AND-OXCART-PROGRAMS-1954-1974.pdf,219,MARKING,Secret,SECRET,MARKING
CIA-UAP-003-THE-CENTRAL-INTELLIGENCE-AGENCY-AND-OVERHEAD-RECONNAISSANCE-THE-U-2-AND-OXCART-PROGRAMS-1954-1974.pdf,219,MARKING,NOFORN,NOFORN,
CIA-UAP-003-THE-CENTRAL-INTELLIGENCE-AGENCY-AND-OVERHEAD-RECONNAISSANCE-THE-U-2-AND-OXCART-PROGRAMS-1954-1974.pdf,219,MARKING,restricted,RESTRICTED,MARKING
CIA-UAP-003-THE-CENTRAL-INTELLIGENCE-AGENCY-AND-OVERHEAD-RECONNAISSANCE-THE-U-2-AND-OXCART-PROGRAMS-1954-1974.pdf,220,PERSON,Col. Jack C. Ledford,Col Jack C. Ledford,RANK
CIA-UAP-003-THE-CENTRAL-INTELLIGENCE-AGENCY-AND-OVERHEAD-RECONNAISSANCE-THE-U-2-AND-OXCART-PROGRAMS-1954-1974.pdf,220,PERSON,Brig. Gen. Jack C. Ledford,Brig Gen Jack C. Ledford,RANK
CIA-UAP-003-THE-CENTRAL-INTELLIGENCE-AGENCY-AND-OVERHEAD-RECONNAISSANCE-THE-U-2-AND-OXCART-PROGRAMS-1954-1974.pdf,220,ORG,USAF,USAF,
CIA-UAP-003-THE-CENTRAL-INTELLIGENCE-AGENCY-AND-OVERHEAD-RECONNAISSANCE-THE-U-2-AND-OXCART-PROGRAMS-1954-1974.pdf,220,ORG,SAC,SAC,
CIA-UAP-003-THE-CENTRAL-INTELLIGENCE-AGENCY-AND-OVERHEAD-RECONNAISSANCE-THE-U-2-AND-OXCART-PROGRAMS-1954-1974.pdf,220,ORG,CIA,CIA,
CIA-UAP-003-THE-CENTRAL-INTELLIGENCE-AGENCY-AND-OVERHEAD-RECONNAISSANCE-THE-U-2-AND-OXCART-PROGRAMS-1954-1974.pdf,221,PERSON,Lt. Gen. Mairshall S. Carter,Lt Gen Mairshall S. Carter,RANK
CIA-UAP-003-THE-CENTRAL-INTELLIGENCE-AGENCY-AND-OVERHEAD-RECONNAISSANCE-THE-U-2-AND-OXCART-PROGRAMS-1954-1974.pdf,221,PERSON,Mr. Secretary,Mr. Secretary,
CIA-UAP-003-THE-CENTRAL-INTELLIGENCE-AGENCY-AND-OVERHEAD-RECONNAISSANCE-THE-U-2-AND-OXCART-PROGRAMS-1954-1974.pdf,221,ORG,CIA,CIA,
CIA-UAP-003-THE-CENTRAL-INTELLIGENCE-AGENCY-AND-OVERHEAD-RECONNAISSANCE-THE-U-2-AND-OXCART-PROGRAMS-1954-1974.pdf,221,ORG,SAC,SAC,
CIA-UAP-003-THE-CENTRAL-INTELLIGENCE-AGENCY-AND-OVERHEAD-RECONNAISSANCE-THE-U-2-AND-OXCART-PROGRAMS-1954-1974.pdf,221,DATE,12 October 1962,12 October 1962,
CIA-UAP-003-THE-CENTRAL-INTELLIGENCE-AGENCY-AND-OVERHEAD-RECONNAISSANCE-THE-U-2-AND-OXCART-PROGRAMS-1954-1974.pdf,221,DATE,13 October 1962,13 October 1962,
CIA-UAP-003-THE-CENTRAL-INTELLIGENCE-AGENCY-AND-OVERHEAD-RECONNAISSANCE-THE-U-2-AND-OXCART-PROGRAMS-1954-1974.pdf,221,MARKING,secret,SECRET,MARKING
CIA-UAP-003-THE-CENTRAL-INTELLIGENCE-AGENCY-AND-OVERHEAD-RECONNAISSANCE-THE-U-2-AND-OXCART-PROGRAMS-1954-1974.pdf,222,ORG,SAC,SAC,
CIA-UAP-003-THE-CENTRAL-INTELLIGENCE-AGENCY-AND-OVERHEAD-RECONNAISSANCE-THE-U-2-AND-OXCART-PROGRAMS-1954-1974.pdf,222,ORG,CIA,CIA,
CIA-UAP-003-THE-CENTRAL-INTELLIGENCE-AGENCY-AND-OVERHEAD-RECONNAISSANCE-THE-U-2-AND-OXCART-PROGRAMS-1954-1974.pdf,222,DATE,14 October 1962,14 October 1962,
CIA-UAP-003-THE-CENTRAL-INTELLIGENCE-AGENCY-AND-OVERHEAD-RECONNAISSANCE-THE-U-2-AND-OXCART-PROGRAMS-1954-1974.pdf,222,DATE,12 October 1962,12 October 1962,
CIA-UAP-003-THE-CENTRAL-INTELLIGENCE-AGENCY-AND-OVERHEAD-RECONNAISSANCE-THE-U-2-AND-OXCART-PROGRAMS-1954-1974.pdf,222,DATE,16 October 1962,16 October 1962,
CIA-UAP-003-THE-CENTRAL-INTELLIGENCE-AGENCY-AND-OVERHEAD-RECONNAISSANCE-THE-U-2-AND-OXCART-PROGRAMS-1954-1974.pdf,222,MARKING,Secret,SECRET,MARKING
CIA-UAP-003-THE-CENTRAL-INTELLIGENCE-AGENCY-AND-OVERHEAD-RECONNAISSANCE-THE-U-2-AND-OXCART-PROGRAMS-1954-1974.pdf,222,MARKING,NOFORN,NOFORN,
CIA-UAP-003-THE-CENTRAL-INTELLIGENCE-AGENCY-AND-OVERHEAD-RECONNAISSANCE-THE-U-2-AND-OXCART-PROGRAMS-1954-1974.pdf,223,PERSON,Maj. Rudolph Anderson,Maj Rudolph Anderson,RANK
CIA-UAP-003-THE-CENTRAL-INTELLIGENCE-AGENCY-AND-OVERHEAD-RECONNAISSANCE-THE-U-2-AND-OXCART-PROGRAMS-1954-1974.pdf,223,ORG,SAC,SAC,
CIA-UAP-003-THE-CENTRAL-INTELLIGENCE-AGENCY-AND-OVERHEAD-RECONNAISSANCE-THE-U-2-AND-OXCART-PROGRAMS-1954-1974.pdf,223,DATE,1 October 1962,1 October 1962,
CIA-UAP-003-THE-CENTRAL-INTELLIGENCE-AGENCY-AND-OVERHEAD-RECONNAISSANCE-THE-U-2-AND-OXCART-PROGRAMS-1954-1974.pdf,223,MARKING,NOFORN,NOFORN,
CIA-UAP-003-THE-CENTRAL-INTELLIGENCE-AGENCY-AND-OVERHEAD-RECONNAISSANCE-THE-U-2-AND-OXCART-PROGRAMS-1954-1974.pdf,224,DATE,30 November 1963,30 November 1963,
CIA-UAP-003-THE-CENTRAL-INTELLIGENCE-AGENCY-AND-OVERHEAD-RECONNAISSANCE-THE-U-2-AND-OXCART-PROGRAMS-1954-1974.pdf,224,DATE,9 December 1963,9 December 1963,
CIA-UAP-003-THE-CENTRAL-INTELLIGENCE-AGENCY-AND-OVERHEAD-RECONNAISSANCE-THE-U-2-AND-OXCART-PROGRAMS-1954-1974.pdf,224,MARKING,NOfORN,NOFORN,MARKING
CIA-UAP-003-THE-CENTRAL-INTELLIGENCE-AGENCY-AND-OVERHEAD-RECONNAISSANCE-THE-U-2-AND-OXCART-PROGRAMS-1954-1974.pdf,225,ORG,CIA,CIA,
CIA-UAP-003-THE-CENTRAL-INTELLIGENCE-AGENCY-AND-OVERHEAD-RECONNAISSANCE-THE-U-2-AND-OXCART-PROGRAMS-1954-1974.pdf,225,DATE,25 September 1957,25 September 1957,
CIA-UAP-003-THE-CENTRAL-INTELLIGENCE-AGENCY-AND-OVERHEAD-RECONNAISSANCE-THE-U-2-AND-OXCART-PROGRAMS-1954-1974.pdf,225,DATE,24 March 1958,24 March 1958,
CIA-UAP-003-THE-CENTRAL-INTELLIGENCE-AGENCY-AND-OVERHEAD-RECONNAISSANCE-THE-U-2-AND-OXCART-PROGRAMS-1954-1974.pdf,225,MARKING,Secret,SECRET,MARKING
CIA-UAP-003-THE-CENTRAL-INTELLIGENCE-AGENCY-AND-OVERHEAD-RECONNAISSANCE-THE-U-2-AND-OXCART-PROGRAMS-1954-1974.pdf,227,ORG,CIA,CIA,
CIA-UAP-003-THE-CENTRAL-INTELLIGENCE-AGENCY-AND-OVERHEAD-RECONNAISSANCE-THE-U-2-AND-OXCART-PROGRAMS-1954-1974.pdf,227,DATE,28 March 1958,28 March 1958,
CIA-UAP-003-THE-CENTRAL-INTELLIGENCE-AGENCY-AND-OVERHEAD-RECONNAISSANCE-THE-U-2-AND-OXCART-PROGRAMS-1954-1974.pdf,228,DATE,10 June 1958,10 June 1958,
CIA-UAP-003-THE-CENTRAL-INTELLIGENCE-AGENCY-AND-OVERHEAD-RECONNAISSANCE-THE-U-2-AND-OXCART-PROGRAMS-1954-1974.pdf,229,DATE,16 July 1958,16 July 1958,
CIA-UAP-003-THE-CENTRAL-INTELLIGENCE-AGENCY-AND-OVERHEAD-RECONNAISSANCE-THE-U-2-AND-OXCART-PROGRAMS-1954-1974.pdf,229,DATE,14 May 1959,14 May 1959,
CIA-UAP-003-THE-CENTRAL-INTELLIGENCE-AGENCY-AND-OVERHEAD-RECONNAISSANCE-THE-U-2-AND-OXCART-PROGRAMS-1954-1974.pdf,230,ORG,USAF,USAF,
CIA-UAP-003-THE-CENTRAL-INTELLIGENCE-AGENCY-AND-OVERHEAD-RECONNAISSANCE-THE-U-2-AND-OXCART-PROGRAMS-1954-1974.pdf,230,DATE,13 September 1959,13 September 1959,
CIA-UAP-003-THE-CENTRAL-INTELLIGENCE-AGENCY-AND-OVERHEAD-RECONNAISSANCE-THE-U-2-AND-OXCART-PROGRAMS-1954-1974.pdf,230,DATE,24 September 1959,24 September 1959,
CIA-UAP-003-THE-CENTRAL-INTELLIGENCE-AGENCY-AND-OVERHEAD-RECONNAISSANCE-THE-U-2-AND-OXCART-PROGRAMS-1954-1974.pdf,233,DATE,6 June 1960,6 June 1960,
CIA-UAP-003-THE-CENTRAL-INTELLIGENCE-AGENCY-AND-OVERHEAD-RECONNAISSANCE-THE-U-2-AND-OXCART-PROGRAMS-1954-1974.pdf,233,MARKING,secret,SECRET,MARKING
CIA-UAP-003-THE-CENTRAL-INTELLIGENCE-AGENCY-AND-OVERHEAD-RECONNAISSANCE-THE-U-2-AND-OXCART-PROGRAMS-1954-1974.pdf,234,DATE,18 January 1961,18 January 1961,
CIA-UAP-003-THE-CENTRAL-INTELLIGENCE-AGENCY-AND-OVERHEAD-RECONNAISSANCE-THE-U-2-AND-OXCART-PROGRAMS-1954-1974.pdf,235,ORG,CIA,CIA,
CIA-UAP-003-THE-CENTRAL-INTELLIGENCE-AGENCY-AND-OVERHEAD-RECONNAISSANCE-THE-U-2-AND-OXCART-PROGRAMS-1954-1974.pdf,235,MARKING,NOFORN,NOFORN,
CIA-UAP-003-THE-CENTRAL-INTELLIGENCE-AGENCY-AND-OVERHEAD-RECONNAISSANCE-THE-U-2-AND-OXCART-PROGRAMS-1954-1974.pdf,236,MARKING,NOFORN,NOFORN,
CIA-UAP-003-THE-CENTRAL-INTELLIGENCE-AGENCY-AND-OVERHEAD-RECONNAISSANCE-THE-U-2-AND-OXCART-PROGRAMS-1954-1974.pdf,236,MARKING,unclassified,UNCLASSIFIED,MARKING
CIA-UAP-003-THE-CENTRAL-INTELLIGENCE-AGENCY-AND-OVERHEAD-RECONNAISSANCE-THE-U-2-AND-OXCART-PROGRAMS-1954-1974.pdf,237,PERSON,Gen. Chiang Ching-kuo,Gen Chiang Ching-kuo,RANK
CIA-UAP-003-THE-CENTRAL-INTELLIGENCE-AGENCY-AND-OVERHEAD-RECONNAISSANCE-THE-U-2-AND-OXCART-PROGRAMS-1954-1974.pdf,237,ORG,CIA,CIA,
CIA-UAP-003-THE-CENTRAL-INTELLIGENCE-AGENCY-AND-OVERHEAD-RECONNAISSANCE-THE-U-2-AND-OXCART-PROGRAMS-1954-1974.pdf,237,DATE,6 May 1960,6 May 1960,
CIA-UAP-003-THE-CENTRAL-INTELLIGENCE-AGENCY-AND-OVERHEAD-RECONNAISSANCE-THE-U-2-AND-OXCART-PROGRAMS-1954-1974.pdf,237,MARKING,NOFORN,NOFORN,
CIA-UAP-003-THE-CENTRAL-INTELLIGENCE-AGENCY-AND-OVERHEAD-RECONNAISSANCE-THE-U-2-AND-OXCART-PROGRAMS-1954-1974.pdf,238,ORG,CIA,CIA,
CIA-UAP-003-THE-CENTRAL-INTELLIGENCE-AGENCY-AND-OVERHEAD-RECONNAISSANCE-THE-U-2-AND-OXCART-PROGRAMS-1954-1974.pdf,238,DATE,3 March 1961,3 March 1961,
CIA-UAP-003-THE-CENTRAL-INTELLIGENCE-AGENCY-AND-OVERHEAD-RECONNAISSANCE-THE-U-2-AND-OXCART-PROGRAMS-1954-1974.pdf,238,DATE,6 March 1961,6 March 1961,
CIA-UAP-003-THE-CENTRAL-INTELLIGENCE-AGENCY-AND-OVERHEAD-RECONNAISSANCE-THE-U-2-AND-OXCART-PROGRAMS-1954-1974.pdf,239,DATE,12 January 1962,12 January 1962,
CIA-UAP-003-THE-CENTRAL-INTELLIGENCE-AGENCY-AND-OVERHEAD-RECONNAISSANCE-THE-U-2-AND-OXCART-PROGRAMS-1954-1974.pdf,239,DATE,23 February 1962,23 February 1962,
CIA-UAP-003-THE-CENTRAL-INTELLIGENCE-AGENCY-AND-OVERHEAD-RECONNAISSANCE-THE-U-2-AND-OXCART-PROGRAMS-1954-1974.pdf,240,DATE,13 January 1962,13 January 1962,
CIA-UAP-003-THE-CENTRAL-INTELLIGENCE-AGENCY-AND-OVERHEAD-RECONNAISSANCE-THE-U-2-AND-OXCART-PROGRAMS-1954-1974.pdf,240,DATE,23 February 1962,23 February 1962,
CIA-UAP-003-THE-CENTRAL-INTELLIGENCE-AGENCY-AND-OVERHEAD-RECONNAISSANCE-THE-U-2-AND-OXCART-PROGRAMS-1954-1974.pdf,240,DATE,13 March 1962,13 March 1962,
CIA-UAP-003-THE-CENTRAL-INTELLIGENCE-AGENCY-AND-OVERHEAD-RECONNAISSANCE-THE-U-2-AND-OXCART-PROGRAMS-1954-1974.pdf,241,DATE,23 February 1962,23 February 1962,
CIA-UAP-003-THE-CENTRAL-INTELLIGENCE-AGENCY-AND-OVERHEAD-RECONNAISSANCE-THE-U-2-AND-OXCART-PROGRAMS-1954-1974.pdf,241,DATE,13 March 1962,13 March 1962,
CIA-UAP-003-THE-CENTRAL-INTELLIGENCE-AGENCY-AND-OVERHEAD-RECONNAISSANCE-THE-U-2-AND-OXCART-PROGRAMS-1954-1974.pdf,241,DATE,26 March 1962,26 March 1962,
CIA-UAP-003-THE-CENTRAL-INTELLIGENCE-AGENCY-AND-OVERHEAD-RECONNAISSANCE-THE-U-2-AND-OXCART-PROGRAMS-1954-1974.pdf,242,ORG,CIA,CIA,
CIA-UAP-003-THE-CENTRAL-INTELLIGENCE-AGENCY-AND-OVERHEAD-RECONNAISSANCE-THE-U-2-AND-OXCART-PROGRAMS-1954-1974.pdf,242,DATE,28 July 1962,28 July 1962,
CIA-UAP-003-THE-CENTRAL-INTELLIGENCE-AGENCY-AND-OVERHEAD-RECONNAISSANCE-THE-U-2-AND-OXCART-PROGRAMS-1954-1974.pdf,242,DATE,3 September 1962,3 September 1962,
CIA-UAP-003-THE-CENTRAL-INTELLIGENCE-AGENCY-AND-OVERHEAD-RECONNAISSANCE-THE-U-2-AND-OXCART-PROGRAMS-1954-1974.pdf,242,DATE,11 August 1962,11 August 1962,
CIA-UAP-003-THE-CENTRAL-INTELLIGENCE-AGENCY-AND-OVERHEAD-RECONNAISSANCE-THE-U-2-AND-OXCART-PROGRAMS-1954-1974.pdf,242,DATE,8 September 1962,8 September 1962,
CIA-UAP-003-THE-CENTRAL-INTELLIGENCE-AGENCY-AND-OVERHEAD-RECONNAISSANCE-THE-U-2-AND-OXCART-PROGRAMS-1954-1974.pdf,242,DATE,9 September 1962,9 September 1962,
CIA-UAP-003-THE-CENTRAL-INTELLIGENCE-AGENCY-AND-OVERHEAD-RECONNAISSANCE-THE-U-2-AND-OXCART-PROGRAMS-1954-1974.pdf,242,MARKING,NOFORN,NOFORN,
CIA-UAP-003-THE-CENTRAL-INTELLIGENCE-AGENCY-AND-OVERHEAD-RECONNAISSANCE-THE-U-2-AND-OXCART-PROGRAMS-1954-1974.pdf,243,ORG,SAC,SAC,
CIA-UAP-003-THE-CENTRAL-INTELLIGENCE-AGENCY-AND-OVERHEAD-RECONNAISSANCE-THE-U-2-AND-OXCART-PROGRAMS-1954-1974.pdf,243,DATE,17 December 1962,17 December 1962,
CIA-UAP-003-THE-CENTRAL-INTELLIGENCE-AGENCY-AND-OVERHEAD-RECONNAISSANCE-THE-U-2-AND-OXCART-PROGRAMS-1954-1974.pdf,243,DATE,25 December 1962,25 December 1962,
CIA-UAP-003-THE-CENTRAL-INTELLIGENCE-AGENCY-AND-OVERHEAD-RECONNAISSANCE-THE-U-2-AND-OXCART-PROGRAMS-1954-1974.pdf,243,DATE,28 December 1962,28 December 1962,
CIA-UAP-003-THE-CENTRAL-INTELLIGENCE-AGENCY-AND-OVERHEAD-RECONNAISSANCE-THE-U-2-AND-OXCART-PROGRAMS-1954-1974.pdf,243,DATE,20 January 1963,20 January 1963,
CIA-UAP-003-THE-CENTRAL-INTELLIGENCE-AGENCY-AND-OVERHEAD-RECONNAISSANCE-THE-U-2-AND-OXCART-PROGRAMS-1954-1974.pdf,243,MARKING,NOFORN,NOFORN,
CIA-UAP-003-THE-CENTRAL-INTELLIGENCE-AGENCY-AND-OVERHEAD-RECONNAISSANCE-THE-U-2-AND-OXCART-PROGRAMS-1954-1974.pdf,244,DATE,11 November 1962,11 November 1962,
CIA-UAP-003-THE-CENTRAL-INTELLIGENCE-AGENCY-AND-OVERHEAD-RECONNAISSANCE-THE-U-2-AND-OXCART-PROGRAMS-1954-1974.pdf,244,DATE,5 December 1962,5 December 1962,
CIA-UAP-003-THE-CENTRAL-INTELLIGENCE-AGENCY-AND-OVERHEAD-RECONNAISSANCE-THE-U-2-AND-OXCART-PROGRAMS-1954-1974.pdf,244,DATE,0 December 1962,0 December 1962,
CIA-UAP-003-THE-CENTRAL-INTELLIGENCE-AGENCY-AND-OVERHEAD-RECONNAISSANCE-THE-U-2-AND-OXCART-PROGRAMS-1954-1974.pdf,246,DATE,31 March 1964,31 March 1964,
CIA-UAP-003-THE-CENTRAL-INTELLIGENCE-AGENCY-AND-OVERHEAD-RECONNAISSANCE-THE-U-2-AND-OXCART-PROGRAMS-1954-1974.pdf,246,DATE,24 May 1964,24 May 1964,
CIA-UAP-003-THE-CENTRAL-INTELLIGENCE-AGENCY-AND-OVERHEAD-RECONNAISSANCE-THE-U-2-AND-OXCART-PROGRAMS-1954-1974.pdf,246,DATE,28 May 1963,28 May 1963,
CIA-UAP-003-THE-CENTRAL-INTELLIGENCE-AGENCY-AND-OVERHEAD-RECONNAISSANCE-THE-U-2-AND-OXCART-PROGRAMS-1954-1974.pdf,247,ORG,CIA,CIA,
CIA-UAP-003-THE-CENTRAL-INTELLIGENCE-AGENCY-AND-OVERHEAD-RECONNAISSANCE-THE-U-2-AND-OXCART-PROGRAMS-1954-1974.pdf,248,DATE,1 November 1963,1 November 1963,
CIA-UAP-003-THE-CENTRAL-INTELLIGENCE-AGENCY-AND-OVERHEAD-RECONNAISSANCE-THE-U-2-AND-OXCART-PROGRAMS-1954-1974.pdf,248,DATE,16 March 1964,16 March 1964,
CIA-UAP-003-THE-CENTRAL-INTELLIGENCE-AGENCY-AND-OVERHEAD-RECONNAISSANCE-THE-U-2-AND-OXCART-PROGRAMS-1954-1974.pdf,248,DATE,7 July 1964,7 July 1964,
CIA-UAP-003-THE-CENTRAL-INTELLIGENCE-AGENCY-AND-OVERHEAD-RECONNAISSANCE-THE-U-2-AND-OXCART-PROGRAMS-1954-1974.pdf,248,MARKING,NOFORN,NOFORN,
CIA-UAP-003-THE-CENTRAL-INTELLIGENCE-AGENCY-AND-OVERHEAD-RECONNAISSANCE-THE-U-2-AND-OXCART-PROGRAMS-1954-1974.pdf,249,ORG,CIA,CIA,
CIA-UAP-003-THE-CENTRAL-INTELLIGENCE-AGENCY-AND-OVERHEAD-RECONNAISSANCE-THE-U-2-AND-OXCART-PROGRAMS-1954-1974.pdf,249,DATE,6 August 1964,6 August 1964,
CIA-UAP-003-THE-CENTRAL-INTELLIGENCE-AGENCY-AND-OVERHEAD-RECONNAISSANCE-THE-U-2-AND-OXCART-PROGRAMS-1954-1974.pdf,250,ORG,CIA,CIA,
CIA-UAP-003-THE-CENTRAL-INTELLIGENCE-AGENCY-AND-OVERHEAD-RECONNAISSANCE-THE-U-2-AND-OXCART-PROGRAMS-1954-1974.pdf,250,DATE,16 October 1964,16 October 1964,
CIA-UAP-003-THE-CENTRAL-INTELLIGENCE-AGENCY-AND-OVERHEAD-RECONNAISSANCE-THE-U-2-AND-OXCART-PROGRAMS-1954-1974.pdf,250,DATE,7 July 1964,7 July 1964,
CIA-UAP-003-THE-CENTRAL-INTELLIGENCE-AGENCY-AND-OVERHEAD-RECONNAISSANCE-THE-U-2-AND-OXCART-PROGRAMS-1954-1974.pdf,250,DATE,9 December 1964,9 December 1964,
CIA-UAP-003-THE-CENTRAL-INTELLIGENCE-AGENCY-AND-OVERHEAD-RECONNAISSANCE-THE-U-2-AND-OXCART-PROGRAMS-1954-1974.pdf,250,DATE,11 January 1965,11 January 1965,
CIA-UAP-003-THE-CENTRAL-INTELLIGENCE-AGENCY-AND-OVERHEAD-RECONNAISSANCE-THE-U-2-AND-OXCART-PROGRAMS-1954-1974.pdf,251,DATE,26 October 1964,26 October 1964,
CIA-UAP-003-THE-CENTRAL-INTELLIGENCE-AGENCY-AND-OVERHEAD-RECONNAISSANCE-THE-U-2-AND-OXCART-PROGRAMS-1954-1974.pdf,251,DATE,11 January 1965,11 January 1965,
CIA-UAP-003-THE-CENTRAL-INTELLIGENCE-AGENCY-AND-OVERHEAD-RECONNAISSANCE-THE-U-2-AND-OXCART-PROGRAMS-1954-1974.pdf,252,DATE,22 November 1964,22 November 1964,
CIA-UAP-003-THE-CENTRAL-INTELLIGENCE-AGENCY-AND-OVERHEAD-RECONNAISSANCE-THE-U-2-AND-OXCART-PROGRAMS-1954-1974.pdf,252,DATE,25 November 1964,25 November 1964,
CIA-UAP-003-THE-CENTRAL-INTELLIGENCE-AGENCY-AND-OVERHEAD-RECONNAISSANCE-THE-U-2-AND-OXCART-PROGRAMS-1954-1974.pdf,252,DATE,19 December 1964,19 December 1964,
CIA-UAP-003-THE-CENTRAL-INTELLIGENCE-AGENCY-AND-OVERHEAD-RECONNAISSANCE-THE-U-2-AND-OXCART-PROGRAMS-1954-1974.pdf,252,DATE,8 January 1965,8 January 1965,
CIA-UAP-003-THE-CENTRAL-INTELLIGENCE-AGENCY-AND-OVERHEAD-RECONNAISSANCE-THE-U-2-AND-OXCART-PROGRAMS-1954-1974.pdf,252,MARKING,NOFORN,NOFORN,
CIA-UAP-003-THE-CENTRAL-INTELLIGENCE-AGENCY-AND-OVERHEAD-RECONNAISSANCE-THE-U-2-AND-OXCART-PROGRAMS-1954-1974.pdf,253,MARKING,Secret,SECRET,MARKING
CIA-UAP-003-THE-CENTRAL-INTELLIGENCE-AGENCY-AND-OVERHEAD-RECONNAISSANCE-THE-U-2-AND-OXCART-PROGRAMS-1954-1974.pdf,255,ORG,CIA,CIA,
CIA-UAP-003-THE-CENTRAL-INTELLIGENCE-AGENCY-AND-OVERHEAD-RECONNAISSANCE-THE-U-2-AND-OXCART-PROGRAMS-1954-1974.pdf,255,DATE,8 September 1967,8 September 1967,
CIA-UAP-003-THE-CENTRAL-INTELLIGENCE-AGENCY-AND-OVERHEAD-RECONNAISSANCE-THE-U-2-AND-OXCART-PROGRAMS-1954-1974.pdf,255,DATE,13 December 1967,13 December 1967,
CIA-UAP-003-THE-CENTRAL-INTELLIGENCE-AGENCY-AND-OVERHEAD-RECONNAISSANCE-THE-U-2-AND-OXCART-PROGRAMS-1954-1974.pdf,255,DATE,5 January 1968,5 January 1968,
CIA-UAP-003-THE-CENTRAL-INTELLIGENCE-AGENCY-AND-OVERHEAD-RECONNAISSANCE-THE-U-2-AND-OXCART-PROGRAMS-1954-1974.pdf,256,DATE,16 March 1968,16 March 1968,
CIA-UAP-003-THE-CENTRAL-INTELLIGENCE-AGENCY-AND-OVERHEAD-RECONNAISSANCE-THE-U-2-AND-OXCART-PROGRAMS-1954-1974.pdf,256,DATE,3 April 1968,3 April 1968,
CIA-UAP-003-THE-CENTRAL-INTELLIGENCE-AGENCY-AND-OVERHEAD-RECONNAISSANCE-THE-U-2-AND-OXCART-PROGRAMS-1954-1974.pdf,256,DATE,31 March 1968,31 March 1968,
CIA-UAP-003-THE-CENTRAL-INTELLIGENCE-AGENCY-AND-OVERHEAD-RECONNAISSANCE-THE-U-2-AND-OXCART-PROGRAMS-1954-1974.pdf,257,ORG,CIA,CIA,
CIA-UAP-003-THE-CENTRAL-INTELLIGENCE-AGENCY-AND-OVERHEAD-RECONNAISSANCE-THE-U-2-AND-OXCART-PROGRAMS-1954-1974.pdf,257,DATE,18 May 1968,18 May 1968,
CIA-UAP-003-THE-CENTRAL-INTELLIGENCE-AGENCY-AND-OVERHEAD-RECONNAISSANCE-THE-U-2-AND-OXCART-PROGRAMS-1954-1974.pdf,257,DATE,5 January 1969,5 January 1969,
CIA-UAP-003-THE-CENTRAL-INTELLIGENCE-AGENCY-AND-OVERHEAD-RECONNAISSANCE-THE-U-2-AND-OXCART-PROGRAMS-1954-1974.pdf,257,DATE,24 November 1970,24 November 1970,
CIA-UAP-003-THE-CENTRAL-INTELLIGENCE-AGENCY-AND-OVERHEAD-RECONNAISSANCE-THE-U-2-AND-OXCART-PROGRAMS-1954-1974.pdf,257,DATE,12 December 1973,12 December 1973,
CIA-UAP-003-THE-CENTRAL-INTELLIGENCE-AGENCY-AND-OVERHEAD-RECONNAISSANCE-THE-U-2-AND-OXCART-PROGRAMS-1954-1974.pdf,257,MARKING,Secret,SECRET,MARKING
CIA-UAP-003-THE-CENTRAL-INTELLIGENCE-AGENCY-AND-OVERHEAD-RECONNAISSANCE-THE-U-2-AND-OXCART-PROGRAMS-1954-1974.pdf,258,MARKING,NOFORN,NOFORN,
CIA-UAP-003-THE-CENTRAL-INTELLIGENCE-AGENCY-AND-OVERHEAD-RECONNAISSANCE-THE-U-2-AND-OXCART-PROGRAMS-1954-1974.pdf,260,ORG,CIA,CIA,
CIA-UAP-003-THE-CENTRAL-INTELLIGENCE-AGENCY-AND-OVERHEAD-RECONNAISSANCE-THE-U-2-AND-OXCART-PROGRAMS-1954-1974.pdf,260,DATE,30 March 1973,30 March 1973,
CIA-UAP-003-THE-CENTRAL-INTELLIGENCE-AGENCY-AND-OVERHEAD-RECONNAISSANCE-THE-U-2-AND-OXCART-PROGRAMS-1954-1974.pdf,260,DATE,21 July 1973,21 July 1973,
CIA-UAP-003-THE-CENTRAL-INTELLIGENCE-AGENCY-AND-OVERHEAD-RECONNAISSANCE-THE-U-2-AND-OXCART-PROGRAMS-1954-1974.pdf,260,DATE,6 January 1974,6 January 1974,
CIA-UAP-003-THE-CENTRAL-INTELLIGENCE-AGENCY-AND-OVERHEAD-RECONNAISSANCE-THE-U-2-AND-OXCART-PROGRAMS-1954-1974.pdf,261,DATE,5 August 1963,5 August 1963,
CIA-UAP-003-THE-CENTRAL-INTELLIGENCE-AGENCY-AND-OVERHEAD-RECONNAISSANCE-THE-U-2-AND-OXCART-PROGRAMS-1954-1974.pdf,262,DATE,5 August 1963,5 August 1963,
CIA-UAP-003-THE-CENTRAL-INTELLIGENCE-AGENCY-AND-OVERHEAD-RECONNAISSANCE-THE-U-2-AND-OXCART-PROGRAMS-1954-1974.pdf,262,DATE,2 March 1964,2 March 1964,
CIA-UAP-003-THE-CENTRAL-INTELLIGENCE-AGENCY-AND-OVERHEAD-RECONNAISSANCE-THE-U-2-AND-OXCART-PROGRAMS-1954-1974.pdf,263,DATE,24 April 1964,24 April 1964,
CIA-UAP-003-THE-CENTRAL-INTELLIGENCE-AGENCY-AND-OVERHEAD-RECONNAISSANCE-THE-U-2-AND-OXCART-PROGRAMS-1954-1974.pdf,265,ORG,CIA,CIA,
CIA-UAP-003-THE-CENTRAL-INTELLIGENCE-AGENCY-AND-OVERHEAD-RECONNAISSANCE-THE-U-2-AND-OXCART-PROGRAMS-1954-1974.pdf,265,DATE,11 December 1968,11 December 1968,
CIA-UAP-003-THE-CENTRAL-INTELLIGENCE-AGENCY-AND-OVERHEAD-RECONNAISSANCE-THE-U-2-AND-OXCART-PROGRAMS-1954-1974.pdf,265,DATE,23 November 1966,23 November 1966,
CIA-UAP-003-THE-CENTRAL-INTELLIGENCE-AGENCY-AND-OVERHEAD-RECONNAISSANCE-THE-U-2-AND-OXCART-PROGRAMS-1954-1974.pdf,266,ORG,CIA,CIA,
CIA-UAP-003-THE-CENTRAL-INTELLIGENCE-AGENCY-AND-OVERHEAD-RECONNAISSANCE-THE-U-2-AND-OXCART-PROGRAMS-1954-1974.pdf,267,ORG,NASA,NASA,
CIA-UAP-003-THE-CENTRAL-INTELLIGENCE-AGENCY-AND-OVERHEAD-RECONNAISSANCE-THE-U-2-AND-OXCART-PROGRAMS-1954-1974.pdf,267,DATE,9 February 1971,9 February 1971,
CIA-UAP-003-THE-CENTRAL-INTELLIGENCE-AGENCY-AND-OVERHEAD-RECONNAISSANCE-THE-U-2-AND-OXCART-PROGRAMS-1954-1974.pdf,267,MARKING,NOFORN,NOFORN,
CIA-UAP-003-THE-CENTRAL-INTELLIGENCE-AGENCY-AND-OVERHEAD-RECONNAISSANCE-THE-U-2-AND-OXCART-PROGRAMS-1954-1974.pdf,269,DATE,10 November 1970,10 November 1970,
CIA-UAP-003-THE-CENTRAL-INTELLIGENCE-AGENCY-AND-OVERHEAD-RECONNAISSANCE-THE-U-2-AND-OXCART-PROGRAMS-1954-1974.pdf,269,DATE,8 October 1973,8 October 1973,
CIA-UAP-003-THE-CENTRAL-INTELLIGENCE-AGENCY-AND-OVERHEAD-RECONNAISSANCE-THE-U-2-AND-OXCART-PROGRAMS-1954-1974.pdf,269,MARKING,Secret,SECRET,MARKING
CIA-UAP-003-THE-CENTRAL-INTELLIGENCE-AGENCY-AND-OVERHEAD-RECONNAISSANCE-THE-U-2-AND-OXCART-PROGRAMS-1954-1974.pdf,270,ORG,CIA,CIA,
CIA-UAP-003-THE-CENTRAL-INTELLIGENCE-AGENCY-AND-OVERHEAD-RECONNAISSANCE-THE-U-2-AND-OXCART-PROGRAMS-1954-1974.pdf,270,DATE,12 August 1972,12 August 1972,
CIA-UAP-003-THE-CENTRAL-INTELLIGENCE-AGENCY-AND-OVERHEAD-RECONNAISSANCE-THE-U-2-AND-OXCART-PROGRAMS-1954-1974.pdf,270,DATE,30 August 1973,30 August 1973,
CIA-UAP-003-THE-CENTRAL-INTELLIGENCE-AGENCY-AND-OVERHEAD-RECONNAISSANCE-THE-U-2-AND-OXCART-PROGRAMS-1954-1974.pdf,270,MARKING,Secret,SECRET,MARKING
CIA-UAP-003-THE-CENTRAL-INTELLIGENCE-AGENCY-AND-OVERHEAD-RECONNAISSANCE-THE-U-2-AND-OXCART-PROGRAMS-1954-1974.pdf,272,PERSON,Col. Jack A. Gibbs,Col Jack A. Gibbs,RANK
CIA-UAP-003-THE-CENTRAL-INTELLIGENCE-AGENCY-AND-OVERHEAD-RECONNAISSANCE-THE-U-2-AND-OXCART-PROGRAMS-1954-1974.pdf,272,ORG,CIA,CIA,
CIA-UAP-003-THE-CENTRAL-INTELLIGENCE-AGENCY-AND-OVERHEAD-RECONNAISSANCE-THE-U-2-AND-OXCART-PROGRAMS-1954-1974.pdf,273,PERSON,Dr. Joseph V. Charyk,Dr. Joseph V. Charyk,
CIA-UAP-003-THE-CENTRAL-INTELLIGENCE-AGENCY-AND-OVERHEAD-RECONNAISSANCE-THE-U-2-AND-OXCART-PROGRAMS-1954-1974.pdf,273,ORG,CIA,CIA,
CIA-UAP-003-THE-CENTRAL-INTELLIGENCE-AGENCY-AND-OVERHEAD-RECONNAISSANCE-THE-U-2-AND-OXCART-PROGRAMS-1954-1974.pdf,274,DATE,23 April 1958,23 April 1958,
CIA-UAP-003-THE-CENTRAL-INTELLIGENCE-AGENCY-AND-OVERHEAD-RECONNAISSANCE-THE-U-2-AND-OXCART-PROGRAMS-1954-1974.pdf,274,DATE,26 June 1958,26 June 1958,
CIA-UAP-003-THE-CENTRAL-INTELLIGENCE-AGENCY-AND-OVERHEAD-RECONNAISSANCE-THE-U-2-AND-OXCART-PROGRAMS-1954-1974.pdf,274,MARKING,NOFORN,NOFORN,
CIA-UAP-003-THE-CENTRAL-INTELLIGENCE-AGENCY-AND-OVERHEAD-RECONNAISSANCE-THE-U-2-AND-OXCART-PROGRAMS-1954-1974.pdf,275,DATE,23 July 1958,23 July 1958,
CIA-UAP-003-THE-CENTRAL-INTELLIGENCE-AGENCY-AND-OVERHEAD-RECONNAISSANCE-THE-U-2-AND-OXCART-PROGRAMS-1954-1974.pdf,275,MARKING,NOFORN,NOFORN,
CIA-UAP-003-THE-CENTRAL-INTELLIGENCE-AGENCY-AND-OVERHEAD-RECONNAISSANCE-THE-U-2-AND-OXCART-PROGRAMS-1954-1974.pdf,276,DATE,17 December 1958,17 December 1958,
CIA-UAP-003-THE-CENTRAL-INTELLIGENCE-AGENCY-AND-OVERHEAD-RECONNAISSANCE-THE-U-2-AND-OXCART-PROGRAMS-1954-1974.pdf,276,DATE,24 September 1958,24 September 1958,
CIA-UAP-003-THE-CENTRAL-INTELLIGENCE-AGENCY-AND-OVERHEAD-RECONNAISSANCE-THE-U-2-AND-OXCART-PROGRAMS-1954-1974.pdf,276,DATE,12 November 1958,12 November 1958,
CIA-UAP-003-THE-CENTRAL-INTELLIGENCE-AGENCY-AND-OVERHEAD-RECONNAISSANCE-THE-U-2-AND-OXCART-PROGRAMS-1954-1974.pdf,276,MARKING,NOFORN,NOFORN,
CIA-UAP-003-THE-CENTRAL-INTELLIGENCE-AGENCY-AND-OVERHEAD-RECONNAISSANCE-THE-U-2-AND-OXCART-PROGRAMS-1954-1974.pdf,276,MARKING,Secret,SECRET,MARKING
CIA-UAP-003-THE-CENTRAL-INTELLIGENCE-AGENCY-AND-OVERHEAD-RECONNAISSANCE-THE-U-2-AND-OXCART-PROGRAMS-1954-1974.pdf,277,MARKING,Secret,SECRET,MARKING
CIA-UAP-003-THE-CENTRAL-INTELLIGENCE-AGENCY-AND-OVERHEAD-RECONNAISSANCE-THE-U-2-AND-OXCART-PROGRAMS-1954-1974.pdf,280,ORG,CIA,CIA,
CIA-UAP-003-THE-CENTRAL-INTELLIGENCE-AGENCY-AND-OVERHEAD-RECONNAISSANCE-THE-U-2-AND-OXCART-PROGRAMS-1954-1974.pdf,280,DATE,17 December 1958,17 December 1958,
CIA-UAP-003-THE-CENTRAL-INTELLIGENCE-AGENCY-AND-OVERHEAD-RECONNAISSANCE-THE-U-2-AND-OXCART-PROGRAMS-1954-1974.pdf,280,DATE,22 December 1958,22 December 1958,
CIA-UAP-003-THE-CENTRAL-INTELLIGENCE-AGENCY-AND-OVERHEAD-RECONNAISSANCE-THE-U-2-AND-OXCART-PROGRAMS-1954-1974.pdf,280,MARKING,Secret,SECRET,MARKING
CIA-UAP-003-THE-CENTRAL-INTELLIGENCE-AGENCY-AND-OVERHEAD-RECONNAISSANCE-THE-U-2-AND-OXCART-PROGRAMS-1954-1974.pdf,281,DATE,9 June 1959,9 June 1959,
CIA-UAP-003-THE-CENTRAL-INTELLIGENCE-AGENCY-AND-OVERHEAD-RECONNAISSANCE-THE-U-2-AND-OXCART-PROGRAMS-1954-1974.pdf,281,MARKING,Secret,SECRET,MARKING
CIA-UAP-003-THE-CENTRAL-INTELLIGENCE-AGENCY-AND-OVERHEAD-RECONNAISSANCE-THE-U-2-AND-OXCART-PROGRAMS-1954-1974.pdf,282,DATE,14 July 1959,14 July 1959,
CIA-UAP-003-THE-CENTRAL-INTELLIGENCE-AGENCY-AND-OVERHEAD-RECONNAISSANCE-THE-U-2-AND-OXCART-PROGRAMS-1954-1974.pdf,283,DATE,20 July 1959,20 July 1959,
CIA-UAP-003-THE-CENTRAL-INTELLIGENCE-AGENCY-AND-OVERHEAD-RECONNAISSANCE-THE-U-2-AND-OXCART-PROGRAMS-1954-1974.pdf,283,DATE,4 October 1983,4 October 1983,
CIA-UAP-003-THE-CENTRAL-INTELLIGENCE-AGENCY-AND-OVERHEAD-RECONNAISSANCE-THE-U-2-AND-OXCART-PROGRAMS-1954-1974.pdf,283,DATE,5 December 1984,5 December 1984,
CIA-UAP-003-THE-CENTRAL-INTELLIGENCE-AGENCY-AND-OVERHEAD-RECONNAISSANCE-THE-U-2-AND-OXCART-PROGRAMS-1954-1974.pdf,283,MARKING,Secret,SECRET,MARKING
CIA-UAP-003-THE-CENTRAL-INTELLIGENCE-AGENCY-AND-OVERHEAD-RECONNAISSANCE-THE-U-2-AND-OXCART-PROGRAMS-1954-1974.pdf,284,ORG,CIA,CIA,
CIA-UAP-003-THE-CENTRAL-INTELLIGENCE-AGENCY-AND-OVERHEAD-RECONNAISSANCE-THE-U-2-AND-OXCART-PROGRAMS-1954-1974.pdf,284,DATE,20 August 1959,20 August 1959,
CIA-UAP-003-THE-CENTRAL-INTELLIGENCE-AGENCY-AND-OVERHEAD-RECONNAISSANCE-THE-U-2-AND-OXCART-PROGRAMS-1954-1974.pdf,285,MARKING,Secret,SECRET,MARKING
CIA-UAP-003-THE-CENTRAL-INTELLIGENCE-AGENCY-AND-OVERHEAD-RECONNAISSANCE-THE-U-2-AND-OXCART-PROGRAMS-1954-1974.pdf,286,ORG,CIA,CIA,
CIA-UAP-003-THE-CENTRAL-INTELLIGENCE-AGENCY-AND-OVERHEAD-RECONNAISSANCE-THE-U-2-AND-OXCART-PROGRAMS-1954-1974.pdf,286,DATE,14 September 1959,14 September 1959,
CIA-UAP-003-THE-CENTRAL-INTELLIGENCE-AGENCY-AND-OVERHEAD-RECONNAISSANCE-THE-U-2-AND-OXCART-PROGRAMS-1954-1974.pdf,286,MARKING,Secret,SECRET,MARKING
CIA-UAP-003-THE-CENTRAL-INTELLIGENCE-AGENCY-AND-OVERHEAD-RECONNAISSANCE-THE-U-2-AND-OXCART-PROGRAMS-1954-1974.pdf,286,MARKING,NOFORN,NOFORN,
CIA-UAP-003-THE-CENTRAL-INTELLIGENCE-AGENCY-AND-OVERHEAD-RECONNAISSANCE-THE-U-2-AND-OXCART-PROGRAMS-1954-1974.pdf,287,DATE,18 November 1959,18 November 1959,
CIA-UAP-003-THE-CENTRAL-INTELLIGENCE-AGENCY-AND-OVERHEAD-RECONNAISSANCE-THE-U-2-AND-OXCART-PROGRAMS-1954-1974.pdf,290,MARKING,NOFORN,NOFORN,
CIA-UAP-003-THE-CENTRAL-INTELLIGENCE-AGENCY-AND-OVERHEAD-RECONNAISSANCE-THE-U-2-AND-OXCART-PROGRAMS-1954-1974.pdf,291,ORG,CIA,CIA,
CIA-UAP-003-THE-CENTRAL-INTELLIGENCE-AGENCY-AND-OVERHEAD-RECONNAISSANCE-THE-U-2-AND-OXCART-PROGRAMS-1954-1974.pdf,291,MARKING,Secret,SECRET,MARKING
CIA-UAP-003-THE-CENTRAL-INTELLIGENCE-AGENCY-AND-OVERHEAD-RECONNAISSANCE-THE-U-2-AND-OXCART-PROGRAMS-1954-1974.pdf,292,MARKING,NOFORN,NOFORN,
CIA-UAP-003-THE-CENTRAL-INTELLIGENCE-AGENCY-AND-OVERHEAD-RECONNAISSANCE-THE-U-2-AND-OXCART-PROGRAMS-1954-1974.pdf,293,MARKING,Secret,SECRET,MARKING
CIA-UAP-003-THE-CENTRAL-INTELLIGENCE-AGENCY-AND-OVERHEAD-RECONNAISSANCE-THE-U-2-AND-OXCART-PROGRAMS-1954-1974.pdf,294,PERSON,Dr. Roderick M. Scott,Dr. Roderick M. Scott,
CIA-UAP-003-THE-CENTRAL-INTELLIGENCE-AGENCY-AND-OVERHEAD-RECONNAISSANCE-THE-U-2-AND-OXCART-PROGRAMS-1954-1974.pdf,296,MARKING,NOFORN,NOFORN,
CIA-UAP-003-THE-CENTRAL-INTELLIGENCE-AGENCY-AND-OVERHEAD-RECONNAISSANCE-THE-U-2-AND-OXCART-PROGRAMS-1954-1974.pdf,297,DATE,15 November 1960,15 November 1960,
CIA-UAP-003-THE-CENTRAL-INTELLIGENCE-AGENCY-AND-OVERHEAD-RECONNAISSANCE-THE-U-2-AND-OXCART-PROGRAMS-1954-1974.pdf,297,DATE,27 February 1962,27 February 1962,
CIA-UAP-003-THE-CENTRAL-INTELLIGENCE-AGENCY-AND-OVERHEAD-RECONNAISSANCE-THE-U-2-AND-OXCART-PROGRAMS-1954-1974.pdf,297,MARKING,NOFORN,NOFORN,
CIA-UAP-003-THE-CENTRAL-INTELLIGENCE-AGENCY-AND-OVERHEAD-RECONNAISSANCE-THE-U-2-AND-OXCART-PROGRAMS-1954-1974.pdf,298,PERSON,Cdr. William Holcomb,Cmdr William Holcomb,RANK
CIA-UAP-003-THE-CENTRAL-INTELLIGENCE-AGENCY-AND-OVERHEAD-RECONNAISSANCE-THE-U-2-AND-OXCART-PROGRAMS-1954-1974.pdf,298,ORG,CIA,CIA,
CIA-UAP-003-THE-CENTRAL-INTELLIGENCE-AGENCY-AND-OVERHEAD-RECONNAISSANCE-THE-U-2-AND-OXCART-PROGRAMS-1954-1974.pdf,298,DATE,11 September 1961,11 September 1961,
CIA-UAP-003-THE-CENTRAL-INTELLIGENCE-AGENCY-AND-OVERHEAD-RECONNAISSANCE-THE-U-2-AND-OXCART-PROGRAMS-1954-1974.pdf,299,DATE,26 February 1962,26 February 1962,
CIA-UAP-003-THE-CENTRAL-INTELLIGENCE-AGENCY-AND-OVERHEAD-RECONNAISSANCE-THE-U-2-AND-OXCART-PROGRAMS-1954-1974.pdf,299,MARKING,Secret,SECRET,MARKING
CIA-UAP-003-THE-CENTRAL-INTELLIGENCE-AGENCY-AND-OVERHEAD-RECONNAISSANCE-THE-U-2-AND-OXCART-PROGRAMS-1954-1974.pdf,300,MARKING,secret,SECRET,MARKING
CIA-UAP-003-THE-CENTRAL-INTELLIGENCE-AGENCY-AND-OVERHEAD-RECONNAISSANCE-THE-U-2-AND-OXCART-PROGRAMS-1954-1974.pdf,300,MARKING,NOFORN,NOFORN,
CIA-UAP-003-THE-CENTRAL-INTELLIGENCE-AGENCY-AND-OVERHEAD-RECONNAISSANCE-THE-U-2-AND-OXCART-PROGRAMS-1954-1974.pdf,301,PERSON,Col. Jack C. Ledford,Col Jack C. Ledford,RANK
CIA-UAP-003-THE-CENTRAL-INTELLIGENCE-AGENCY-AND-OVERHEAD-RECONNAISSANCE-THE-U-2-AND-OXCART-PROGRAMS-1954-1974.pdf,301,PERSON,Col. Leo Geary,Col Leo Geary,RANK
CIA-UAP-003-THE-CENTRAL-INTELLIGENCE-AGENCY-AND-OVERHEAD-RECONNAISSANCE-THE-U-2-AND-OXCART-PROGRAMS-1954-1974.pdf,301,DATE,25 April 1962,25 April 1962,
CIA-UAP-003-THE-CENTRAL-INTELLIGENCE-AGENCY-AND-OVERHEAD-RECONNAISSANCE-THE-U-2-AND-OXCART-PROGRAMS-1954-1974.pdf,302,ORG,NORAD,NORAD,
CIA-UAP-003-THE-CENTRAL-INTELLIGENCE-AGENCY-AND-OVERHEAD-RECONNAISSANCE-THE-U-2-AND-OXCART-PROGRAMS-1954-1974.pdf,302,DATE,30 April 1962,30 April 1962,
CIA-UAP-003-THE-CENTRAL-INTELLIGENCE-AGENCY-AND-OVERHEAD-RECONNAISSANCE-THE-U-2-AND-OXCART-PROGRAMS-1954-1974.pdf,302,DATE,2 May 1962,2 May 1962,
CIA-UAP-003-THE-CENTRAL-INTELLIGENCE-AGENCY-AND-OVERHEAD-RECONNAISSANCE-THE-U-2-AND-OXCART-PROGRAMS-1954-1974.pdf,302,MARKING,NOFORN,NOFORN,
CIA-UAP-003-THE-CENTRAL-INTELLIGENCE-AGENCY-AND-OVERHEAD-RECONNAISSANCE-THE-U-2-AND-OXCART-PROGRAMS-1954-1974.pdf,302,MARKING,secret,SECRET,MARKING
CIA-UAP-003-THE-CENTRAL-INTELLIGENCE-AGENCY-AND-OVERHEAD-RECONNAISSANCE-THE-U-2-AND-OXCART-PROGRAMS-1954-1974.pdf,303,DATE,30 April 1962,30 April 1962,
CIA-UAP-003-THE-CENTRAL-INTELLIGENCE-AGENCY-AND-OVERHEAD-RECONNAISSANCE-THE-U-2-AND-OXCART-PROGRAMS-1954-1974.pdf,303,DATE,15 January 1963,15 January 1963,
CIA-UAP-003-THE-CENTRAL-INTELLIGENCE-AGENCY-AND-OVERHEAD-RECONNAISSANCE-THE-U-2-AND-OXCART-PROGRAMS-1954-1974.pdf,304,ORG,CIA,CIA,
CIA-UAP-003-THE-CENTRAL-INTELLIGENCE-AGENCY-AND-OVERHEAD-RECONNAISSANCE-THE-U-2-AND-OXCART-PROGRAMS-1954-1974.pdf,305,MARKING,secret,SECRET,MARKING
CIA-UAP-003-THE-CENTRAL-INTELLIGENCE-AGENCY-AND-OVERHEAD-RECONNAISSANCE-THE-U-2-AND-OXCART-PROGRAMS-1954-1974.pdf,306,ORG,CIA,CIA,
CIA-UAP-003-THE-CENTRAL-INTELLIGENCE-AGENCY-AND-OVERHEAD-RECONNAISSANCE-THE-U-2-AND-OXCART-PROGRAMS-1954-1974.pdf,306,DATE,12 November 1963,12 November 1963,
CIA-UAP-003-THE-CENTRAL-INTELLIGENCE-AGENCY-AND-OVERHEAD-RECONNAISSANCE-THE-U-2-AND-OXCART-PROGRAMS-1954-1974.pdf,306,DATE,21 January 1963,21 January 1963,
CIA-UAP-003-THE-CENTRAL-INTELLIGENCE-AGENCY-AND-OVERHEAD-RECONNAISSANCE-THE-U-2-AND-OXCART-PROGRAMS-1954-1974.pdf,306,DATE,22 October 1963,22 October 1963,
CIA-UAP-003-THE-CENTRAL-INTELLIGENCE-AGENCY-AND-OVERHEAD-RECONNAISSANCE-THE-U-2-AND-OXCART-PROGRAMS-1954-1974.pdf,307,PERSON,Mr. Bundy,Mr. Bundy,
CIA-UAP-003-THE-CENTRAL-INTELLIGENCE-AGENCY-AND-OVERHEAD-RECONNAISSANCE-THE-U-2-AND-OXCART-PROGRAMS-1954-1974.pdf,307,DATE,29 February 1964,29 February 1964,
CIA-UAP-003-THE-CENTRAL-INTELLIGENCE-AGENCY-AND-OVERHEAD-RECONNAISSANCE-THE-U-2-AND-OXCART-PROGRAMS-1954-1974.pdf,307,DATE,29 November 1963,29 November 1963,
CIA-UAP-003-THE-CENTRAL-INTELLIGENCE-AGENCY-AND-OVERHEAD-RECONNAISSANCE-THE-U-2-AND-OXCART-PROGRAMS-1954-1974.pdf,307,DATE,2 March 1964,2 March 1964,
CIA-UAP-003-THE-CENTRAL-INTELLIGENCE-AGENCY-AND-OVERHEAD-RECONNAISSANCE-THE-U-2-AND-OXCART-PROGRAMS-1954-1974.pdf,307,DATE,25 February 1964,25 February 1964,
CIA-UAP-003-THE-CENTRAL-INTELLIGENCE-AGENCY-AND-OVERHEAD-RECONNAISSANCE-THE-U-2-AND-OXCART-PROGRAMS-1954-1974.pdf,307,MARKING,Secret,SECRET,MARKING
CIA-UAP-003-THE-CENTRAL-INTELLIGENCE-AGENCY-AND-OVERHEAD-RECONNAISSANCE-THE-U-2-AND-OXCART-PROGRAMS-1954-1974.pdf,308,ORG,CIA,CIA,
CIA-UAP-003-THE-CENTRAL-INTELLIGENCE-AGENCY-AND-OVERHEAD-RECONNAISSANCE-THE-U-2-AND-OXCART-PROGRAMS-1954-1974.pdf,308,DATE,24 May 1963,24 May 1963,
CIA-UAP-003-THE-CENTRAL-INTELLIGENCE-AGENCY-AND-OVERHEAD-RECONNAISSANCE-THE-U-2-AND-OXCART-PROGRAMS-1954-1974.pdf,308,MARKING,NOFORN,NOFORN,
CIA-UAP-003-THE-CENTRAL-INTELLIGENCE-AGENCY-AND-OVERHEAD-RECONNAISSANCE-THE-U-2-AND-OXCART-PROGRAMS-1954-1974.pdf,308,MARKING,secret,SECRET,MARKING
CIA-UAP-003-THE-CENTRAL-INTELLIGENCE-AGENCY-AND-OVERHEAD-RECONNAISSANCE-THE-U-2-AND-OXCART-PROGRAMS-1954-1974.pdf,309,DATE,9 July 1964,9 July 1964,
CIA-UAP-003-THE-CENTRAL-INTELLIGENCE-AGENCY-AND-OVERHEAD-RECONNAISSANCE-THE-U-2-AND-OXCART-PROGRAMS-1954-1974.pdf,309,DATE,28 December 1965,28 December 1965,
CIA-UAP-003-THE-CENTRAL-INTELLIGENCE-AGENCY-AND-OVERHEAD-RECONNAISSANCE-THE-U-2-AND-OXCART-PROGRAMS-1954-1974.pdf,309,DATE,27 January 1965,27 January 1965,
CIA-UAP-003-THE-CENTRAL-INTELLIGENCE-AGENCY-AND-OVERHEAD-RECONNAISSANCE-THE-U-2-AND-OXCART-PROGRAMS-1954-1974.pdf,309,DATE,3 August 1965,3 August 1965,
CIA-UAP-003-THE-CENTRAL-INTELLIGENCE-AGENCY-AND-OVERHEAD-RECONNAISSANCE-THE-U-2-AND-OXCART-PROGRAMS-1954-1974.pdf,309,MARKING,NOFORN,NOFORN,
CIA-UAP-003-THE-CENTRAL-INTELLIGENCE-AGENCY-AND-OVERHEAD-RECONNAISSANCE-THE-U-2-AND-OXCART-PROGRAMS-1954-1974.pdf,310,PERSON,Brig. Gen. Jack C. Ledford,Brig Gen Jack C. Ledford,RANK
CIA-UAP-003-THE-CENTRAL-INTELLIGENCE-AGENCY-AND-OVERHEAD-RECONNAISSANCE-THE-U-2-AND-OXCART-PROGRAMS-1954-1974.pdf,310,DATE,20 November 1965,20 November 1965,
CIA-UAP-003-THE-CENTRAL-INTELLIGENCE-AGENCY-AND-OVERHEAD-RECONNAISSANCE-THE-U-2-AND-OXCART-PROGRAMS-1954-1974.pdf,310,DATE,30 April 1965,30 April 1965,
CIA-UAP-003-THE-CENTRAL-INTELLIGENCE-AGENCY-AND-OVERHEAD-RECONNAISSANCE-THE-U-2-AND-OXCART-PROGRAMS-1954-1974.pdf,310,MARKING,Secret,SECRET,MARKING
CIA-UAP-003-THE-CENTRAL-INTELLIGENCE-AGENCY-AND-OVERHEAD-RECONNAISSANCE-THE-U-2-AND-OXCART-PROGRAMS-1954-1974.pdf,311,PERSON,Mr. McCone,Mr. McCone,
CIA-UAP-003-THE-CENTRAL-INTELLIGENCE-AGENCY-AND-OVERHEAD-RECONNAISSANCE-THE-U-2-AND-OXCART-PROGRAMS-1954-1974.pdf,311,DATE,5 July 1962,5 July 1962,
CIA-UAP-003-THE-CENTRAL-INTELLIGENCE-AGENCY-AND-OVERHEAD-RECONNAISSANCE-THE-U-2-AND-OXCART-PROGRAMS-1954-1974.pdf,311,DATE,6 July 1962,6 July 1962,
CIA-UAP-003-THE-CENTRAL-INTELLIGENCE-AGENCY-AND-OVERHEAD-RECONNAISSANCE-THE-U-2-AND-OXCART-PROGRAMS-1954-1974.pdf,311,DATE,5 Apr 1963,5 Apr 1963,
CIA-UAP-003-THE-CENTRAL-INTELLIGENCE-AGENCY-AND-OVERHEAD-RECONNAISSANCE-THE-U-2-AND-OXCART-PROGRAMS-1954-1974.pdf,312,PERSON,Gen. Marshall S. Carter,Gen Marshall S. Carter,RANK
CIA-UAP-003-THE-CENTRAL-INTELLIGENCE-AGENCY-AND-OVERHEAD-RECONNAISSANCE-THE-U-2-AND-OXCART-PROGRAMS-1954-1974.pdf,312,ORG,SAC,SAC,
CIA-UAP-003-THE-CENTRAL-INTELLIGENCE-AGENCY-AND-OVERHEAD-RECONNAISSANCE-THE-U-2-AND-OXCART-PROGRAMS-1954-1974.pdf,312,DATE,5 August 1964,5 August 1964,
CIA-UAP-003-THE-CENTRAL-INTELLIGENCE-AGENCY-AND-OVERHEAD-RECONNAISSANCE-THE-U-2-AND-OXCART-PROGRAMS-1954-1974.pdf,312,DATE,5 November 1964,5 November 1964,
CIA-UAP-003-THE-CENTRAL-INTELLIGENCE-AGENCY-AND-OVERHEAD-RECONNAISSANCE-THE-U-2-AND-OXCART-PROGRAMS-1954-1974.pdf,312,DATE,23 October 1962,23 October 1962,
CIA-UAP-003-THE-CENTRAL-INTELLIGENCE-AGENCY-AND-OVERHEAD-RECONNAISSANCE-THE-U-2-AND-OXCART-PROGRAMS-1954-1974.pdf,312,DATE,17 August 1964,17 August 1964,
CIA-UAP-003-THE-CENTRAL-INTELLIGENCE-AGENCY-AND-OVERHEAD-RECONNAISSANCE-THE-U-2-AND-OXCART-PROGRAMS-1954-1974.pdf,312,MARKING,NOFORN,NOFORN,
CIA-UAP-003-THE-CENTRAL-INTELLIGENCE-AGENCY-AND-OVERHEAD-RECONNAISSANCE-THE-U-2-AND-OXCART-PROGRAMS-1954-1974.pdf,313,ORG,CIA,CIA,
CIA-UAP-003-THE-CENTRAL-INTELLIGENCE-AGENCY-AND-OVERHEAD-RECONNAISSANCE-THE-U-2-AND-OXCART-PROGRAMS-1954-1974.pdf,313,DATE,5 November 196,5 November 196,
CIA-UAP-003-THE-CENTRAL-INTELLIGENCE-AGENCY-AND-OVERHEAD-RECONNAISSANCE-THE-U-2-AND-OXCART-PROGRAMS-1954-1974.pdf,313,DATE,18 March 1965,18 March 1965,
CIA-UAP-003-THE-CENTRAL-INTELLIGENCE-AGENCY-AND-OVERHEAD-RECONNAISSANCE-THE-U-2-AND-OXCART-PROGRAMS-1954-1974.pdf,313,MARKING,NOFORN,NOFORN,
CIA-UAP-003-THE-CENTRAL-INTELLIGENCE-AGENCY-AND-OVERHEAD-RECONNAISSANCE-THE-U-2-AND-OXCART-PROGRAMS-1954-1974.pdf,314,PERSON,Adm. William F. Raborn,Adm. William F. Raborn,
CIA-UAP-003-THE-CENTRAL-INTELLIGENCE-AGENCY-AND-OVERHEAD-RECONNAISSANCE-THE-U-2-AND-OXCART-PROGRAMS-1954-1974.pdf,314,ORG,CIA,CIA,
CIA-UAP-003-THE-CENTRAL-INTELLIGENCE-AGENCY-AND-OVERHEAD-RECONNAISSANCE-THE-U-2-AND-OXCART-PROGRAMS-1954-1974.pdf,314,DATE,3 June 1965,3 June 1965,
CIA-UAP-003-THE-CENTRAL-INTELLIGENCE-AGENCY-AND-OVERHEAD-RECONNAISSANCE-THE-U-2-AND-OXCART-PROGRAMS-1954-1974.pdf,315,ORG,CIA,CIA,
CIA-UAP-003-THE-CENTRAL-INTELLIGENCE-AGENCY-AND-OVERHEAD-RECONNAISSANCE-THE-U-2-AND-OXCART-PROGRAMS-1954-1974.pdf,315,DATE,21 December 1966,21 December 1966,
CIA-UAP-003-THE-CENTRAL-INTELLIGENCE-AGENCY-AND-OVERHEAD-RECONNAISSANCE-THE-U-2-AND-OXCART-PROGRAMS-1954-1974.pdf,315,DATE,5 January 1967,5 January 1967,
CIA-UAP-003-THE-CENTRAL-INTELLIGENCE-AGENCY-AND-OVERHEAD-RECONNAISSANCE-THE-U-2-AND-OXCART-PROGRAMS-1954-1974.pdf,315,MARKING,Secret,SECRET,MARKING
CIA-UAP-003-THE-CENTRAL-INTELLIGENCE-AGENCY-AND-OVERHEAD-RECONNAISSANCE-THE-U-2-AND-OXCART-PROGRAMS-1954-1974.pdf,316,ORG,CIA,CIA,
CIA-UAP-003-THE-CENTRAL-INTELLIGENCE-AGENCY-AND-OVERHEAD-RECONNAISSANCE-THE-U-2-AND-OXCART-PROGRAMS-1954-1974.pdf,317,ORG,CIA,CIA,
CIA-UAP-003-THE-CENTRAL-INTELLIGENCE-AGENCY-AND-OVERHEAD-RECONNAISSANCE-THE-U-2-AND-OXCART-PROGRAMS-1954-1974.pdf,317,DATE,4 May 1967,4 May 1967,
CIA-UAP-003-THE-CENTRAL-INTELLIGENCE-AGENCY-AND-OVERHEAD-RECONNAISSANCE-THE-U-2-AND-OXCART-PROGRAMS-1954-1974.pdf,318,ORG,CIA,CIA,
CIA-UAP-003-THE-CENTRAL-INTELLIGENCE-AGENCY-AND-OVERHEAD-RECONNAISSANCE-THE-U-2-AND-OXCART-PROGRAMS-1954-1974.pdf,318,DATE,17 May 1967,17 May 1967,
CIA-UAP-003-THE-CENTRAL-INTELLIGENCE-AGENCY-AND-OVERHEAD-RECONNAISSANCE-THE-U-2-AND-OXCART-PROGRAMS-1954-1974.pdf,318,DATE,29 May 1967,29 May 1967,
CIA-UAP-003-THE-CENTRAL-INTELLIGENCE-AGENCY-AND-OVERHEAD-RECONNAISSANCE-THE-U-2-AND-OXCART-PROGRAMS-1954-1974.pdf,319,DATE,31 December 1967,31 December 1967,
CIA-UAP-003-THE-CENTRAL-INTELLIGENCE-AGENCY-AND-OVERHEAD-RECONNAISSANCE-THE-U-2-AND-OXCART-PROGRAMS-1954-1974.pdf,319,MARKING,Secret,SECRET,MARKING
CIA-UAP-003-THE-CENTRAL-INTELLIGENCE-AGENCY-AND-OVERHEAD-RECONNAISSANCE-THE-U-2-AND-OXCART-PROGRAMS-1954-1974.pdf,320,DATE,30 October 1967,30 October 1967,
CIA-UAP-003-THE-CENTRAL-INTELLIGENCE-AGENCY-AND-OVERHEAD-RECONNAISSANCE-THE-U-2-AND-OXCART-PROGRAMS-1954-1974.pdf,320,DATE,8 March 1968,8 March 1968,
CIA-UAP-003-THE-CENTRAL-INTELLIGENCE-AGENCY-AND-OVERHEAD-RECONNAISSANCE-THE-U-2-AND-OXCART-PROGRAMS-1954-1974.pdf,320,DATE,23 January 1968,23 January 1968,
CIA-UAP-003-THE-CENTRAL-INTELLIGENCE-AGENCY-AND-OVERHEAD-RECONNAISSANCE-THE-U-2-AND-OXCART-PROGRAMS-1954-1974.pdf,320,DATE,8 May 1968,8 May 1968,
CIA-UAP-003-THE-CENTRAL-INTELLIGENCE-AGENCY-AND-OVERHEAD-RECONNAISSANCE-THE-U-2-AND-OXCART-PROGRAMS-1954-1974.pdf,321,ORG,CIA,CIA,
CIA-UAP-003-THE-CENTRAL-INTELLIGENCE-AGENCY-AND-OVERHEAD-RECONNAISSANCE-THE-U-2-AND-OXCART-PROGRAMS-1954-1974.pdf,322,ORG,CIA,CIA,
CIA-UAP-003-THE-CENTRAL-INTELLIGENCE-AGENCY-AND-OVERHEAD-RECONNAISSANCE-THE-U-2-AND-OXCART-PROGRAMS-1954-1974.pdf,322,DATE,12 December 1966,12 December 1966,
CIA-UAP-003-THE-CENTRAL-INTELLIGENCE-AGENCY-AND-OVERHEAD-RECONNAISSANCE-THE-U-2-AND-OXCART-PROGRAMS-1954-1974.pdf,323,ORG,CIA,CIA,
CIA-UAP-003-THE-CENTRAL-INTELLIGENCE-AGENCY-AND-OVERHEAD-RECONNAISSANCE-THE-U-2-AND-OXCART-PROGRAMS-1954-1974.pdf,323,DATE,28 December 1966,28 December 1966,
CIA-UAP-003-THE-CENTRAL-INTELLIGENCE-AGENCY-AND-OVERHEAD-RECONNAISSANCE-THE-U-2-AND-OXCART-PROGRAMS-1954-1974.pdf,323,DATE,3 November 1967,3 November 1967,
CIA-UAP-003-THE-CENTRAL-INTELLIGENCE-AGENCY-AND-OVERHEAD-RECONNAISSANCE-THE-U-2-AND-OXCART-PROGRAMS-1954-1974.pdf,323,MARKING,Secret,SECRET,MARKING
CIA-UAP-003-THE-CENTRAL-INTELLIGENCE-AGENCY-AND-OVERHEAD-RECONNAISSANCE-THE-U-2-AND-OXCART-PROGRAMS-1954-1974.pdf,324,DATE,16 May 1968,16 May 1968,
CIA-UAP-003-THE-CENTRAL-INTELLIGENCE-AGENCY-AND-OVERHEAD-RECONNAISSANCE-THE-U-2-AND-OXCART-PROGRAMS-1954-1974.pdf,324,DATE,8 June 1968,8 June 1968,
CIA-UAP-003-THE-CENTRAL-INTELLIGENCE-AGENCY-AND-OVERHEAD-RECONNAISSANCE-THE-U-2-AND-OXCART-PROGRAMS-1954-1974.pdf,324,DATE,4 June 1968,4 June 1968,
CIA-UAP-003-THE-CENTRAL-INTELLIGENCE-AGENCY-AND-OVERHEAD-RECONNAISSANCE-THE-U-2-AND-OXCART-PROGRAMS-1954-1974.pdf,325,ORG,CIA,CIA,
CIA-UAP-003-THE-CENTRAL-INTELLIGENCE-AGENCY-AND-OVERHEAD-RECONNAISSANCE-THE-U-2-AND-OXCART-PROGRAMS-1954-1974.pdf,326,DATE,26 January 1967,26 January 1967,
CIA-UAP-003-THE-CENTRAL-INTELLIGENCE-AGENCY-AND-OVERHEAD-RECONNAISSANCE-THE-U-2-AND-OXCART-PROGRAMS-1954-1974.pdf,328,ORG,CIA,CIA,
CIA-UAP-003-THE-CENTRAL-INTELLIGENCE-AGENCY-AND-OVERHEAD-RECONNAISSANCE-THE-U-2-AND-OXCART-PROGRAMS-1954-1974.pdf,329,PERSON,Brig. Gen. Andrew J. Goodpaster,Brig Gen Andrew J. Goodpaster,RANK
CIA-UAP-003-THE-CENTRAL-INTELLIGENCE-AGENCY-AND-OVERHEAD-RECONNAISSANCE-THE-U-2-AND-OXCART-PROGRAMS-1954-1974.pdf,329,DATE,28 May 1960,28 May 1960,
CIA-UAP-003-THE-CENTRAL-INTELLIGENCE-AGENCY-AND-OVERHEAD-RECONNAISSANCE-THE-U-2-AND-OXCART-PROGRAMS-1954-1974.pdf,329,DATE,19 August 1960,19 August 1960,
CIA-UAP-003-THE-CENTRAL-INTELLIGENCE-AGENCY-AND-OVERHEAD-RECONNAISSANCE-THE-U-2-AND-OXCART-PROGRAMS-1954-1974.pdf,329,DATE,27 May 1960,27 May 1960,
CIA-UAP-003-THE-CENTRAL-INTELLIGENCE-AGENCY-AND-OVERHEAD-RECONNAISSANCE-THE-U-2-AND-OXCART-PROGRAMS-1954-1974.pdf,329,MARKING,NOFORN,NOFORN,
CIA-UAP-003-THE-CENTRAL-INTELLIGENCE-AGENCY-AND-OVERHEAD-RECONNAISSANCE-THE-U-2-AND-OXCART-PROGRAMS-1954-1974.pdf,330,ORG,CIA,CIA,
CIA-UAP-003-THE-CENTRAL-INTELLIGENCE-AGENCY-AND-OVERHEAD-RECONNAISSANCE-THE-U-2-AND-OXCART-PROGRAMS-1954-1974.pdf,330,MARKING,Secret,SECRET,MARKING
CIA-UAP-003-THE-CENTRAL-INTELLIGENCE-AGENCY-AND-OVERHEAD-RECONNAISSANCE-THE-U-2-AND-OXCART-PROGRAMS-1954-1974.pdf,331,MARKING,NOFORN,NOFORN,
CIA-UAP-003-THE-CENTRAL-INTELLIGENCE-AGENCY-AND-OVERHEAD-RECONNAISSANCE-THE-U-2-AND-OXCART-PROGRAMS-1954-1974.pdf,332,ORG,CIA,CIA,
CIA-UAP-003-THE-CENTRAL-INTELLIGENCE-AGENCY-AND-OVERHEAD-RECONNAISSANCE-THE-U-2-AND-OXCART-PROGRAMS-1954-1974.pdf,332,MARKING,NOFORN,NOFORN,
CIA-UAP-003-THE-CENTRAL-INTELLIGENCE-AGENCY-AND-OVERHEAD-RECONNAISSANCE-THE-U-2-AND-OXCART-PROGRAMS-1954-1974.pdf,333,ORG,CIA,CIA,
CIA-UAP-003-THE-CENTRAL-INTELLIGENCE-AGENCY-AND-OVERHEAD-RECONNAISSANCE-THE-U-2-AND-OXCART-PROGRAMS-1954-1974.pdf,334,ORG,CIA,CIA,
CIA-UAP-003-THE-CENTRAL-INTELLIGENCE-AGENCY-AND-OVERHEAD-RECONNAISSANCE-THE-U-2-AND-OXCART-PROGRAMS-1954-1974.pdf,334,MARKING,NOFORN,NOFORN,
CIA-UAP-003-THE-CENTRAL-INTELLIGENCE-AGENCY-AND-OVERHEAD-RECONNAISSANCE-THE-U-2-AND-OXCART-PROGRAMS-1954-1974.pdf,335,ORG,CIA,CIA,
CIA-UAP-003-THE-CENTRAL-INTELLIGENCE-AGENCY-AND-OVERHEAD-RECONNAISSANCE-THE-U-2-AND-OXCART-PROGRAMS-1954-1974.pdf,338,ORG,USAF,USAF,
CIA-UAP-003-THE-CENTRAL-INTELLIGENCE-AGENCY-AND-OVERHEAD-RECONNAISSANCE-THE-U-2-AND-OXCART-PROGRAMS-1954-1974.pdf,338,ORG,ATIC,ATIC,
CIA-UAP-003-THE-CENTRAL-INTELLIGENCE-AGENCY-AND-OVERHEAD-RECONNAISSANCE-THE-U-2-AND-OXCART-PROGRAMS-1954-1974.pdf,338,MARKING,NOFORN,NOFORN,
CIA-UAP-003-THE-CENTRAL-INTELLIGENCE-AGENCY-AND-OVERHEAD-RECONNAISSANCE-THE-U-2-AND-OXCART-PROGRAMS-1954-1974.pdf,339,ORG,NASA,NASA,
CIA-UAP-003-THE-CENTRAL-INTELLIGENCE-AGENCY-AND-OVERHEAD-RECONNAISSANCE-THE-U-2-AND-OXCART-PROGRAMS-1954-1974.pdf,339,ORG,NSA,NSA,
CIA-UAP-003-THE-CENTRAL-INTELLIGENCE-AGENCY-AND-OVERHEAD-RECONNAISSANCE-THE-U-2-AND-OXCART-PROGRAMS-1954-1974.pdf,339,ORG,OSI,OSI,
CIA-UAP-003-THE-CENTRAL-INTELLIGENCE-AGENCY-AND-OVERHEAD-RECONNAISSANCE-THE-U-2-AND-OXCART-PROGRAMS-1954-1974.pdf,339,ORG,USAF,USAF,
CIA-UAP-003-THE-CENTRAL-INTELLIGENCE-AGENCY-AND-OVERHEAD-RECONNAISSANCE-THE-U-2-AND-OXCART-PROGRAMS-1954-1974.pdf,339,ORG,SAC,SAC,
CIA-UAP-003-THE-CENTRAL-INTELLIGENCE-AGENCY-AND-OVERHEAD-RECONNAISSANCE-THE-U-2-AND-OXCART-PROGRAMS-1954-1974.pdf,339,MARKING,NOFORN,NOFORN,
CIA-UAP-003-THE-CENTRAL-INTELLIGENCE-AGENCY-AND-OVERHEAD-RECONNAISSANCE-THE-U-2-AND-OXCART-PROGRAMS-1954-1974.pdf,340,ORG,CIA,CIA,
CIA-UAP-003-THE-CENTRAL-INTELLIGENCE-AGENCY-AND-OVERHEAD-RECONNAISSANCE-THE-U-2-AND-OXCART-PROGRAMS-1954-1974.pdf,341,ORG,CIA,CIA,
CIA-UAP-003-THE-CENTRAL-INTELLIGENCE-AGENCY-AND-OVERHEAD-RECONNAISSANCE-THE-U-2-AND-OXCART-PROGRAMS-1954-1974.pdf,341,MARKING,Secret,SECRET,MARKING
CIA-UAP-003-THE-CENTRAL-INTELLIGENCE-AGENCY-AND-OVERHEAD-RECONNAISSANCE-THE-U-2-AND-OXCART-PROGRAMS-1954-1974.pdf,342,ORG,CIA,CIA,
CIA-UAP-003-THE-CENTRAL-INTELLIGENCE-AGENCY-AND-OVERHEAD-RECONNAISSANCE-THE-U-2-AND-OXCART-PROGRAMS-1954-1974.pdf,343,PERSON,Col. George Goddard. By,Col George Goddard. By,RANK
CIA-UAP-003-THE-CENTRAL-INTELLIGENCE-AGENCY-AND-OVERHEAD-RECONNAISSANCE-THE-U-2-AND-OXCART-PROGRAMS-1954-1974.pdf,343,MARKING,NOFORN,NOFORN,
CIA-UAP-003-THE-CENTRAL-INTELLIGENCE-AGENCY-AND-OVERHEAD-RECONNAISSANCE-THE-U-2-AND-OXCART-PROGRAMS-1954-1974.pdf,343,MARKING,secret,SECRET,MARKING
CIA-UAP-003-THE-CENTRAL-INTELLIGENCE-AGENCY-AND-OVERHEAD-RECONNAISSANCE-THE-U-2-AND-OXCART-PROGRAMS-1954-1974.pdf,344,ORG,CIA,CIA,
CIA-UAP-003-THE-CENTRAL-INTELLIGENCE-AGENCY-AND-OVERHEAD-RECONNAISSANCE-THE-U-2-AND-OXCART-PROGRAMS-1954-1974.pdf,344,MARKING,NOFORN,NOFORN,
CIA-UAP-003-THE-CENTRAL-INTELLIGENCE-AGENCY-AND-OVERHEAD-RECONNAISSANCE-THE-U-2-AND-OXCART-PROGRAMS-1954-1974.pdf,345,ORG,CIA,CIA,
CIA-UAP-003-THE-CENTRAL-INTELLIGENCE-AGENCY-AND-OVERHEAD-RECONNAISSANCE-THE-U-2-AND-OXCART-PROGRAMS-1954-1974.pdf,345,ORG,USAF,USAF,
CIA-UAP-003-THE-CENTRAL-INTELLIGENCE-AGENCY-AND-OVERHEAD-RECONNAISSANCE-THE-U-2-AND-OXCART-PROGRAMS-1954-1974.pdf,348,DATE,9 June 1959,9 June 1959,
CIA-UAP-003-THE-CENTRAL-INTELLIGENCE-AGENCY-AND-OVERHEAD-RECONNAISSANCE-THE-U-2-AND-OXCART-PROGRAMS-1954-1974.pdf,350,DATE,4 July 1954,4 July 1954,
CIA-UAP-003-THE-CENTRAL-INTELLIGENCE-AGENCY-AND-OVERHEAD-RECONNAISSANCE-THE-U-2-AND-OXCART-PROGRAMS-1954-1974.pdf,350,DATE,1 May 1960,1 May 1960,
CIA-UAP-003-THE-CENTRAL-INTELLIGENCE-AGENCY-AND-OVERHEAD-RECONNAISSANCE-THE-U-2-AND-OXCART-PROGRAMS-1954-1974.pdf,350,DATE,4 July 1956,4 July 1956,
CIA-UAP-003-THE-CENTRAL-INTELLIGENCE-AGENCY-AND-OVERHEAD-RECONNAISSANCE-THE-U-2-AND-OXCART-PROGRAMS-1954-1974.pdf,350,DATE,5 July 1956,5 July 1956,
CIA-UAP-003-THE-CENTRAL-INTELLIGENCE-AGENCY-AND-OVERHEAD-RECONNAISSANCE-THE-U-2-AND-OXCART-PROGRAMS-1954-1974.pdf,350,DATE,9 July 1956,9 July 1956,
CIA-UAP-003-THE-CENTRAL-INTELLIGENCE-AGENCY-AND-OVERHEAD-RECONNAISSANCE-THE-U-2-AND-OXCART-PROGRAMS-1954-1974.pdf,350,DATE,20 November 1956,20 November 1956,
CIA-UAP-003-THE-CENTRAL-INTELLIGENCE-AGENCY-AND-OVERHEAD-RECONNAISSANCE-THE-U-2-AND-OXCART-PROGRAMS-1954-1974.pdf,350,DATE,18 March 1957,18 March 1957,
CIA-UAP-003-THE-CENTRAL-INTELLIGENCE-AGENCY-AND-OVERHEAD-RECONNAISSANCE-THE-U-2-AND-OXCART-PROGRAMS-1954-1974.pdf,350,DATE,20 June 1957,20 June 1957,
CIA-UAP-003-THE-CENTRAL-INTELLIGENCE-AGENCY-AND-OVERHEAD-RECONNAISSANCE-THE-U-2-AND-OXCART-PROGRAMS-1954-1974.pdf,350,DATE,5 August 1957,5 August 1957,
CIA-UAP-003-THE-CENTRAL-INTELLIGENCE-AGENCY-AND-OVERHEAD-RECONNAISSANCE-THE-U-2-AND-OXCART-PROGRAMS-1954-1974.pdf,350,DATE,11 August 1957,11 August 1957,
CIA-UAP-003-THE-CENTRAL-INTELLIGENCE-AGENCY-AND-OVERHEAD-RECONNAISSANCE-THE-U-2-AND-OXCART-PROGRAMS-1954-1974.pdf,350,DATE,21 August 1957,21 August 1957,
CIA-UAP-003-THE-CENTRAL-INTELLIGENCE-AGENCY-AND-OVERHEAD-RECONNAISSANCE-THE-U-2-AND-OXCART-PROGRAMS-1954-1974.pdf,350,MARKING,NOFORN,NOFORN,
CIA-UAP-003-THE-CENTRAL-INTELLIGENCE-AGENCY-AND-OVERHEAD-RECONNAISSANCE-THE-U-2-AND-OXCART-PROGRAMS-1954-1974.pdf,351,DATE,4 July 1954,4 July 1954,
CIA-UAP-003-THE-CENTRAL-INTELLIGENCE-AGENCY-AND-OVERHEAD-RECONNAISSANCE-THE-U-2-AND-OXCART-PROGRAMS-1954-1974.pdf,351,DATE,1 May 1960,1 May 1960,
CIA-UAP-003-THE-CENTRAL-INTELLIGENCE-AGENCY-AND-OVERHEAD-RECONNAISSANCE-THE-U-2-AND-OXCART-PROGRAMS-1954-1974.pdf,351,DATE,28 August 1957,28 August 1957,
CIA-UAP-003-THE-CENTRAL-INTELLIGENCE-AGENCY-AND-OVERHEAD-RECONNAISSANCE-THE-U-2-AND-OXCART-PROGRAMS-1954-1974.pdf,351,DATE,10 September 1957,10 September 1957,
CIA-UAP-003-THE-CENTRAL-INTELLIGENCE-AGENCY-AND-OVERHEAD-RECONNAISSANCE-THE-U-2-AND-OXCART-PROGRAMS-1954-1974.pdf,351,DATE,16 September 1957,16 September 1957,
CIA-UAP-003-THE-CENTRAL-INTELLIGENCE-AGENCY-AND-OVERHEAD-RECONNAISSANCE-THE-U-2-AND-OXCART-PROGRAMS-1954-1974.pdf,351,DATE,13 October 1957,13 October 1957,
CIA-UAP-003-THE-CENTRAL-INTELLIGENCE-AGENCY-AND-OVERHEAD-RECONNAISSANCE-THE-U-2-AND-OXCART-PROGRAMS-1954-1974.pdf,351,DATE,9 July 1959,9 July 1959,
CIA-UAP-003-THE-CENTRAL-INTELLIGENCE-AGENCY-AND-OVERHEAD-RECONNAISSANCE-THE-U-2-AND-OXCART-PROGRAMS-1954-1974.pdf,351,DATE,6 December 1959,6 December 1959,
CIA-UAP-003-THE-CENTRAL-INTELLIGENCE-AGENCY-AND-OVERHEAD-RECONNAISSANCE-THE-U-2-AND-OXCART-PROGRAMS-1954-1974.pdf,351,DATE,9 April 1960,9 April 1960,
CIA-UAP-003-THE-CENTRAL-INTELLIGENCE-AGENCY-AND-OVERHEAD-RECONNAISSANCE-THE-U-2-AND-OXCART-PROGRAMS-1954-1974.pdf,351,MARKING,Secret,SECRET,MARKING
CIA-UAP-003-THE-CENTRAL-INTELLIGENCE-AGENCY-AND-OVERHEAD-RECONNAISSANCE-THE-U-2-AND-OXCART-PROGRAMS-1954-1974.pdf,352,ORG,CIA,CIA,
CIA-UAP-003-THE-CENTRAL-INTELLIGENCE-AGENCY-AND-OVERHEAD-RECONNAISSANCE-THE-U-2-AND-OXCART-PROGRAMS-1954-1974.pdf,352,DATE,15 November 1965,15 November 1965,
CIA-UAP-003-THE-CENTRAL-INTELLIGENCE-AGENCY-AND-OVERHEAD-RECONNAISSANCE-THE-U-2-AND-OXCART-PROGRAMS-1954-1974.pdf,352,DATE,21 November 1966,21 November 1966,
CIA-UAP-003-THE-CENTRAL-INTELLIGENCE-AGENCY-AND-OVERHEAD-RECONNAISSANCE-THE-U-2-AND-OXCART-PROGRAMS-1954-1974.pdf,352,MARKING,Secret,SECRET,MARKING
CIA-UAP-003-THE-CENTRAL-INTELLIGENCE-AGENCY-AND-OVERHEAD-RECONNAISSANCE-THE-U-2-AND-OXCART-PROGRAMS-1954-1974.pdf,352,MARKING,NOFORN,NOFORN,
CIA-UAP-003-THE-CENTRAL-INTELLIGENCE-AGENCY-AND-OVERHEAD-RECONNAISSANCE-THE-U-2-AND-OXCART-PROGRAMS-1954-1974.pdf,353,MARKING,Secret,SECRET,MARKING
CIA-UAP-003-THE-CENTRAL-INTELLIGENCE-AGENCY-AND-OVERHEAD-RECONNAISSANCE-THE-U-2-AND-OXCART-PROGRAMS-1954-1974.pdf,354,MARKING,NOfORN,NOFORN,MARKING
CIA-UAP-003-THE-CENTRAL-INTELLIGENCE-AGENCY-AND-OVERHEAD-RECONNAISSANCE-THE-U-2-AND-OXCART-PROGRAMS-1954-1974.pdf,356,ORG,CIA,CIA,
CIA-UAP-003-THE-CENTRAL-INTELLIGENCE-AGENCY-AND-OVERHEAD-RECONNAISSANCE-THE-U-2-AND-OXCART-PROGRAMS-1954-1974.pdf,357,PERSON,Brig. Gen. Harold F. Knowles,Brig Gen Harold F. Knowles,RANK
CIA-UAP-003-THE-CENTRAL-INTELLIGENCE-AGENCY-AND-OVERHEAD-RECONNAISSANCE-THE-U-2-AND-OXCART-PROGRAMS-1954-1974.pdf,357,ORG,CIA,CIA,
CIA-UAP-003-THE-CENTRAL-INTELLIGENCE-AGENCY-AND-OVERHEAD-RECONNAISSANCE-THE-U-2-AND-OXCART-PROGRAMS-1954-1974.pdf,357,MARKING,NOfORN,NOFORN,MARKING
CIA-UAP-003-THE-CENTRAL-INTELLIGENCE-AGENCY-AND-OVERHEAD-RECONNAISSANCE-THE-U-2-AND-OXCART-PROGRAMS-1954-1974.pdf,360,ORG,CIA,CIA,
CIA-UAP-003-THE-CENTRAL-INTELLIGENCE-AGENCY-AND-OVERHEAD-RECONNAISSANCE-THE-U-2-AND-OXCART-PROGRAMS-1954-1974.pdf,360,DATE,24 May 1954,24 May 1954,
CIA-UAP-003-THE-CENTRAL-INTELLIGENCE-AGENCY-AND-OVERHEAD-RECONNAISSANCE-THE-U-2-AND-OXCART-PROGRAMS-1954-1974.pdf,360,DATE,28 January 1957,28 January 1957,
CIA-UAP-003-THE-CENTRAL-INTELLIGENCE-AGENCY-AND-OVERHEAD-RECONNAISSANCE-THE-U-2-AND-OXCART-PROGRAMS-1954-1974.pdf,360,DATE,"July 10, 1956","July 10, 1956",
CIA-UAP-003-THE-CENTRAL-INTELLIGENCE-AGENCY-AND-OVERHEAD-RECONNAISSANCE-THE-U-2-AND-OXCART-PROGRAMS-1954-1974.pdf,360,DATE,30 July 1956,30 July 1956,
CIA-UAP-003-THE-CENTRAL-INTELLIGENCE-AGENCY-AND-OVERHEAD-RECONNAISSANCE-THE-U-2-AND-OXCART-PROGRAMS-1954-1974.pdf,360,DATE,30 May 1955,30 May 1955,
CIA-UAP-003-THE-CENTRAL-INTELLIGENCE-AGENCY-AND-OVERHEAD-RECONNAISSANCE-THE-U-2-AND-OXCART-PROGRAMS-1954-1974.pdf,360,DATE,16 October 1962,16 October 1962,
CIA-UAP-003-THE-CENTRAL-INTELLIGENCE-AGENCY-AND-OVERHEAD-RECONNAISSANCE-THE-U-2-AND-OXCART-PROGRAMS-1954-1974.pdf,360,DATE,11 May 1956,11 May 1956,
CIA-UAP-003-THE-CENTRAL-INTELLIGENCE-AGENCY-AND-OVERHEAD-RECONNAISSANCE-THE-U-2-AND-OXCART-PROGRAMS-1954-1974.pdf,360,MARKING,Secret,SECRET,MARKING
CIA-UAP-003-THE-CENTRAL-INTELLIGENCE-AGENCY-AND-OVERHEAD-RECONNAISSANCE-THE-U-2-AND-OXCART-PROGRAMS-1954-1974.pdf,360,MARKING,Unclassified,UNCLASSIFIED,MARKING
CIA-UAP-003-THE-CENTRAL-INTELLIGENCE-AGENCY-AND-OVERHEAD-RECONNAISSANCE-THE-U-2-AND-OXCART-PROGRAMS-1954-1974.pdf,360,MARKING,Top Secret,TOP SECRET,MARKING
CIA-UAP-003-THE-CENTRAL-INTELLIGENCE-AGENCY-AND-OVERHEAD-RECONNAISSANCE-THE-U-2-AND-OXCART-PROGRAMS-1954-1974.pdf,361,ORG,CIA,CIA,
CIA-UAP-003-THE-CENTRAL-INTELLIGENCE-AGENCY-AND-OVERHEAD-RECONNAISSANCE-THE-U-2-AND-OXCART-PROGRAMS-1954-1974.pdf,361,DATE,26 September 1955,26 September 1955,
CIA-UAP-003-THE-CENTRAL-INTELLIGENCE-AGENCY-AND-OVERHEAD-RECONNAISSANCE-THE-U-2-AND-OXCART-PROGRAMS-1954-1974.pdf,361,DATE,9 February 1959,9 February 1959,
CIA-UAP-003-THE-CENTRAL-INTELLIGENCE-AGENCY-AND-OVERHEAD-RECONNAISSANCE-THE-U-2-AND-OXCART-PROGRAMS-1954-1974.pdf,361,DATE,20 February 1956,20 February 1956,
CIA-UAP-003-THE-CENTRAL-INTELLIGENCE-AGENCY-AND-OVERHEAD-RECONNAISSANCE-THE-U-2-AND-OXCART-PROGRAMS-1954-1974.pdf,361,DATE,12 March 1956,12 March 1956,
CIA-UAP-003-THE-CENTRAL-INTELLIGENCE-AGENCY-AND-OVERHEAD-RECONNAISSANCE-THE-U-2-AND-OXCART-PROGRAMS-1954-1974.pdf,361,DATE,23 May 1955,23 May 1955,
CIA-UAP-003-THE-CENTRAL-INTELLIGENCE-AGENCY-AND-OVERHEAD-RECONNAISSANCE-THE-U-2-AND-OXCART-PROGRAMS-1954-1974.pdf,361,DATE,6 September 1957,6 September 1957,
CIA-UAP-003-THE-CENTRAL-INTELLIGENCE-AGENCY-AND-OVERHEAD-RECONNAISSANCE-THE-U-2-AND-OXCART-PROGRAMS-1954-1974.pdf,361,DATE,4 May 1956,4 May 1956,
CIA-UAP-003-THE-CENTRAL-INTELLIGENCE-AGENCY-AND-OVERHEAD-RECONNAISSANCE-THE-U-2-AND-OXCART-PROGRAMS-1954-1974.pdf,361,DATE,18 June 1954,18 June 1954,
CIA-UAP-003-THE-CENTRAL-INTELLIGENCE-AGENCY-AND-OVERHEAD-RECONNAISSANCE-THE-U-2-AND-OXCART-PROGRAMS-1954-1974.pdf,361,DATE,18 May 1956,18 May 1956,
CIA-UAP-003-THE-CENTRAL-INTELLIGENCE-AGENCY-AND-OVERHEAD-RECONNAISSANCE-THE-U-2-AND-OXCART-PROGRAMS-1954-1974.pdf,361,MARKING,NOFORN,NOFORN,
CIA-UAP-003-THE-CENTRAL-INTELLIGENCE-AGENCY-AND-OVERHEAD-RECONNAISSANCE-THE-U-2-AND-OXCART-PROGRAMS-1954-1974.pdf,361,MARKING,Secret,SECRET,MARKING
CIA-UAP-003-THE-CENTRAL-INTELLIGENCE-AGENCY-AND-OVERHEAD-RECONNAISSANCE-THE-U-2-AND-OXCART-PROGRAMS-1954-1974.pdf,362,ORG,CIA,CIA,
CIA-UAP-003-THE-CENTRAL-INTELLIGENCE-AGENCY-AND-OVERHEAD-RECONNAISSANCE-THE-U-2-AND-OXCART-PROGRAMS-1954-1974.pdf,362,DATE,30 January 1956,30 January 1956,
CIA-UAP-003-THE-CENTRAL-INTELLIGENCE-AGENCY-AND-OVERHEAD-RECONNAISSANCE-THE-U-2-AND-OXCART-PROGRAMS-1954-1974.pdf,362,MARKING,NOFORN,NOFORN,
CIA-UAP-003-THE-CENTRAL-INTELLIGENCE-AGENCY-AND-OVERHEAD-RECONNAISSANCE-THE-U-2-AND-OXCART-PROGRAMS-1954-1974.pdf,362,MARKING,Secret,SECRET,MARKING
CIA-UAP-003-THE-CENTRAL-INTELLIGENCE-AGENCY-AND-OVERHEAD-RECONNAISSANCE-THE-U-2-AND-OXCART-PROGRAMS-1954-1974.pdf,362,MARKING,Top Secret,TOP SECRET,MARKING
CIA-UAP-003-THE-CENTRAL-INTELLIGENCE-AGENCY-AND-OVERHEAD-RECONNAISSANCE-THE-U-2-AND-OXCART-PROGRAMS-1954-1974.pdf,363,ORG,CIA,CIA,
CIA-UAP-003-THE-CENTRAL-INTELLIGENCE-AGENCY-AND-OVERHEAD-RECONNAISSANCE-THE-U-2-AND-OXCART-PROGRAMS-1954-1974.pdf,363,DATE,25 July 1960,25 July 1960,
CIA-UAP-003-THE-CENTRAL-INTELLIGENCE-AGENCY-AND-OVERHEAD-RECONNAISSANCE-THE-U-2-AND-OXCART-PROGRAMS-1954-1974.pdf,363,DATE,23 August 1954,23 August 1954,
CIA-UAP-003-THE-CENTRAL-INTELLIGENCE-AGENCY-AND-OVERHEAD-RECONNAISSANCE-THE-U-2-AND-OXCART-PROGRAMS-1954-1974.pdf,363,DATE,28 June 1954,28 June 1954,
CIA-UAP-003-THE-CENTRAL-INTELLIGENCE-AGENCY-AND-OVERHEAD-RECONNAISSANCE-THE-U-2-AND-OXCART-PROGRAMS-1954-1974.pdf,363,MARKING,NOFORN,NOFORN,
CIA-UAP-003-THE-CENTRAL-INTELLIGENCE-AGENCY-AND-OVERHEAD-RECONNAISSANCE-THE-U-2-AND-OXCART-PROGRAMS-1954-1974.pdf,363,MARKING,Top Secret,TOP SECRET,MARKING
CIA-UAP-003-THE-CENTRAL-INTELLIGENCE-AGENCY-AND-OVERHEAD-RECONNAISSANCE-THE-U-2-AND-OXCART-PROGRAMS-1954-1974.pdf,363,MARKING,Secret,SECRET,MARKING
CIA-UAP-003-THE-CENTRAL-INTELLIGENCE-AGENCY-AND-OVERHEAD-RECONNAISSANCE-THE-U-2-AND-OXCART-PROGRAMS-1954-1974.pdf,364,ORG,USAF,USAF,
CIA-UAP-003-THE-CENTRAL-INTELLIGENCE-AGENCY-AND-OVERHEAD-RECONNAISSANCE-THE-U-2-AND-OXCART-PROGRAMS-1954-1974.pdf,364,ORG,OSI,OSI,
CIA-UAP-003-THE-CENTRAL-INTELLIGENCE-AGENCY-AND-OVERHEAD-RECONNAISSANCE-THE-U-2-AND-OXCART-PROGRAMS-1954-1974.pdf,364,ORG,CIA,CIA,
CIA-UAP-003-THE-CENTRAL-INTELLIGENCE-AGENCY-AND-OVERHEAD-RECONNAISSANCE-THE-U-2-AND-OXCART-PROGRAMS-1954-1974.pdf,364,DATE,15 June 1952,15 June 1952,
CIA-UAP-003-THE-CENTRAL-INTELLIGENCE-AGENCY-AND-OVERHEAD-RECONNAISSANCE-THE-U-2-AND-OXCART-PROGRAMS-1954-1974.pdf,364,DATE,6 March 1962,6 March 1962,
CIA-UAP-003-THE-CENTRAL-INTELLIGENCE-AGENCY-AND-OVERHEAD-RECONNAISSANCE-THE-U-2-AND-OXCART-PROGRAMS-1954-1974.pdf,364,DATE,14 February 1955,14 February 1955,
CIA-UAP-003-THE-CENTRAL-INTELLIGENCE-AGENCY-AND-OVERHEAD-RECONNAISSANCE-THE-U-2-AND-OXCART-PROGRAMS-1954-1974.pdf,364,DATE,23 February 1959,23 February 1959,
CIA-UAP-003-THE-CENTRAL-INTELLIGENCE-AGENCY-AND-OVERHEAD-RECONNAISSANCE-THE-U-2-AND-OXCART-PROGRAMS-1954-1974.pdf,364,MARKING,Secret,SECRET,MARKING
CIA-UAP-003-THE-CENTRAL-INTELLIGENCE-AGENCY-AND-OVERHEAD-RECONNAISSANCE-THE-U-2-AND-OXCART-PROGRAMS-1954-1974.pdf,364,MARKING,Confidential,CONFIDENTIAL,MARKING
CIA-UAP-003-THE-CENTRAL-INTELLIGENCE-AGENCY-AND-OVERHEAD-RECONNAISSANCE-THE-U-2-AND-OXCART-PROGRAMS-1954-1974.pdf,364,MARKING,declassified,DECLASSIFIED,MARKING
CIA-UAP-003-THE-CENTRAL-INTELLIGENCE-AGENCY-AND-OVERHEAD-RECONNAISSANCE-THE-U-2-AND-OXCART-PROGRAMS-1954-1974.pdf,364,MARKING,Top Secret,TOP SECRET,MARKING
CIA-UAP-003-THE-CENTRAL-INTELLIGENCE-AGENCY-AND-OVERHEAD-RECONNAISSANCE-THE-U-2-AND-OXCART-PROGRAMS-1954-1974.pdf,364,MARKING,Restricted,RESTRICTED,MARKING
CIA-UAP-003-THE-CENTRAL-INTELLIGENCE-AGENCY-AND-OVERHEAD-RECONNAISSANCE-THE-U-2-AND-OXCART-PROGRAMS-1954-1974.pdf,365,PERSON,Brig. Gen. Leo A. Geary,Brig Gen Leo A. Geary,RANK
CIA-UAP-003-THE-CENTRAL-INTELLIGENCE-AGENCY-AND-OVERHEAD-RECONNAISSANCE-THE-U-2-AND-OXCART-PROGRAMS-1954-1974.pdf,365,PERSON,Gen. Andrew J. Goodpaster,Gen Andrew J. Goodpaster,RANK
CIA-UAP-003-THE-CENTRAL-INTELLIGENCE-AGENCY-AND-OVERHEAD-RECONNAISSANCE-THE-U-2-AND-OXCART-PROGRAMS-1954-1974.pdf,365,PERSON,Maj. Gen. Patrick J. Halloran,Maj Gen Patrick J. Halloran,RANK
CIA-UAP-003-THE-CENTRAL-INTELLIGENCE-AGENCY-AND-OVERHEAD-RECONNAISSANCE-THE-U-2-AND-OXCART-PROGRAMS-1954-1974.pdf,365,ORG,CIA,CIA,
CIA-UAP-003-THE-CENTRAL-INTELLIGENCE-AGENCY-AND-OVERHEAD-RECONNAISSANCE-THE-U-2-AND-OXCART-PROGRAMS-1954-1974.pdf,365,ORG,USAF,USAF,
CIA-UAP-003-THE-CENTRAL-INTELLIGENCE-AGENCY-AND-OVERHEAD-RECONNAISSANCE-THE-U-2-AND-OXCART-PROGRAMS-1954-1974.pdf,365,DATE,27 February 1956,27 February 1956,
CIA-UAP-003-THE-CENTRAL-INTELLIGENCE-AGENCY-AND-OVERHEAD-RECONNAISSANCE-THE-U-2-AND-OXCART-PROGRAMS-1954-1974.pdf,365,DATE,16 February 85,16 February 85,
CIA-UAP-003-THE-CENTRAL-INTELLIGENCE-AGENCY-AND-OVERHEAD-RECONNAISSANCE-THE-U-2-AND-OXCART-PROGRAMS-1954-1974.pdf,365,DATE,22 April 1987,22 April 1987,
CIA-UAP-003-THE-CENTRAL-INTELLIGENCE-AGENCY-AND-OVERHEAD-RECONNAISSANCE-THE-U-2-AND-OXCART-PROGRAMS-1954-1974.pdf,365,DATE,24 April 1985,24 April 1985,
CIA-UAP-003-THE-CENTRAL-INTELLIGENCE-AGENCY-AND-OVERHEAD-RECONNAISSANCE-THE-U-2-AND-OXCART-PROGRAMS-1954-1974.pdf,365,DATE,12 October 1965,12 October 1965,
CIA-UAP-003-THE-CENTRAL-INTELLIGENCE-AGENCY-AND-OVERHEAD-RECONNAISSANCE-THE-U-2-AND-OXCART-PROGRAMS-1954-1974.pdf,365,DATE,5 December 1984,5 December 1984,
CIA-UAP-003-THE-CENTRAL-INTELLIGENCE-AGENCY-AND-OVERHEAD-RECONNAISSANCE-THE-U-2-AND-OXCART-PROGRAMS-1954-1974.pdf,365,DATE,4 October 1983,4 October 1983,
CIA-UAP-003-THE-CENTRAL-INTELLIGENCE-AGENCY-AND-OVERHEAD-RECONNAISSANCE-THE-U-2-AND-OXCART-PROGRAMS-1954-1974.pdf,365,DATE,20 May 1985,20 May 1985,
CIA-UAP-003-THE-CENTRAL-INTELLIGENCE-AGENCY-AND-OVERHEAD-RECONNAISSANCE-THE-U-2-AND-OXCART-PROGRAMS-1954-1974.pdf,365,DATE,3 April 1986,3 April 1986,
CIA-UAP-003-THE-CENTRAL-INTELLIGENCE-AGENCY-AND-OVERHEAD-RECONNAISSANCE-THE-U-2-AND-OXCART-PROGRAMS-1954-1974.pdf,365,DATE,8 July 1987,8 July 1987,
CIA-UAP-003-THE-CENTRAL-INTELLIGENCE-AGENCY-AND-OVERHEAD-RECONNAISSANCE-THE-U-2-AND-OXCART-PROGRAMS-1954-1974.pdf,365,DATE,24 April 1986,24 April 1986,
CIA-UAP-003-THE-CENTRAL-INTELLIGENCE-AGENCY-AND-OVERHEAD-RECONNAISSANCE-THE-U-2-AND-OXCART-PROGRAMS-1954-1974.pdf,365,DATE,2 November 1984,2 November 1984,
CIA-UAP-003-THE-CENTRAL-INTELLIGENCE-AGENCY-AND-OVERHEAD-RECONNAISSANCE-THE-U-2-AND-OXCART-PROGRAMS-1954-1974.pdf,365,DATE,20 September 1984,20 September 1984,
CIA-UAP-003-THE-CENTRAL-INTELLIGENCE-AGENCY-AND-OVERHEAD-RECONNAISSANCE-THE-U-2-AND-OXCART-PROGRAMS-1954-1974.pdf,365,MARKING,Secret,SECRET,MARKING
CIA-UAP-003-THE-CENTRAL-INTELLIGENCE-AGENCY-AND-OVERHEAD-RECONNAISSANCE-THE-U-2-AND-OXCART-PROGRAMS-1954-1974.pdf,365,MARKING,Top Secret,TOP SECRET,MARKING
CIA-UAP-003-THE-CENTRAL-INTELLIGENCE-AGENCY-AND-OVERHEAD-RECONNAISSANCE-THE-U-2-AND-OXCART-PROGRAMS-1954-1974.pdf,365,MARKING,Unclassified,UNCLASSIFIED,MARKING
CIA-UAP-003-THE-CENTRAL-INTELLIGENCE-AGENCY-AND-OVERHEAD-RECONNAISSANCE-THE-U-2-AND-OXCART-PROGRAMS-1954-1974.pdf,366,PERSON,Brig. Gen. Jack C. Ledford. USAF,Brig Gen Jack C. Ledford. USAF,RANK
CIA-UAP-003-THE-CENTRAL-INTELLIGENCE-AGENCY-AND-OVERHEAD-RECONNAISSANCE-THE-U-2-AND-OXCART-PROGRAMS-1954-1974.pdf,366,ORG,USAF,USAF,
CIA-UAP-003-THE-CENTRAL-INTELLIGENCE-AGENCY-AND-OVERHEAD-RECONNAISSANCE-THE-U-2-AND-OXCART-PROGRAMS-1954-1974.pdf,366,DATE,20 February 1987,20 February 1987,
CIA-UAP-003-THE-CENTRAL-INTELLIGENCE-AGENCY-AND-OVERHEAD-RECONNAISSANCE-THE-U-2-AND-OXCART-PROGRAMS-1954-1974.pdf,366,DATE,19 August 1985,19 August 1985,
CIA-UAP-003-THE-CENTRAL-INTELLIGENCE-AGENCY-AND-OVERHEAD-RECONNAISSANCE-THE-U-2-AND-OXCART-PROGRAMS-1954-1974.pdf,366,DATE,14 December 1983,14 December 1983,
CIA-UAP-003-THE-CENTRAL-INTELLIGENCE-AGENCY-AND-OVERHEAD-RECONNAISSANCE-THE-U-2-AND-OXCART-PROGRAMS-1954-1974.pdf,366,DATE,23 May 1983,23 May 1983,
CIA-UAP-003-THE-CENTRAL-INTELLIGENCE-AGENCY-AND-OVERHEAD-RECONNAISSANCE-THE-U-2-AND-OXCART-PROGRAMS-1954-1974.pdf,366,DATE,6 March 1986,6 March 1986,
CIA-UAP-003-THE-CENTRAL-INTELLIGENCE-AGENCY-AND-OVERHEAD-RECONNAISSANCE-THE-U-2-AND-OXCART-PROGRAMS-1954-1974.pdf,366,DATE,21 May 1987,21 May 1987,
CIA-UAP-003-THE-CENTRAL-INTELLIGENCE-AGENCY-AND-OVERHEAD-RECONNAISSANCE-THE-U-2-AND-OXCART-PROGRAMS-1954-1974.pdf,366,DATE,7 May 1986,7 May 1986,
CIA-UAP-003-THE-CENTRAL-INTELLIGENCE-AGENCY-AND-OVERHEAD-RECONNAISSANCE-THE-U-2-AND-OXCART-PROGRAMS-1954-1974.pdf,366,DATE,5 August 1983,5 August 1983,
CIA-UAP-003-THE-CENTRAL-INTELLIGENCE-AGENCY-AND-OVERHEAD-RECONNAISSANCE-THE-U-2-AND-OXCART-PROGRAMS-1954-1974.pdf,366,MARKING,NOFORN,NOFORN,
CIA-UAP-003-THE-CENTRAL-INTELLIGENCE-AGENCY-AND-OVERHEAD-RECONNAISSANCE-THE-U-2-AND-OXCART-PROGRAMS-1954-1974.pdf,366,MARKING,Secret,SECRET,MARKING
CIA-UAP-003-THE-CENTRAL-INTELLIGENCE-AGENCY-AND-OVERHEAD-RECONNAISSANCE-THE-U-2-AND-OXCART-PROGRAMS-1954-1974.pdf,366,MARKING,Top Secret,TOP SECRET,MARKING
CIA-UAP-003-THE-CENTRAL-INTELLIGENCE-AGENCY-AND-OVERHEAD-RECONNAISSANCE-THE-U-2-AND-OXCART-PROGRAMS-1954-1974.pdf,368,MARKING,NOFORN,NOFORN,
CIA-UAP-003-THE-CENTRAL-INTELLIGENCE-AGENCY-AND-OVERHEAD-RECONNAISSANCE-THE-U-2-AND-OXCART-PROGRAMS-1954-1974.pdf,373,ORG,CIA,CIA,
CIA-UAP-003-THE-CENTRAL-INTELLIGENCE-AGENCY-AND-OVERHEAD-RECONNAISSANCE-THE-U-2-AND-OXCART-PROGRAMS-1954-1974.pdf,373,MARKING,NOFORN,NOFORN,
CIA-UAP-003-THE-CENTRAL-INTELLIGENCE-AGENCY-AND-OVERHEAD-RECONNAISSANCE-THE-U-2-AND-OXCART-PROGRAMS-1954-1974.pdf,374,MARKING,Secret,SECRET,MARKING
CIA-UAP-003-THE-CENTRAL-INTELLIGENCE-AGENCY-AND-OVERHEAD-RECONNAISSANCE-THE-U-2-AND-OXCART-PROGRAMS-1954-1974.pdf,374,MARKING,NOFORN,NOFORN,
CIA-UAP-003-THE-CENTRAL-INTELLIGENCE-AGENCY-AND-OVERHEAD-RECONNAISSANCE-THE-U-2-AND-OXCART-PROGRAMS-1954-1974.pdf,375,MARKING,Secret,SECRET,MARKING
CIA-UAP-003-THE-CENTRAL-INTELLIGENCE-AGENCY-AND-OVERHEAD-RECONNAISSANCE-THE-U-2-AND-OXCART-PROGRAMS-1954-1974.pdf,377,MARKING,NOFORN,NOFORN,
CIA-UAP-003-THE-CENTRAL-INTELLIGENCE-AGENCY-AND-OVERHEAD-RECONNAISSANCE-THE-U-2-AND-OXCART-PROGRAMS-1954-1974.pdf,380,MARKING,NOFORN,NOFORN,
CIA-UAP-003-THE-CENTRAL-INTELLIGENCE-AGENCY-AND-OVERHEAD-RECONNAISSANCE-THE-U-2-AND-OXCART-PROGRAMS-1954-1974.pdf,381,MARKING,NOFORN,NOFORN,
CIA-UAP-003-THE-CENTRAL-INTELLIGENCE-AGENCY-AND-OVERHEAD-RECONNAISSANCE-THE-U-2-AND-OXCART-PROGRAMS-1954-1974.pdf,382,MARKING,Secret,SECRET,MARKING
CIA-UAP-003-THE-CENTRAL-INTELLIGENCE-AGENCY-AND-OVERHEAD-RECONNAISSANCE-THE-U-2-AND-OXCART-PROGRAMS-1954-1974.pdf,386,ORG,NASA,NASA,
CIA-UAP-003-THE-CENTRAL-INTELLIGENCE-AGENCY-AND-OVERHEAD-RECONNAISSANCE-THE-U-2-AND-OXCART-PROGRAMS-1954-1974.pdf,386,MARKING,NOFORN,NOFORN,
CIA-UAP-003-THE-CENTRAL-INTELLIGENCE-AGENCY-AND-OVERHEAD-RECONNAISSANCE-THE-U-2-AND-OXCART-PROGRAMS-1954-1974.pdf,387,ORG,NORAD,NORAD,
CIA-UAP-003-THE-CENTRAL-INTELLIGENCE-AGENCY-AND-OVERHEAD-RECONNAISSANCE-THE-U-2-AND-OXCART-PROGRAMS-1954-1974.pdf,389,ORG,USAF,USAF,
CIA-UAP-003-THE-CENTRAL-INTELLIGENCE-AGENCY-AND-OVERHEAD-RECONNAISSANCE-THE-U-2-AND-OXCART-PROGRAMS-1954-1974.pdf,389,MARKING,NOFORN,NOFORN,
CIA-UAP-003-THE-CENTRAL-INTELLIGENCE-AGENCY-AND-OVERHEAD-RECONNAISSANCE-THE-U-2-AND-OXCART-PROGRAMS-1954-1974.pdf,390,MARKING,Secret,SECRET,MARKING
CIA-UAP-003-THE-CENTRAL-INTELLIGENCE-AGENCY-AND-OVERHEAD-RECONNAISSANCE-THE-U-2-AND-OXCART-PROGRAMS-1954-1974.pdf,392,MARKING,Secret,SECRET,MARKING
CIA-UAP-003-THE-CENTRAL-INTELLIGENCE-AGENCY-AND-OVERHEAD-RECONNAISSANCE-THE-U-2-AND-OXCART-PROGRAMS-1954-1974.pdf,392,MARKING,NOFORN,NOFORN,
CIA-UAP-003-THE-CENTRAL-INTELLIGENCE-AGENCY-AND-OVERHEAD-RECONNAISSANCE-THE-U-2-AND-OXCART-PROGRAMS-1954-1974.pdf,393,ORG,OSI,OSI,
CIA-UAP-003-THE-CENTRAL-INTELLIGENCE-AGENCY-AND-OVERHEAD-RECONNAISSANCE-THE-U-2-AND-OXCART-PROGRAMS-1954-1974.pdf,393,MARKING,Secret,SECRET,MARKING
CIA-UAP-003-THE-CENTRAL-INTELLIGENCE-AGENCY-AND-OVERHEAD-RECONNAISSANCE-THE-U-2-AND-OXCART-PROGRAMS-1954-1974.pdf,393,MARKING,NOFORN,NOFORN,
CIA-UAP-003-THE-CENTRAL-INTELLIGENCE-AGENCY-AND-OVERHEAD-RECONNAISSANCE-THE-U-2-AND-OXCART-PROGRAMS-1954-1974.pdf,396,ORG,SAC,SAC,
CIA-UAP-003-THE-CENTRAL-INTELLIGENCE-AGENCY-AND-OVERHEAD-RECONNAISSANCE-THE-U-2-AND-OXCART-PROGRAMS-1954-1974.pdf,396,MARKING,NOFORN,NOFORN,
CIA-UAP-003-THE-CENTRAL-INTELLIGENCE-AGENCY-AND-OVERHEAD-RECONNAISSANCE-THE-U-2-AND-OXCART-PROGRAMS-1954-1974.pdf,397,MARKING,NOFORN,NOFORN,
CIA-UAP-003-THE-CENTRAL-INTELLIGENCE-AGENCY-AND-OVERHEAD-RECONNAISSANCE-THE-U-2-AND-OXCART-PROGRAMS-1954-1974.pdf,398,MARKING,NOFORN,NOFORN,
CIA-UAP-003-THE-CENTRAL-INTELLIGENCE-AGENCY-AND-OVERHEAD-RECONNAISSANCE-THE-U-2-AND-OXCART-PROGRAMS-1954-1974.pdf,400,MARKING,NOFORN,NOFORN,
CIA-UAP-003-THE-CENTRAL-INTELLIGENCE-AGENCY-AND-OVERHEAD-RECONNAISSANCE-THE-U-2-AND-OXCART-PROGRAMS-1954-1974.pdf,401,MARKING,NOFORN,NOFORN,
CIA-UAP-003-THE-CENTRAL-INTELLIGENCE-AGENCY-AND-OVERHEAD-RECONNAISSANCE-THE-U-2-AND-OXCART-PROGRAMS-1954-1974.pdf,401,MARKING,Secret,SECRET,MARKING
CIA-UAP-003-THE-CENTRAL-INTELLIGENCE-AGENCY-AND-OVERHEAD-RECONNAISSANCE-THE-U-2-AND-OXCART-PROGRAMS-1954-1974.pdf,403,MARKING,NOFORN,NOFORN,
CIA-UAP-004-CASE-17708-CLOSED-AND-DR-LEON-DAVIDSON.pdf,1,PERSON,Dr. Dav.td.son,Dr. Dav.td.son,
CIA-UAP-004-CASE-17708-CLOSED-AND-DR-LEON-DAVIDSON.pdf,1,DATE,8 Jan. 58,8 Jan. 58,
CIA-UAP-005-GERMAN-SCIENTISTS--ARTICLE-ON-FLYING-DISCS.pdf,1,DATE,31 July 1950,31 July 1950,
CIA-UAP-006-Sighting-of-Unconventional-Aircraft.pdf,1,ORG,FBI,FBI,
CIA-UAP-006-Sighting-of-Unconventional-Aircraft.pdf,1,ORG,CIA,CIA,
CIA-UAP-006-Sighting-of-Unconventional-Aircraft.pdf,1,DATE,4 Oct 55,4 Oct 55,
CIA-UAP-007-Current-Status-of-Unidentified-Flying-Objects-UFO-Project.pdf,1,PERSON,Mr. Brent,Mr. Brent,
CIA-UAP-007-Current-Status-of-Unidentified-Flying-Objects-UFO-Project.pdf,1,PERSON,Col. Harry Johnsto,Col Harry Johnsto,RANK
CIA-UAP-007-Current-Status-of-Unidentified-Flying-Objects-UFO-Project.pdf,1,ORG,OSI,OSI,
CIA-UAP-007-Current-Status-of-Unidentified-Flying-Objects-UFO-Project.pdf,1,ORG,USAF,USAF,
CIA-UAP-007-Current-Status-of-Unidentified-Flying-Objects-UFO-Project.pdf,1,ORG,ATIC,ATIC,
CIA-UAP-007-Current-Status-of-Unidentified-Flying-Objects-UFO-Project.pdf,1,DATE,17 December 1953,17 December 1953,
CIA-UAP-008-SPECULATIVE-PAPER-BY-N-KARDASHEV-AND-A-SAKHAROV.pdf,1,DATE,6 September 1971,6 September 1971,
CIA-UAP-008-SPECULATIVE-PAPER-BY-N-KARDASHEV-AND-A-SAKHAROV.pdf,1,DATE,8 September 1911,8 September 1911,
CIA-UAP-008-SPECULATIVE-PAPER-BY-N-KARDASHEV-AND-A-SAKHAROV.pdf,1,DATE,8 Septemher 1971,8 Septemher 1971,
CIA-UAP-013-Report-of-Unusual-Flying-Object-Sightings-and-Attendant-Scientific-Activity.pdf,1,ORG,CIA,CIA,
CIA-UAP-013-Report-of-Unusual-Flying-Object-Sightings-and-Attendant-Scientific-Activity.pdf,1,ORG,FBI,FBI,
CIA-UAP-013-Report-of-Unusual-Flying-Object-Sightings-and-Attendant-Scientific-Activity.pdf,1,MARKING,UNCLASSIFIED,UNCLASSIFIED,
CIA-UAP-014-British-Activity-in-the-Field-of-Unidentified-Flying-Objects.pdf,1,PERSON,Dr. Jeaes,Dr. Jeaes,
CIA-UAP-014-British-Activity-in-the-Field-of-Unidentified-Flying-Objects.pdf,1,MARKING,SECRET,SECRET,
CIA-UAP-015-Project-Blue-Book-Special-Report-No-14.pdf,1,ORG,CIA,CIA,
CIA-UAP-015-Project-Blue-Book-Special-Report-No-14.pdf,2,ORG,CIA,CIA,
CIA-UAP-015-Project-Blue-Book-Special-Report-No-14.pdf,8,DATE,5 May 1955,5 May 1955,
CIA-UAP-015-Project-Blue-Book-Special-Report-No-14.pdf,9,DATE,12 August 1954,12 August 1954,
CIA-UAP-015-Project-Blue-Book-Special-Report-No-14.pdf,9,DATE,1 January 1955,1 January 1955,
CIA-UAP-015-Project-Blue-Book-Special-Report-No-14.pdf,9,DATE,5 May 1955,5 May 1955,
CIA-UAP-015-Project-Blue-Book-Special-Report-No-14.pdf,11,PERSON,Dr. J. Allen Hynek,Dr. J. Allen Hynek,
CIA-UAP-015-Project-Blue-Book-Special-Report-No-14.pdf,11,PERSON,Dr. Hynek',Dr. Hynek',
CIA-UAP-015-Project-Blue-Book-Special-Report-No-14.pdf,11,PERSON,Dr. Hynek,Dr. Hynek,
CIA-UAP-015-Project-Blue-Book-Special-Report-No-14.pdf,13,ORG,ATIC,ATIC,
CIA-UAP-015-Project-Blue-Book-Special-Report-No-14.pdf,13,DATE,"April 30, 1952","April 30, 1952",
CIA-UAP-015-Project-Blue-Book-Special-Report-No-14.pdf,14,DATE,29 April 1952,29 April 1952,
CIA-UAP-015-Project-Blue-Book-Special-Report-No-14.pdf,21,ORG,ATIC,ATIC,
CIA-UAP-015-Project-Blue-Book-Special-Report-No-14.pdf,86,ORG,ATIC,ATIC,
CIA-UAP-015-Project-Blue-Book-Special-Report-No-14.pdf,88,DATE,"July 29, 1948","July 29, 1948",
CIA-UAP-015-Project-Blue-Book-Special-Report-No-14.pdf,88,DATE,"April 20, 1952","April 20, 1952",
CIA-UAP-015-Project-Blue-Book-Special-Report-No-14.pdf,89,DATE,"January 20, 1951","January 20, 1951",
CIA-UAP-015-Project-Blue-Book-Special-Report-No-14.pdf,90,DATE,"July 19, 1952","July 19, 1952",
CIA-UAP-015-Project-Blue-Book-Special-Report-No-14.pdf,91,DATE,"July 24, 1948","July 24, 1948",
CIA-UAP-015-Project-Blue-Book-Special-Report-No-14.pdf,92,DATE,"December 22, 1952","December 22, 1952",
CIA-UAP-015-Project-Blue-Book-Special-Report-No-14.pdf,93,DATE,"June 6, 1952","June 6, 1952",
CIA-UAP-015-Project-Blue-Book-Special-Report-No-14.pdf,94,DATE,"July 31, 1948","July 31, 1948",
CIA-UAP-015-Project-Blue-Book-Special-Report-No-14.pdf,95,DATE,"August 13, 1947","August 13, 1947",
CIA-UAP-015-Project-Blue-Book-Special-Report-No-14.pdf,96,DATE,"May 24, 1949","May 24, 1949",
CIA-UAP-015-Project-Blue-Book-Special-Report-No-14.pdf,97,DATE,"March 20, 1950","March 20, 1950",
CIA-UAP-015-Project-Blue-Book-Special-Report-No-14.pdf,99,DATE,"August 25, 1952","August 25, 1952",
CIA-UAP-015-Project-Blue-Book-Special-Report-No-14.pdf,173,PERSON,Mr Number,Mr Number,
CIA-UAP-015-Project-Blue-Book-Special-Report-No-14.pdf,281,MARKING,confidential,CONFIDENTIAL,MARKING
CIA-UAP-015-Project-Blue-Book-Special-Report-No-14.pdf,296,PERSON,Maj. Lt. Col. Col,Maj Lt. Col. Col,RANK
CIA-UAP-015-Project-Blue-Book-Special-Report-No-14.pdf,296,PERSON,Brig. Gen. Maj. Gen. Lt. Gen,Brig Gen Maj. Gen. Lt. Gen,RANK
CIA-UAP-015-Project-Blue-Book-Special-Report-No-14.pdf,298,ORG,ATIC,ATIC,
CIA-UAP-016-Sightings-of-Unidentified-Flying-Ojbects-in-Ladakh-Nepal-Sikkim-and-Bhutan.pdf,1,PERSON,Dr. Edward Condon,Dr. Edward Condon,
CIA-UAP-016-Sightings-of-Unidentified-Flying-Ojbects-in-Ladakh-Nepal-Sikkim-and-Bhutan.pdf,2,ORG,FTD,FTD,
CIA-UAP-016-Sightings-of-Unidentified-Flying-Ojbects-in-Ladakh-Nepal-Sikkim-and-Bhutan.pdf,2,ORG,CIA,CIA,
CIA-UAP-016-Sightings-of-Unidentified-Flying-Ojbects-in-Ladakh-Nepal-Sikkim-and-Bhutan.pdf,3,DATE,4 March 1968,4 March 1968,
CIA-UAP-016-Sightings-of-Unidentified-Flying-Ojbects-in-Ladakh-Nepal-Sikkim-and-Bhutan.pdf,4,DATE,19 February 1968,19 February 1968,
CIA-UAP-016-Sightings-of-Unidentified-Flying-Ojbects-in-Ladakh-Nepal-Sikkim-and-Bhutan.pdf,5,DATE,21 February 1968,21 February 1968,
CIA-UAP-016-Sightings-of-Unidentified-Flying-Ojbects-in-Ladakh-Nepal-Sikkim-and-Bhutan.pdf,5,DATE,4 March 1968,4 March 1968,
CIA-UAP-017-Placement-on-High-Alert-Due-to-Perceived-Aggressive-Foreign-Posturing.pdf,1,ORG,CIA,CIA,
CIA-UAP-017-Placement-on-High-Alert-Due-to-Perceived-Aggressive-Foreign-Posturing.pdf,1,ORG,FBI,FBI,
CIA-UAP-017-Placement-on-High-Alert-Due-to-Perceived-Aggressive-Foreign-Posturing.pdf,1,MARKING,SECRET,SECRET,
CIA-UAP-017-Placement-on-High-Alert-Due-to-Perceived-Aggressive-Foreign-Posturing.pdf,1,MARKING,NOFORN,NOFORN,
CIA-UAP-017-Placement-on-High-Alert-Due-to-Perceived-Aggressive-Foreign-Posturing.pdf,2,DATE,2 July 2008,2 July 2008,
CIA-UAP-017-Placement-on-High-Alert-Due-to-Perceived-Aggressive-Foreign-Posturing.pdf,2,DATE,6/15/2009,6/15/2009,
CIA-UAP-017-Placement-on-High-Alert-Due-to-Perceived-Aggressive-Foreign-Posturing.pdf,3,DATE,6/15/2009,6/15/2009,
CIA-UAP-018-Report-of-Unusual-Flying-Object-Sightings-and-Attendant-Scientific-Activity.pdf,1,ORG,CIA,CIA,
CIA-UAP-018-Report-of-Unusual-Flying-Object-Sightings-and-Attendant-Scientific-Activity.pdf,1,ORG,FBI,FBI,
CIA-UAP-018-Report-of-Unusual-Flying-Object-Sightings-and-Attendant-Scientific-Activity.pdf,1,MARKING,NoFORN,NOFORN,MARKING
CIA-UAP-019-Australian-Dept-of-Defense-Scientific-and-Intel-Aspects-of-the-UFO-Problem.pdf,5,ORG,ATIC,ATIC,
CIA-UAP-019-Australian-Dept-of-Defense-Scientific-and-Intel-Aspects-of-the-UFO-Problem.pdf,5,ORG,USAF,USAF,
CIA-UAP-019-Australian-Dept-of-Defense-Scientific-and-Intel-Aspects-of-the-UFO-Problem.pdf,5,ORG,FBI,FBI,
CIA-UAP-019-Australian-Dept-of-Defense-Scientific-and-Intel-Aspects-of-the-UFO-Problem.pdf,5,ORG,CIA,CIA,
CIA-UAP-019-Australian-Dept-of-Defense-Scientific-and-Intel-Aspects-of-the-UFO-Problem.pdf,6,ORG,USAF,USAF,
CIA-UAP-019-Australian-Dept-of-Defense-Scientific-and-Intel-Aspects-of-the-UFO-Problem.pdf,6,ORG,CIA,CIA,
CIA-UAP-019-Australian-Dept-of-Defense-Scientific-and-Intel-Aspects-of-the-UFO-Problem.pdf,6,DATE,16 February 1953,16 February 1953,
CIA-UAP-019-Australian-Dept-of-Defense-Scientific-and-Intel-Aspects-of-the-UFO-Problem.pdf,6,MARKING,top secret,TOP SECRET,MARKING
CIA-UAP-019-Australian-Dept-of-Defense-Scientific-and-Intel-Aspects-of-the-UFO-Problem.pdf,6,MARKING,secret,SECRET,MARKING
CIA-UAP-019-Australian-Dept-of-Defense-Scientific-and-Intel-Aspects-of-the-UFO-Problem.pdf,7,PERSON,Dr J. All,Dr J. All,
CIA-UAP-019-Australian-Dept-of-Defense-Scientific-and-Intel-Aspects-of-the-UFO-Problem.pdf,7,ORG,CIA,CIA,
CIA-UAP-019-Australian-Dept-of-Defense-Scientific-and-Intel-Aspects-of-the-UFO-Problem.pdf,7,ORG,NICAP,NICAP,
CIA-UAP-019-Australian-Dept-of-Defense-Scientific-and-Intel-Aspects-of-the-UFO-Problem.pdf,7,ORG,USAF,USAF,
CIA-UAP-019-Australian-Dept-of-Defense-Scientific-and-Intel-Aspects-of-the-UFO-Problem.pdf,10,ORG,CIA,CIA,
CIA-UAP-019-Australian-Dept-of-Defense-Scientific-and-Intel-Aspects-of-the-UFO-Problem.pdf,11,PERSON,Dr B. Heirn,Dr B. Heirn,
CIA-UAP-019-Australian-Dept-of-Defense-Scientific-and-Intel-Aspects-of-the-UFO-Problem.pdf,11,PERSON,Dr P. Jordan,Dr P. Jordan,
CIA-UAP-019-Australian-Dept-of-Defense-Scientific-and-Intel-Aspects-of-the-UFO-Problem.pdf,12,PERSON,Gen. Ll'Bailly,Gen Ll'Bailly,RANK
CIA-UAP-019-Australian-Dept-of-Defense-Scientific-and-Intel-Aspects-of-the-UFO-Problem.pdf,12,PERSON,Dr Ed.re.rd U. Ccndon,Dr Ed.re.rd U. Ccndon,
CIA-UAP-019-Australian-Dept-of-Defense-Scientific-and-Intel-Aspects-of-the-UFO-Problem.pdf,12,PERSON,Dr Condon,Dr Condon,
CIA-UAP-019-Australian-Dept-of-Defense-Scientific-and-Intel-Aspects-of-the-UFO-Problem.pdf,12,PERSON,Dr Thornton Pa.gl,Dr Thornton Pa.gl,
CIA-UAP-019-Australian-Dept-of-Defense-Scientific-and-Intel-Aspects-of-the-UFO-Problem.pdf,12,PERSON,Dr J. Allen Hynl,Dr J. Allen Hynl,
CIA-UAP-019-Australian-Dept-of-Defense-Scientific-and-Intel-Aspects-of-the-UFO-Problem.pdf,12,PERSON,Dr Hynek,Dr Hynek,
CIA-UAP-019-Australian-Dept-of-Defense-Scientific-and-Intel-Aspects-of-the-UFO-Problem.pdf,12,ORG,USAF,USAF,
CIA-UAP-019-Australian-Dept-of-Defense-Scientific-and-Intel-Aspects-of-the-UFO-Problem.pdf,12,ORG,Project Blue Book,Project Blue Book,
CIA-UAP-019-Australian-Dept-of-Defense-Scientific-and-Intel-Aspects-of-the-UFO-Problem.pdf,14,ORG,USAF,USAF,
CIA-UAP-019-Australian-Dept-of-Defense-Scientific-and-Intel-Aspects-of-the-UFO-Problem.pdf,15,PERSON,Lt Gen. Twin,Lt Gen Twin,RANK
CIA-UAP-019-Australian-Dept-of-Defense-Scientific-and-Intel-Aspects-of-the-UFO-Problem.pdf,15,PERSON,Dr J.E. Lipp,Dr J.E. Lipp,
CIA-UAP-019-Australian-Dept-of-Defense-Scientific-and-Intel-Aspects-of-the-UFO-Problem.pdf,15,ORG,USAF,USAF,
CIA-UAP-019-Australian-Dept-of-Defense-Scientific-and-Intel-Aspects-of-the-UFO-Problem.pdf,15,ORG,Project Sign,Project Sign,
CIA-UAP-019-Australian-Dept-of-Defense-Scientific-and-Intel-Aspects-of-the-UFO-Problem.pdf,16,ORG,ATIC,ATIC,
CIA-UAP-019-Australian-Dept-of-Defense-Scientific-and-Intel-Aspects-of-the-UFO-Problem.pdf,16,ORG,Project Grudge,Project Grudge,
CIA-UAP-019-Australian-Dept-of-Defense-Scientific-and-Intel-Aspects-of-the-UFO-Problem.pdf,16,ORG,USAF,USAF,
CIA-UAP-019-Australian-Dept-of-Defense-Scientific-and-Intel-Aspects-of-the-UFO-Problem.pdf,17,ORG,USAF,USAF,
CIA-UAP-019-Australian-Dept-of-Defense-Scientific-and-Intel-Aspects-of-the-UFO-Problem.pdf,17,ORG,CIA,CIA,
CIA-UAP-019-Australian-Dept-of-Defense-Scientific-and-Intel-Aspects-of-the-UFO-Problem.pdf,17,ORG,ATIC,ATIC,
CIA-UAP-019-Australian-Dept-of-Defense-Scientific-and-Intel-Aspects-of-the-UFO-Problem.pdf,17,MARKING,secret,SECRET,MARKING
CIA-UAP-019-Australian-Dept-of-Defense-Scientific-and-Intel-Aspects-of-the-UFO-Problem.pdf,19,PERSON,Dr Mc Dcr,Dr Mc Dcr,
CIA-UAP-019-Australian-Dept-of-Defense-Scientific-and-Intel-Aspects-of-the-UFO-Problem.pdf,19,MARKING,declassified,DECLASSIFIED,MARKING
DOW-UAP-D077-Unresolved-Case-Analysis-Update-Western-United-States-Event.pdf,1,MARKING,UNCLASSIFIED,UNCLASSIFIED,
DOW-UAP-D077-Unresolved-Case-Analysis-Update-Western-United-States-Event.pdf,2,MARKING,UNCLASSIFIED,UNCLASSIFIED,
DOW-UAP-D077-Unresolved-Case-Analysis-Update-Western-United-States-Event.pdf,3,MARKING,UNCLASSIFIED,UNCLASSIFIED,
DOW-UAP-D077-Unresolved-Case-Analysis-Update-Western-United-States-Event.pdf,4,MARKING,UNCLASSIFIED,UNCLASSIFIED,
DOW-UAP-D084-USArmy-Flying-Saucer-Study-1949.pdf,8,PERSON,Lt Col Peiainge,Lt Col Peiainge,
DOW-UAP-D084-USArmy-Flying-Saucer-Study-1949.pdf,8,PERSON,Lt Col Dawley. Bxt,Lt Col Dawley. Bxt,
DOW-UAP-D084-USArmy-Flying-Saucer-Study-1949.pdf,8,PERSON,Col Goodell,Col Goodell,
DOW-UAP-D084-USArmy-Flying-Saucer-Study-1949.pdf,8,PERSON,Lt Col,Lt Col,
DOW-UAP-D084-USArmy-Flying-Saucer-Study-1949.pdf,12,DATE,5 Apr 49,5 Apr 49,
DOW-UAP-D084-USArmy-Flying-Saucer-Study-1949.pdf,13,PERSON,Lt Col Peisinger,Lt Col Peisinger,
DOW-UAP-D084-USArmy-Flying-Saucer-Study-1949.pdf,13,PERSON,Mr. Stites,Mr. Stites,
DOW-UAP-D084-USArmy-Flying-Saucer-Study-1949.pdf,13,PERSON,Mr. Winchell,Mr. Winchell,
DOW-UAP-D084-USArmy-Flying-Saucer-Study-1949.pdf,13,DATE,5 April 1949,5 April 1949,
DOW-UAP-D084-USArmy-Flying-Saucer-Study-1949.pdf,15,PERSON,Maj J,Maj J,
DOW-UAP-D084-USArmy-Flying-Saucer-Study-1949.pdf,15,PERSON,Lt Col Dawley,Lt Col Dawley,
DOW-UAP-D084-USArmy-Flying-Saucer-Study-1949.pdf,15,PERSON,Lt Col Clark,Lt Col Clark,
DOW-UAP-D087-US-AirForce-Analysis-of-Flying-Objects-in-the-US-1-100.pdf,7,PERSON,Mr Sh,Mr Sh,
DOW-UAP-D087-US-AirForce-Analysis-of-Flying-Objects-in-the-US-1-100.pdf,10,PERSON,Lt J. C,Lt J. C,
DOW-UAP-D087-US-AirForce-Analysis-of-Flying-Objects-in-the-US-1-100.pdf,10,MARKING,Secret,SECRET,MARKING
DOW-UAP-D087-US-AirForce-Analysis-of-Flying-Objects-in-the-US-1-100.pdf,13,PERSON,Col Qill,Col Qill,
DOW-UAP-D087-US-AirForce-Analysis-of-Flying-Objects-in-the-US-1-100.pdf,82,PERSON,Sgt Quintel,Sgt Quintel,
DOW-UAP-D087-US-AirForce-Analysis-of-Flying-Objects-in-the-US-1-100.pdf,90,PERSON,Col Rh',Col Rh',
DOW-UAP-D087-US-AirForce-Analysis-of-Flying-Objects-in-the-US-1-100.pdf,90,PERSON,Col Jl,Col Jl,
DOW-UAP-D087-US-AirForce-Analysis-of-Flying-Objects-in-the-US-1-100.pdf,90,PERSON,Lt Col Wood,Lt Col Wood,
DOW-UAP-D087-US-AirForce-Analysis-of-Flying-Objects-in-the-US-1-100.pdf,156,PERSON,Lt Cric D. Ann,Lt Cric D. Ann,
DOW-UAP-D087-US-AirForce-Analysis-of-Flying-Objects-in-the-US-1-100.pdf,160,PERSON,Lt Baar,Lt Baar,
DOW-UAP-D087-US-AirForce-Analysis-of-Flying-Objects-in-the-US-1-100.pdf,171,PERSON,Mr Lege,Mr Lege,
DOW-UAP-D087-US-AirForce-Analysis-of-Flying-Objects-in-the-US-1-100.pdf,184,PERSON,Mr B,Mr B,
DOW-UAP-D087-US-AirForce-Analysis-of-Flying-Objects-in-the-US-1-100.pdf,185,PERSON,Mrs Redetroli,Mrs Redetroli,
DOW-UAP-D087-US-AirForce-Analysis-of-Flying-Objects-in-the-US-1-100.pdf,185,PERSON,Mr. Redairoe,Mr. Redairoe,
DOW-UAP-D087-US-AirForce-Analysis-of-Flying-Objects-in-the-US-1-100.pdf,190,PERSON,Mr Ra,Mr Ra,
DOW-UAP-D087-US-AirForce-Analysis-of-Flying-Objects-in-the-US-1-100.pdf,215,PERSON,Lt Col,Lt Col,
DOW-UAP-D087-US-AirForce-Analysis-of-Flying-Objects-in-the-US-1-100.pdf,223,DATE,7 July 1947,7 July 1947,
DOW-UAP-D087-US-AirForce-Analysis-of-Flying-Objects-in-the-US-1-100.pdf,224,DATE,7 July 47,7 July 47,
DOW-UAP-D087-US-AirForce-Analysis-of-Flying-Objects-in-the-US-1-100.pdf,234,DATE,29 June 1947,29 June 1947,
DOW-UAP-D087-US-AirForce-Analysis-of-Flying-Objects-in-the-US-1-100.pdf,242,PERSON,Lt Col,Lt Col,
DOW-UAP-D087-US-AirForce-Analysis-of-Flying-Objects-in-the-US-1-100.pdf,247,DATE,30 Dec 47,30 Dec 47,
DOW-UAP-D087-US-AirForce-Analysis-of-Flying-Objects-in-the-US-1-100.pdf,248,DATE,30 Dec 47,30 Dec 47,
DOW-UAP-D087-US-AirForce-Analysis-of-Flying-Objects-in-the-US-1-100.pdf,249,DATE,30 Dec 1947,30 Dec 1947,
DOW-UAP-D087-US-AirForce-Analysis-of-Flying-Objects-in-the-US-1-100.pdf,250,PERSON,Mrs El.mer L. Bri.mberiy Occupation,Mrs El.mer L. Bri.mberiy Occupation,
DOW-UAP-D087-US-AirForce-Analysis-of-Flying-Objects-in-the-US-1-100.pdf,250,DATE,2 Nov 1947,2 Nov 1947,
DOW-UAP-D087-US-AirForce-Analysis-of-Flying-Objects-in-the-US-1-100.pdf,251,PERSON,Mrs Brimberry,Mrs Brimberry,
DOW-UAP-D087-US-AirForce-Analysis-of-Flying-Objects-in-the-US-1-100.pdf,251,PERSON,Mr Brimberry,Mr Brimberry,
DOW-UAP-D087-US-AirForce-Analysis-of-Flying-Objects-in-the-US-1-100.pdf,252,DATE,3 Jan 19,3 Jan 19,
DOW-UAP-D087-US-AirForce-Analysis-of-Flying-Objects-in-the-US-1-100.pdf,253,DATE,5 Jan 191,5 Jan 191,
DOW-UAP-D088-US-AirForce-Analysis-of-Flying-Objects-in-the-US-101-172.pdf,2,DATE,18 Febnlary 1948,18 Febnlary 1948,
DOW-UAP-D088-US-AirForce-Analysis-of-Flying-Objects-in-the-US-101-172.pdf,4,DATE,"February 20, 1948","February 20, 1948",
DOW-UAP-D088-US-AirForce-Analysis-of-Flying-Objects-in-the-US-101-172.pdf,7,PERSON,Lt. Gov. Whitehead,Lt Gov. Whitehead,RANK
DOW-UAP-D088-US-AirForce-Analysis-of-Flying-Objects-in-the-US-101-172.pdf,7,DATE,24 June 1947,24 June 1947,
DOW-UAP-D088-US-AirForce-Analysis-of-Flying-Objects-in-the-US-101-172.pdf,8,DATE,14 July 1947,14 July 1947,
DOW-UAP-D088-US-AirForce-Analysis-of-Flying-Objects-in-the-US-101-172.pdf,9,PERSON,Lt. Mantell,Lt Mantell,RANK
DOW-UAP-D088-US-AirForce-Analysis-of-Flying-Objects-in-the-US-101-172.pdf,9,DATE,"November 24, 1947","November 24, 1947",
DOW-UAP-D088-US-AirForce-Analysis-of-Flying-Objects-in-the-US-101-172.pdf,10,PERSON,Dr. Rocht,Dr. Rocht,
DOW-UAP-D088-US-AirForce-Analysis-of-Flying-Objects-in-the-US-101-172.pdf,11,PERSON,Dr. Lincoln LaPu,Dr. Lincoln LaPu,
DOW-UAP-D088-US-AirForce-Analysis-of-Flying-Objects-in-the-US-101-172.pdf,11,PERSON,Dr. Rocht,Dr. Rocht,
DOW-UAP-D088-US-AirForce-Analysis-of-Flying-Objects-in-the-US-101-172.pdf,11,PERSON,Mr. Alfred Gle,Mr. Alfred Gle,
DOW-UAP-D088-US-AirForce-Analysis-of-Flying-Objects-in-the-US-101-172.pdf,11,DATE,"April 11, 1948","April 11, 1948",
DOW-UAP-D088-US-AirForce-Analysis-of-Flying-Objects-in-the-US-101-172.pdf,16,PERSON,Capt Boward B. Berodt,Capt Boward B. Berodt,
DOW-UAP-D088-US-AirForce-Analysis-of-Flying-Objects-in-the-US-101-172.pdf,16,PERSON,Capt Mairice T,Capt Mairice T,
DOW-UAP-D088-US-AirForce-Analysis-of-Flying-Objects-in-the-US-101-172.pdf,16,PERSON,Lt Leonard P. Marchese,Lt Leonard P. Marchese,
DOW-UAP-D088-US-AirForce-Analysis-of-Flying-Objects-in-the-US-101-172.pdf,16,PERSON,Lt. Carl W. Stucld,Lt Carl W. Stucld,RANK
DOW-UAP-D088-US-AirForce-Analysis-of-Flying-Objects-in-the-US-101-172.pdf,16,DATE,18 Feb 48,18 Feb 48,
DOW-UAP-D088-US-AirForce-Analysis-of-Flying-Objects-in-the-US-101-172.pdf,18,PERSON,Col Ric,Col Ric,
DOW-UAP-D088-US-AirForce-Analysis-of-Flying-Objects-in-the-US-101-172.pdf,18,ORG,USAF,USAF,
DOW-UAP-D088-US-AirForce-Analysis-of-Flying-Objects-in-the-US-101-172.pdf,18,DATE,7 Mar 48,7 Mar 48,
DOW-UAP-D088-US-AirForce-Analysis-of-Flying-Objects-in-the-US-101-172.pdf,21,PERSON,Mr Morri,Mr Morri,
DOW-UAP-D088-US-AirForce-Analysis-of-Flying-Objects-in-the-US-101-172.pdf,21,PERSON,Mr. Morrison,Mr. Morrison,
DOW-UAP-D088-US-AirForce-Analysis-of-Flying-Objects-in-the-US-101-172.pdf,21,PERSON,Mr. Rezw.rix,Mr. Rezw.rix,
DOW-UAP-D088-US-AirForce-Analysis-of-Flying-Objects-in-the-US-101-172.pdf,21,PERSON,Mr. G. V. Jordan,Mr. G. V. Jordan,
DOW-UAP-D088-US-AirForce-Analysis-of-Flying-Objects-in-the-US-101-172.pdf,21,DATE,8 Mar 48,8 Mar 48,
DOW-UAP-D088-US-AirForce-Analysis-of-Flying-Objects-in-the-US-101-172.pdf,23,PERSON,Sgt A. U. Lar,Sgt A. U. Lar,
DOW-UAP-D088-US-AirForce-Analysis-of-Flying-Objects-in-the-US-101-172.pdf,23,PERSON,Mr. Denio,Mr. Denio,
DOW-UAP-D088-US-AirForce-Analysis-of-Flying-Objects-in-the-US-101-172.pdf,23,ORG,USAF,USAF,
DOW-UAP-D088-US-AirForce-Analysis-of-Flying-Objects-in-the-US-101-172.pdf,23,DATE,5 March 19,5 March 19,
DOW-UAP-D088-US-AirForce-Analysis-of-Flying-Objects-in-the-US-101-172.pdf,23,DATE,8 March 1948,8 March 1948,
DOW-UAP-D088-US-AirForce-Analysis-of-Flying-Objects-in-the-US-101-172.pdf,24,PERSON,Mr. George L. Buchner,Mr. George L. Buchner,
DOW-UAP-D088-US-AirForce-Analysis-of-Flying-Objects-in-the-US-101-172.pdf,24,PERSON,Dr. J. E. Johnson,Dr. J. E. Johnson,
DOW-UAP-D088-US-AirForce-Analysis-of-Flying-Objects-in-the-US-101-172.pdf,24,PERSON,Dr. Johnson. Both,Dr. Johnson. Both,
DOW-UAP-D088-US-AirForce-Analysis-of-Flying-Objects-in-the-US-101-172.pdf,24,DATE,5 March 1948,5 March 1948,
DOW-UAP-D088-US-AirForce-Analysis-of-Flying-Objects-in-the-US-101-172.pdf,24,DATE,8 March 1948,8 March 1948,
DOW-UAP-D088-US-AirForce-Analysis-of-Flying-Objects-in-the-US-101-172.pdf,24,DATE,9 March 194,9 March 194,
DOW-UAP-D088-US-AirForce-Analysis-of-Flying-Objects-in-the-US-101-172.pdf,24,LOCATOR,Room 518,Room 518,
DOW-UAP-D088-US-AirForce-Analysis-of-Flying-Objects-in-the-US-101-172.pdf,28,PERSON,Mrs. Callie R. Mason,Mrs. Callie R. Mason,
DOW-UAP-D088-US-AirForce-Analysis-of-Flying-Objects-in-the-US-101-172.pdf,28,PERSON,Mrs. Mason,Mrs. Mason,
DOW-UAP-D088-US-AirForce-Analysis-of-Flying-Objects-in-the-US-101-172.pdf,28,DATE,9 March 1948,9 March 1948,
DOW-UAP-D088-US-AirForce-Analysis-of-Flying-Objects-in-the-US-101-172.pdf,30,ORG,SAC,SAC,
DOW-UAP-D088-US-AirForce-Analysis-of-Flying-Objects-in-the-US-101-172.pdf,30,ORG,FBI,FBI,
DOW-UAP-D088-US-AirForce-Analysis-of-Flying-Objects-in-the-US-101-172.pdf,30,DATE,29 March 1948,29 March 1948,
DOW-UAP-D088-US-AirForce-Analysis-of-Flying-Objects-in-the-US-101-172.pdf,30,MARKING,confidential,CONFIDENTIAL,MARKING
DOW-UAP-D088-US-AirForce-Analysis-of-Flying-Objects-in-the-US-101-172.pdf,31,PERSON,Lt. Ueyars,Lt Ueyars,RANK
DOW-UAP-D088-US-AirForce-Analysis-of-Flying-Objects-in-the-US-101-172.pdf,32,PERSON,Lt. Robert,Lt Robert,RANK
DOW-UAP-D088-US-AirForce-Analysis-of-Flying-Objects-in-the-US-101-172.pdf,34,PERSON,Gen T-,Gen T-,
DOW-UAP-D088-US-AirForce-Analysis-of-Flying-Objects-in-the-US-101-172.pdf,35,DATE,9 Apr 48,9 Apr 48,
DOW-UAP-D088-US-AirForce-Analysis-of-Flying-Objects-in-the-US-101-172.pdf,36,PERSON,Mrs. Bertha Slack,Mrs. Bertha Slack,
DOW-UAP-D088-US-AirForce-Analysis-of-Flying-Objects-in-the-US-101-172.pdf,36,PERSON,Mrs. Slack,Mrs. Slack,
DOW-UAP-D088-US-AirForce-Analysis-of-Flying-Objects-in-the-US-101-172.pdf,50,PERSON,Col Robert B. Hughes,Col Robert B. Hughes,
DOW-UAP-D088-US-AirForce-Analysis-of-Flying-Objects-in-the-US-101-172.pdf,50,DATE,9 April 1946,9 April 1946,
DOW-UAP-D088-US-AirForce-Analysis-of-Flying-Objects-in-the-US-101-172.pdf,53,DATE,18 Apr 118,18 Apr 118,
DOW-UAP-D088-US-AirForce-Analysis-of-Flying-Objects-in-the-US-101-172.pdf,55,PERSON,Lt Francia,Lt Francia,
DOW-UAP-D088-US-AirForce-Analysis-of-Flying-Objects-in-the-US-101-172.pdf,55,PERSON,Lt Robert,Lt Robert,
DOW-UAP-D088-US-AirForce-Analysis-of-Flying-Objects-in-the-US-101-172.pdf,55,DATE,19 Apr 48,19 Apr 48,
DOW-UAP-D088-US-AirForce-Analysis-of-Flying-Objects-in-the-US-101-172.pdf,59,PERSON,Mrs. Charles Giles,Mrs. Charles Giles,
DOW-UAP-D088-US-AirForce-Analysis-of-Flying-Objects-in-the-US-101-172.pdf,61,PERSON,Dr. Paul Berget,Dr. Paul Berget,
DOW-UAP-D088-US-AirForce-Analysis-of-Flying-Objects-in-the-US-101-172.pdf,61,PERSON,Dr. Herget,Dr. Herget,
DOW-UAP-D088-US-AirForce-Analysis-of-Flying-Objects-in-the-US-101-172.pdf,61,PERSON,Dr. Bp.ak,Dr. Bp.ak,
DOW-UAP-D088-US-AirForce-Analysis-of-Flying-Objects-in-the-US-101-172.pdf,61,PERSON,Dr. Lincoln,Dr. Lincoln,
DOW-UAP-D088-US-AirForce-Analysis-of-Flying-Objects-in-the-US-101-172.pdf,61,PERSON,Mr. F. J. Kaiser,Mr. F. J. Kaiser,
DOW-UAP-D088-US-AirForce-Analysis-of-Flying-Objects-in-the-US-101-172.pdf,62,PERSON,Dr Onn,Dr Onn,
DOW-UAP-D088-US-AirForce-Analysis-of-Flying-Objects-in-the-US-101-172.pdf,62,DATE,26 Mar 48,26 Mar 48,
DOW-UAP-D088-US-AirForce-Analysis-of-Flying-Objects-in-the-US-101-172.pdf,63,PERSON,Dr Onnana,Dr Onnana,
DOW-UAP-D088-US-AirForce-Analysis-of-Flying-Objects-in-the-US-101-172.pdf,76,PERSON,Mr. Johnson,Mr. Johnson,
DOW-UAP-D088-US-AirForce-Analysis-of-Flying-Objects-in-the-US-101-172.pdf,76,DATE,5 April 19,5 April 19,
DOW-UAP-D088-US-AirForce-Analysis-of-Flying-Objects-in-the-US-101-172.pdf,79,PERSON,Mr. Cnance,Mr. Cnance,
DOW-UAP-D088-US-AirForce-Analysis-of-Flying-Objects-in-the-US-101-172.pdf,79,PERSON,Mr. Chance,Mr. Chance,
DOW-UAP-D088-US-AirForce-Analysis-of-Flying-Objects-in-the-US-101-172.pdf,83,DATE,18 April 48,18 April 48,
DOW-UAP-D088-US-AirForce-Analysis-of-Flying-Objects-in-the-US-101-172.pdf,85,PERSON,Lt Commarrler,Lt Commarrler,
DOW-UAP-D088-US-AirForce-Analysis-of-Flying-Objects-in-the-US-101-172.pdf,103,PERSON,Lt Xokbloroi,Lt Xokbloroi,
DOW-UAP-D088-US-AirForce-Analysis-of-Flying-Objects-in-the-US-101-172.pdf,103,DATE,28 May 1948,28 May 1948,
DOW-UAP-D088-US-AirForce-Analysis-of-Flying-Objects-in-the-US-101-172.pdf,104,PERSON,Maj Elmer H. Ha.mnar,Maj Elmer H. Ha.mnar,
DOW-UAP-D088-US-AirForce-Analysis-of-Flying-Objects-in-the-US-101-172.pdf,110,PERSON,Mr Tryus W. Setliff,Mr Tryus W. Setliff,
DOW-UAP-D088-US-AirForce-Analysis-of-Flying-Objects-in-the-US-101-172.pdf,113,DATE,7 Jul 48,7 Jul 48,
DOW-UAP-D088-US-AirForce-Analysis-of-Flying-Objects-in-the-US-101-172.pdf,115,PERSON,Capt. Dant,Capt Dant,RANK
DOW-UAP-D088-US-AirForce-Analysis-of-Flying-Objects-in-the-US-101-172.pdf,115,PERSON,Lt. Colliu,Lt Colliu,RANK
DOW-UAP-D088-US-AirForce-Analysis-of-Flying-Objects-in-the-US-101-172.pdf,121,DATE,1 July 1948,1 July 1948,
DOW-UAP-D088-US-AirForce-Analysis-of-Flying-Objects-in-the-US-101-172.pdf,130,PERSON,Col Cl,Col Cl,
DOW-UAP-D088-US-AirForce-Analysis-of-Flying-Objects-in-the-US-101-172.pdf,130,PERSON,Col. McOoJ,Col McOoJ,RANK
DOW-UAP-D088-US-AirForce-Analysis-of-Flying-Objects-in-the-US-101-172.pdf,131,PERSON,Mr. S. L. Sbanncm. Jaatern,Mr. S. L. Sbanncm. Jaatern,
DOW-UAP-D088-US-AirForce-Analysis-of-Flying-Objects-in-the-US-101-172.pdf,131,DATE,"July 24, 1948","July 24, 1948",
DOW-UAP-D088-US-AirForce-Analysis-of-Flying-Objects-in-the-US-101-172.pdf,132,PERSON,Capt Perry R. Mansfield,Capt Perry R. Mansfield,
DOW-UAP-D088-US-AirForce-Analysis-of-Flying-Objects-in-the-US-101-172.pdf,133,PERSON,Capt Perry R,Capt Perry R,
DOW-UAP-D088-US-AirForce-Analysis-of-Flying-Objects-in-the-US-101-172.pdf,134,PERSON,Capt Cldlea,Capt Cldlea,
DOW-UAP-D088-US-AirForce-Analysis-of-Flying-Objects-in-the-US-101-172.pdf,134,PERSON,Capt Cb.il,Capt Cb.il,
DOW-UAP-D088-US-AirForce-Analysis-of-Flying-Objects-in-the-US-101-172.pdf,137,DATE,9 July 191,9 July 191,
DOW-UAP-D088-US-AirForce-Analysis-of-Flying-Objects-in-the-US-101-172.pdf,139,PERSON,Sgt Wm R. Carter,Sgt Wm R. Carter,
DOW-UAP-D088-US-AirForce-Analysis-of-Flying-Objects-in-the-US-101-172.pdf,140,PERSON,Sgt Barvq,Sgt Barvq,
DOW-UAP-D088-US-AirForce-Analysis-of-Flying-Objects-in-the-US-101-172.pdf,141,PERSON,Mrs. H. H. Gibson,Mrs. H. H. Gibson,
DOW-UAP-D088-US-AirForce-Analysis-of-Flying-Objects-in-the-US-101-172.pdf,141,DATE,27 July 48,27 July 48,
DOW-UAP-D088-US-AirForce-Analysis-of-Flying-Objects-in-the-US-101-172.pdf,145,PERSON,Lt Col,Lt Col,
DOW-UAP-D088-US-AirForce-Analysis-of-Flying-Objects-in-the-US-101-172.pdf,146,DATE,19 Jan 48,19 Jan 48,
DOW-UAP-D088-US-AirForce-Analysis-of-Flying-Objects-in-the-US-101-172.pdf,149,PERSON,Mr. JB,Mr. JB,
DOW-UAP-D088-US-AirForce-Analysis-of-Flying-Objects-in-the-US-101-172.pdf,149,PERSON,Mr. Robert Iiu,Mr. Robert Iiu,
DOW-UAP-D088-US-AirForce-Analysis-of-Flying-Objects-in-the-US-101-172.pdf,149,DATE,29 July 1948,29 July 1948,
DOW-UAP-D088-US-AirForce-Analysis-of-Flying-Objects-in-the-US-101-172.pdf,150,PERSON,Lt John E. Roak,Lt John E. Roak,
DOW-UAP-D088-US-AirForce-Analysis-of-Flying-Objects-in-the-US-101-172.pdf,150,PERSON,Lt Russell J. Carey,Lt Russell J. Carey,
DOW-UAP-D088-US-AirForce-Analysis-of-Flying-Objects-in-the-US-101-172.pdf,152,ORG,USAF,USAF,
DOW-UAP-D088-US-AirForce-Analysis-of-Flying-Objects-in-the-US-101-172.pdf,154,PERSON,Mr. Swi,Mr. Swi,
DOW-UAP-D088-US-AirForce-Analysis-of-Flying-Objects-in-the-US-101-172.pdf,154,PERSON,Lt Bus,Lt Bus,
DOW-UAP-D088-US-AirForce-Analysis-of-Flying-Objects-in-the-US-101-172.pdf,154,PERSON,Mr. Swigert. It,Mr. Swigert. It,
DOW-UAP-D088-US-AirForce-Analysis-of-Flying-Objects-in-the-US-101-172.pdf,162,PERSON,Mrs. Edward G. Watson,Mrs. Edward G. Watson,
DOW-UAP-D088-US-AirForce-Analysis-of-Flying-Objects-in-the-US-101-172.pdf,162,DATE,31 July 48,31 July 48,
DOW-UAP-D088-US-AirForce-Analysis-of-Flying-Objects-in-the-US-101-172.pdf,164,PERSON,Mrs. Mary JU.ppetoei,Mrs. Mary JU.ppetoei,
DOW-UAP-D088-US-AirForce-Analysis-of-Flying-Objects-in-the-US-101-172.pdf,170,DATE,30 July 1948,30 July 1948,
DOW-UAP-D088-US-AirForce-Analysis-of-Flying-Objects-in-the-US-101-172.pdf,171,PERSON,Maj Cal,Maj Cal,
DOW-UAP-D088-US-AirForce-Analysis-of-Flying-Objects-in-the-US-101-172.pdf,171,ORG,USAF,USAF,
DOW-UAP-D088-US-AirForce-Analysis-of-Flying-Objects-in-the-US-101-172.pdf,174,PERSON,Mrs. Elizabeth Ooltz,Mrs. Elizabeth Ooltz,
DOW-UAP-D088-US-AirForce-Analysis-of-Flying-Objects-in-the-US-101-172.pdf,174,PERSON,Mrs Vewey,Mrs Vewey,
DOW-UAP-D088-US-AirForce-Analysis-of-Flying-Objects-in-the-US-101-172.pdf,174,PERSON,Mrs Goltz,Mrs Goltz,
DOW-UAP-D088-US-AirForce-Analysis-of-Flying-Objects-in-the-US-101-172.pdf,175,PERSON,Mrs. Vevay,Mrs. Vevay,
DOW-UAP-D088-US-AirForce-Analysis-of-Flying-Objects-in-the-US-101-172.pdf,175,PERSON,Mrs. Goltz. They,Mrs. Goltz. They,
DOW-UAP-D088-US-AirForce-Analysis-of-Flying-Objects-in-the-US-101-172.pdf,177,PERSON,Mr. Ltoer,Mr. Ltoer,
DOW-UAP-D088-US-AirForce-Analysis-of-Flying-Objects-in-the-US-101-172.pdf,177,PERSON,Mr. E. R. Sheridan. Poat,Mr. E. R. Sheridan. Poat,
DOW-UAP-D088-US-AirForce-Analysis-of-Flying-Objects-in-the-US-101-172.pdf,177,PERSON,Mrs. Leu.er,Mrs. Leu.er,
DOW-UAP-D088-US-AirForce-Analysis-of-Flying-Objects-in-the-US-101-172.pdf,184,PERSON,Mrs. Catherine McDonald Police Sergeant,Mrs. Catherine McDonald Police Sergeant,
DOW-UAP-D088-US-AirForce-Analysis-of-Flying-Objects-in-the-US-101-172.pdf,185,DATE,29 June 48,29 June 48,
DOW-UAP-D088-US-AirForce-Analysis-of-Flying-Objects-in-the-US-101-172.pdf,187,PERSON,Sgt Chae E. Schuh,Sgt Chae E. Schuh,
DOW-UAP-D088-US-AirForce-Analysis-of-Flying-Objects-in-the-US-101-172.pdf,187,DATE,29 June 48,29 June 48,
DOW-UAP-D088-US-AirForce-Analysis-of-Flying-Objects-in-the-US-101-172.pdf,188,PERSON,Mrs. Mcl,Mrs. Mcl,
DOW-UAP-D088-US-AirForce-Analysis-of-Flying-Objects-in-the-US-101-172.pdf,188,PERSON,Sgt Schub'a,Sgt Schub'a,
DOW-UAP-D088-US-AirForce-Analysis-of-Flying-Objects-in-the-US-101-172.pdf,189,DATE,26 July 1948,26 July 1948,
DOW-UAP-D088-US-AirForce-Analysis-of-Flying-Objects-in-the-US-101-172.pdf,190,PERSON,Mrs. John Goll,Mrs. John Goll,
DOW-UAP-D088-US-AirForce-Analysis-of-Flying-Objects-in-the-US-101-172.pdf,190,PERSON,Mr. Robert Sebring Mrs. Jeanne,Mr. Robert Sebring Mrs. Jeanne,
DOW-UAP-D088-US-AirForce-Analysis-of-Flying-Objects-in-the-US-101-172.pdf,190,PERSON,Mrs. Myrtle Renfroe Mrs. John,Mrs. Myrtle Renfroe Mrs. John,
DOW-UAP-D088-US-AirForce-Analysis-of-Flying-Objects-in-the-US-101-172.pdf,190,DATE,20 July 48,20 July 48,
DOW-UAP-D088-US-AirForce-Analysis-of-Flying-Objects-in-the-US-101-172.pdf,192,PERSON,Sgt Leroy B. Eete,Sgt Leroy B. Eete,
DOW-UAP-D088-US-AirForce-Analysis-of-Flying-Objects-in-the-US-101-172.pdf,192,DATE,30 Aug 48,30 Aug 48,
DOW-UAP-D088-US-AirForce-Analysis-of-Flying-Objects-in-the-US-101-172.pdf,193,PERSON,Sgt Eetes,Sgt Eetes,
DOW-UAP-D088-US-AirForce-Analysis-of-Flying-Objects-in-the-US-101-172.pdf,194,PERSON,Capt J'l.oyd Barnes Pilot USAF,Capt J'l.oyd Barnes Pilot USAF,
DOW-UAP-D088-US-AirForce-Analysis-of-Flying-Objects-in-the-US-101-172.pdf,194,ORG,USAF,USAF,
DOW-UAP-D088-US-AirForce-Analysis-of-Flying-Objects-in-the-US-101-172.pdf,195,PERSON,Capt Barnes,Capt Barnes,
DOW-UAP-D088-US-AirForce-Analysis-of-Flying-Objects-in-the-US-101-172.pdf,196,DATE,20 July 1948,20 July 1948,
DOW-UAP-D088-US-AirForce-Analysis-of-Flying-Objects-in-the-US-101-172.pdf,197,PERSON,Mr. Faby Niswonger,Mr. Faby Niswonger,
DoW-UAP-D079-Narrative-1-Western-US-Event.pdf,1,DATE,02 June 2026,02 June 2026,
DoW-UAP-D079-Narrative-1-Western-US-Event.pdf,1,MARKING,UNCLASSIFIED,UNCLASSIFIED,
DoW-UAP-D079-Narrative-1-Western-US-Event.pdf,2,MARKING,UNCLASSIFIED,UNCLASSIFIED,
DoW-UAP-D080-Narrative-2-Western-US-Event.pdf,1,DATE,02 June 2026,02 June 2026,
DoW-UAP-D080-Narrative-2-Western-US-Event.pdf,1,MARKING,UNCLASSIFIED,UNCLASSIFIED,
DoW-UAP-D080-Narrative-2-Western-US-Event.pdf,2,MARKING,UNCLASSIFIED,UNCLASSIFIED,
DoW-UAP-D080-Narrative-2-Western-US-Event.pdf,3,MARKING,UNCLASSIFIED,UNCLASSIFIED,
DoW-UAP-D080-Narrative-2-Western-US-Event.pdf,4,MARKING,UNCLASSIFIED,UNCLASSIFIED,
DoW-UAP-D080-Narrative-2-Western-US-Event.pdf,5,MARKING,UNCLASSIFIED,UNCLASSIFIED,
DoW-UAP-D080-Narrative-2-Western-US-Event.pdf,6,MARKING,UNCLASSIFIED,UNCLASSIFIED,
DoW-UAP-D080-Narrative-2-Western-US-Event.pdf,7,MARKING,UNCLASSIFIED,UNCLASSIFIED,
DoW-UAP-D080-Narrative-2-Western-US-Event.pdf,8,MARKING,UNCLASSIFIED,UNCLASSIFIED,
DoW-UAP-D081-Narrative-3-Western-US-Event.pdf,1,DATE,02 June 2026,02 June 2026,
DoW-UAP-D081-Narrative-3-Western-US-Event.pdf,1,MARKING,UNCLASSIFIED,UNCLASSIFIED,
DoW-UAP-D081-Narrative-3-Western-US-Event.pdf,2,MARKING,UNCLASSIFIED,UNCLASSIFIED,
DoW-UAP-D082-Narrative-4-Western-US-Event.pdf,1,DATE,02 June 2026,02 June 2026,
DoW-UAP-D082-Narrative-4-Western-US-Event.pdf,1,MARKING,UNCLASSIFIED,UNCLASSIFIED,
DoW-UAP-D082-Narrative-4-Western-US-Event.pdf,2,MARKING,UNCLASSIFIED,UNCLASSIFIED,
DoW-UAP-D082-Narrative-4-Western-US-Event.pdf,3,MARKING,UNCLASSIFIED,UNCLASSIFIED,
DoW-UAP-D083-Narrative-5-Western-US-Event.pdf,1,MARKING,UNCLASSIFIED,UNCLASSIFIED,
DoW-UAP-D083-Narrative-5-Western-US-Event.pdf,2,MARKING,UNCLASSIFIED,UNCLASSIFIED,
DoW-UAP-D083-Narrative-5-Western-US-Event.pdf,3,MARKING,UNCLASSIFIED,UNCLASSIFIED,
DoW-UAP-D083-Narrative-5-Western-US-Event.pdf,4,MARKING,UNCLASSIFIED,UNCLASSIFIED,
DoW-UAP-D083-Narrative-5-Western-US-Event.pdf,5,MARKING,UNCLASSIFIED,UNCLASSIFIED,
FBI-UAP-D001-FD-302-Unresolved-UAP-Report-ColoradoSprings-2022.pdf,1,ORG,FBI,FBI,
FBI-UAP-D004-FD-1057-02-Northeastern-US-2024.pdf,1,ORG,FBI,FBI,
FBI-UAP-D004-FD-1057-02-Northeastern-US-2024.pdf,2,ORG,FBI,FBI,
FBI-UAP-D004-FD-1057-02-Northeastern-US-2024.pdf,3,ORG,FBI,FBI,
FBI-UAP-D005-FD-1057-04-Northeastern-US-2024.pdf,1,ORG,FBI,FBI,
FBI-UAP-D005-FD-1057-04-Northeastern-US-2024.pdf,2,ORG,FBI,FBI,
FBI-UAP-D008-FD-1057-07-Northeastern-US-2024.pdf,1,ORG,FBI,FBI,
FBI-UAP-D008-FD-1057-07-Northeastern-US-2024.pdf,1,DATE,12/1/2024,12/1/2024,
FBI-UAP-D009-FD-302-67-Northeastern-Orb-Sighting-2026.pdf,1,ORG,FBI,FBI,
FBI-UAP-D010-FD-302-71-Northeastern-Orb-Sighting-2026.pdf,1,ORG,FBI,FBI,
FBI-UAP-D011-DFBI-Correspondence-Referral-1949.pdf,2,PERSON,Mr. Hoover,Mr. Hoover,
FBI-UAP-D011-DFBI-Correspondence-Referral-1949.pdf,2,DATE,"January 31, 1949","January 31, 1949",
FBI-UAP-D012-Newark-Field-Office-1952-1967.pdf,5,PERSON,Mr. S. I. McKee Special,Mr. S. I. McKee Special,
FBI-UAP-D012-Newark-Field-Office-1952-1967.pdf,5,PERSON,Mr. CHARIBS GREGG,Mr. CHARIBS GREGG,
FBI-UAP-D012-Newark-Field-Office-1952-1967.pdf,5,ORG,USAF,USAF,
FBI-UAP-D012-Newark-Field-Office-1952-1967.pdf,5,ORG,OSI,OSI,
FBI-UAP-D012-Newark-Field-Office-1952-1967.pdf,5,MARKING,restricted,RESTRICTED,MARKING
FBI-UAP-D012-Newark-Field-Office-1952-1967.pdf,13,ORG,SAC,SAC,
FBI-UAP-D012-Newark-Field-Office-1952-1967.pdf,13,ORG,OSI,OSI,
FBI-UAP-D012-Newark-Field-Office-1952-1967.pdf,13,DATE,"November 5, 1957","November 5, 1957",
FBI-UAP-D012-Newark-Field-Office-1952-1967.pdf,15,DATE,8/28/57,8/28/57,
FBI-UAP-D012-Newark-Field-Office-1952-1967.pdf,15,DATE,8/27/57,8/27/57,
FBI-UAP-D012-Newark-Field-Office-1952-1967.pdf,19,ORG,SAC,SAC,
FBI-UAP-D012-Newark-Field-Office-1952-1967.pdf,19,ORG,OSI,OSI,
FBI-UAP-D012-Newark-Field-Office-1952-1967.pdf,20,ORG,SAC,SAC,
FBI-UAP-D012-Newark-Field-Office-1952-1967.pdf,20,ORG,OSI,OSI,
FBI-UAP-D012-Newark-Field-Office-1952-1967.pdf,20,DATE,2/14/58,2/14/58,
FBI-UAP-D012-Newark-Field-Office-1952-1967.pdf,20,DATE,2/11/58,2/11/58,
FBI-UAP-D012-Newark-Field-Office-1952-1967.pdf,23,ORG,OSI,OSI,
FBI-UAP-D012-Newark-Field-Office-1952-1967.pdf,26,PERSON,Mr. GRAHAM,Mr. GRAHAM,
FBI-UAP-D012-Newark-Field-Office-1952-1967.pdf,26,ORG,SAC,SAC,
FBI-UAP-D012-Newark-Field-Office-1952-1967.pdf,26,ORG,OSI,OSI,
FBI-UAP-D012-Newark-Field-Office-1952-1967.pdf,28,PERSON,Mr. Wa,Mr. Wa,
FBI-UAP-D012-Newark-Field-Office-1952-1967.pdf,28,PERSON,Mr. Leo,Mr. Leo,
FBI-UAP-D012-Newark-Field-Office-1952-1967.pdf,28,PERSON,Mr. Ri,Mr. Ri,
FBI-UAP-D012-Newark-Field-Office-1952-1967.pdf,28,ORG,SAC,SAC,
FBI-UAP-D012-Newark-Field-Office-1952-1967.pdf,28,DATE,10/28/59,10/28/59,
FBI-UAP-D012-Newark-Field-Office-1952-1967.pdf,29,ORG,OSI,OSI,
FBI-UAP-D012-Newark-Field-Office-1952-1967.pdf,30,ORG,SAC,SAC,
FBI-UAP-D012-Newark-Field-Office-1952-1967.pdf,30,ORG,OSI,OSI,
FBI-UAP-D012-Newark-Field-Office-1952-1967.pdf,30,DATE,"January 16, 1960","January 16, 1960",
FBI-UAP-D012-Newark-Field-Office-1952-1967.pdf,31,ORG,SAC,SAC,
FBI-UAP-D012-Newark-Field-Office-1952-1967.pdf,31,ORG,OSI,OSI,
FBI-UAP-D012-Newark-Field-Office-1952-1967.pdf,31,DATE,2/27/60,2/27/60,
FBI-UAP-D012-Newark-Field-Office-1952-1967.pdf,33,ORG,SAC,SAC,
FBI-UAP-D012-Newark-Field-Office-1952-1967.pdf,33,ORG,FBI,FBI,
FBI-UAP-D012-Newark-Field-Office-1952-1967.pdf,33,DATE,2/8/61,2/8/61,
FBI-UAP-D012-Newark-Field-Office-1952-1967.pdf,35,ORG,SAC,SAC,
FBI-UAP-D012-Newark-Field-Office-1952-1967.pdf,35,ORG,FBI,FBI,
FBI-UAP-D012-Newark-Field-Office-1952-1967.pdf,36,PERSON,Mrs. Goarcke,Mrs. Goarcke,
FBI-UAP-D012-Newark-Field-Office-1952-1967.pdf,36,ORG,SAC,SAC,
FBI-UAP-D012-Newark-Field-Office-1952-1967.pdf,36,DATE,1/16/61,1/16/61,
FBI-UAP-D012-Newark-Field-Office-1952-1967.pdf,36,DATE,2/13/61,2/13/61,
FBI-UAP-D012-Newark-Field-Office-1952-1967.pdf,41,ORG,SAC,SAC,
FBI-UAP-D012-Newark-Field-Office-1952-1967.pdf,43,PERSON,Mr. Hoover,Mr. Hoover,
FBI-UAP-D012-Newark-Field-Office-1952-1967.pdf,43,PERSON,Mr. J. Edgar Hoover Director,Mr. J. Edgar Hoover Director,
FBI-UAP-D012-Newark-Field-Office-1952-1967.pdf,43,ORG,Project Blue Book,Project Blue Book,
FBI-UAP-D012-Newark-Field-Office-1952-1967.pdf,43,ORG,USAF,USAF,
FBI-UAP-D012-Newark-Field-Office-1952-1967.pdf,44,ORG,FBI,FBI,
FBI-UAP-D012-Newark-Field-Office-1952-1967.pdf,44,MARKING,secret,SECRET,MARKING
FBI-UAP-D012-Newark-Field-Office-1952-1967.pdf,46,ORG,NICAP,NICAP,
FBI-UAP-D012-Newark-Field-Office-1952-1967.pdf,51,ORG,SAC,SAC,
FBI-UAP-D012-Newark-Field-Office-1952-1967.pdf,51,DATE,7/11/66,7/11/66,
FBI-UAP-D012-Newark-Field-Office-1952-1967.pdf,52,ORG,SAC,SAC,
FBI-UAP-D012-Newark-Field-Office-1952-1967.pdf,56,ORG,AFSC,AFSC,
FBI-UAP-D012-Newark-Field-Office-1952-1967.pdf,60,PERSON,Dr. Georae White,Dr. Georae White,
FBI-UAP-D012-Newark-Field-Office-1952-1967.pdf,60,PERSON,Mr. Men.eel,Mr. Men.eel,
FBI-UAP-D012-Newark-Field-Office-1952-1967.pdf,60,ORG,NICAP,NICAP,
FBI-UAP-D012-Newark-Field-Office-1952-1967.pdf,63,PERSON,Dr. Daniel W. Fry,Dr. Daniel W. Fry,
FBI-UAP-D012-Newark-Field-Office-1952-1967.pdf,63,PERSON,Dr. George King,Dr. George King,
FBI-UAP-D012-Newark-Field-Office-1952-1967.pdf,63,PERSON,Dr. Frank E. Stranges,Dr. Frank E. Stranges,
FBI-UAP-D012-Newark-Field-Office-1952-1967.pdf,63,ORG,AFSC,AFSC,
FBI-UAP-D013-WA-UFO-Investigation-1952-1960.pdf,3,ORG,FBI,FBI,
FBI-UAP-D013-WA-UFO-Investigation-1952-1960.pdf,22,ORG,SAC,SAC,
FBI-UAP-D013-WA-UFO-Investigation-1952-1960.pdf,22,ORG,OSI,OSI,
FBI-UAP-D013-WA-UFO-Investigation-1952-1960.pdf,22,DATE,6/7/54,6/7/54,
FBI-UAP-D013-WA-UFO-Investigation-1952-1960.pdf,22,DATE,6/6/54,6/6/54,
FBI-UAP-D013-WA-UFO-Investigation-1952-1960.pdf,29,ORG,OSI,OSI,
FBI-UAP-D013-WA-UFO-Investigation-1952-1960.pdf,31,PERSON,Mr. R,Mr. R,
FBI-UAP-D013-WA-UFO-Investigation-1952-1960.pdf,31,ORG,OSI,OSI,
FBI-UAP-D013-WA-UFO-Investigation-1952-1960.pdf,31,DATE,24 June 1954,24 June 1954,
FBI-UAP-D013-WA-UFO-Investigation-1952-1960.pdf,39,PERSON,Sgt. GORDON RICH ARDSON,Sgt GORDON RICH ARDSON,RANK
FBI-UAP-D013-WA-UFO-Investigation-1952-1960.pdf,46,DATE,6/27/57,6/27/57,
ICA-UAP-D001-Analysis-Colorado-Springs-UAP-Incident.pdf,3,DATE,15 February 2022,15 February 2022,
ICA-UAP-D001-Analysis-Colorado-Springs-UAP-Incident.pdf,3,DATE,"February 15, 2022","February 15, 2022",
NASA-UAP-D015-Astronaut-Scientific-Debriefings-1962-1963.pdf,34,PERSON,Lt. Col. John H. Glenn,Lt Col John H. Glenn,RANK
NASA-UAP-D015-Astronaut-Scientific-Debriefings-1962-1963.pdf,34,PERSON,Col. Glenn,Col Glenn,RANK
NASA-UAP-D015-Astronaut-Scientific-Debriefings-1962-1963.pdf,35,PERSON,Col. Glenn,Col Glenn,RANK
NASA-UAP-D015-Astronaut-Scientific-Debriefings-1962-1963.pdf,37,PERSON,Col. Glenn's,Col Glenn's,RANK
NASA-UAP-D015-Astronaut-Scientific-Debriefings-1962-1963.pdf,37,PERSON,Col. Glenn,Col Glenn,RANK
NASA-UAP-D015-Astronaut-Scientific-Debriefings-1962-1963.pdf,40,PERSON,Dr. Jocelyn Gill Room,Dr. Jocelyn Gill Room,
NASA-UAP-D015-Astronaut-Scientific-Debriefings-1962-1963.pdf,40,PERSON,Dr. Gill,Dr. Gill,
NASA-UAP-D015-Astronaut-Scientific-Debriefings-1962-1963.pdf,40,LOCATOR,Room 62033,Room 62033,
NASA-UAP-D015-Astronaut-Scientific-Debriefings-1962-1963.pdf,43,DATE,"July 13, 1962","July 13, 1962",
NASA-UAP-D015-Astronaut-Scientific-Debriefings-1962-1963.pdf,44,PERSON,Dr. Jocelyn Gill DATE,Dr. Jocelyn Gill DATE,
NASA-UAP-D015-Astronaut-Scientific-Debriefings-1962-1963.pdf,45,PERSON,Dr. Jocelyn Gill,Dr. Jocelyn Gill,
NASA-UAP-D015-Astronaut-Scientific-Debriefings-1962-1963.pdf,45,DATE,"July 13, 1962","July 13, 1962",
NASA-UAP-D015-Astronaut-Scientific-Debriefings-1962-1963.pdf,46,PERSON,Dr. Jocelyn Gill DATB,Dr. Jocelyn Gill DATB,
NASA-UAP-D015-Astronaut-Scientific-Debriefings-1962-1963.pdf,46,DATE,"July 13, 1962","July 13, 1962",
NASA-UAP-D015-Astronaut-Scientific-Debriefings-1962-1963.pdf,47,PERSON,Dr. Jocelyn Gill July,Dr. Jocelyn Gill July,
NASA-UAP-D015-Astronaut-Scientific-Debriefings-1962-1963.pdf,47,DATE,"July 13, 1962","July 13, 1962",
NASA-UAP-D015-Astronaut-Scientific-Debriefings-1962-1963.pdf,48,PERSON,Dr. Jocelyn Gill DATE,Dr. Jocelyn Gill DATE,
NASA-UAP-D015-Astronaut-Scientific-Debriefings-1962-1963.pdf,48,DATE,"July 13, 1962","July 13, 1962",
NASA-UAP-D015-Astronaut-Scientific-Debriefings-1962-1963.pdf,49,PERSON,Dr. Jocelyn Gill DATE,Dr. Jocelyn Gill DATE,
NASA-UAP-D015-Astronaut-Scientific-Debriefings-1962-1963.pdf,49,DATE,"July 13, 1962","July 13, 1962",
NASA-UAP-D015-Astronaut-Scientific-Debriefings-1962-1963.pdf,50,PERSON,Dr. Jocelyn Gill,Dr. Jocelyn Gill,
NASA-UAP-D015-Astronaut-Scientific-Debriefings-1962-1963.pdf,50,PERSON,Dr. Robert Sherman,Dr. Robert Sherman,
NASA-UAP-D015-Astronaut-Scientific-Debriefings-1962-1963.pdf,50,PERSON,Dr. Arthur Cox,Dr. Arthur Cox,
NASA-UAP-D015-Astronaut-Scientific-Debriefings-1962-1963.pdf,50,PERSON,Dr. Ieston Miller,Dr. Ieston Miller,
NASA-UAP-D015-Astronaut-Scientific-Debriefings-1962-1963.pdf,50,PERSON,Dr. J. A,Dr. J. A,
NASA-UAP-D015-Astronaut-Scientific-Debriefings-1962-1963.pdf,50,DATE,"July 13, 1962","July 13, 1962",
NASA-UAP-D015-Astronaut-Scientific-Debriefings-1962-1963.pdf,54,ORG,NASA,NASA,
NASA-UAP-D015-Astronaut-Scientific-Debriefings-1962-1963.pdf,55,DATE,21 February 1962,21 February 1962,
NASA-UAP-D015-Astronaut-Scientific-Debriefings-1962-1963.pdf,57,PERSON,Lt. Cdr,Lt Cdr,RANK
NASA-UAP-D015-Astronaut-Scientific-Debriefings-1962-1963.pdf,57,PERSON,Mr. Iawrence Dunkelma,Mr. Iawrence Dunkelma,
NASA-UAP-D015-Astronaut-Scientific-Debriefings-1962-1963.pdf,57,PERSON,Lt. Cdr. Carpenter,Lt Cdr. Carpenter,RANK
NASA-UAP-D015-Astronaut-Scientific-Debriefings-1962-1963.pdf,57,DATE,24 May 1962,24 May 1962,
NASA-UAP-D015-Astronaut-Scientific-Debriefings-1962-1963.pdf,59,PERSON,Capt. V. I. Grissom,Capt V. I. Grissom,RANK
NASA-UAP-D015-Astronaut-Scientific-Debriefings-1962-1963.pdf,59,PERSON,Lt. Cdr. Carpenter's,Lt Cdr. Carpenter's,RANK
NASA-UAP-D015-Astronaut-Scientific-Debriefings-1962-1963.pdf,59,ORG,NASA,NASA,
NASA-UAP-D015-Astronaut-Scientific-Debriefings-1962-1963.pdf,60,PERSON,Col. Glenn,Col Glenn,RANK
NASA-UAP-D015-Astronaut-Scientific-Debriefings-1962-1963.pdf,60,PERSON,Mr. Frank M. Crichton,Mr. Frank M. Crichton,
NASA-UAP-D015-Astronaut-Scientific-Debriefings-1962-1963.pdf,60,ORG,NASA,NASA,
NASA-UAP-D015-Astronaut-Scientific-Debriefings-1962-1963.pdf,78,PERSON,Mr. Carmines,Mr. Carmines,
NASA-UAP-D015-Astronaut-Scientific-Debriefings-1962-1963.pdf,85,PERSON,Dr. Peterson,Dr. Peterson,
NASA-UAP-D015-Astronaut-Scientific-Debriefings-1962-1963.pdf,86,PERSON,Dr. Peterson,Dr. Peterson,
NASA-UAP-D015-Astronaut-Scientific-Debriefings-1962-1963.pdf,92,PERSON,Dr. Voa.s,Dr. Voa.s,
NASA-UAP-D015-Astronaut-Scientific-Debriefings-1962-1963.pdf,94,PERSON,Dr. Voe.a,Dr. Voe.a,
NASA-UAP-D015-Astronaut-Scientific-Debriefings-1962-1963.pdf,96,PERSON,Mr. Schirra,Mr. Schirra,
NASA-UAP-D015-Astronaut-Scientific-Debriefings-1962-1963.pdf,98,PERSON,Dr. Voas,Dr. Voas,
NASA-UAP-D015-Astronaut-Scientific-Debriefings-1962-1963.pdf,104,PERSON,Dr. O'Keefe,Dr. O'Keefe,
NASA-UAP-D015-Astronaut-Scientific-Debriefings-1962-1963.pdf,107,PERSON,Dr. Voas,Dr. Voas,
NASA-UAP-D015-Astronaut-Scientific-Debriefings-1962-1963.pdf,107,PERSON,Dr. O'Keefe,Dr. O'Keefe,
NASA-UAP-D015-Astronaut-Scientific-Debriefings-1962-1963.pdf,107,PERSON,Dr. Vo,Dr. Vo,
NASA-UAP-D015-Astronaut-Scientific-Debriefings-1962-1963.pdf,108,PERSON,Dr. Voas,Dr. Voas,
NASA-UAP-D015-Astronaut-Scientific-Debriefings-1962-1963.pdf,111,PERSON,Dr. Voao,Dr. Voao,
NASA-UAP-D015-Astronaut-Scientific-Debriefings-1962-1963.pdf,111,PERSON,Dr. Voas,Dr. Voas,
NASA-UAP-D015-Astronaut-Scientific-Debriefings-1962-1963.pdf,112,PERSON,Dr. Vons,Dr. Vons,
NASA-UAP-D015-Astronaut-Scientific-Debriefings-1962-1963.pdf,114,ORG,NASA,NASA,
NASA-UAP-D015-Astronaut-Scientific-Debriefings-1962-1963.pdf,115,PERSON,Lt. Cmdr. Walter Schirra,Lt Cmdr. Walter Schirra,RANK
NASA-UAP-D015-Astronaut-Scientific-Debriefings-1962-1963.pdf,115,ORG,NASA,NASA,
NASA-UAP-D015-Astronaut-Scientific-Debriefings-1962-1963.pdf,115,DATE,15 November 1963,15 November 1963,
NASA-UAP-D015-Astronaut-Scientific-Debriefings-1962-1963.pdf,115,DATE,"December 20, 1963","December 20, 1963",
NASA-UAP-D015-Astronaut-Scientific-Debriefings-1962-1963.pdf,115,MARKING,FOR OFFICIAL USE ONLY,FOR OFFICIAL USE ONLY,
NASA-UAP-D015-Astronaut-Scientific-Debriefings-1962-1963.pdf,116,PERSON,Dr. John Clark,Dr. John Clark,
NASA-UAP-D015-Astronaut-Scientific-Debriefings-1962-1963.pdf,116,PERSON,Mr. Maurice Dubin,Mr. Maurice Dubin,
NASA-UAP-D015-Astronaut-Scientific-Debriefings-1962-1963.pdf,116,PERSON,Mr. Larry Dunkelman,Mr. Larry Dunkelman,
NASA-UAP-D015-Astronaut-Scientific-Debriefings-1962-1963.pdf,116,PERSON,Dr. Jocelyn Ro Gill,Dr. Jocelyn Ro Gill,
NASA-UAP-D015-Astronaut-Scientific-Debriefings-1962-1963.pdf,116,PERSON,Dr. Urner Liddel,Dr. Urner Liddel,
NASA-UAP-D015-Astronaut-Scientific-Debriefings-1962-1963.pdf,116,PERSON,Mr. Oran Nicks,Mr. Oran Nicks,
NASA-UAP-D015-Astronaut-Scientific-Debriefings-1962-1963.pdf,116,PERSON,Cmdr. Walter Schirra,Cmdr Walter Schirra,RANK
NASA-UAP-D015-Astronaut-Scientific-Debriefings-1962-1963.pdf,116,PERSON,Mr. George Tennyson,Mr. George Tennyson,
NASA-UAP-D015-Astronaut-Scientific-Debriefings-1962-1963.pdf,116,PERSON,Dr. Shoemaker,Dr. Shoemaker,
NASA-UAP-D015-Astronaut-Scientific-Debriefings-1962-1963.pdf,116,PERSON,Cmdr. Schirra,Cmdr Schirra,RANK
NASA-UAP-D015-Astronaut-Scientific-Debriefings-1962-1963.pdf,116,ORG,NASA,NASA,
NASA-UAP-D015-Astronaut-Scientific-Debriefings-1962-1963.pdf,117,PERSON,Dr. O' Keefe,Dr. O' Keefe,
NASA-UAP-D015-Astronaut-Scientific-Debriefings-1962-1963.pdf,117,PERSON,Mrs. Cameron,Mrs. Cameron,
NASA-UAP-D015-Astronaut-Scientific-Debriefings-1962-1963.pdf,119,PERSON,Dr. Roman,Dr. Roman,
NASA-UAP-D015-Astronaut-Scientific-Debriefings-1962-1963.pdf,121,PERSON,Dr. Nordberg,Dr. Nordberg,
NASA-UAP-D015-Astronaut-Scientific-Debriefings-1962-1963.pdf,122,PERSON,Mr. Dubin,Mr. Dubin,
NASA-UAP-D015-Astronaut-Scientific-Debriefings-1962-1963.pdf,126,DATE,"July 29, 1962","July 29, 1962",
NASA-UAP-D015-Astronaut-Scientific-Debriefings-1962-1963.pdf,127,PERSON,Dr. O'Keefe,Dr. O'Keefe,
NASA-UAP-D015-Astronaut-Scientific-Debriefings-1962-1963.pdf,128,PERSON,Mrs. Cameron,Mrs. Cameron,
NASA-UAP-D015-Astronaut-Scientific-Debriefings-1962-1963.pdf,131,PERSON,Mrs. Cameron,Mrs. Cameron,
NASA-UAP-D015-Astronaut-Scientific-Debriefings-1962-1963.pdf,138,PERSON,Dr. Mulders,Dr. Mulders,
NASA-UAP-D015-Astronaut-Scientific-Debriefings-1962-1963.pdf,146,PERSON,Cdr. Schirra,Cmdr Schirra,RANK
NASA-UAP-D015-Astronaut-Scientific-Debriefings-1962-1963.pdf,178,ORG,NASA,NASA,
NASA-UAP-D015-Astronaut-Scientific-Debriefings-1962-1963.pdf,182,PERSON,Mr. McD,Mr. McD,
NASA-UAP-D015-Astronaut-Scientific-Debriefings-1962-1963.pdf,182,PERSON,Mr. BIWI,Mr. BIWI,
NASA-UAP-D015-Astronaut-Scientific-Debriefings-1962-1963.pdf,191,PERSON,Dr. Gill,Dr. Gill,
NASA-UAP-D016-Preliminary-Gemini-4-Crew-Debriefing-Part1-1965.pdf,1,ORG,NASA,NASA,
NASA-UAP-D016-Preliminary-Gemini-4-Crew-Debriefing-Part1-1965.pdf,1,MARKING,DECLASSIFIED,DECLASSIFIED,
NASA-UAP-D016-Preliminary-Gemini-4-Crew-Debriefing-Part1-1965.pdf,3,DATE,"June 9, 1965","June 9, 1965",
NASA-UAP-D016-Preliminary-Gemini-4-Crew-Debriefing-Part1-1965.pdf,3,DATE,"June 23, 1965","June 23, 1965",
NASA-UAP-D016-Preliminary-Gemini-4-Crew-Debriefing-Part1-1965.pdf,128,ORG,FTD,FTD,
NASA-UAP-D016-Preliminary-Gemini-4-Crew-Debriefing-Part1-1965.pdf,137,MARKING,CONFIDENTIAl,CONFIDENTIAL,MARKING
NASA-UAP-D016-Preliminary-Gemini-4-Crew-Debriefing-Part1-1965.pdf,285,PERSON,Dr. Gilruth,Dr. Gilruth,
NASA-UAP-D017-Preliminary-Gemini-4-Crew-Debriefing-Part2-1965.pdf,1,ORG,NASA,NASA,
NASA-UAP-D017-Preliminary-Gemini-4-Crew-Debriefing-Part2-1965.pdf,1,MARKING,Declassified,DECLASSIFIED,MARKING
NASA-UAP-D017-Preliminary-Gemini-4-Crew-Debriefing-Part2-1965.pdf,3,DATE,"June 12, 1965","June 12, 1965",
NASA-UAP-D017-Preliminary-Gemini-4-Crew-Debriefing-Part2-1965.pdf,69,ORG,NASA,NASA,
NASA-UAP-D017-Preliminary-Gemini-4-Crew-Debriefing-Part2-1965.pdf,273,MARKING,restricted,RESTRICTED,MARKING
NASA-UAP-D018-Gemini-4-Experiment-Debriefing-1967.pdf,1,ORG,NASA,NASA,
NASA-UAP-D018-Gemini-4-Experiment-Debriefing-1967.pdf,2,DATE,"June 1, 1965","June 1, 1965",
NASA-UAP-D018-Gemini-4-Experiment-Debriefing-1967.pdf,3,DATE,6/1/65,6/1/65,
NASA-UAP-D018-Gemini-4-Experiment-Debriefing-1967.pdf,4,DATE,6/1/65,6/1/65,
NASA-UAP-D018-Gemini-4-Experiment-Debriefing-1967.pdf,5,DATE,6/1/65,6/1/65,
NASA-UAP-D018-Gemini-4-Experiment-Debriefing-1967.pdf,6,DATE,6/1/65,6/1/65,
NASA-UAP-D018-Gemini-4-Experiment-Debriefing-1967.pdf,7,DATE,6/1/65,6/1/65,
NASA-UAP-D018-Gemini-4-Experiment-Debriefing-1967.pdf,8,DATE,"May 24, 1965","May 24, 1965",
NASA-UAP-D018-Gemini-4-Experiment-Debriefing-1967.pdf,8,DATE,3 June 1965,3 June 1965,
NASA-UAP-D018-Gemini-4-Experiment-Debriefing-1967.pdf,10,ORG,NASA,NASA,
NASA-UAP-D018-Gemini-4-Experiment-Debriefing-1967.pdf,10,DATE,"August 15, 1963","August 15, 1963",
NASA-UAP-D018-Gemini-4-Experiment-Debriefing-1967.pdf,11,DATE,5/24/65,5/24/65,
NASA-UAP-D018-Gemini-4-Experiment-Debriefing-1967.pdf,12,DATE,5/24/65,5/24/65,
NASA-UAP-D018-Gemini-4-Experiment-Debriefing-1967.pdf,13,DATE,5/24/65,5/24/65,
NASA-UAP-D018-Gemini-4-Experiment-Debriefing-1967.pdf,14,DATE,5/24/65,5/24/65,
NASA-UAP-D018-Gemini-4-Experiment-Debriefing-1967.pdf,15,DATE,5/24/65,5/24/65,
NASA-UAP-D018-Gemini-4-Experiment-Debriefing-1967.pdf,16,DATE,5/24/65,5/24/65,
NASA-UAP-D018-Gemini-4-Experiment-Debriefing-1967.pdf,17,DATE,5/24/65,5/24/65,
NASA-UAP-D018-Gemini-4-Experiment-Debriefing-1967.pdf,18,DATE,5/24/65,5/24/65,
NASA-UAP-D018-Gemini-4-Experiment-Debriefing-1967.pdf,19,DATE,5/24/65,5/24/65,
NASA-UAP-D018-Gemini-4-Experiment-Debriefing-1967.pdf,20,DATE,5/24/65,5/24/65,
NASA-UAP-D018-Gemini-4-Experiment-Debriefing-1967.pdf,21,ORG,NASA,NASA,
NASA-UAP-D018-Gemini-4-Experiment-Debriefing-1967.pdf,21,DATE,"June 10, 1929","June 10, 1929",
NASA-UAP-D018-Gemini-4-Experiment-Debriefing-1967.pdf,21,DATE,"November 14, 1930","November 14, 1930",
NASA-UAP-D018-Gemini-4-Experiment-Debriefing-1967.pdf,21,DATE,5/24/65,5/24/65,
NASA-UAP-D018-Gemini-4-Experiment-Debriefing-1967.pdf,22,ORG,NASA,NASA,
NASA-UAP-D018-Gemini-4-Experiment-Debriefing-1967.pdf,22,ORG,USAF,USAF,
NASA-UAP-D018-Gemini-4-Experiment-Debriefing-1967.pdf,22,DATE,"March 14, 1928","March 14, 1928",
NASA-UAP-D018-Gemini-4-Experiment-Debriefing-1967.pdf,22,DATE,"March 25, 1928","March 25, 1928",
NASA-UAP-D018-Gemini-4-Experiment-Debriefing-1967.pdf,22,DATE,5/24/65,5/24/65,
NASA-UAP-D018-Gemini-4-Experiment-Debriefing-1967.pdf,23,ORG,NASA,NASA,
NASA-UAP-D018-Gemini-4-Experiment-Debriefing-1967.pdf,23,DATE,5/24/65,5/24/65,
NASA-UAP-D018-Gemini-4-Experiment-Debriefing-1967.pdf,25,DATE,5/24/65,5/24/65,
NASA-UAP-D018-Gemini-4-Experiment-Debriefing-1967.pdf,27,PERSON,Mr. C.C. Kraft MSC PROGRAM,Mr. C.C. Kraft MSC PROGRAM,
NASA-UAP-D018-Gemini-4-Experiment-Debriefing-1967.pdf,27,ORG,NASA,NASA,
NASA-UAP-D018-Gemini-4-Experiment-Debriefing-1967.pdf,27,DATE,5/24/65,5/24/65,
NASA-UAP-D018-Gemini-4-Experiment-Debriefing-1967.pdf,28,DATE,5/24/65,5/24/65,
NASA-UAP-D018-Gemini-4-Experiment-Debriefing-1967.pdf,30,DATE,5/24/65,5/24/65,
NASA-UAP-D018-Gemini-4-Experiment-Debriefing-1967.pdf,31,ORG,USAF,USAF,
NASA-UAP-D018-Gemini-4-Experiment-Debriefing-1967.pdf,31,DATE,5/24/65,5/24/65,
NASA-UAP-D018-Gemini-4-Experiment-Debriefing-1967.pdf,32,DATE,5/24/65,5/24/65,
NASA-UAP-D018-Gemini-4-Experiment-Debriefing-1967.pdf,33,ORG,NASA,NASA,
NASA-UAP-D018-Gemini-4-Experiment-Debriefing-1967.pdf,34,ORG,NASA,NASA,
NASA-UAP-D018-Gemini-4-Experiment-Debriefing-1967.pdf,36,ORG,NASA,NASA,
NASA-UAP-D018-Gemini-4-Experiment-Debriefing-1967.pdf,133,PERSON,Dr. Berry,Dr. Berry,
NASA-UAP-D018-Gemini-4-Experiment-Debriefing-1967.pdf,134,PERSON,Dr. Duana Catterson,Dr. Duana Catterson,
NASA-UAP-D018-Gemini-4-Experiment-Debriefing-1967.pdf,134,PERSON,Mr. Krall Gordo',Mr. Krall Gordo',
NASA-UAP-D018-Gemini-4-Experiment-Debriefing-1967.pdf,135,PERSON,Dr. Howard Mmners,Dr. Howard Mmners,
NASA-UAP-D018-Gemini-4-Experiment-Debriefing-1967.pdf,135,PERSON,Mrs. Charles Conrad Jr,Mrs. Charles Conrad Jr,
NASA-UAP-D018-Gemini-4-Experiment-Debriefing-1967.pdf,135,PERSON,Dr. John Strong,Dr. John Strong,
NASA-UAP-D018-Gemini-4-Experiment-Debriefing-1967.pdf,135,PERSON,Dr. Strong,Dr. Strong,
NASA-UAP-D018-Gemini-4-Experiment-Debriefing-1967.pdf,135,ORG,NASA,NASA,
NASA-UAP-D018-Gemini-4-Experiment-Debriefing-1967.pdf,164,ORG,NASA,NASA,
NASA-UAP-D018-Gemini-4-Experiment-Debriefing-1967.pdf,165,PERSON,Mr. Liccardi,Mr. Liccardi,
NASA-UAP-D018-Gemini-4-Experiment-Debriefing-1967.pdf,165,PERSON,Dr. Gill,Dr. Gill,
NASA-UAP-D018-Gemini-4-Experiment-Debriefing-1967.pdf,165,DATE,"July 16, 1965","July 16, 1965",
NASA-UAP-D018-Gemini-4-Experiment-Debriefing-1967.pdf,170,PERSON,Dr. Gill,Dr. Gill,
NASA-UAP-D018-Gemini-4-Experiment-Debriefing-1967.pdf,170,DATE,"July 16, 1965","July 16, 1965",
NASA-UAP-D018-Gemini-4-Experiment-Debriefing-1967.pdf,171,ORG,NASA,NASA,
NASA-UAP-D018-Gemini-4-Experiment-Debriefing-1967.pdf,171,MARKING,UNCLASSIFIED,UNCLASSIFIED,
NASA-UAP-D018-Gemini-4-Experiment-Debriefing-1967.pdf,172,PERSON,Mr DATA CORPOBATIO,Mr DATA CORPOBATIO,
NASA-UAP-D018-Gemini-4-Experiment-Debriefing-1967.pdf,172,ORG,SAFEGUARD,SAFEGUARD,
NASA-UAP-D018-Gemini-4-Experiment-Debriefing-1967.pdf,172,DATE,7/16/65,7/16/65,
NASA-UAP-D018-Gemini-4-Experiment-Debriefing-1967.pdf,172,MARKING,UNCLASSIFIED,UNCLASSIFIED,
NASA-UAP-D018-Gemini-4-Experiment-Debriefing-1967.pdf,174,PERSON,Dr. Al Bo,Dr. Al Bo,
NASA-UAP-D018-Gemini-4-Experiment-Debriefing-1967.pdf,175,ORG,NASA,NASA,
NASA-UAP-D018-Gemini-4-Experiment-Debriefing-1967.pdf,175,DATE,24 June 1965,24 June 1965,
NASA-UAP-D018-Gemini-4-Experiment-Debriefing-1967.pdf,176,PERSON,Dr. J.R. Gill,Dr. J.R. Gill,
NASA-UAP-D018-Gemini-4-Experiment-Debriefing-1967.pdf,176,ORG,NASA,NASA,
NASA-UAP-D018-Gemini-4-Experiment-Debriefing-1967.pdf,178,DATE,6/7/65,6/7/65,
NASA-UAP-D018-Gemini-4-Experiment-Debriefing-1967.pdf,179,DATE,6/7/65,6/7/65,
NASA-UAP-D018-Gemini-4-Experiment-Debriefing-1967.pdf,180,DATE,6/7/65,6/7/65,
NASA-UAP-D019-Gemini-5-Technical-Debriefing-Part1-1965.pdf,1,ORG,NASA,NASA,
NASA-UAP-D019-Gemini-5-Technical-Debriefing-Part1-1965.pdf,2,MARKING,Declassified,DECLASSIFIED,MARKING
NASA-UAP-D019-Gemini-5-Technical-Debriefing-Part1-1965.pdf,3,DATE,"August 30, 1965","August 30, 1965",
NASA-UAP-D019-Gemini-5-Technical-Debriefing-Part1-1965.pdf,3,DATE,"September 1, 1965","September 1, 1965",
NASA-UAP-D019-Gemini-5-Technical-Debriefing-Part1-1965.pdf,3,DATE,"September 3, 1965","September 3, 1965",
NASA-UAP-D019-Gemini-5-Technical-Debriefing-Part1-1965.pdf,139,MARKING,restricted,RESTRICTED,MARKING
NASA-UAP-D019-Gemini-5-Technical-Debriefing-Part1-1965.pdf,215,MARKING,CONFIDENTIAL,CONFIDENTIAL,
NASA-UAP-D019-Gemini-5-Technical-Debriefing-Part1-1965.pdf,220,MARKING,CONFIDENTIAL,CONFIDENTIAL,
NASA-UAP-D020-Gemini-5-Technical-Debriefing-Part2-1965.pdf,1,ORG,NASA,NASA,
NASA-UAP-D020-Gemini-5-Technical-Debriefing-Part2-1965.pdf,2,DATE,"September 2, 1965","September 2, 1965",
NASA-UAP-D020-Gemini-5-Technical-Debriefing-Part2-1965.pdf,2,MARKING,Declassified,DECLASSIFIED,MARKING
NASA-UAP-D020-Gemini-5-Technical-Debriefing-Part2-1965.pdf,3,DATE,"August 30, 1965","August 30, 1965",
NASA-UAP-D020-Gemini-5-Technical-Debriefing-Part2-1965.pdf,3,DATE,"September 2, 1965","September 2, 1965",
NASA-UAP-D020-Gemini-5-Technical-Debriefing-Part2-1965.pdf,3,DATE,"September 1, 1965","September 1, 1965",
NASA-UAP-D021-Gemini-7-Technical-Debriefing-1965.pdf,1,ORG,NASA,NASA,
NASA-UAP-D021-Gemini-7-Technical-Debriefing-1965.pdf,1,DATE,"December 23, 1965","December 23, 1965",
NASA-UAP-D021-Gemini-7-Technical-Debriefing-1965.pdf,139,ORG,SAC,SAC,
NASA-UAP-D021-Gemini-7-Technical-Debriefing-1965.pdf,215,ORG,NASA,NASA,
NASA-UAP-D022-Gemini-9-Debriefing-1966.pdf,1,ORG,NASA,NASA,
NASA-UAP-D022-Gemini-9-Debriefing-1966.pdf,10,ORG,NASA,NASA,
NASA-UAP-D022-Gemini-9-Debriefing-1966.pdf,10,ORG,IDA,IDA,
NASA-UAP-D022-Gemini-9-Debriefing-1966.pdf,14,DATE,7/6/66,7/6/66,
NASA-UAP-D022-Gemini-9-Debriefing-1966.pdf,19,ORG,NASA,NASA,
NASA-UAP-D022-Gemini-9-Debriefing-1966.pdf,19,DATE,21 June 1966,21 June 1966,
NASA-UAP-D022-Gemini-9-Debriefing-1966.pdf,20,ORG,NASA,NASA,
NASA-UAP-D022-Gemini-9-Debriefing-1966.pdf,21,PERSON,Mr. O. M. Ows,Mr. O. M. Ows,
NASA-UAP-D022-Gemini-9-Debriefing-1966.pdf,21,PERSON,Mr. Owsley,Mr. Owsley,
NASA-UAP-D022-Gemini-9-Debriefing-1966.pdf,21,PERSON,Capt T. B. Owen,Capt T. B. Owen,
NASA-UAP-D022-Gemini-9-Debriefing-1966.pdf,21,PERSON,Dr. Maurice M,Dr. Maurice M,
NASA-UAP-D022-Gemini-9-Debriefing-1966.pdf,21,PERSON,Dr. Shapiro,Dr. Shapiro,
NASA-UAP-D022-Gemini-9-Debriefing-1966.pdf,21,PERSON,Capt J. C. Matheson,Capt J. C. Matheson,
NASA-UAP-D022-Gemini-9-Debriefing-1966.pdf,21,PERSON,Mr. T. F. Principal Investigator,Mr. T. F. Principal Investigator,
NASA-UAP-D022-Gemini-9-Debriefing-1966.pdf,21,PERSON,Mr. R. W. Fauntleroy,Mr. R. W. Fauntleroy,
NASA-UAP-D022-Gemini-9-Debriefing-1966.pdf,21,PERSON,Mr. Fauntleroy,Mr. Fauntleroy,
NASA-UAP-D022-Gemini-9-Debriefing-1966.pdf,21,PERSON,Mr. R. E,Mr. R. E,
NASA-UAP-D022-Gemini-9-Debriefing-1966.pdf,21,PERSON,Mr. H. B. Brooks,Mr. H. B. Brooks,
NASA-UAP-D022-Gemini-9-Debriefing-1966.pdf,21,DATE,"June 10, 1966","June 10, 1966",
NASA-UAP-D022-Gemini-9-Debriefing-1966.pdf,21,DATE,"January 19, 1966","January 19, 1966",
NASA-UAP-D022-Gemini-9-Debriefing-1966.pdf,21,DATE,"March 31, 1966","March 31, 1966",
NASA-UAP-D022-Gemini-9-Debriefing-1966.pdf,21,DATE,"June 2, 1966","June 2, 1966",
NASA-UAP-D022-Gemini-9-Debriefing-1966.pdf,22,PERSON,Capt T. B. Owen,Capt T. B. Owen,
NASA-UAP-D022-Gemini-9-Debriefing-1966.pdf,22,PERSON,Dr. C. E. Cleeton,Dr. C. E. Cleeton,
NASA-UAP-D022-Gemini-9-Debriefing-1966.pdf,22,PERSON,Dr. Richard Tousey,Dr. Richard Tousey,
NASA-UAP-D022-Gemini-9-Debriefing-1966.pdf,22,PERSON,Dr. Tousey,Dr. Tousey,
NASA-UAP-D022-Gemini-9-Debriefing-1966.pdf,22,PERSON,Dr. Tousey's,Dr. Tousey's,
NASA-UAP-D022-Gemini-9-Debriefing-1966.pdf,22,DATE,"December 21, 1964","December 21, 1964",
NASA-UAP-D022-Gemini-9-Debriefing-1966.pdf,23,ORG,NASA,NASA,
NASA-UAP-D022-Gemini-9-Debriefing-1966.pdf,38,ORG,NASA,NASA,
NASA-UAP-D022-Gemini-9-Debriefing-1966.pdf,39,ORG,NASA,NASA,
NASA-UAP-D022-Gemini-9-Debriefing-1966.pdf,40,PERSON,Dr Jocelyn R. Gill,Dr Jocelyn R. Gill,
NASA-UAP-D022-Gemini-9-Debriefing-1966.pdf,40,MARKING,UNCLASSIFIED,UNCLASSIFIED,
NASA-UAP-D022-Gemini-9-Debriefing-1966.pdf,42,PERSON,Dr. Roacb,Dr. Roacb,
NASA-UAP-D022-Gemini-9-Debriefing-1966.pdf,42,PERSON,Mr. Dunkel.man,Mr. Dunkel.man,
NASA-UAP-D022-Gemini-9-Debriefing-1966.pdf,42,DATE,6/6/66,6/6/66,
NASA-UAP-D022-Gemini-9-Debriefing-1966.pdf,43,DATE,5/27/66,5/27/66,
NASA-UAP-D022-Gemini-9-Debriefing-1966.pdf,43,DATE,5/31/66,5/31/66,
NASA-UAP-D022-Gemini-9-Debriefing-1966.pdf,45,ORG,NASA,NASA,
NASA-UAP-D022-Gemini-9-Debriefing-1966.pdf,46,PERSON,Dr. C,Dr. C,
NASA-UAP-D022-Gemini-9-Debriefing-1966.pdf,46,DATE,6/6/66,6/6/66,
NASA-UAP-D022-Gemini-9-Debriefing-1966.pdf,48,ORG,NASA,NASA,
NASA-UAP-D022-Gemini-9-Debriefing-1966.pdf,52,ORG,NASA,NASA,
NASA-UAP-D022-Gemini-9-Debriefing-1966.pdf,53,ORG,NASA,NASA,
NASA-UAP-D022-Gemini-9-Debriefing-1966.pdf,54,DATE,5/13/66,5/13/66,
NASA-UAP-D022-Gemini-9-Debriefing-1966.pdf,54,DATE,5/19/66,5/19/66,
NASA-UAP-D022-Gemini-9-Debriefing-1966.pdf,55,ORG,NASA,NASA,
NASA-UAP-D022-Gemini-9-Debriefing-1966.pdf,56,ORG,NASA,NASA,
NASA-UAP-D022-Gemini-9-Debriefing-1966.pdf,58,DATE,"May 20, 1966","May 20, 1966",
NASA-UAP-D022-Gemini-9-Debriefing-1966.pdf,62,DATE,5/12/66,5/12/66,
NASA-UAP-D022-Gemini-9-Debriefing-1966.pdf,63,ORG,NASA,NASA,
NASA-UAP-D022-Gemini-9-Debriefing-1966.pdf,65,ORG,NASA,NASA,
NASA-UAP-D022-Gemini-9-Debriefing-1966.pdf,72,ORG,NASA,NASA,
NASA-UAP-D022-Gemini-9-Debriefing-1966.pdf,73,DATE,"March 7, 1966","March 7, 1966",
NASA-UAP-D022-Gemini-9-Debriefing-1966.pdf,73,DATE,"March 4, 1966","March 4, 1966",
NASA-UAP-D022-Gemini-9-Debriefing-1966.pdf,75,DATE,"March 7, 1966","March 7, 1966",
NASA-UAP-D022-Gemini-9-Debriefing-1966.pdf,76,DATE,3/7/66,3/7/66,
USG-UAP-D001-Congress-WhiteHouse-UFO-Correspondence-1998.pdf,2,DATE,05/18/1998,05/18/1998,
USG-UAP-D001-Congress-WhiteHouse-UFO-Correspondence-1998.pdf,2,DATE,05/26/1998,05/26/1998,
USG-UAP-D001-Congress-WhiteHouse-UFO-Correspondence-1998.pdf,2,DATE,06/24/1998,06/24/1998,
USG-UAP-D001-Congress-WhiteHouse-UFO-Correspondence-1998.pdf,2,DATE,06/18/1998,06/18/1998,
USG-UAP-D001-Congress-WhiteHouse-UFO-Correspondence-1998.pdf,3,DATE,08/03/1998,08/03/1998,
USG-UAP-D001-Congress-WhiteHouse-UFO-Correspondence-1998.pdf,3,DATE,08/31/1998,08/31/1998,
USG-UAP-D001-Congress-WhiteHouse-UFO-Correspondence-1998.pdf,3,DATE,09/04/1998,09/04/1998,
USG-UAP-D001-Congress-WhiteHouse-UFO-Correspondence-1998.pdf,3,DATE,09/10/1998,09/10/1998,
USG-UAP-D001-Congress-WhiteHouse-UFO-Correspondence-1998.pdf,3,DATE,08/22/1998,08/22/1998,
USG-UAP-D001-Congress-WhiteHouse-UFO-Correspondence-1998.pdf,4,ORG,NASA,NASA,
USG-UAP-D001-Congress-WhiteHouse-UFO-Correspondence-1998.pdf,4,ORG,NORAD,NORAD,
USG-UAP-D001-Congress-WhiteHouse-UFO-Correspondence-1998.pdf,4,DATE,"August 3, 1998","August 3, 1998",
USG-UAP-D001-Congress-WhiteHouse-UFO-Correspondence-1998.pdf,6,ORG,NICAP,NICAP,
USG-UAP-D001-Congress-WhiteHouse-UFO-Correspondence-1998.pdf,6,ORG,NASA,NASA,
USG-UAP-D001-Congress-WhiteHouse-UFO-Correspondence-1998.pdf,6,ORG,NORAD,NORAD,
USG-UAP-D001-Congress-WhiteHouse-UFO-Correspondence-1998.pdf,7,ORG,NASA,NASA,
USG-UAP-D001-Congress-WhiteHouse-UFO-Correspondence-1998.pdf,7,MARKING,secret,SECRET,MARKING
USG-UAP-D001-Congress-WhiteHouse-UFO-Correspondence-1998.pdf,8,ORG,NASA,NASA,
USG-UAP-D001-Congress-WhiteHouse-UFO-Correspondence-1998.pdf,8,ORG,NICAP,NICAP,
USG-UAP-D001-Congress-WhiteHouse-UFO-Correspondence-1998.pdf,8,ORG,NORAD,NORAD,
USG-UAP-D001-Congress-WhiteHouse-UFO-Correspondence-1998.pdf,8,DATE,"June 3, 1965","June 3, 1965",
USG-UAP-D001-Congress-WhiteHouse-UFO-Correspondence-1998.pdf,10,ORG,NICAP,NICAP,
USG-UAP-D001-Congress-WhiteHouse-UFO-Correspondence-1998.pdf,10,ORG,NASA,NASA,
USG-UAP-D001-Congress-WhiteHouse-UFO-Correspondence-1998.pdf,10,DATE,"March 5, 1976","March 5, 1976",
USG-UAP-D001-Congress-WhiteHouse-UFO-Correspondence-1998.pdf,11,ORG,NASA,NASA,
USG-UAP-D001-Congress-WhiteHouse-UFO-Correspondence-1998.pdf,11,ORG,NORAD,NORAD,
USG-UAP-D001-Congress-WhiteHouse-UFO-Correspondence-1998.pdf,11,DATE,"July 1, 1965","July 1, 1965",
USG-UAP-D001-Congress-WhiteHouse-UFO-Correspondence-1998.pdf,12,ORG,NASA,NASA,
USG-UAP-D001-Congress-WhiteHouse-UFO-Correspondence-1998.pdf,13,ORG,NASA,NASA,
USG-UAP-D001-Congress-WhiteHouse-UFO-Correspondence-1998.pdf,13,DATE,"December 4, 1965","December 4, 1965",
USG-UAP-D001-Congress-WhiteHouse-UFO-Correspondence-1998.pdf,14,ORG,NASA,NASA,
USG-UAP-D001-Congress-WhiteHouse-UFO-Correspondence-1998.pdf,15,PERSON,Dr. James Harder,Dr. James Harder,
USG-UAP-D001-Congress-WhiteHouse-UFO-Correspondence-1998.pdf,15,ORG,NORAD,NORAD,
USG-UAP-D001-Congress-WhiteHouse-UFO-Correspondence-1998.pdf,15,ORG,NASA,NASA,
USG-UAP-D001-Congress-WhiteHouse-UFO-Correspondence-1998.pdf,16,ORG,NASA,NASA,
USG-UAP-D001-Congress-WhiteHouse-UFO-Correspondence-1998.pdf,16,DATE,"April 12, 1976","April 12, 1976",
USG-UAP-D001-Congress-WhiteHouse-UFO-Correspondence-1998.pdf,16,MARKING,secret,SECRET,MARKING
USG-UAP-D001-Congress-WhiteHouse-UFO-Correspondence-1998.pdf,17,ORG,NASA,NASA,
USG-UAP-D001-Congress-WhiteHouse-UFO-Correspondence-1998.pdf,19,ORG,NASA,NASA,
USG-UAP-D001-Congress-WhiteHouse-UFO-Correspondence-1998.pdf,19,ORG,APRO,APRO,
USG-UAP-D001-Congress-WhiteHouse-UFO-Correspondence-1998.pdf,20,PERSON,Mr. Donald Ratsch,Mr. Donald Ratsch,
USG-UAP-D001-Congress-WhiteHouse-UFO-Correspondence-1998.pdf,20,ORG,NASA,NASA,
USG-UAP-D001-Congress-WhiteHouse-UFO-Correspondence-1998.pdf,20,ORG,APRO,APRO,
USG-UAP-D001-Congress-WhiteHouse-UFO-Correspondence-1998.pdf,22,ORG,APRO,APRO,
USG-UAP-D001-Congress-WhiteHouse-UFO-Correspondence-1998.pdf,22,ORG,NASA,NASA,
USG-UAP-D001-Congress-WhiteHouse-UFO-Correspondence-1998.pdf,22,DATE,"July 19, 1969","July 19, 1969",
USG-UAP-D001-Congress-WhiteHouse-UFO-Correspondence-1998.pdf,23,ORG,NASA,NASA,
USG-UAP-D001-Congress-WhiteHouse-UFO-Correspondence-1998.pdf,23,ORG,APRO,APRO,
USG-UAP-D001-Congress-WhiteHouse-UFO-Correspondence-1998.pdf,24,ORG,NASA,NASA,
USG-UAP-D001-Congress-WhiteHouse-UFO-Correspondence-1998.pdf,25,ORG,NASA,NASA,
USG-UAP-D001-Congress-WhiteHouse-UFO-Correspondence-1998.pdf,26,ORG,NASA,NASA,
USG-UAP-D001-Congress-WhiteHouse-UFO-Correspondence-1998.pdf,26,DATE,"May 10, 1976","May 10, 1976",
USG-UAP-D001-Congress-WhiteHouse-UFO-Correspondence-1998.pdf,26,DATE,"October 18, 1973","October 18, 1973",
USG-UAP-D001-Congress-WhiteHouse-UFO-Correspondence-1998.pdf,26,MARKING,secret,SECRET,MARKING
USG-UAP-D001-Congress-WhiteHouse-UFO-Correspondence-1998.pdf,27,ORG,NASA,NASA,
USG-UAP-D001-Congress-WhiteHouse-UFO-Correspondence-1998.pdf,27,DATE,"May 10, 1976","May 10, 1976",
USG-UAP-D001-Congress-WhiteHouse-UFO-Correspondence-1998.pdf,27,DATE,"October 18, 1973","October 18, 1973",
USG-UAP-D001-Congress-WhiteHouse-UFO-Correspondence-1998.pdf,27,MARKING,secret,SECRET,MARKING
USG-UAP-D001-Congress-WhiteHouse-UFO-Correspondence-1998.pdf,28,ORG,NASA,NASA,
USG-UAP-D001-Congress-WhiteHouse-UFO-Correspondence-1998.pdf,28,MARKING,secret,SECRET,MARKING
USG-UAP-D001-Congress-WhiteHouse-UFO-Correspondence-1998.pdf,29,ORG,NASA,NASA,
USG-UAP-D001-Congress-WhiteHouse-UFO-Correspondence-1998.pdf,29,DATE,"Nov. 27, 1973","Nov. 27, 1973",
USG-UAP-D001-Congress-WhiteHouse-UFO-Correspondence-1998.pdf,30,ORG,NASA,NASA,
USG-UAP-D001-Congress-WhiteHouse-UFO-Correspondence-1998.pdf,31,ORG,NASA,NASA,
USG-UAP-D001-Congress-WhiteHouse-UFO-Correspondence-1998.pdf,31,ORG,CIA,CIA,
USG-UAP-D001-Congress-WhiteHouse-UFO-Correspondence-1998.pdf,31,DATE,"January 29, 1970","January 29, 1970",
USG-UAP-D001-Congress-WhiteHouse-UFO-Correspondence-1998.pdf,31,DATE,"Nov. 30, 1975","Nov. 30, 1975",
USG-UAP-D001-Congress-WhiteHouse-UFO-Correspondence-1998.pdf,31,MARKING,SECRET,SECRET,
USG-UAP-D001-Congress-WhiteHouse-UFO-Correspondence-1998.pdf,32,DATE,"August 3, 1998","August 3, 1998",
USG-UAP-D001-Congress-WhiteHouse-UFO-Correspondence-1998.pdf,32,LOCATOR,Room 9L33,Room 9L33,
USG-UAP-D001-Congress-WhiteHouse-UFO-Correspondence-1998.pdf,33,ORG,NASA,NASA,
USG-UAP-D001-Congress-WhiteHouse-UFO-Correspondence-1998.pdf,33,ORG,Project Blue Book,Project Blue Book,
USG-UAP-D001-Congress-WhiteHouse-UFO-Correspondence-1998.pdf,33,ORG,CIA,CIA,
USG-UAP-D001-Congress-WhiteHouse-UFO-Correspondence-1998.pdf,33,DATE,7/6/98,7/6/98,
USG-UAP-D001-Congress-WhiteHouse-UFO-Correspondence-1998.pdf,33,DATE,"August 10, 1997","August 10, 1997",
USG-UAP-D001-Congress-WhiteHouse-UFO-Correspondence-1998.pdf,33,MARKING,secret,SECRET,MARKING
USG-UAP-D001-Congress-WhiteHouse-UFO-Correspondence-1998.pdf,34,MARKING,secret,SECRET,MARKING
USG-UAP-D001-Congress-WhiteHouse-UFO-Correspondence-1998.pdf,35,ORG,NASA,NASA,
USG-UAP-D001-Congress-WhiteHouse-UFO-Correspondence-1998.pdf,35,DATE,"May 15, 1963","May 15, 1963",
USG-UAP-D001-Congress-WhiteHouse-UFO-Correspondence-1998.pdf,35,MARKING,secret,SECRET,MARKING
USG-UAP-D001-Congress-WhiteHouse-UFO-Correspondence-1998.pdf,36,ORG,NASA,NASA,
USG-UAP-D001-Congress-WhiteHouse-UFO-Correspondence-1998.pdf,36,DATE,21 July 1969,21 July 1969,
USG-UAP-D001-Congress-WhiteHouse-UFO-Correspondence-1998.pdf,37,ORG,NASA,NASA,
USG-UAP-D001-Congress-WhiteHouse-UFO-Correspondence-1998.pdf,38,PERSON,Dr. Vladimir Azhazha,Dr. Vladimir Azhazha,
USG-UAP-D001-Congress-WhiteHouse-UFO-Correspondence-1998.pdf,38,PERSON,Dr. Aleksandr Kasantsev,Dr. Aleksandr Kasantsev,
USG-UAP-D001-Congress-WhiteHouse-UFO-Correspondence-1998.pdf,38,ORG,NASA,NASA,
USG-UAP-D001-Congress-WhiteHouse-UFO-Correspondence-1998.pdf,38,ORG,CIA,CIA,
USG-UAP-D001-Congress-WhiteHouse-UFO-Correspondence-1998.pdf,38,DATE,"July 17, 1962","July 17, 1962",
USG-UAP-D001-Congress-WhiteHouse-UFO-Correspondence-1998.pdf,39,PERSON,Dr. Garry Henderson,Dr. Garry Henderson,
USG-UAP-D001-Congress-WhiteHouse-UFO-Correspondence-1998.pdf,39,ORG,NASA,NASA,
USG-UAP-D001-Congress-WhiteHouse-UFO-Correspondence-1998.pdf,39,DATE,"May 11, 1962","May 11, 1962",
USG-UAP-D001-Congress-WhiteHouse-UFO-Correspondence-1998.pdf,41,ORG,NASA,NASA,
USG-UAP-D001-Congress-WhiteHouse-UFO-Correspondence-1998.pdf,41,DATE,"May 18, 1998","May 18, 1998",
USG-UAP-D001-Congress-WhiteHouse-UFO-Correspondence-1998.pdf,42,PERSON,Mr. Lawrence,Mr. Lawrence,
USG-UAP-D001-Congress-WhiteHouse-UFO-Correspondence-1998.pdf,42,PERSON,Mr. Medway,Mr. Medway,
USG-UAP-D001-Congress-WhiteHouse-UFO-Correspondence-1998.pdf,42,DATE,"May 18, 1998","May 18, 1998",
USG-UAP-D001-Congress-WhiteHouse-UFO-Correspondence-1998.pdf,43,ORG,NASA,NASA,
USG-UAP-D001-Congress-WhiteHouse-UFO-Correspondence-1998.pdf,44,ORG,NASA,NASA,
USG-UAP-D001-Congress-WhiteHouse-UFO-Correspondence-1998.pdf,45,ORG,NASA,NASA,
USG-UAP-D001-Congress-WhiteHouse-UFO-Correspondence-1998.pdf,45,DATE,"May 26, 1998","May 26, 1998",
USG-UAP-D001-Congress-WhiteHouse-UFO-Correspondence-1998.pdf,45,DATE,"June 9, 1998","June 9, 1998",
USG-UAP-D001-Congress-WhiteHouse-UFO-Correspondence-1998.pdf,46,ORG,NASA,NASA,
USG-UAP-D001-Congress-WhiteHouse-UFO-Correspondence-1998.pdf,47,DATE,05/18/1998,05/18/1998,
USG-UAP-D001-Congress-WhiteHouse-UFO-Correspondence-1998.pdf,47,DATE,05/26/1998,05/26/1998,
USG-UAP-D001-Congress-WhiteHouse-UFO-Correspondence-1998.pdf,47,DATE,06/18/1998,06/18/1998,
USG-UAP-D001-Congress-WhiteHouse-UFO-Correspondence-1998.pdf,48,ORG,NASA,NASA,
USG-UAP-D001-Congress-WhiteHouse-UFO-Correspondence-1998.pdf,50,DATE,05/17/1998,05/17/1998,
USG-UAP-D001-Congress-WhiteHouse-UFO-Correspondence-1998.pdf,50,DATE,06/18/1998,06/18/1998,
USG-UAP-D001-Congress-WhiteHouse-UFO-Correspondence-1998.pdf,50,DATE,06/26/1998,06/26/1998,
USG-UAP-D001-Congress-WhiteHouse-UFO-Correspondence-1998.pdf,50,DATE,07/15/1998,07/15/1998,
USG-UAP-D001-Congress-WhiteHouse-UFO-Correspondence-1998.pdf,50,DATE,06/24/1998,06/24/1998,
USG-UAP-D001-Congress-WhiteHouse-UFO-Correspondence-1998.pdf,51,ORG,NASA,NASA,
USG-UAP-D001-Congress-WhiteHouse-UFO-Correspondence-1998.pdf,51,DATE,"May 17, 1998","May 17, 1998",
USG-UAP-D001-Congress-WhiteHouse-UFO-Correspondence-1998.pdf,53,PERSON,Mr. President,Mr. President,
USG-UAP-D001-Congress-WhiteHouse-UFO-Correspondence-1998.pdf,53,PERSON,Mrs. Clinton,Mrs. Clinton,
USG-UAP-D001-Congress-WhiteHouse-UFO-Correspondence-1998.pdf,53,PERSON,Dr. Steven Greer,Dr. Steven Greer,
USG-UAP-D001-Congress-WhiteHouse-UFO-Correspondence-1998.pdf,53,ORG,CIA,CIA,
USG-UAP-D001-Congress-WhiteHouse-UFO-Correspondence-1998.pdf,53,DATE,17 May 1998,17 May 1998,
USG-UAP-D001-Congress-WhiteHouse-UFO-Correspondence-1998.pdf,55,ORG,NASA,NASA,
USG-UAP-D001-Congress-WhiteHouse-UFO-Correspondence-1998.pdf,55,DATE,"May 17, 1998","May 17, 1998",
USG-UAP-D001-Congress-WhiteHouse-UFO-Correspondence-1998.pdf,57,DATE,05/17/1998,05/17/1998,
USG-UAP-D001-Congress-WhiteHouse-UFO-Correspondence-1998.pdf,57,DATE,06/18/1998,06/18/1998,
USG-UAP-D001-Congress-WhiteHouse-UFO-Correspondence-1998.pdf,57,DATE,07/15/1998,07/15/1998,
USG-UAP-D001-Congress-WhiteHouse-UFO-Correspondence-1998.pdf,58,DATE,6/17/98,6/17/98,
USG-UAP-D001-Congress-WhiteHouse-UFO-Correspondence-1998.pdf,58,DATE,05/17/1998,05/17/1998,
USG-UAP-D001-Congress-WhiteHouse-UFO-Correspondence-1998.pdf,58,DATE,06/17/1998,06/17/1998,
USG-UAP-D001-Congress-WhiteHouse-UFO-Correspondence-1998.pdf,58,DATE,07/15/1998,07/15/1998,
USG-UAP-D001-Congress-WhiteHouse-UFO-Correspondence-1998.pdf,59,DATE,05/17/1998,05/17/1998,
USG-UAP-D001-Congress-WhiteHouse-UFO-Correspondence-1998.pdf,59,DATE,06/17/1998,06/17/1998,
USG-UAP-D001-Congress-WhiteHouse-UFO-Correspondence-1998.pdf,59,DATE,07/15/1998,07/15/1998,
USG-UAP-D001-Congress-WhiteHouse-UFO-Correspondence-1998.pdf,60,DATE,06/04/1998,06/04/1998,
USG-UAP-D001-Congress-WhiteHouse-UFO-Correspondence-1998.pdf,60,DATE,06/15/1998,06/15/1998,
USG-UAP-D001-Congress-WhiteHouse-UFO-Correspondence-1998.pdf,60,DATE,06/18/1998,06/18/1998,
USG-UAP-D001-Congress-WhiteHouse-UFO-Correspondence-1998.pdf,60,DATE,07/06/1998,07/06/1998,
USG-UAP-D001-Congress-WhiteHouse-UFO-Correspondence-1998.pdf,61,ORG,NASA,NASA,
USG-UAP-D001-Congress-WhiteHouse-UFO-Correspondence-1998.pdf,63,DATE,"June 4, 1998","June 4, 1998",
USG-UAP-D001-Congress-WhiteHouse-UFO-Correspondence-1998.pdf,63,LOCATOR,Room 9L33,Room 9L33,
USG-UAP-D001-Congress-WhiteHouse-UFO-Correspondence-1998.pdf,65,ORG,NASA,NASA,
USG-UAP-D001-Congress-WhiteHouse-UFO-Correspondence-1998.pdf,65,ORG,USAF,USAF,
USG-UAP-D001-Congress-WhiteHouse-UFO-Correspondence-1998.pdf,65,ORG,Project Blue Book,Project Blue Book,
USG-UAP-D001-Congress-WhiteHouse-UFO-Correspondence-1998.pdf,66,ORG,Project Blue Book,Project Blue Book,
USG-UAP-D001-Congress-WhiteHouse-UFO-Correspondence-1998.pdf,66,ORG,USAF,USAF,
USG-UAP-D001-Congress-WhiteHouse-UFO-Correspondence-1998.pdf,66,ORG,NASA,NASA,
USG-UAP-D001-Congress-WhiteHouse-UFO-Correspondence-1998.pdf,66,DATE,"December 17, 1969","December 17, 1969",
USG-UAP-D001-Congress-WhiteHouse-UFO-Correspondence-1998.pdf,67,ORG,NASA,NASA,
USG-UAP-D001-Congress-WhiteHouse-UFO-Correspondence-1998.pdf,67,DATE,"February 14, 1997","February 14, 1997",
USG-UAP-D001-Congress-WhiteHouse-UFO-Correspondence-1998.pdf,68,ORG,NASA,NASA,
USG-UAP-D001-Congress-WhiteHouse-UFO-Correspondence-1998.pdf,70,DATE,03/16/98,03/16/98,
USG-UAP-D001-Congress-WhiteHouse-UFO-Correspondence-1998.pdf,70,DATE,04/23/98,04/23/98,
USG-UAP-D001-Congress-WhiteHouse-UFO-Correspondence-1998.pdf,70,DATE,05/28/98,05/28/98,
USG-UAP-D001-Congress-WhiteHouse-UFO-Correspondence-1998.pdf,70,DATE,05/01/98,05/01/98,
USG-UAP-D001-Congress-WhiteHouse-UFO-Correspondence-1998.pdf,71,ORG,NASA,NASA,
USG-UAP-D001-Congress-WhiteHouse-UFO-Correspondence-1998.pdf,71,DATE,"March 16, 1998","March 16, 1998",
USG-UAP-D001-Congress-WhiteHouse-UFO-Correspondence-1998.pdf,72,DATE,03/16/1998,03/16/1998,
USG-UAP-D001-Congress-WhiteHouse-UFO-Correspondence-1998.pdf,72,DATE,04/22/1998,04/22/1998,
USG-UAP-D001-Congress-WhiteHouse-UFO-Correspondence-1998.pdf,72,DATE,05/28/1998,05/28/1998,
USG-UAP-D001-Congress-WhiteHouse-UFO-Correspondence-1998.pdf,73,DATE,03/16/1998,03/16/1998,
USG-UAP-D001-Congress-WhiteHouse-UFO-Correspondence-1998.pdf,73,DATE,04/22/1998,04/22/1998,
USG-UAP-D001-Congress-WhiteHouse-UFO-Correspondence-1998.pdf,74,PERSON,Mr. President,Mr. President,
USG-UAP-D001-Congress-WhiteHouse-UFO-Correspondence-1998.pdf,74,DATE,16 Mar 1998,16 Mar 1998,
USG-UAP-D001-Congress-WhiteHouse-UFO-Correspondence-1998.pdf,75,PERSON,Dr. Steven Greer. But,Dr. Steven Greer. But,
USG-UAP-D001-Congress-WhiteHouse-UFO-Correspondence-1998.pdf,76,PERSON,Mr. President. It,Mr. President. It,
USG-UAP-D001-Congress-WhiteHouse-UFO-Correspondence-1998.pdf,77,ORG,NASA,NASA,
USG-UAP-D001-Congress-WhiteHouse-UFO-Correspondence-1998.pdf,77,DATE,"March 16, 1998","March 16, 1998",
USG-UAP-D001-Congress-WhiteHouse-UFO-Correspondence-1998.pdf,78,DATE,05/13/1998,05/13/1998,
USG-UAP-D001-Congress-WhiteHouse-UFO-Correspondence-1998.pdf,78,DATE,05/27/1998,05/27/1998,
USG-UAP-D001-Congress-WhiteHouse-UFO-Correspondence-1998.pdf,78,DATE,06/17/1998,06/17/1998,
USG-UAP-D001-Congress-WhiteHouse-UFO-Correspondence-1998.pdf,80,ORG,NASA,NASA,
USG-UAP-D001-Congress-WhiteHouse-UFO-Correspondence-1998.pdf,80,ORG,USAF,USAF,
USG-UAP-D001-Congress-WhiteHouse-UFO-Correspondence-1998.pdf,80,ORG,Project Blue Book,Project Blue Book,
USG-UAP-D001-Congress-WhiteHouse-UFO-Correspondence-1998.pdf,81,ORG,NASA,NASA,
USG-UAP-D001-Congress-WhiteHouse-UFO-Correspondence-1998.pdf,81,ORG,Project Blue Book,Project Blue Book,
USG-UAP-D001-Congress-WhiteHouse-UFO-Correspondence-1998.pdf,84,PERSON,Mr. Lawrence E. Medway Director,Mr. Lawrence E. Medway Director,
USG-UAP-D001-Congress-WhiteHouse-UFO-Correspondence-1998.pdf,84,PERSON,Mr. Medway,Mr. Medway,
USG-UAP-D001-Congress-WhiteHouse-UFO-Correspondence-1998.pdf,84,DATE,"May 13, 1998","May 13, 1998",
USG-UAP-D001-Congress-WhiteHouse-UFO-Correspondence-1998.pdf,86,DATE,05/13/1998,05/13/1998,
USG-UAP-D001-Congress-WhiteHouse-UFO-Correspondence-1998.pdf,86,DATE,06/17/1998,06/17/1998,
USG-UAP-D001-Congress-WhiteHouse-UFO-Correspondence-1998.pdf,86,DATE,05/27/1998,05/27/1998,
