release_id,pdf_page,gap_type,detail
DOW-UAP-D092,1,NO_TEXT_LAYER,page yields <40 chars; requires raster/OCR pass
DOW-UAP-D092,3,NO_TEXT_LAYER,page yields <40 chars; requires raster/OCR pass
DOW-UAP-D092,4,NO_TEXT_LAYER,page yields <40 chars; requires raster/OCR pass
DOW-UAP-D092,5,ENCLOSURE_REFERENCED,enclosure/attachment cited; verify presence in dump
DOW-UAP-D092,12,LOW_OCR_QUALITY,quality=0.808
DOW-UAP-D092,13,ENCLOSURE_REFERENCED,enclosure/attachment cited; verify presence in dump
DOW-UAP-D092,14,NO_TEXT_LAYER,page yields <40 chars; requires raster/OCR pass
DOW-UAP-D092,17,NO_TEXT_LAYER,page yields <40 chars; requires raster/OCR pass
DOW-UAP-D092,18,ENCLOSURE_REFERENCED,enclosure/attachment cited; verify presence in dump
DOW-UAP-D092,19,ENCLOSURE_REFERENCED,enclosure/attachment cited; verify presence in dump
DOW-UAP-D092,20,NO_TEXT_LAYER,page yields <40 chars; requires raster/OCR pass
DOW-UAP-D092,21,ENCLOSURE_REFERENCED,enclosure/attachment cited; verify presence in dump
DOW-UAP-D092,22,ENCLOSURE_REFERENCED,enclosure/attachment cited; verify presence in dump
DOW-UAP-D092,26,ENCLOSURE_REFERENCED,enclosure/attachment cited; verify presence in dump
DOW-UAP-D092,27,ENCLOSURE_REFERENCED,enclosure/attachment cited; verify presence in dump
DOW-UAP-D092,33,ENCLOSURE_REFERENCED,enclosure/attachment cited; verify presence in dump
DOW-UAP-D092,35,ENCLOSURE_REFERENCED,enclosure/attachment cited; verify presence in dump
DOW-UAP-D092,37,NO_TEXT_LAYER,page yields <40 chars; requires raster/OCR pass
DOW-UAP-D092,38,NO_TEXT_LAYER,page yields <40 chars; requires raster/OCR pass
DOW-UAP-D092,39,NO_TEXT_LAYER,page yields <40 chars; requires raster/OCR pass
DOW-UAP-D092,40,NO_TEXT_LAYER,page yields <40 chars; requires raster/OCR pass
DOW-UAP-D092,41,NO_TEXT_LAYER,page yields <40 chars; requires raster/OCR pass
DOW-UAP-D092,42,ENCLOSURE_REFERENCED,enclosure/attachment cited; verify presence in dump
DOW-UAP-D092,43,ENCLOSURE_REFERENCED,enclosure/attachment cited; verify presence in dump
DOW-UAP-D092,44,NO_TEXT_LAYER,page yields <40 chars; requires raster/OCR pass
DOW-UAP-D092,46,NO_TEXT_LAYER,page yields <40 chars; requires raster/OCR pass
DOW-UAP-D092,47,NO_TEXT_LAYER,page yields <40 chars; requires raster/OCR pass
DOW-UAP-D092,48,ENCLOSURE_REFERENCED,enclosure/attachment cited; verify presence in dump
DOW-UAP-D092,50,ENCLOSURE_REFERENCED,enclosure/attachment cited; verify presence in dump
DOW-UAP-D092,51,ENCLOSURE_REFERENCED,enclosure/attachment cited; verify presence in dump
DOW-UAP-D092,54,ENCLOSURE_REFERENCED,enclosure/attachment cited; verify presence in dump
DOW-UAP-D092,73,ENCLOSURE_REFERENCED,enclosure/attachment cited; verify presence in dump
DOW-UAP-D092,78,NO_TEXT_LAYER,page yields <40 chars; requires raster/OCR pass
DOW-UAP-D092,79,NO_TEXT_LAYER,page yields <40 chars; requires raster/OCR pass
DOW-UAP-D092,80,NO_TEXT_LAYER,page yields <40 chars; requires raster/OCR pass
DOW-UAP-D092,81,NO_TEXT_LAYER,page yields <40 chars; requires raster/OCR pass
DOW-UAP-D092,82,NO_TEXT_LAYER,page yields <40 chars; requires raster/OCR pass
DOW-UAP-D092,83,LOW_OCR_QUALITY,quality=0.877
DOW-UAP-D092,84,NO_TEXT_LAYER,page yields <40 chars; requires raster/OCR pass
FBI-UAP-D041,1,NO_TEXT_LAYER,page yields <40 chars; requires raster/OCR pass
FBI-UAP-D041,2,NO_TEXT_LAYER,page yields <40 chars; requires raster/OCR pass
FBI-UAP-D041,3,NO_TEXT_LAYER,page yields <40 chars; requires raster/OCR pass
FBI-UAP-D041,4,NO_TEXT_LAYER,page yields <40 chars; requires raster/OCR pass
FBI-UAP-D041,5,NO_TEXT_LAYER,page yields <40 chars; requires raster/OCR pass
FBI-UAP-D041,6,NO_TEXT_LAYER,page yields <40 chars; requires raster/OCR pass
CIA-UAP-D022,3,LOW_OCR_QUALITY,quality=0.883
CIA-UAP-D022,4,LOW_OCR_QUALITY,quality=0.892
CIA-UAP-D022,6,ENCLOSURE_REFERENCED,enclosure/attachment cited; verify presence in dump
DOW-UAP-D097,2,ENCLOSURE_REFERENCED,enclosure/attachment cited; verify presence in dump
DOW-UAP-D097,31,NO_TEXT_LAYER,page yields <40 chars; requires raster/OCR pass
DOW-UAP-D097,32,NO_TEXT_LAYER,page yields <40 chars; requires raster/OCR pass
DOW-UAP-D097,34,NO_TEXT_LAYER,page yields <40 chars; requires raster/OCR pass
DOW-UAP-D097,35,NO_TEXT_LAYER,page yields <40 chars; requires raster/OCR pass
DOW-UAP-D097,44,ENCLOSURE_REFERENCED,enclosure/attachment cited; verify presence in dump
FBI-UAP-D014,1,LOW_OCR_QUALITY,quality=0.845
FBI-UAP-D014,3,LOW_OCR_QUALITY,quality=0.868
CIA-UAP-D020,3,LOW_OCR_QUALITY,quality=0.899
DOW-UAP-D090,1,REDACTION_MARKER,sanitizes
DOW-UAP-D096,1,NO_TEXT_LAYER,page yields <40 chars; requires raster/OCR pass
DOW-UAP-D096,2,NO_TEXT_LAYER,page yields <40 chars; requires raster/OCR pass
DOW-UAP-D096,3,NO_TEXT_LAYER,page yields <40 chars; requires raster/OCR pass
DOW-UAP-D096,4,NO_TEXT_LAYER,page yields <40 chars; requires raster/OCR pass
DOW-UAP-D096,6,NO_TEXT_LAYER,page yields <40 chars; requires raster/OCR pass
DOW-UAP-D096,7,NO_TEXT_LAYER,page yields <40 chars; requires raster/OCR pass
DOW-UAP-D096,8,NO_TEXT_LAYER,page yields <40 chars; requires raster/OCR pass
DOW-UAP-D096,9,LOW_OCR_QUALITY,quality=0.857
DOW-UAP-D096,10,NO_TEXT_LAYER,page yields <40 chars; requires raster/OCR pass
DOW-UAP-D096,11,NO_TEXT_LAYER,page yields <40 chars; requires raster/OCR pass
DOW-UAP-D096,12,ENCLOSURE_REFERENCED,enclosure/attachment cited; verify presence in dump
DOW-UAP-D096,13,NO_TEXT_LAYER,page yields <40 chars; requires raster/OCR pass
DOW-UAP-D096,14,NO_TEXT_LAYER,page yields <40 chars; requires raster/OCR pass
DOW-UAP-D096,17,NO_TEXT_LAYER,page yields <40 chars; requires raster/OCR pass
DOW-UAP-D096,18,NO_TEXT_LAYER,page yields <40 chars; requires raster/OCR pass
DOW-UAP-D096,19,NO_TEXT_LAYER,page yields <40 chars; requires raster/OCR pass
DOW-UAP-D096,20,NO_TEXT_LAYER,page yields <40 chars; requires raster/OCR pass
DOW-UAP-D096,21,NO_TEXT_LAYER,page yields <40 chars; requires raster/OCR pass
DOW-UAP-D096,22,NO_TEXT_LAYER,page yields <40 chars; requires raster/OCR pass
DOW-UAP-D096,23,NO_TEXT_LAYER,page yields <40 chars; requires raster/OCR pass
DOW-UAP-D096,24,NO_TEXT_LAYER,page yields <40 chars; requires raster/OCR pass
DOW-UAP-D096,26,NO_TEXT_LAYER,page yields <40 chars; requires raster/OCR pass
DOW-UAP-D096,28,NO_TEXT_LAYER,page yields <40 chars; requires raster/OCR pass
DOW-UAP-D096,29,NO_TEXT_LAYER,page yields <40 chars; requires raster/OCR pass
DOW-UAP-D096,30,NO_TEXT_LAYER,page yields <40 chars; requires raster/OCR pass
DOW-UAP-D096,31,NO_TEXT_LAYER,page yields <40 chars; requires raster/OCR pass
DOW-UAP-D096,32,NO_TEXT_LAYER,page yields <40 chars; requires raster/OCR pass
DOW-UAP-D096,33,NO_TEXT_LAYER,page yields <40 chars; requires raster/OCR pass
DOW-UAP-D096,34,NO_TEXT_LAYER,page yields <40 chars; requires raster/OCR pass
DOW-UAP-D096,35,NO_TEXT_LAYER,page yields <40 chars; requires raster/OCR pass
DOW-UAP-D096,36,NO_TEXT_LAYER,page yields <40 chars; requires raster/OCR pass
DOW-UAP-D096,37,NO_TEXT_LAYER,page yields <40 chars; requires raster/OCR pass
DOW-UAP-D096,38,NO_TEXT_LAYER,page yields <40 chars; requires raster/OCR pass
DOW-UAP-D096,39,NO_TEXT_LAYER,page yields <40 chars; requires raster/OCR pass
DOW-UAP-D096,40,NO_TEXT_LAYER,page yields <40 chars; requires raster/OCR pass
DOW-UAP-D096,42,NO_TEXT_LAYER,page yields <40 chars; requires raster/OCR pass
DOW-UAP-D096,43,NO_TEXT_LAYER,page yields <40 chars; requires raster/OCR pass
DOW-UAP-D096,44,NO_TEXT_LAYER,page yields <40 chars; requires raster/OCR pass
DOW-UAP-D096,45,NO_TEXT_LAYER,page yields <40 chars; requires raster/OCR pass
DOW-UAP-D096,46,NO_TEXT_LAYER,page yields <40 chars; requires raster/OCR pass
DOW-UAP-D096,47,NO_TEXT_LAYER,page yields <40 chars; requires raster/OCR pass
DOW-UAP-D096,48,NO_TEXT_LAYER,page yields <40 chars; requires raster/OCR pass
DOW-UAP-D096,49,NO_TEXT_LAYER,page yields <40 chars; requires raster/OCR pass
DOW-UAP-D096,50,NO_TEXT_LAYER,page yields <40 chars; requires raster/OCR pass
DOW-UAP-D096,51,NO_TEXT_LAYER,page yields <40 chars; requires raster/OCR pass
DOW-UAP-D096,52,NO_TEXT_LAYER,page yields <40 chars; requires raster/OCR pass
DOW-UAP-D096,53,NO_TEXT_LAYER,page yields <40 chars; requires raster/OCR pass
DOW-UAP-D096,54,NO_TEXT_LAYER,page yields <40 chars; requires raster/OCR pass
DOW-UAP-D096,56,NO_TEXT_LAYER,page yields <40 chars; requires raster/OCR pass
DOW-UAP-D096,58,NO_TEXT_LAYER,page yields <40 chars; requires raster/OCR pass
DOW-UAP-D096,59,NO_TEXT_LAYER,page yields <40 chars; requires raster/OCR pass
DOW-UAP-D096,60,NO_TEXT_LAYER,page yields <40 chars; requires raster/OCR pass
DOW-UAP-D096,62,NO_TEXT_LAYER,page yields <40 chars; requires raster/OCR pass
DOW-UAP-D096,63,NO_TEXT_LAYER,page yields <40 chars; requires raster/OCR pass
DOW-UAP-D096,64,LOW_OCR_QUALITY,quality=0.848
DOW-UAP-D096,65,ENCLOSURE_REFERENCED,enclosure/attachment cited; verify presence in dump
DOW-UAP-D096,66,NO_TEXT_LAYER,page yields <40 chars; requires raster/OCR pass
DOW-UAP-D096,68,NO_TEXT_LAYER,page yields <40 chars; requires raster/OCR pass
DOW-UAP-D096,69,NO_TEXT_LAYER,page yields <40 chars; requires raster/OCR pass
DOW-UAP-D096,70,NO_TEXT_LAYER,page yields <40 chars; requires raster/OCR pass
DOW-UAP-D096,72,NO_TEXT_LAYER,page yields <40 chars; requires raster/OCR pass
DOW-UAP-D096,75,NO_TEXT_LAYER,page yields <40 chars; requires raster/OCR pass
DOW-UAP-D096,76,NO_TEXT_LAYER,page yields <40 chars; requires raster/OCR pass
DOW-UAP-D096,77,NO_TEXT_LAYER,page yields <40 chars; requires raster/OCR pass
DOW-UAP-D096,78,NO_TEXT_LAYER,page yields <40 chars; requires raster/OCR pass
DOW-UAP-D096,79,NO_TEXT_LAYER,page yields <40 chars; requires raster/OCR pass
DOW-UAP-D096,80,NO_TEXT_LAYER,page yields <40 chars; requires raster/OCR pass
DOW-UAP-D096,81,NO_TEXT_LAYER,page yields <40 chars; requires raster/OCR pass
DOW-UAP-D096,82,NO_TEXT_LAYER,page yields <40 chars; requires raster/OCR pass
DOW-UAP-D096,83,NO_TEXT_LAYER,page yields <40 chars; requires raster/OCR pass
DOW-UAP-D096,84,NO_TEXT_LAYER,page yields <40 chars; requires raster/OCR pass
DOW-UAP-D096,87,NO_TEXT_LAYER,page yields <40 chars; requires raster/OCR pass
DOW-UAP-D096,89,NO_TEXT_LAYER,page yields <40 chars; requires raster/OCR pass
DOW-UAP-D096,90,NO_TEXT_LAYER,page yields <40 chars; requires raster/OCR pass
DOW-UAP-D096,91,NO_TEXT_LAYER,page yields <40 chars; requires raster/OCR pass
DOW-UAP-D096,93,NO_TEXT_LAYER,page yields <40 chars; requires raster/OCR pass
DOW-UAP-D096,94,ENCLOSURE_REFERENCED,enclosure/attachment cited; verify presence in dump
DOW-UAP-D096,95,NO_TEXT_LAYER,page yields <40 chars; requires raster/OCR pass
DOW-UAP-D096,97,NO_TEXT_LAYER,page yields <40 chars; requires raster/OCR pass
DOW-UAP-D096,98,NO_TEXT_LAYER,page yields <40 chars; requires raster/OCR pass
DOW-UAP-D096,100,NO_TEXT_LAYER,page yields <40 chars; requires raster/OCR pass
DOW-UAP-D096,101,LOW_OCR_QUALITY,quality=0.88
DOW-UAP-D096,102,NO_TEXT_LAYER,page yields <40 chars; requires raster/OCR pass
DOW-UAP-D096,104,NO_TEXT_LAYER,page yields <40 chars; requires raster/OCR pass
DOW-UAP-D096,105,NO_TEXT_LAYER,page yields <40 chars; requires raster/OCR pass
DOW-UAP-D096,106,NO_TEXT_LAYER,page yields <40 chars; requires raster/OCR pass
DOW-UAP-D096,108,NO_TEXT_LAYER,page yields <40 chars; requires raster/OCR pass
DOW-UAP-D096,109,NO_TEXT_LAYER,page yields <40 chars; requires raster/OCR pass
DOW-UAP-D096,110,NO_TEXT_LAYER,page yields <40 chars; requires raster/OCR pass
DOW-UAP-D096,111,NO_TEXT_LAYER,page yields <40 chars; requires raster/OCR pass
DOW-UAP-D096,112,NO_TEXT_LAYER,page yields <40 chars; requires raster/OCR pass
DOW-UAP-D096,113,NO_TEXT_LAYER,page yields <40 chars; requires raster/OCR pass
DOW-UAP-D096,115,NO_TEXT_LAYER,page yields <40 chars; requires raster/OCR pass
DOW-UAP-D096,116,NO_TEXT_LAYER,page yields <40 chars; requires raster/OCR pass
DOW-UAP-D096,117,NO_TEXT_LAYER,page yields <40 chars; requires raster/OCR pass
DOW-UAP-D096,118,NO_TEXT_LAYER,page yields <40 chars; requires raster/OCR pass
DOW-UAP-D096,119,NO_TEXT_LAYER,page yields <40 chars; requires raster/OCR pass
DOW-UAP-D096,120,NO_TEXT_LAYER,page yields <40 chars; requires raster/OCR pass
DOW-UAP-D096,121,NO_TEXT_LAYER,page yields <40 chars; requires raster/OCR pass
DOW-UAP-D096,122,NO_TEXT_LAYER,page yields <40 chars; requires raster/OCR pass
DOW-UAP-D096,123,NO_TEXT_LAYER,page yields <40 chars; requires raster/OCR pass
DOW-UAP-D096,124,NO_TEXT_LAYER,page yields <40 chars; requires raster/OCR pass
DOW-UAP-D096,125,NO_TEXT_LAYER,page yields <40 chars; requires raster/OCR pass
DOW-UAP-D096,126,NO_TEXT_LAYER,page yields <40 chars; requires raster/OCR pass
DOW-UAP-D096,127,NO_TEXT_LAYER,page yields <40 chars; requires raster/OCR pass
DOW-UAP-D096,128,NO_TEXT_LAYER,page yields <40 chars; requires raster/OCR pass
DOW-UAP-D096,129,NO_TEXT_LAYER,page yields <40 chars; requires raster/OCR pass
DOW-UAP-D096,130,NO_TEXT_LAYER,page yields <40 chars; requires raster/OCR pass
DOW-UAP-D096,131,NO_TEXT_LAYER,page yields <40 chars; requires raster/OCR pass
DOW-UAP-D096,132,NO_TEXT_LAYER,page yields <40 chars; requires raster/OCR pass
DOW-UAP-D096,133,NO_TEXT_LAYER,page yields <40 chars; requires raster/OCR pass
DOW-UAP-D096,134,NO_TEXT_LAYER,page yields <40 chars; requires raster/OCR pass
DOW-UAP-D096,135,ENCLOSURE_REFERENCED,enclosure/attachment cited; verify presence in dump
DOW-UAP-D096,136,NO_TEXT_LAYER,page yields <40 chars; requires raster/OCR pass
DOW-UAP-D096,139,NO_TEXT_LAYER,page yields <40 chars; requires raster/OCR pass
DOW-UAP-D096,140,NO_TEXT_LAYER,page yields <40 chars; requires raster/OCR pass
DOW-UAP-D096,141,NO_TEXT_LAYER,page yields <40 chars; requires raster/OCR pass
DOW-UAP-D096,142,NO_TEXT_LAYER,page yields <40 chars; requires raster/OCR pass
DOW-UAP-D096,143,NO_TEXT_LAYER,page yields <40 chars; requires raster/OCR pass
DOW-UAP-D096,144,NO_TEXT_LAYER,page yields <40 chars; requires raster/OCR pass
DOW-UAP-D096,145,NO_TEXT_LAYER,page yields <40 chars; requires raster/OCR pass
DOW-UAP-D096,146,NO_TEXT_LAYER,page yields <40 chars; requires raster/OCR pass
DOW-UAP-D096,147,NO_TEXT_LAYER,page yields <40 chars; requires raster/OCR pass
DOW-UAP-D096,148,NO_TEXT_LAYER,page yields <40 chars; requires raster/OCR pass
DOW-UAP-D096,149,NO_TEXT_LAYER,page yields <40 chars; requires raster/OCR pass
DOW-UAP-D096,150,NO_TEXT_LAYER,page yields <40 chars; requires raster/OCR pass
DOW-UAP-D096,151,NO_TEXT_LAYER,page yields <40 chars; requires raster/OCR pass
DOW-UAP-D096,152,NO_TEXT_LAYER,page yields <40 chars; requires raster/OCR pass
DOW-UAP-D096,153,NO_TEXT_LAYER,page yields <40 chars; requires raster/OCR pass
DOW-UAP-D096,154,NO_TEXT_LAYER,page yields <40 chars; requires raster/OCR pass
DOW-UAP-D096,155,NO_TEXT_LAYER,page yields <40 chars; requires raster/OCR pass
DOW-UAP-D096,157,NO_TEXT_LAYER,page yields <40 chars; requires raster/OCR pass
DOW-UAP-D096,158,NO_TEXT_LAYER,page yields <40 chars; requires raster/OCR pass
DOW-UAP-D096,159,NO_TEXT_LAYER,page yields <40 chars; requires raster/OCR pass
DOW-UAP-D096,160,NO_TEXT_LAYER,page yields <40 chars; requires raster/OCR pass
DOW-UAP-D096,161,ENCLOSURE_REFERENCED,enclosure/attachment cited; verify presence in dump
DOW-UAP-D096,162,NO_TEXT_LAYER,page yields <40 chars; requires raster/OCR pass
DOW-UAP-D096,163,NO_TEXT_LAYER,page yields <40 chars; requires raster/OCR pass
DOW-UAP-D096,164,NO_TEXT_LAYER,page yields <40 chars; requires raster/OCR pass
DOW-UAP-D096,165,NO_TEXT_LAYER,page yields <40 chars; requires raster/OCR pass
DOW-UAP-D096,166,NO_TEXT_LAYER,page yields <40 chars; requires raster/OCR pass
DOW-UAP-D096,168,NO_TEXT_LAYER,page yields <40 chars; requires raster/OCR pass
DOW-UAP-D096,169,ENCLOSURE_REFERENCED,enclosure/attachment cited; verify presence in dump
DOW-UAP-D096,170,NO_TEXT_LAYER,page yields <40 chars; requires raster/OCR pass
DOW-UAP-D096,172,NO_TEXT_LAYER,page yields <40 chars; requires raster/OCR pass
DOW-UAP-D096,173,NO_TEXT_LAYER,page yields <40 chars; requires raster/OCR pass
DOW-UAP-D096,174,NO_TEXT_LAYER,page yields <40 chars; requires raster/OCR pass
DOW-UAP-D096,175,NO_TEXT_LAYER,page yields <40 chars; requires raster/OCR pass
DOW-UAP-D096,176,NO_TEXT_LAYER,page yields <40 chars; requires raster/OCR pass
DOW-UAP-D096,177,NO_TEXT_LAYER,page yields <40 chars; requires raster/OCR pass
DOW-UAP-D096,178,NO_TEXT_LAYER,page yields <40 chars; requires raster/OCR pass
DOW-UAP-D096,179,NO_TEXT_LAYER,page yields <40 chars; requires raster/OCR pass
DOW-UAP-D096,181,NO_TEXT_LAYER,page yields <40 chars; requires raster/OCR pass
DOW-UAP-D096,182,NO_TEXT_LAYER,page yields <40 chars; requires raster/OCR pass
DOW-UAP-D096,183,NO_TEXT_LAYER,page yields <40 chars; requires raster/OCR pass
DOW-UAP-D096,184,NO_TEXT_LAYER,page yields <40 chars; requires raster/OCR pass
DOW-UAP-D096,185,NO_TEXT_LAYER,page yields <40 chars; requires raster/OCR pass
DOW-UAP-D096,186,NO_TEXT_LAYER,page yields <40 chars; requires raster/OCR pass
DOW-UAP-D096,187,NO_TEXT_LAYER,page yields <40 chars; requires raster/OCR pass
DOW-UAP-D096,188,NO_TEXT_LAYER,page yields <40 chars; requires raster/OCR pass
DOW-UAP-D096,189,NO_TEXT_LAYER,page yields <40 chars; requires raster/OCR pass
DOW-UAP-D096,190,NO_TEXT_LAYER,page yields <40 chars; requires raster/OCR pass
DOW-UAP-D096,191,NO_TEXT_LAYER,page yields <40 chars; requires raster/OCR pass
DOW-UAP-D096,192,NO_TEXT_LAYER,page yields <40 chars; requires raster/OCR pass
DOW-UAP-D096,194,NO_TEXT_LAYER,page yields <40 chars; requires raster/OCR pass
DOW-UAP-D096,195,NO_TEXT_LAYER,page yields <40 chars; requires raster/OCR pass
DOW-UAP-D096,197,NO_TEXT_LAYER,page yields <40 chars; requires raster/OCR pass
DOW-UAP-D096,198,NO_TEXT_LAYER,page yields <40 chars; requires raster/OCR pass
DOW-UAP-D096,199,NO_TEXT_LAYER,page yields <40 chars; requires raster/OCR pass
DOW-UAP-D096,201,NO_TEXT_LAYER,page yields <40 chars; requires raster/OCR pass
DOW-UAP-D096,202,NO_TEXT_LAYER,page yields <40 chars; requires raster/OCR pass
DOW-UAP-D096,204,NO_TEXT_LAYER,page yields <40 chars; requires raster/OCR pass
DOW-UAP-D096,205,LOW_OCR_QUALITY,quality=0.792
DOW-UAP-D096,206,NO_TEXT_LAYER,page yields <40 chars; requires raster/OCR pass
DOW-UAP-D096,208,NO_TEXT_LAYER,page yields <40 chars; requires raster/OCR pass
DOW-UAP-D096,209,NO_TEXT_LAYER,page yields <40 chars; requires raster/OCR pass
DOW-UAP-D096,210,NO_TEXT_LAYER,page yields <40 chars; requires raster/OCR pass
DOW-UAP-D096,211,NO_TEXT_LAYER,page yields <40 chars; requires raster/OCR pass
DOW-UAP-D096,212,NO_TEXT_LAYER,page yields <40 chars; requires raster/OCR pass
DOW-UAP-D096,213,NO_TEXT_LAYER,page yields <40 chars; requires raster/OCR pass
DOW-UAP-D096,214,NO_TEXT_LAYER,page yields <40 chars; requires raster/OCR pass
DOW-UAP-D096,215,NO_TEXT_LAYER,page yields <40 chars; requires raster/OCR pass
DOW-UAP-D096,216,NO_TEXT_LAYER,page yields <40 chars; requires raster/OCR pass
DOW-UAP-D096,218,NO_TEXT_LAYER,page yields <40 chars; requires raster/OCR pass
DOW-UAP-D096,219,NO_TEXT_LAYER,page yields <40 chars; requires raster/OCR pass
DOW-UAP-D094,1,NO_TEXT_LAYER,page yields <40 chars; requires raster/OCR pass
DOW-UAP-D094,2,NO_TEXT_LAYER,page yields <40 chars; requires raster/OCR pass
DOW-UAP-D094,18,NO_TEXT_LAYER,page yields <40 chars; requires raster/OCR pass
DOW-UAP-D094,19,NO_TEXT_LAYER,page yields <40 chars; requires raster/OCR pass
DOW-UAP-D094,24,NO_TEXT_LAYER,page yields <40 chars; requires raster/OCR pass
DOW-UAP-D094,25,NO_TEXT_LAYER,page yields <40 chars; requires raster/OCR pass
DOW-UAP-D094,27,NO_TEXT_LAYER,page yields <40 chars; requires raster/OCR pass
DOW-UAP-D094,32,NO_TEXT_LAYER,page yields <40 chars; requires raster/OCR pass
DOW-UAP-D094,34,NO_TEXT_LAYER,page yields <40 chars; requires raster/OCR pass
DOE-UAP-D004,21,ENCLOSURE_REFERENCED,enclosure/attachment cited; verify presence in dump
CIA-UAP-D021,2,NO_TEXT_LAYER,page yields <40 chars; requires raster/OCR pass
CIA-UAP-D021,4,LOW_OCR_QUALITY,quality=0.898
DOW-UAP-D091,1,REDACTION_MARKER,sanitizes
DOW-UAP-D093,2,NO_TEXT_LAYER,page yields <40 chars; requires raster/OCR pass
DOW-UAP-D093,5,NO_TEXT_LAYER,page yields <40 chars; requires raster/OCR pass
DOW-UAP-D093,18,LOW_OCR_QUALITY,quality=0.854
DOW-UAP-D093,19,NO_TEXT_LAYER,page yields <40 chars; requires raster/OCR pass
DOW-UAP-D093,22,LOW_OCR_QUALITY,quality=0.894
DOW-UAP-D093,23,NO_TEXT_LAYER,page yields <40 chars; requires raster/OCR pass
DOW-UAP-D093,24,NO_TEXT_LAYER,page yields <40 chars; requires raster/OCR pass
DOW-UAP-D093,25,NO_TEXT_LAYER,page yields <40 chars; requires raster/OCR pass
DOW-UAP-D093,26,NO_TEXT_LAYER,page yields <40 chars; requires raster/OCR pass
DOW-UAP-D093,27,NO_TEXT_LAYER,page yields <40 chars; requires raster/OCR pass
DOW-UAP-D093,28,NO_TEXT_LAYER,page yields <40 chars; requires raster/OCR pass
DOW-UAP-D093,33,LOW_OCR_QUALITY,quality=0.712
DOW-UAP-D093,34,NO_TEXT_LAYER,page yields <40 chars; requires raster/OCR pass
DOW-UAP-D093,35,NO_TEXT_LAYER,page yields <40 chars; requires raster/OCR pass
DOW-UAP-D093,36,LOW_OCR_QUALITY,quality=0.791
DOW-UAP-D093,37,NO_TEXT_LAYER,page yields <40 chars; requires raster/OCR pass
DOW-UAP-D093,38,NO_TEXT_LAYER,page yields <40 chars; requires raster/OCR pass
DOW-UAP-D093,44,LOW_OCR_QUALITY,quality=0.847
DOW-UAP-D093,45,NO_TEXT_LAYER,page yields <40 chars; requires raster/OCR pass
DOW-UAP-D093,46,LOW_OCR_QUALITY,quality=0.818
DOW-UAP-D093,47,NO_TEXT_LAYER,page yields <40 chars; requires raster/OCR pass
DOW-UAP-D093,48,NO_TEXT_LAYER,page yields <40 chars; requires raster/OCR pass
DOW-UAP-D093,50,NO_TEXT_LAYER,page yields <40 chars; requires raster/OCR pass
DOW-UAP-D093,52,NO_TEXT_LAYER,page yields <40 chars; requires raster/OCR pass
DOW-UAP-D093,53,NO_TEXT_LAYER,page yields <40 chars; requires raster/OCR pass
DOW-UAP-D093,54,NO_TEXT_LAYER,page yields <40 chars; requires raster/OCR pass
DOW-UAP-D093,55,NO_TEXT_LAYER,page yields <40 chars; requires raster/OCR pass
DOW-UAP-D093,56,NO_TEXT_LAYER,page yields <40 chars; requires raster/OCR pass
DOW-UAP-D093,57,NO_TEXT_LAYER,page yields <40 chars; requires raster/OCR pass
DOW-UAP-D093,59,NO_TEXT_LAYER,page yields <40 chars; requires raster/OCR pass
DOW-UAP-D093,60,NO_TEXT_LAYER,page yields <40 chars; requires raster/OCR pass
DOW-UAP-D093,62,NO_TEXT_LAYER,page yields <40 chars; requires raster/OCR pass
DOW-UAP-D093,63,NO_TEXT_LAYER,page yields <40 chars; requires raster/OCR pass
DOW-UAP-D093,66,NO_TEXT_LAYER,page yields <40 chars; requires raster/OCR pass
DOW-UAP-D093,67,LOW_OCR_QUALITY,quality=0.745
DOW-UAP-D095,1,NO_TEXT_LAYER,page yields <40 chars; requires raster/OCR pass
DOW-UAP-D095,2,NO_TEXT_LAYER,page yields <40 chars; requires raster/OCR pass
DOW-UAP-D095,5,NO_TEXT_LAYER,page yields <40 chars; requires raster/OCR pass
DOW-UAP-D095,6,NO_TEXT_LAYER,page yields <40 chars; requires raster/OCR pass
DOW-UAP-D095,7,NO_TEXT_LAYER,page yields <40 chars; requires raster/OCR pass
DOW-UAP-D095,8,NO_TEXT_LAYER,page yields <40 chars; requires raster/OCR pass
DOW-UAP-D095,9,NO_TEXT_LAYER,page yields <40 chars; requires raster/OCR pass
DOW-UAP-D095,10,NO_TEXT_LAYER,page yields <40 chars; requires raster/OCR pass
DOW-UAP-D095,11,NO_TEXT_LAYER,page yields <40 chars; requires raster/OCR pass
DOW-UAP-D095,12,NO_TEXT_LAYER,page yields <40 chars; requires raster/OCR pass
DOW-UAP-D095,13,NO_TEXT_LAYER,page yields <40 chars; requires raster/OCR pass
DOW-UAP-D095,14,NO_TEXT_LAYER,page yields <40 chars; requires raster/OCR pass
DOW-UAP-D095,15,NO_TEXT_LAYER,page yields <40 chars; requires raster/OCR pass
DOW-UAP-D095,16,NO_TEXT_LAYER,page yields <40 chars; requires raster/OCR pass
DOW-UAP-D095,17,NO_TEXT_LAYER,page yields <40 chars; requires raster/OCR pass
DOW-UAP-D095,18,NO_TEXT_LAYER,page yields <40 chars; requires raster/OCR pass
DOW-UAP-D095,19,NO_TEXT_LAYER,page yields <40 chars; requires raster/OCR pass
DOW-UAP-D095,20,NO_TEXT_LAYER,page yields <40 chars; requires raster/OCR pass
DOW-UAP-D095,21,NO_TEXT_LAYER,page yields <40 chars; requires raster/OCR pass
DOW-UAP-D095,22,NO_TEXT_LAYER,page yields <40 chars; requires raster/OCR pass
DOW-UAP-D095,24,NO_TEXT_LAYER,page yields <40 chars; requires raster/OCR pass
DOW-UAP-D095,25,NO_TEXT_LAYER,page yields <40 chars; requires raster/OCR pass
DOW-UAP-D095,26,NO_TEXT_LAYER,page yields <40 chars; requires raster/OCR pass
DOW-UAP-D095,28,NO_TEXT_LAYER,page yields <40 chars; requires raster/OCR pass
DOW-UAP-D095,29,NO_TEXT_LAYER,page yields <40 chars; requires raster/OCR pass
DOW-UAP-D095,31,LOW_OCR_QUALITY,quality=0.875
DOW-UAP-D095,32,NO_TEXT_LAYER,page yields <40 chars; requires raster/OCR pass
DOW-UAP-D095,33,NO_TEXT_LAYER,page yields <40 chars; requires raster/OCR pass
DOW-UAP-D095,34,NO_TEXT_LAYER,page yields <40 chars; requires raster/OCR pass
DOW-UAP-D095,35,NO_TEXT_LAYER,page yields <40 chars; requires raster/OCR pass
DOW-UAP-D095,36,NO_TEXT_LAYER,page yields <40 chars; requires raster/OCR pass
DOW-UAP-D095,38,ENCLOSURE_REFERENCED,enclosure/attachment cited; verify presence in dump
DOW-UAP-D095,41,ENCLOSURE_REFERENCED,enclosure/attachment cited; verify presence in dump
DOW-UAP-D095,42,NO_TEXT_LAYER,page yields <40 chars; requires raster/OCR pass
DOW-UAP-D095,43,NO_TEXT_LAYER,page yields <40 chars; requires raster/OCR pass
DOW-UAP-D095,44,NO_TEXT_LAYER,page yields <40 chars; requires raster/OCR pass
DOW-UAP-D095,45,NO_TEXT_LAYER,page yields <40 chars; requires raster/OCR pass
DOW-UAP-D095,46,NO_TEXT_LAYER,page yields <40 chars; requires raster/OCR pass
DOW-UAP-D095,47,NO_TEXT_LAYER,page yields <40 chars; requires raster/OCR pass
DOW-UAP-D095,48,NO_TEXT_LAYER,page yields <40 chars; requires raster/OCR pass
DOW-UAP-D095,49,NO_TEXT_LAYER,page yields <40 chars; requires raster/OCR pass
DOW-UAP-D095,50,NO_TEXT_LAYER,page yields <40 chars; requires raster/OCR pass
DOW-UAP-D095,51,NO_TEXT_LAYER,page yields <40 chars; requires raster/OCR pass
DOW-UAP-D095,52,NO_TEXT_LAYER,page yields <40 chars; requires raster/OCR pass
DOW-UAP-D095,53,NO_TEXT_LAYER,page yields <40 chars; requires raster/OCR pass
DOW-UAP-D095,55,NO_TEXT_LAYER,page yields <40 chars; requires raster/OCR pass
DOW-UAP-D095,56,NO_TEXT_LAYER,page yields <40 chars; requires raster/OCR pass
DOW-UAP-D089,1,REDACTION_MARKER,sanitizes
FBI-UAP-D038,1,NO_TEXT_LAYER,page yields <40 chars; requires raster/OCR pass
DOS-UAP-D002,2,NO_TEXT_LAYER,page yields <40 chars; requires raster/OCR pass
DOW-UAP-D098,3,ENCLOSURE_REFERENCED,enclosure/attachment cited; verify presence in dump
DOW-UAP-D098,5,ENCLOSURE_REFERENCED,enclosure/attachment cited; verify presence in dump
DOW-UAP-D098,10,LOW_OCR_QUALITY,quality=0.722
DOW-UAP-D098,11,LOW_OCR_QUALITY,quality=0.803
DOW-UAP-D098,12,LOW_OCR_QUALITY,quality=0.767
DOW-UAP-D098,13,LOW_OCR_QUALITY,quality=0.761
DOW-UAP-D098,14,LOW_OCR_QUALITY,quality=0.765
DOW-UAP-D098,15,LOW_OCR_QUALITY,quality=0.74
DOW-UAP-D098,16,NO_TEXT_LAYER,page yields <40 chars; requires raster/OCR pass
DOW-UAP-D098,17,NO_TEXT_LAYER,page yields <40 chars; requires raster/OCR pass
DOW-UAP-D098,18,LOW_OCR_QUALITY,quality=0.861
DOW-UAP-D098,19,NO_TEXT_LAYER,page yields <40 chars; requires raster/OCR pass
DOW-UAP-D098,20,NO_TEXT_LAYER,page yields <40 chars; requires raster/OCR pass
DOW-UAP-D098,21,LOW_OCR_QUALITY,quality=0.843
DOW-UAP-D098,23,NO_TEXT_LAYER,page yields <40 chars; requires raster/OCR pass
FBI-UAP-D028,3,LOW_OCR_QUALITY,quality=0.778
DOW-UAP-D101,1,ENCLOSURE_REFERENCED,enclosure/attachment cited; verify presence in dump
DOW-UAP-D101,7,ENCLOSURE_REFERENCED,enclosure/attachment cited; verify presence in dump
FBI-UAP-D027,1,NO_TEXT_LAYER,page yields <40 chars; requires raster/OCR pass
FBI-UAP-D027,2,NO_TEXT_LAYER,page yields <40 chars; requires raster/OCR pass
FBI-UAP-D027,3,NO_TEXT_LAYER,page yields <40 chars; requires raster/OCR pass
FBI-UAP-D027,4,NO_TEXT_LAYER,page yields <40 chars; requires raster/OCR pass
FBI-UAP-D027,5,NO_TEXT_LAYER,page yields <40 chars; requires raster/OCR pass
DOW-UAP-D100,4,NO_TEXT_LAYER,page yields <40 chars; requires raster/OCR pass
DOW-UAP-D100,6,LOW_OCR_QUALITY,quality=0.899
DOW-UAP-D100,12,ENCLOSURE_REFERENCED,enclosure/attachment cited; verify presence in dump
DOW-UAP-D100,14,LOW_OCR_QUALITY,quality=0.869
DOW-UAP-D100,16,ENCLOSURE_REFERENCED,enclosure/attachment cited; verify presence in dump
DOW-UAP-D100,21,LOW_OCR_QUALITY,quality=0.775
DOW-UAP-D100,24,ENCLOSURE_REFERENCED,enclosure/attachment cited; verify presence in dump
DOW-UAP-D100,26,LOW_OCR_QUALITY,quality=0.846
DOW-UAP-D100,27,LOW_OCR_QUALITY,quality=0.775
DOW-UAP-D100,32,LOW_OCR_QUALITY,quality=0.78
DOW-UAP-D100,33,ENCLOSURE_REFERENCED,enclosure/attachment cited; verify presence in dump
DOW-UAP-D100,35,LOW_OCR_QUALITY,quality=0.848
DOW-UAP-D100,37,LOW_OCR_QUALITY,quality=0.827
DOW-UAP-D100,38,ENCLOSURE_REFERENCED,enclosure/attachment cited; verify presence in dump
DOW-UAP-D100,39,ENCLOSURE_REFERENCED,enclosure/attachment cited; verify presence in dump
DOW-UAP-D100,40,ENCLOSURE_REFERENCED,enclosure/attachment cited; verify presence in dump
DOW-UAP-D100,46,LOW_OCR_QUALITY,quality=0.884
DOW-UAP-D100,48,LOW_OCR_QUALITY,quality=0.847
DOW-UAP-D100,49,LOW_OCR_QUALITY,quality=0.772
DOW-UAP-D100,52,ENCLOSURE_REFERENCED,enclosure/attachment cited; verify presence in dump
DOW-UAP-D100,53,ENCLOSURE_REFERENCED,enclosure/attachment cited; verify presence in dump
DOW-UAP-D100,54,LOW_OCR_QUALITY,quality=0.835
DOW-UAP-D100,55,LOW_OCR_QUALITY,quality=0.793
DOW-UAP-D100,60,LOW_OCR_QUALITY,quality=0.892
DOW-UAP-D100,61,ENCLOSURE_REFERENCED,enclosure/attachment cited; verify presence in dump
DOW-UAP-D100,62,NO_TEXT_LAYER,page yields <40 chars; requires raster/OCR pass
DOW-UAP-D100,65,LOW_OCR_QUALITY,quality=0.894
DOW-UAP-D100,70,LOW_OCR_QUALITY,quality=0.893
DOW-UAP-D100,72,LOW_OCR_QUALITY,quality=0.811
DOW-UAP-D100,74,LOW_OCR_QUALITY,quality=0.877
DOW-UAP-D100,75,LOW_OCR_QUALITY,quality=0.815
DOW-UAP-D100,77,ENCLOSURE_REFERENCED,enclosure/attachment cited; verify presence in dump
DOW-UAP-D100,78,ENCLOSURE_REFERENCED,enclosure/attachment cited; verify presence in dump
DOW-UAP-D100,79,ENCLOSURE_REFERENCED,enclosure/attachment cited; verify presence in dump
DOW-UAP-D100,80,LOW_OCR_QUALITY,quality=0.878
DOW-UAP-D100,81,LOW_OCR_QUALITY,quality=0.772
DOW-UAP-D100,82,ENCLOSURE_REFERENCED,enclosure/attachment cited; verify presence in dump
DOW-UAP-D100,83,ENCLOSURE_REFERENCED,enclosure/attachment cited; verify presence in dump
DOW-UAP-D100,86,LOW_OCR_QUALITY,quality=0.774
DOW-UAP-D100,87,ENCLOSURE_REFERENCED,enclosure/attachment cited; verify presence in dump
DOW-UAP-D100,93,LOW_OCR_QUALITY,quality=0.78
DOW-UAP-D100,99,LOW_OCR_QUALITY,quality=0.793
DOW-UAP-D100,100,ENCLOSURE_REFERENCED,enclosure/attachment cited; verify presence in dump
DOW-UAP-D100,103,LOW_OCR_QUALITY,quality=0.88
DOW-UAP-D100,107,ENCLOSURE_REFERENCED,enclosure/attachment cited; verify presence in dump
DOW-UAP-D100,109,LOW_OCR_QUALITY,quality=0.854
DOW-UAP-D100,110,LOW_OCR_QUALITY,quality=0.624
DOW-UAP-D100,113,LOW_OCR_QUALITY,quality=0.766
DOW-UAP-D100,114,ENCLOSURE_REFERENCED,enclosure/attachment cited; verify presence in dump
DOW-UAP-D100,115,ENCLOSURE_REFERENCED,enclosure/attachment cited; verify presence in dump
DOW-UAP-D100,116,ENCLOSURE_REFERENCED,enclosure/attachment cited; verify presence in dump
DOW-UAP-D100,118,LOW_OCR_QUALITY,quality=0.821
DOW-UAP-D100,119,ENCLOSURE_REFERENCED,enclosure/attachment cited; verify presence in dump
DOW-UAP-D100,122,LOW_OCR_QUALITY,quality=0.789
DOW-UAP-D100,123,ENCLOSURE_REFERENCED,enclosure/attachment cited; verify presence in dump
DOW-UAP-D100,126,LOW_OCR_QUALITY,quality=0.816
DOW-UAP-D100,127,LOW_OCR_QUALITY,quality=0.884
DOW-UAP-D100,129,ENCLOSURE_REFERENCED,enclosure/attachment cited; verify presence in dump
DOW-UAP-D100,131,NO_TEXT_LAYER,page yields <40 chars; requires raster/OCR pass
DOW-UAP-D100,132,NO_TEXT_LAYER,page yields <40 chars; requires raster/OCR pass
DOW-UAP-D100,133,LOW_OCR_QUALITY,quality=0.787
DOW-UAP-D100,138,LOW_OCR_QUALITY,quality=0.828
DOW-UAP-D100,144,LOW_OCR_QUALITY,quality=0.802
DOW-UAP-D100,149,LOW_OCR_QUALITY,quality=0.808
DOW-UAP-D100,158,LOW_OCR_QUALITY,quality=0.791
DOW-UAP-D100,159,ENCLOSURE_REFERENCED,enclosure/attachment cited; verify presence in dump
DOW-UAP-D100,160,ENCLOSURE_REFERENCED,enclosure/attachment cited; verify presence in dump
DOW-UAP-D100,163,LOW_OCR_QUALITY,quality=0.777
DOW-UAP-D100,164,ENCLOSURE_REFERENCED,enclosure/attachment cited; verify presence in dump
DOW-UAP-D100,166,LOW_OCR_QUALITY,quality=0.895
DOW-UAP-D100,167,ENCLOSURE_REFERENCED,enclosure/attachment cited; verify presence in dump
DOW-UAP-D100,169,LOW_OCR_QUALITY,quality=0.877
DOW-UAP-D100,177,LOW_OCR_QUALITY,quality=0.763
DOW-UAP-D100,182,LOW_OCR_QUALITY,quality=0.832
DOW-UAP-D100,187,LOW_OCR_QUALITY,quality=0.795
DOW-UAP-D100,193,LOW_OCR_QUALITY,quality=0.76
DOW-UAP-D100,195,LOW_OCR_QUALITY,quality=0.899
DOW-UAP-D100,196,LOW_OCR_QUALITY,quality=0.789
DOW-UAP-D100,202,ENCLOSURE_REFERENCED,enclosure/attachment cited; verify presence in dump
DOW-UAP-D100,203,ENCLOSURE_REFERENCED,enclosure/attachment cited; verify presence in dump
DOW-UAP-D100,205,LOW_OCR_QUALITY,quality=0.789
DOW-UAP-D100,206,ENCLOSURE_REFERENCED,enclosure/attachment cited; verify presence in dump
DOW-UAP-D100,209,LOW_OCR_QUALITY,quality=0.796
DOW-UAP-D100,210,NO_TEXT_LAYER,page yields <40 chars; requires raster/OCR pass
DOW-UAP-D100,211,LOW_OCR_QUALITY,quality=0.881
DOW-UAP-D100,214,LOW_OCR_QUALITY,quality=0.543
DOW-UAP-D100,215,ENCLOSURE_REFERENCED,enclosure/attachment cited; verify presence in dump
DOW-UAP-D100,217,LOW_OCR_QUALITY,quality=0.804
DOW-UAP-D100,218,ENCLOSURE_REFERENCED,enclosure/attachment cited; verify presence in dump
DOW-UAP-D100,220,LOW_OCR_QUALITY,quality=0.789
DOW-UAP-D100,225,LOW_OCR_QUALITY,quality=0.791
DOW-UAP-D100,226,ENCLOSURE_REFERENCED,enclosure/attachment cited; verify presence in dump
DOW-UAP-D100,229,LOW_OCR_QUALITY,quality=0.81
DOW-UAP-D100,230,LOW_OCR_QUALITY,quality=0.849
DOW-UAP-D100,231,LOW_OCR_QUALITY,quality=0.802
DOW-UAP-D100,239,LOW_OCR_QUALITY,quality=0.809
DOW-UAP-D100,240,NO_TEXT_LAYER,page yields <40 chars; requires raster/OCR pass
DOW-UAP-D099,2,LOW_OCR_QUALITY,quality=0.875
DOW-UAP-D099,8,NO_TEXT_LAYER,page yields <40 chars; requires raster/OCR pass
FBI-UAP-D039,1,NO_TEXT_LAYER,page yields <40 chars; requires raster/OCR pass
FBI-UAP-D039,2,NO_TEXT_LAYER,page yields <40 chars; requires raster/OCR pass
FBI-UAP-D039,3,NO_TEXT_LAYER,page yields <40 chars; requires raster/OCR pass
FBI-UAP-D042,1,NO_TEXT_LAYER,page yields <40 chars; requires raster/OCR pass
FBI-UAP-D040,2,NO_TEXT_LAYER,page yields <40 chars; requires raster/OCR pass
FBI-UAP-D030,3,LOW_OCR_QUALITY,quality=0.859
DOE-UAP-D002,1,NO_TEXT_LAYER,page yields <40 chars; requires raster/OCR pass
DOE-UAP-D002,2,NO_TEXT_LAYER,page yields <40 chars; requires raster/OCR pass
DOW-UAP-D017,16,NO_TEXT_LAYER,page yields <40 chars; requires raster/OCR pass
DOW-UAP-D017,17,ENCLOSURE_REFERENCED,enclosure/attachment cited; verify presence in dump
DOW-UAP-D017,18,NO_TEXT_LAYER,page yields <40 chars; requires raster/OCR pass
DOW-UAP-D017,23,LOW_OCR_QUALITY,quality=0.859
DOW-UAP-D017,24,LOW_OCR_QUALITY,quality=0.711
DOW-UAP-D017,25,LOW_OCR_QUALITY,quality=0.612
DOW-UAP-D017,26,LOW_OCR_QUALITY,quality=0.759
DOW-UAP-D017,27,LOW_OCR_QUALITY,quality=0.793
DOW-UAP-D017,28,LOW_OCR_QUALITY,quality=0.641
DOW-UAP-D017,29,LOW_OCR_QUALITY,quality=0.746
DOW-UAP-D017,30,LOW_OCR_QUALITY,quality=0.834
DOW-UAP-D017,31,LOW_OCR_QUALITY,quality=0.824
DOW-UAP-D017,36,LOW_OCR_QUALITY,quality=0.827
DOW-UAP-D017,39,LOW_OCR_QUALITY,quality=0.876
DOW-UAP-D017,40,LOW_OCR_QUALITY,quality=0.723
DOW-UAP-D017,48,LOW_OCR_QUALITY,quality=0.818
DOW-UAP-D017,51,LOW_OCR_QUALITY,quality=0.755
DOW-UAP-D017,53,LOW_OCR_QUALITY,quality=0.782
DOW-UAP-D017,55,LOW_OCR_QUALITY,quality=0.815
DOW-UAP-D017,59,LOW_OCR_QUALITY,quality=0.862
DOW-UAP-D017,62,NO_TEXT_LAYER,page yields <40 chars; requires raster/OCR pass
DOW-UAP-D017,68,LOW_OCR_QUALITY,quality=0.788
DOW-UAP-D017,69,NO_TEXT_LAYER,page yields <40 chars; requires raster/OCR pass
DOW-UAP-D017,70,ENCLOSURE_REFERENCED,enclosure/attachment cited; verify presence in dump
DOW-UAP-D017,72,ENCLOSURE_REFERENCED,enclosure/attachment cited; verify presence in dump
DOW-UAP-D017,85,NO_TEXT_LAYER,page yields <40 chars; requires raster/OCR pass
DOW-UAP-D017,86,ENCLOSURE_REFERENCED,enclosure/attachment cited; verify presence in dump
DOW-UAP-D017,87,NO_TEXT_LAYER,page yields <40 chars; requires raster/OCR pass
DOW-UAP-D017,89,NO_TEXT_LAYER,page yields <40 chars; requires raster/OCR pass
DOW-UAP-D017,94,NO_TEXT_LAYER,page yields <40 chars; requires raster/OCR pass
DOW-UAP-D017,100,NO_TEXT_LAYER,page yields <40 chars; requires raster/OCR pass
DOW-UAP-D017,101,ENCLOSURE_REFERENCED,enclosure/attachment cited; verify presence in dump
DOW-UAP-D017,110,NO_TEXT_LAYER,page yields <40 chars; requires raster/OCR pass
DOW-UAP-D017,111,NO_TEXT_LAYER,page yields <40 chars; requires raster/OCR pass
DOW-UAP-D017,112,NO_TEXT_LAYER,page yields <40 chars; requires raster/OCR pass
DOW-UAP-D017,113,NO_TEXT_LAYER,page yields <40 chars; requires raster/OCR pass
DOW-UAP-D017,114,NO_TEXT_LAYER,page yields <40 chars; requires raster/OCR pass
DOW-UAP-D017,115,NO_TEXT_LAYER,page yields <40 chars; requires raster/OCR pass
DOW-UAP-D017,116,NO_TEXT_LAYER,page yields <40 chars; requires raster/OCR pass
DOE-UAP-D001,2,LOW_OCR_QUALITY,quality=0.893
Serial-4,1,NO_TEXT_LAYER,page yields <40 chars; requires raster/OCR pass
Serial-5,1,NO_TEXT_LAYER,page yields <40 chars; requires raster/OCR pass
DOW-UAP-D56-Range-Fouler-Debrief-Arabian-Sea-August-2020.pdf,1,REDACTION_MARKER,sanitizes
DOW-UAP-D57-Mission-Report-Gulf-of-Aden-September-2020.pdf,1,REDACTION_MARKER,sanitizes
DOW-UAP-D58-Range-Fouler-Debrief-NA-October-2020.pdf,1,REDACTION_MARKER,sanitizes
DOW-UAP-D60-Mission-Report-Persian-Gulf-August-2020.pdf,1,NO_TEXT_LAYER,page yields <40 chars; requires raster/OCR pass
DOW-UAP-D60-Mission-Report-Persian-Gulf-August-2020.pdf,2,NO_TEXT_LAYER,page yields <40 chars; requires raster/OCR pass
DOW-UAP-D60-Mission-Report-Persian-Gulf-August-2020.pdf,3,NO_TEXT_LAYER,page yields <40 chars; requires raster/OCR pass
DOW-UAP-D60-Mission-Report-Persian-Gulf-August-2020.pdf,4,NO_TEXT_LAYER,page yields <40 chars; requires raster/OCR pass
DOW-UAP-D60-Mission-Report-Persian-Gulf-August-2020.pdf,5,NO_TEXT_LAYER,page yields <40 chars; requires raster/OCR pass
DOW-UAP-D60-Mission-Report-Persian-Gulf-August-2020.pdf,6,NO_TEXT_LAYER,page yields <40 chars; requires raster/OCR pass
DOW-UAP-D62-Mission-Report-Strait-of-Hormuz-September-2020.pdf,2,LOW_OCR_QUALITY,quality=0.89
DOW-UAP-D63-Mission-Report-Strait-of-Hormuz-October-2020.pdf,1,NO_TEXT_LAYER,page yields <40 chars; requires raster/OCR pass
DOW-UAP-D63-Mission-Report-Strait-of-Hormuz-October-2020.pdf,2,NO_TEXT_LAYER,page yields <40 chars; requires raster/OCR pass
DOW-UAP-D63-Mission-Report-Strait-of-Hormuz-October-2020.pdf,3,NO_TEXT_LAYER,page yields <40 chars; requires raster/OCR pass
DOW-UAP-D63-Mission-Report-Strait-of-Hormuz-October-2020.pdf,4,NO_TEXT_LAYER,page yields <40 chars; requires raster/OCR pass
DOW-UAP-D63-Mission-Report-Strait-of-Hormuz-October-2020.pdf,5,NO_TEXT_LAYER,page yields <40 chars; requires raster/OCR pass
DOW-UAP-D63-Mission-Report-Strait-of-Hormuz-October-2020.pdf,6,NO_TEXT_LAYER,page yields <40 chars; requires raster/OCR pass
DOW-UAP-D63-Mission-Report-Strait-of-Hormuz-October-2020.pdf,7,NO_TEXT_LAYER,page yields <40 chars; requires raster/OCR pass
DOW-UAP-D63-Mission-Report-Strait-of-Hormuz-October-2020.pdf,8,NO_TEXT_LAYER,page yields <40 chars; requires raster/OCR pass
DOW-UAP-D64-Mission-Report-Iran-November-2020.pdf,2,LOW_OCR_QUALITY,quality=0.893
DOW-UAP-D65-Mission-Report-Persian-Gulf-July-2020.pdf,1,NO_TEXT_LAYER,page yields <40 chars; requires raster/OCR pass
DOW-UAP-D65-Mission-Report-Persian-Gulf-July-2020.pdf,2,NO_TEXT_LAYER,page yields <40 chars; requires raster/OCR pass
DOW-UAP-D65-Mission-Report-Persian-Gulf-July-2020.pdf,3,NO_TEXT_LAYER,page yields <40 chars; requires raster/OCR pass
DOW-UAP-D65-Mission-Report-Persian-Gulf-July-2020.pdf,4,NO_TEXT_LAYER,page yields <40 chars; requires raster/OCR pass
DOW-UAP-D65-Mission-Report-Persian-Gulf-July-2020.pdf,5,NO_TEXT_LAYER,page yields <40 chars; requires raster/OCR pass
DOW-UAP-D65-Mission-Report-Persian-Gulf-July-2020.pdf,6,NO_TEXT_LAYER,page yields <40 chars; requires raster/OCR pass
DOW-UAP-D65-Mission-Report-Persian-Gulf-July-2020.pdf,7,NO_TEXT_LAYER,page yields <40 chars; requires raster/OCR pass
DOW-UAP-D65-Mission-Report-Persian-Gulf-July-2020.pdf,8,NO_TEXT_LAYER,page yields <40 chars; requires raster/OCR pass
FBI-Photo-B1.pdf,1,NO_TEXT_LAYER,page yields <40 chars; requires raster/OCR pass
FBI-Photo-B10.pdf,1,NO_TEXT_LAYER,page yields <40 chars; requires raster/OCR pass
FBI-Photo-B11.pdf,1,NO_TEXT_LAYER,page yields <40 chars; requires raster/OCR pass
FBI-Photo-B12.pdf,1,NO_TEXT_LAYER,page yields <40 chars; requires raster/OCR pass
FBI-Photo-B13.pdf,1,NO_TEXT_LAYER,page yields <40 chars; requires raster/OCR pass
FBI-Photo-B14.pdf,1,NO_TEXT_LAYER,page yields <40 chars; requires raster/OCR pass
FBI-Photo-B15.pdf,1,NO_TEXT_LAYER,page yields <40 chars; requires raster/OCR pass
FBI-Photo-B16.pdf,1,NO_TEXT_LAYER,page yields <40 chars; requires raster/OCR pass
FBI-Photo-B17.pdf,1,NO_TEXT_LAYER,page yields <40 chars; requires raster/OCR pass
FBI-Photo-B18.pdf,1,NO_TEXT_LAYER,page yields <40 chars; requires raster/OCR pass
FBI-Photo-B19.pdf,1,NO_TEXT_LAYER,page yields <40 chars; requires raster/OCR pass
FBI-Photo-B2.pdf,1,NO_TEXT_LAYER,page yields <40 chars; requires raster/OCR pass
FBI-Photo-B20.pdf,1,NO_TEXT_LAYER,page yields <40 chars; requires raster/OCR pass
FBI-Photo-B21.pdf,1,NO_TEXT_LAYER,page yields <40 chars; requires raster/OCR pass
FBI-Photo-B22.pdf,1,NO_TEXT_LAYER,page yields <40 chars; requires raster/OCR pass
FBI-Photo-B23.pdf,1,NO_TEXT_LAYER,page yields <40 chars; requires raster/OCR pass
FBI-Photo-B24.pdf,1,NO_TEXT_LAYER,page yields <40 chars; requires raster/OCR pass
FBI-Photo-B3.pdf,1,NO_TEXT_LAYER,page yields <40 chars; requires raster/OCR pass
FBI-Photo-B4.pdf,1,NO_TEXT_LAYER,page yields <40 chars; requires raster/OCR pass
FBI-Photo-B5.pdf,1,NO_TEXT_LAYER,page yields <40 chars; requires raster/OCR pass
FBI-Photo-B6.pdf,1,NO_TEXT_LAYER,page yields <40 chars; requires raster/OCR pass
FBI-Photo-B7.pdf,1,NO_TEXT_LAYER,page yields <40 chars; requires raster/OCR pass
FBI-Photo-B8.pdf,1,NO_TEXT_LAYER,page yields <40 chars; requires raster/OCR pass
FBI-Photo-B9.pdf,1,NO_TEXT_LAYER,page yields <40 chars; requires raster/OCR pass
NASA-UAP-D4-Apollo-11-Technical-Crew-Debriefing-1969.pdf,1,NO_TEXT_LAYER,page yields <40 chars; requires raster/OCR pass
NASA-UAP-D4-Apollo-11-Technical-Crew-Debriefing-1969.pdf,2,NO_TEXT_LAYER,page yields <40 chars; requires raster/OCR pass
NASA-UAP-D4-Apollo-11-Technical-Crew-Debriefing-1969.pdf,3,NO_TEXT_LAYER,page yields <40 chars; requires raster/OCR pass
NASA-UAP-D4-Apollo-11-Technical-Crew-Debriefing-1969.pdf,4,NO_TEXT_LAYER,page yields <40 chars; requires raster/OCR pass
NASA-UAP-D4-Apollo-11-Technical-Crew-Debriefing-1969.pdf,5,NO_TEXT_LAYER,page yields <40 chars; requires raster/OCR pass
NASA-UAP-D4-Apollo-11-Technical-Crew-Debriefing-1969.pdf,6,NO_TEXT_LAYER,page yields <40 chars; requires raster/OCR pass
NASA-UAP-D4-Apollo-11-Technical-Crew-Debriefing-1969.pdf,7,NO_TEXT_LAYER,page yields <40 chars; requires raster/OCR pass
NASA-UAP-D4-Apollo-11-Technical-Crew-Debriefing-1969.pdf,8,NO_TEXT_LAYER,page yields <40 chars; requires raster/OCR pass
NASA-UAP-D4-Apollo-11-Technical-Crew-Debriefing-1969.pdf,9,NO_TEXT_LAYER,page yields <40 chars; requires raster/OCR pass
NASA-UAP-D4-Apollo-11-Technical-Crew-Debriefing-1969.pdf,10,NO_TEXT_LAYER,page yields <40 chars; requires raster/OCR pass
NASA-UAP-D4-Apollo-11-Technical-Crew-Debriefing-1969.pdf,11,NO_TEXT_LAYER,page yields <40 chars; requires raster/OCR pass
NASA-UAP-D6-Apollo-17-Technical-Crew-Debriefing-1973.pdf,1,NO_TEXT_LAYER,page yields <40 chars; requires raster/OCR pass
NASA-UAP-D6-Apollo-17-Technical-Crew-Debriefing-1973.pdf,2,NO_TEXT_LAYER,page yields <40 chars; requires raster/OCR pass
NASA-UAP-D7-Skylab-Technical-Crew-Debriefing-1973.pdf,1,REDACTION_MARKER,exempt
NASA-UAP-D7-Skylab-Technical-Crew-Debriefing-1973.pdf,4,REDACTION_MARKER,exempt
NASA-UAP-D7-Skylab-Technical-Crew-Debriefing-1973.pdf,9,REDACTION_MARKER,exempt
18-100754--General-1946-7-Vol-2.pdf,10,ENCLOSURE_REFERENCED,enclosure/attachment cited; verify presence in dump
18-100754--General-1946-7-Vol-2.pdf,13,ENCLOSURE_REFERENCED,enclosure/attachment cited; verify presence in dump
18-6369445-General-1948-Vol-1.pdf,9,ENCLOSURE_REFERENCED,enclosure/attachment cited; verify presence in dump
18-6369445-General-1948-Vol-1.pdf,10,ENCLOSURE_REFERENCED,enclosure/attachment cited; verify presence in dump
18-6369445-General-1948-Vol-1.pdf,11,ENCLOSURE_REFERENCED,enclosure/attachment cited; verify presence in dump
18-6369445-General-1948-Vol-1.pdf,21,ENCLOSURE_REFERENCED,enclosure/attachment cited; verify presence in dump
2024-04-30-Composite-Sketch.pdf,1,NO_TEXT_LAYER,page yields <40 chars; requires raster/OCR pass
255-413270-UFO's-and-Defense-What-Should-we-Prepare-For.pdf,1,NO_TEXT_LAYER,page yields <40 chars; requires raster/OCR pass
255-413270-UFO's-and-Defense-What-Should-we-Prepare-For.pdf,3,LOW_OCR_QUALITY,quality=0.883
255-413270-UFO's-and-Defense-What-Should-we-Prepare-For.pdf,4,LOW_OCR_QUALITY,quality=0.891
255-413270-UFO's-and-Defense-What-Should-we-Prepare-For.pdf,25,ENCLOSURE_REFERENCED,enclosure/attachment cited; verify presence in dump
255-t-763-r1b-transcripts.pdf,2,NO_TEXT_LAYER,page yields <40 chars; requires raster/OCR pass
255-t-763-r1b-transcripts.pdf,3,NO_TEXT_LAYER,page yields <40 chars; requires raster/OCR pass
255-t-763-r1b-transcripts.pdf,4,NO_TEXT_LAYER,page yields <40 chars; requires raster/OCR pass
331-120752-Numeric-Files-1944–1945-37153-German-Armament-Equipment-Documents.pdf,4,LOW_OCR_QUALITY,quality=0.898
331-120752-Numeric-Files-1944–1945-37153-German-Armament-Equipment-Documents.pdf,8,LOW_OCR_QUALITY,quality=0.892
331-120752-Numeric-Files-1944–1945-37153-German-Armament-Equipment-Documents.pdf,13,ENCLOSURE_REFERENCED,enclosure/attachment cited; verify presence in dump
341-110448-Records-Relating-to-the-Collection-and-Dissemination-of-Intelligence-1948-1955-TS-CONT-No.2-2-5300-2-5399.pdf,2,LOW_OCR_QUALITY,quality=0.872
341-110448-Records-Relating-to-the-Collection-and-Dissemination-of-Intelligence-1948-1955-TS-CONT-No.2-2-5300-2-5399.pdf,6,NO_TEXT_LAYER,page yields <40 chars; requires raster/OCR pass
341-110448-Records-Relating-to-the-Collection-and-Dissemination-of-Intelligence-1948-1955-TS-CONT-No.2-2-5300-2-5399.pdf,7,NO_TEXT_LAYER,page yields <40 chars; requires raster/OCR pass
341-110677-Numerical-File-5-2500.pdf,1,NO_TEXT_LAYER,page yields <40 chars; requires raster/OCR pass
341-110677-Numerical-File-5-2500.pdf,2,NO_TEXT_LAYER,page yields <40 chars; requires raster/OCR pass
341-110677-Numerical-File-5-2500.pdf,3,NO_TEXT_LAYER,page yields <40 chars; requires raster/OCR pass
341-110677-Numerical-File-5-2500.pdf,4,NO_TEXT_LAYER,page yields <40 chars; requires raster/OCR pass
341-110677-Numerical-File-5-2500.pdf,5,NO_TEXT_LAYER,page yields <40 chars; requires raster/OCR pass
341-110677-Numerical-File-5-2500.pdf,6,NO_TEXT_LAYER,page yields <40 chars; requires raster/OCR pass
341-110677-Numerical-File-5-2500.pdf,7,NO_TEXT_LAYER,page yields <40 chars; requires raster/OCR pass
341-110677-Numerical-File-5-2500.pdf,8,NO_TEXT_LAYER,page yields <40 chars; requires raster/OCR pass
341-110677-Numerical-File-5-2500.pdf,9,NO_TEXT_LAYER,page yields <40 chars; requires raster/OCR pass
341-110677-Numerical-File-5-2500.pdf,10,NO_TEXT_LAYER,page yields <40 chars; requires raster/OCR pass
342-HS1-416511228-box186-319.1-Flying-Discs-1949.pdf,4,NO_TEXT_LAYER,page yields <40 chars; requires raster/OCR pass
342-HS1-416511228-box186-319.1-Flying-Discs-1949.pdf,5,NO_TEXT_LAYER,page yields <40 chars; requires raster/OCR pass
342-HS1-416511228-box186-319.1-Flying-Discs-1949.pdf,6,NO_TEXT_LAYER,page yields <40 chars; requires raster/OCR pass
342-HS1-416511228-box186-319.1-Flying-Discs-1949.pdf,7,NO_TEXT_LAYER,page yields <40 chars; requires raster/OCR pass
342-HS1-416511228-box186-319.1-Flying-Discs-1949.pdf,8,NO_TEXT_LAYER,page yields <40 chars; requires raster/OCR pass
342-HS1-416511228-box186-319.1-Flying-Discs-1949.pdf,13,NO_TEXT_LAYER,page yields <40 chars; requires raster/OCR pass
342-HS1-416511228-box186-319.1-Flying-Discs-1949.pdf,17,NO_TEXT_LAYER,page yields <40 chars; requires raster/OCR pass
342-HS1-416511228-box186-319.1-Flying-Discs-1949.pdf,19,LOW_OCR_QUALITY,quality=0.852
342-HS1-416511228-box186-319.1-Flying-Discs-1949.pdf,21,LOW_OCR_QUALITY,quality=0.886
342-HS1-416511228-box186-319.1-Flying-Discs-1949.pdf,22,NO_TEXT_LAYER,page yields <40 chars; requires raster/OCR pass
342-HS1-416511228-box186-319.1-Flying-Discs-1949.pdf,24,NO_TEXT_LAYER,page yields <40 chars; requires raster/OCR pass
342-HS1-416511228-box186-319.1-Flying-Discs-1949.pdf,25,NO_TEXT_LAYER,page yields <40 chars; requires raster/OCR pass
342-HS1-416511228-box186-319.1-Flying-Discs-1949.pdf,27,LOW_OCR_QUALITY,quality=0.893
342-HS1-416511228-box186-319.1-Flying-Discs-1949.pdf,29,NO_TEXT_LAYER,page yields <40 chars; requires raster/OCR pass
342-HS1-416511228-box186-319.1-Flying-Discs-1949.pdf,31,LOW_OCR_QUALITY,quality=0.891
342-HS1-416511228-box186-319.1-Flying-Discs-1949.pdf,32,NO_TEXT_LAYER,page yields <40 chars; requires raster/OCR pass
342-HS1-416511228-box186-319.1-Flying-Discs-1949.pdf,33,NO_TEXT_LAYER,page yields <40 chars; requires raster/OCR pass
342-HS1-416511228-box186-319.1-Flying-Discs-1949.pdf,34,NO_TEXT_LAYER,page yields <40 chars; requires raster/OCR pass
342-HS1-416511228-box186-319.1-Flying-Discs-1949.pdf,35,NO_TEXT_LAYER,page yields <40 chars; requires raster/OCR pass
342-HS1-416511228-box186-319.1-Flying-Discs-1949.pdf,36,NO_TEXT_LAYER,page yields <40 chars; requires raster/OCR pass
342-HS1-416511228-box186-319.1-Flying-Discs-1949.pdf,42,NO_TEXT_LAYER,page yields <40 chars; requires raster/OCR pass
342-HS1-416511228-box186-319.1-Flying-Discs-1949.pdf,44,NO_TEXT_LAYER,page yields <40 chars; requires raster/OCR pass
342-HS1-416511228-box186-319.1-Flying-Discs-1949.pdf,45,NO_TEXT_LAYER,page yields <40 chars; requires raster/OCR pass
342-HS1-416511228-box186-319.1-Flying-Discs-1949.pdf,47,NO_TEXT_LAYER,page yields <40 chars; requires raster/OCR pass
342-HS1-416511228-box186-319.1-Flying-Discs-1949.pdf,48,ENCLOSURE_REFERENCED,enclosure/attachment cited; verify presence in dump
342-HS1-416511228-box186-319.1-Flying-Discs-1949.pdf,49,NO_TEXT_LAYER,page yields <40 chars; requires raster/OCR pass
342-HS1-416511228-box186-319.1-Flying-Discs-1949.pdf,51,ENCLOSURE_REFERENCED,enclosure/attachment cited; verify presence in dump
342-HS1-416511228-box186-319.1-Flying-Discs-1949.pdf,53,LOW_OCR_QUALITY,quality=0.865
342-HS1-416511228-box186-319.1-Flying-Discs-1949.pdf,55,NO_TEXT_LAYER,page yields <40 chars; requires raster/OCR pass
342-HS1-416511228-box186-319.1-Flying-Discs-1949.pdf,56,NO_TEXT_LAYER,page yields <40 chars; requires raster/OCR pass
342-HS1-416511228-box186-319.1-Flying-Discs-1949.pdf,57,LOW_OCR_QUALITY,quality=0.843
342-HS1-416511228-box186-319.1-Flying-Discs-1949.pdf,59,NO_TEXT_LAYER,page yields <40 chars; requires raster/OCR pass
342-HS1-416511228-box186-319.1-Flying-Discs-1949.pdf,61,LOW_OCR_QUALITY,quality=0.76
342-HS1-416511228-box186-319.1-Flying-Discs-1949.pdf,66,NO_TEXT_LAYER,page yields <40 chars; requires raster/OCR pass
342-HS1-416511228-box186-319.1-Flying-Discs-1949.pdf,67,NO_TEXT_LAYER,page yields <40 chars; requires raster/OCR pass
342-HS1-416511228-box186-319.1-Flying-Discs-1949.pdf,70,ENCLOSURE_REFERENCED,enclosure/attachment cited; verify presence in dump
342-HS1-416511228-box186-319.1-Flying-Discs-1949.pdf,72,NO_TEXT_LAYER,page yields <40 chars; requires raster/OCR pass
342-HS1-416511228-box186-319.1-Flying-Discs-1949.pdf,74,NO_TEXT_LAYER,page yields <40 chars; requires raster/OCR pass
342-HS1-416511228-box186-319.1-Flying-Discs-1949.pdf,76,NO_TEXT_LAYER,page yields <40 chars; requires raster/OCR pass
342-HS1-416511228-box186-319.1-Flying-Discs-1949.pdf,78,NO_TEXT_LAYER,page yields <40 chars; requires raster/OCR pass
342-HS1-416511228-box186-319.1-Flying-Discs-1949.pdf,79,LOW_OCR_QUALITY,quality=0.856
342-HS1-416511228-box186-319.1-Flying-Discs-1949.pdf,80,LOW_OCR_QUALITY,quality=0.859
342-HS1-416511228-box186-319.1-Flying-Discs-1949.pdf,82,NO_TEXT_LAYER,page yields <40 chars; requires raster/OCR pass
342-HS1-416511228-box186-319.1-Flying-Discs-1949.pdf,88,NO_TEXT_LAYER,page yields <40 chars; requires raster/OCR pass
342-HS1-416511228-box186-319.1-Flying-Discs-1949.pdf,89,NO_TEXT_LAYER,page yields <40 chars; requires raster/OCR pass
342-HS1-416511228-box186-319.1-Flying-Discs-1949.pdf,95,NO_TEXT_LAYER,page yields <40 chars; requires raster/OCR pass
342-HS1-416511228-box186-319.1-Flying-Discs-1949.pdf,96,NO_TEXT_LAYER,page yields <40 chars; requires raster/OCR pass
342-HS1-416511228-box186-319.1-Flying-Discs-1949.pdf,99,ENCLOSURE_REFERENCED,enclosure/attachment cited; verify presence in dump
342-HS1-416511228-box186-319.1-Flying-Discs-1949.pdf,101,LOW_OCR_QUALITY,quality=0.881
342-HS1-416511228-box186-319.1-Flying-Discs-1949.pdf,102,NO_TEXT_LAYER,page yields <40 chars; requires raster/OCR pass
342-HS1-416511228-box186-319.1-Flying-Discs-1949.pdf,114,NO_TEXT_LAYER,page yields <40 chars; requires raster/OCR pass
342-HS1-416511228-box186-319.1-Flying-Discs-1949.pdf,116,NO_TEXT_LAYER,page yields <40 chars; requires raster/OCR pass
342-HS1-416511228-box186-319.1-Flying-Discs-1949.pdf,117,NO_TEXT_LAYER,page yields <40 chars; requires raster/OCR pass
342-HS1-416511228-box186-319.1-Flying-Discs-1949.pdf,118,NO_TEXT_LAYER,page yields <40 chars; requires raster/OCR pass
342-HS1-416511228-box186-319.1-Flying-Discs-1949.pdf,119,NO_TEXT_LAYER,page yields <40 chars; requires raster/OCR pass
342-HS1-416511228-box186-319.1-Flying-Discs-1949.pdf,120,LOW_OCR_QUALITY,quality=0.877
342-HS1-416511228-box186-319.1-Flying-Discs-1949.pdf,122,LOW_OCR_QUALITY,quality=0.893
342-HS1-416511228-box186-319.1-Flying-Discs-1949.pdf,123,LOW_OCR_QUALITY,quality=0.857
342-HS1-416511228-box186-319.1-Flying-Discs-1949.pdf,124,NO_TEXT_LAYER,page yields <40 chars; requires raster/OCR pass
342-HS1-416511228-box186-319.1-Flying-Discs-1949.pdf,125,NO_TEXT_LAYER,page yields <40 chars; requires raster/OCR pass
342-HS1-416511228-box186-319.1-Flying-Discs-1949.pdf,126,LOW_OCR_QUALITY,quality=0.701
342-HS1-416511228-box186-319.1-Flying-Discs-1949.pdf,127,NO_TEXT_LAYER,page yields <40 chars; requires raster/OCR pass
342-HS1-416511228-box186-319.1-Flying-Discs-1949.pdf,128,LOW_OCR_QUALITY,quality=0.778
342-HS1-416511228-box186-319.1-Flying-Discs-1949.pdf,129,NO_TEXT_LAYER,page yields <40 chars; requires raster/OCR pass
342-HS1-416511228-box186-319.1-Flying-Discs-1949.pdf,134,LOW_OCR_QUALITY,quality=0.75
342-HS1-416511228-box186-319.1-Flying-Discs-1949.pdf,135,NO_TEXT_LAYER,page yields <40 chars; requires raster/OCR pass
342-HS1-416511228-box186-319.1-Flying-Discs-1949.pdf,137,NO_TEXT_LAYER,page yields <40 chars; requires raster/OCR pass
342-HS1-416511228-box186-319.1-Flying-Discs-1949.pdf,138,NO_TEXT_LAYER,page yields <40 chars; requires raster/OCR pass
342-HS1-416511228-box186-319.1-Flying-Discs-1949.pdf,139,NO_TEXT_LAYER,page yields <40 chars; requires raster/OCR pass
342-HS1-416511228-box186-319.1-Flying-Discs-1949.pdf,140,NO_TEXT_LAYER,page yields <40 chars; requires raster/OCR pass
342-HS1-416511228-box186-319.1-Flying-Discs-1949.pdf,143,NO_TEXT_LAYER,page yields <40 chars; requires raster/OCR pass
38-143685-box7-Incident-Summaries-1-100.pdf,1,NO_TEXT_LAYER,page yields <40 chars; requires raster/OCR pass
38-143685-box7-Incident-Summaries-1-100.pdf,3,NO_TEXT_LAYER,page yields <40 chars; requires raster/OCR pass
38-143685-box7-Incident-Summaries-1-100.pdf,4,NO_TEXT_LAYER,page yields <40 chars; requires raster/OCR pass
38-143685-box7-Incident-Summaries-1-100.pdf,5,NO_TEXT_LAYER,page yields <40 chars; requires raster/OCR pass
38-143685-box7-Incident-Summaries-1-100.pdf,6,NO_TEXT_LAYER,page yields <40 chars; requires raster/OCR pass
38-143685-box7-Incident-Summaries-1-100.pdf,10,NO_TEXT_LAYER,page yields <40 chars; requires raster/OCR pass
38-143685-box7-Incident-Summaries-1-100.pdf,11,NO_TEXT_LAYER,page yields <40 chars; requires raster/OCR pass
38-143685-box7-Incident-Summaries-1-100.pdf,12,NO_TEXT_LAYER,page yields <40 chars; requires raster/OCR pass
38-143685-box7-Incident-Summaries-1-100.pdf,13,NO_TEXT_LAYER,page yields <40 chars; requires raster/OCR pass
38-143685-box7-Incident-Summaries-1-100.pdf,14,NO_TEXT_LAYER,page yields <40 chars; requires raster/OCR pass
38-143685-box7-Incident-Summaries-1-100.pdf,15,NO_TEXT_LAYER,page yields <40 chars; requires raster/OCR pass
38-143685-box7-Incident-Summaries-1-100.pdf,16,NO_TEXT_LAYER,page yields <40 chars; requires raster/OCR pass
38-143685-box7-Incident-Summaries-1-100.pdf,18,NO_TEXT_LAYER,page yields <40 chars; requires raster/OCR pass
38-143685-box7-Incident-Summaries-1-100.pdf,20,NO_TEXT_LAYER,page yields <40 chars; requires raster/OCR pass
38-143685-box7-Incident-Summaries-1-100.pdf,21,LOW_OCR_QUALITY,quality=0.898
38-143685-box7-Incident-Summaries-1-100.pdf,22,NO_TEXT_LAYER,page yields <40 chars; requires raster/OCR pass
38-143685-box7-Incident-Summaries-1-100.pdf,23,NO_TEXT_LAYER,page yields <40 chars; requires raster/OCR pass
38-143685-box7-Incident-Summaries-1-100.pdf,24,NO_TEXT_LAYER,page yields <40 chars; requires raster/OCR pass
38-143685-box7-Incident-Summaries-1-100.pdf,25,NO_TEXT_LAYER,page yields <40 chars; requires raster/OCR pass
38-143685-box7-Incident-Summaries-1-100.pdf,26,LOW_OCR_QUALITY,quality=0.719
38-143685-box7-Incident-Summaries-1-100.pdf,28,NO_TEXT_LAYER,page yields <40 chars; requires raster/OCR pass
38-143685-box7-Incident-Summaries-1-100.pdf,29,NO_TEXT_LAYER,page yields <40 chars; requires raster/OCR pass
38-143685-box7-Incident-Summaries-1-100.pdf,30,NO_TEXT_LAYER,page yields <40 chars; requires raster/OCR pass
38-143685-box7-Incident-Summaries-1-100.pdf,31,NO_TEXT_LAYER,page yields <40 chars; requires raster/OCR pass
38-143685-box7-Incident-Summaries-1-100.pdf,32,NO_TEXT_LAYER,page yields <40 chars; requires raster/OCR pass
38-143685-box7-Incident-Summaries-1-100.pdf,33,NO_TEXT_LAYER,page yields <40 chars; requires raster/OCR pass
38-143685-box7-Incident-Summaries-1-100.pdf,34,NO_TEXT_LAYER,page yields <40 chars; requires raster/OCR pass
38-143685-box7-Incident-Summaries-1-100.pdf,35,LOW_OCR_QUALITY,quality=0.875
38-143685-box7-Incident-Summaries-1-100.pdf,36,NO_TEXT_LAYER,page yields <40 chars; requires raster/OCR pass
38-143685-box7-Incident-Summaries-1-100.pdf,37,NO_TEXT_LAYER,page yields <40 chars; requires raster/OCR pass
38-143685-box7-Incident-Summaries-1-100.pdf,39,NO_TEXT_LAYER,page yields <40 chars; requires raster/OCR pass
38-143685-box7-Incident-Summaries-1-100.pdf,41,LOW_OCR_QUALITY,quality=0.899
38-143685-box7-Incident-Summaries-1-100.pdf,42,NO_TEXT_LAYER,page yields <40 chars; requires raster/OCR pass
38-143685-box7-Incident-Summaries-1-100.pdf,43,NO_TEXT_LAYER,page yields <40 chars; requires raster/OCR pass
38-143685-box7-Incident-Summaries-1-100.pdf,44,NO_TEXT_LAYER,page yields <40 chars; requires raster/OCR pass
38-143685-box7-Incident-Summaries-1-100.pdf,45,NO_TEXT_LAYER,page yields <40 chars; requires raster/OCR pass
38-143685-box7-Incident-Summaries-1-100.pdf,46,NO_TEXT_LAYER,page yields <40 chars; requires raster/OCR pass
38-143685-box7-Incident-Summaries-1-100.pdf,47,NO_TEXT_LAYER,page yields <40 chars; requires raster/OCR pass
38-143685-box7-Incident-Summaries-1-100.pdf,48,NO_TEXT_LAYER,page yields <40 chars; requires raster/OCR pass
38-143685-box7-Incident-Summaries-1-100.pdf,49,NO_TEXT_LAYER,page yields <40 chars; requires raster/OCR pass
38-143685-box7-Incident-Summaries-1-100.pdf,51,NO_TEXT_LAYER,page yields <40 chars; requires raster/OCR pass
38-143685-box7-Incident-Summaries-1-100.pdf,53,NO_TEXT_LAYER,page yields <40 chars; requires raster/OCR pass
38-143685-box7-Incident-Summaries-1-100.pdf,55,NO_TEXT_LAYER,page yields <40 chars; requires raster/OCR pass
38-143685-box7-Incident-Summaries-1-100.pdf,56,NO_TEXT_LAYER,page yields <40 chars; requires raster/OCR pass
38-143685-box7-Incident-Summaries-1-100.pdf,57,NO_TEXT_LAYER,page yields <40 chars; requires raster/OCR pass
38-143685-box7-Incident-Summaries-1-100.pdf,59,NO_TEXT_LAYER,page yields <40 chars; requires raster/OCR pass
38-143685-box7-Incident-Summaries-1-100.pdf,60,NO_TEXT_LAYER,page yields <40 chars; requires raster/OCR pass
38-143685-box7-Incident-Summaries-1-100.pdf,61,NO_TEXT_LAYER,page yields <40 chars; requires raster/OCR pass
38-143685-box7-Incident-Summaries-1-100.pdf,62,NO_TEXT_LAYER,page yields <40 chars; requires raster/OCR pass
38-143685-box7-Incident-Summaries-1-100.pdf,63,NO_TEXT_LAYER,page yields <40 chars; requires raster/OCR pass
38-143685-box7-Incident-Summaries-1-100.pdf,64,NO_TEXT_LAYER,page yields <40 chars; requires raster/OCR pass
38-143685-box7-Incident-Summaries-1-100.pdf,65,NO_TEXT_LAYER,page yields <40 chars; requires raster/OCR pass
38-143685-box7-Incident-Summaries-1-100.pdf,66,NO_TEXT_LAYER,page yields <40 chars; requires raster/OCR pass
38-143685-box7-Incident-Summaries-1-100.pdf,67,NO_TEXT_LAYER,page yields <40 chars; requires raster/OCR pass
38-143685-box7-Incident-Summaries-1-100.pdf,68,NO_TEXT_LAYER,page yields <40 chars; requires raster/OCR pass
38-143685-box7-Incident-Summaries-1-100.pdf,69,NO_TEXT_LAYER,page yields <40 chars; requires raster/OCR pass
38-143685-box7-Incident-Summaries-1-100.pdf,70,NO_TEXT_LAYER,page yields <40 chars; requires raster/OCR pass
38-143685-box7-Incident-Summaries-1-100.pdf,71,NO_TEXT_LAYER,page yields <40 chars; requires raster/OCR pass
38-143685-box7-Incident-Summaries-1-100.pdf,72,NO_TEXT_LAYER,page yields <40 chars; requires raster/OCR pass
38-143685-box7-Incident-Summaries-1-100.pdf,73,NO_TEXT_LAYER,page yields <40 chars; requires raster/OCR pass
38-143685-box7-Incident-Summaries-1-100.pdf,74,NO_TEXT_LAYER,page yields <40 chars; requires raster/OCR pass
38-143685-box7-Incident-Summaries-1-100.pdf,75,LOW_OCR_QUALITY,quality=0.889
38-143685-box7-Incident-Summaries-1-100.pdf,76,NO_TEXT_LAYER,page yields <40 chars; requires raster/OCR pass
38-143685-box7-Incident-Summaries-1-100.pdf,77,NO_TEXT_LAYER,page yields <40 chars; requires raster/OCR pass
38-143685-box7-Incident-Summaries-1-100.pdf,78,NO_TEXT_LAYER,page yields <40 chars; requires raster/OCR pass
38-143685-box7-Incident-Summaries-1-100.pdf,79,NO_TEXT_LAYER,page yields <40 chars; requires raster/OCR pass
38-143685-box7-Incident-Summaries-1-100.pdf,80,NO_TEXT_LAYER,page yields <40 chars; requires raster/OCR pass
38-143685-box7-Incident-Summaries-1-100.pdf,81,NO_TEXT_LAYER,page yields <40 chars; requires raster/OCR pass
38-143685-box7-Incident-Summaries-1-100.pdf,82,NO_TEXT_LAYER,page yields <40 chars; requires raster/OCR pass
38-143685-box7-Incident-Summaries-1-100.pdf,85,NO_TEXT_LAYER,page yields <40 chars; requires raster/OCR pass
38-143685-box7-Incident-Summaries-1-100.pdf,86,NO_TEXT_LAYER,page yields <40 chars; requires raster/OCR pass
38-143685-box7-Incident-Summaries-1-100.pdf,87,NO_TEXT_LAYER,page yields <40 chars; requires raster/OCR pass
38-143685-box7-Incident-Summaries-1-100.pdf,88,NO_TEXT_LAYER,page yields <40 chars; requires raster/OCR pass
38-143685-box7-Incident-Summaries-1-100.pdf,89,NO_TEXT_LAYER,page yields <40 chars; requires raster/OCR pass
38-143685-box7-Incident-Summaries-1-100.pdf,90,NO_TEXT_LAYER,page yields <40 chars; requires raster/OCR pass
38-143685-box7-Incident-Summaries-1-100.pdf,91,NO_TEXT_LAYER,page yields <40 chars; requires raster/OCR pass
38-143685-box7-Incident-Summaries-1-100.pdf,92,NO_TEXT_LAYER,page yields <40 chars; requires raster/OCR pass
38-143685-box7-Incident-Summaries-1-100.pdf,93,NO_TEXT_LAYER,page yields <40 chars; requires raster/OCR pass
38-143685-box7-Incident-Summaries-1-100.pdf,94,NO_TEXT_LAYER,page yields <40 chars; requires raster/OCR pass
38-143685-box7-Incident-Summaries-1-100.pdf,95,NO_TEXT_LAYER,page yields <40 chars; requires raster/OCR pass
38-143685-box7-Incident-Summaries-1-100.pdf,96,NO_TEXT_LAYER,page yields <40 chars; requires raster/OCR pass
38-143685-box7-Incident-Summaries-1-100.pdf,97,NO_TEXT_LAYER,page yields <40 chars; requires raster/OCR pass
38-143685-box7-Incident-Summaries-1-100.pdf,99,NO_TEXT_LAYER,page yields <40 chars; requires raster/OCR pass
38-143685-box7-Incident-Summaries-1-100.pdf,100,NO_TEXT_LAYER,page yields <40 chars; requires raster/OCR pass
38-143685-box7-Incident-Summaries-1-100.pdf,101,NO_TEXT_LAYER,page yields <40 chars; requires raster/OCR pass
38-143685-box7-Incident-Summaries-1-100.pdf,102,NO_TEXT_LAYER,page yields <40 chars; requires raster/OCR pass
38-143685-box7-Incident-Summaries-1-100.pdf,103,NO_TEXT_LAYER,page yields <40 chars; requires raster/OCR pass
38-143685-box7-Incident-Summaries-1-100.pdf,104,NO_TEXT_LAYER,page yields <40 chars; requires raster/OCR pass
38-143685-box7-Incident-Summaries-1-100.pdf,105,NO_TEXT_LAYER,page yields <40 chars; requires raster/OCR pass
38-143685-box7-Incident-Summaries-1-100.pdf,106,NO_TEXT_LAYER,page yields <40 chars; requires raster/OCR pass
38-143685-box7-Incident-Summaries-1-100.pdf,107,NO_TEXT_LAYER,page yields <40 chars; requires raster/OCR pass
38-143685-box7-Incident-Summaries-1-100.pdf,109,NO_TEXT_LAYER,page yields <40 chars; requires raster/OCR pass
38-143685-box7-Incident-Summaries-1-100.pdf,110,NO_TEXT_LAYER,page yields <40 chars; requires raster/OCR pass
38-143685-box7-Incident-Summaries-1-100.pdf,111,NO_TEXT_LAYER,page yields <40 chars; requires raster/OCR pass
38-143685-box7-Incident-Summaries-1-100.pdf,112,NO_TEXT_LAYER,page yields <40 chars; requires raster/OCR pass
38-143685-box7-Incident-Summaries-1-100.pdf,113,LOW_OCR_QUALITY,quality=0.871
38-143685-box7-Incident-Summaries-1-100.pdf,114,NO_TEXT_LAYER,page yields <40 chars; requires raster/OCR pass
38-143685-box7-Incident-Summaries-1-100.pdf,116,NO_TEXT_LAYER,page yields <40 chars; requires raster/OCR pass
38-143685-box7-Incident-Summaries-1-100.pdf,117,NO_TEXT_LAYER,page yields <40 chars; requires raster/OCR pass
38-143685-box7-Incident-Summaries-1-100.pdf,118,NO_TEXT_LAYER,page yields <40 chars; requires raster/OCR pass
38-143685-box7-Incident-Summaries-1-100.pdf,120,NO_TEXT_LAYER,page yields <40 chars; requires raster/OCR pass
38-143685-box7-Incident-Summaries-1-100.pdf,121,NO_TEXT_LAYER,page yields <40 chars; requires raster/OCR pass
38-143685-box7-Incident-Summaries-1-100.pdf,122,NO_TEXT_LAYER,page yields <40 chars; requires raster/OCR pass
38-143685-box7-Incident-Summaries-1-100.pdf,123,NO_TEXT_LAYER,page yields <40 chars; requires raster/OCR pass
38-143685-box7-Incident-Summaries-1-100.pdf,124,NO_TEXT_LAYER,page yields <40 chars; requires raster/OCR pass
38-143685-box7-Incident-Summaries-1-100.pdf,126,NO_TEXT_LAYER,page yields <40 chars; requires raster/OCR pass
38-143685-box7-Incident-Summaries-1-100.pdf,127,NO_TEXT_LAYER,page yields <40 chars; requires raster/OCR pass
38-143685-box7-Incident-Summaries-1-100.pdf,128,NO_TEXT_LAYER,page yields <40 chars; requires raster/OCR pass
38-143685-box7-Incident-Summaries-1-100.pdf,129,NO_TEXT_LAYER,page yields <40 chars; requires raster/OCR pass
38-143685-box7-Incident-Summaries-1-100.pdf,130,NO_TEXT_LAYER,page yields <40 chars; requires raster/OCR pass
38-143685-box7-Incident-Summaries-1-100.pdf,131,NO_TEXT_LAYER,page yields <40 chars; requires raster/OCR pass
38-143685-box7-Incident-Summaries-1-100.pdf,132,NO_TEXT_LAYER,page yields <40 chars; requires raster/OCR pass
38-143685-box7-Incident-Summaries-1-100.pdf,134,NO_TEXT_LAYER,page yields <40 chars; requires raster/OCR pass
38-143685-box7-Incident-Summaries-1-100.pdf,135,NO_TEXT_LAYER,page yields <40 chars; requires raster/OCR pass
38-143685-box7-Incident-Summaries-1-100.pdf,136,NO_TEXT_LAYER,page yields <40 chars; requires raster/OCR pass
38-143685-box7-Incident-Summaries-1-100.pdf,137,NO_TEXT_LAYER,page yields <40 chars; requires raster/OCR pass
38-143685-box7-Incident-Summaries-1-100.pdf,138,NO_TEXT_LAYER,page yields <40 chars; requires raster/OCR pass
38-143685-box7-Incident-Summaries-1-100.pdf,139,NO_TEXT_LAYER,page yields <40 chars; requires raster/OCR pass
38-143685-box7-Incident-Summaries-1-100.pdf,140,NO_TEXT_LAYER,page yields <40 chars; requires raster/OCR pass
38-143685-box7-Incident-Summaries-1-100.pdf,141,NO_TEXT_LAYER,page yields <40 chars; requires raster/OCR pass
38-143685-box7-Incident-Summaries-1-100.pdf,142,NO_TEXT_LAYER,page yields <40 chars; requires raster/OCR pass
38-143685-box7-Incident-Summaries-1-100.pdf,143,NO_TEXT_LAYER,page yields <40 chars; requires raster/OCR pass
38-143685-box7-Incident-Summaries-1-100.pdf,144,NO_TEXT_LAYER,page yields <40 chars; requires raster/OCR pass
38-143685-box7-Incident-Summaries-1-100.pdf,146,NO_TEXT_LAYER,page yields <40 chars; requires raster/OCR pass
38-143685-box7-Incident-Summaries-1-100.pdf,147,LOW_OCR_QUALITY,quality=0.8
38-143685-box7-Incident-Summaries-1-100.pdf,148,NO_TEXT_LAYER,page yields <40 chars; requires raster/OCR pass
38-143685-box7-Incident-Summaries-1-100.pdf,149,NO_TEXT_LAYER,page yields <40 chars; requires raster/OCR pass
38-143685-box7-Incident-Summaries-1-100.pdf,150,NO_TEXT_LAYER,page yields <40 chars; requires raster/OCR pass
38-143685-box7-Incident-Summaries-1-100.pdf,151,NO_TEXT_LAYER,page yields <40 chars; requires raster/OCR pass
38-143685-box7-Incident-Summaries-1-100.pdf,152,NO_TEXT_LAYER,page yields <40 chars; requires raster/OCR pass
38-143685-box7-Incident-Summaries-1-100.pdf,153,LOW_OCR_QUALITY,quality=0.875
38-143685-box7-Incident-Summaries-1-100.pdf,154,NO_TEXT_LAYER,page yields <40 chars; requires raster/OCR pass
38-143685-box7-Incident-Summaries-1-100.pdf,155,NO_TEXT_LAYER,page yields <40 chars; requires raster/OCR pass
38-143685-box7-Incident-Summaries-1-100.pdf,156,NO_TEXT_LAYER,page yields <40 chars; requires raster/OCR pass
38-143685-box7-Incident-Summaries-1-100.pdf,157,NO_TEXT_LAYER,page yields <40 chars; requires raster/OCR pass
38-143685-box7-Incident-Summaries-1-100.pdf,158,NO_TEXT_LAYER,page yields <40 chars; requires raster/OCR pass
38-143685-box7-Incident-Summaries-1-100.pdf,159,LOW_OCR_QUALITY,quality=0.886
38-143685-box7-Incident-Summaries-1-100.pdf,160,NO_TEXT_LAYER,page yields <40 chars; requires raster/OCR pass
38-143685-box7-Incident-Summaries-1-100.pdf,161,NO_TEXT_LAYER,page yields <40 chars; requires raster/OCR pass
38-143685-box7-Incident-Summaries-1-100.pdf,162,NO_TEXT_LAYER,page yields <40 chars; requires raster/OCR pass
38-143685-box7-Incident-Summaries-1-100.pdf,163,NO_TEXT_LAYER,page yields <40 chars; requires raster/OCR pass
38-143685-box7-Incident-Summaries-1-100.pdf,164,NO_TEXT_LAYER,page yields <40 chars; requires raster/OCR pass
38-143685-box7-Incident-Summaries-1-100.pdf,165,NO_TEXT_LAYER,page yields <40 chars; requires raster/OCR pass
38-143685-box7-Incident-Summaries-1-100.pdf,166,NO_TEXT_LAYER,page yields <40 chars; requires raster/OCR pass
38-143685-box7-Incident-Summaries-1-100.pdf,167,NO_TEXT_LAYER,page yields <40 chars; requires raster/OCR pass
38-143685-box7-Incident-Summaries-1-100.pdf,168,NO_TEXT_LAYER,page yields <40 chars; requires raster/OCR pass
38-143685-box7-Incident-Summaries-1-100.pdf,169,LOW_OCR_QUALITY,quality=0.894
38-143685-box7-Incident-Summaries-1-100.pdf,170,NO_TEXT_LAYER,page yields <40 chars; requires raster/OCR pass
38-143685-box7-Incident-Summaries-1-100.pdf,171,LOW_OCR_QUALITY,quality=0.891
38-143685-box7-Incident-Summaries-1-100.pdf,172,NO_TEXT_LAYER,page yields <40 chars; requires raster/OCR pass
38-143685-box7-Incident-Summaries-1-100.pdf,173,NO_TEXT_LAYER,page yields <40 chars; requires raster/OCR pass
38-143685-box7-Incident-Summaries-1-100.pdf,174,NO_TEXT_LAYER,page yields <40 chars; requires raster/OCR pass
38-143685-box7-Incident-Summaries-1-100.pdf,175,NO_TEXT_LAYER,page yields <40 chars; requires raster/OCR pass
38-143685-box7-Incident-Summaries-1-100.pdf,176,NO_TEXT_LAYER,page yields <40 chars; requires raster/OCR pass
38-143685-box7-Incident-Summaries-1-100.pdf,177,NO_TEXT_LAYER,page yields <40 chars; requires raster/OCR pass
38-143685-box7-Incident-Summaries-1-100.pdf,178,NO_TEXT_LAYER,page yields <40 chars; requires raster/OCR pass
38-143685-box7-Incident-Summaries-1-100.pdf,179,NO_TEXT_LAYER,page yields <40 chars; requires raster/OCR pass
38-143685-box7-Incident-Summaries-1-100.pdf,180,NO_TEXT_LAYER,page yields <40 chars; requires raster/OCR pass
38-143685-box7-Incident-Summaries-1-100.pdf,181,NO_TEXT_LAYER,page yields <40 chars; requires raster/OCR pass
38-143685-box7-Incident-Summaries-1-100.pdf,182,NO_TEXT_LAYER,page yields <40 chars; requires raster/OCR pass
38-143685-box7-Incident-Summaries-1-100.pdf,183,NO_TEXT_LAYER,page yields <40 chars; requires raster/OCR pass
38-143685-box7-Incident-Summaries-1-100.pdf,184,NO_TEXT_LAYER,page yields <40 chars; requires raster/OCR pass
38-143685-box7-Incident-Summaries-1-100.pdf,185,NO_TEXT_LAYER,page yields <40 chars; requires raster/OCR pass
38-143685-box7-Incident-Summaries-1-100.pdf,186,NO_TEXT_LAYER,page yields <40 chars; requires raster/OCR pass
38-143685-box7-Incident-Summaries-1-100.pdf,187,NO_TEXT_LAYER,page yields <40 chars; requires raster/OCR pass
38-143685-box7-Incident-Summaries-1-100.pdf,188,NO_TEXT_LAYER,page yields <40 chars; requires raster/OCR pass
38-143685-box7-Incident-Summaries-1-100.pdf,190,NO_TEXT_LAYER,page yields <40 chars; requires raster/OCR pass
38-143685-box7-Incident-Summaries-1-100.pdf,191,NO_TEXT_LAYER,page yields <40 chars; requires raster/OCR pass
38-143685-box7-Incident-Summaries-1-100.pdf,192,NO_TEXT_LAYER,page yields <40 chars; requires raster/OCR pass
38-143685-box7-Incident-Summaries-1-100.pdf,193,NO_TEXT_LAYER,page yields <40 chars; requires raster/OCR pass
38-143685-box7-Incident-Summaries-1-100.pdf,194,NO_TEXT_LAYER,page yields <40 chars; requires raster/OCR pass
38-143685-box7-Incident-Summaries-1-100.pdf,196,NO_TEXT_LAYER,page yields <40 chars; requires raster/OCR pass
38-143685-box7-Incident-Summaries-1-100.pdf,197,NO_TEXT_LAYER,page yields <40 chars; requires raster/OCR pass
38-143685-box7-Incident-Summaries-1-100.pdf,198,NO_TEXT_LAYER,page yields <40 chars; requires raster/OCR pass
38-143685-box7-Incident-Summaries-1-100.pdf,199,NO_TEXT_LAYER,page yields <40 chars; requires raster/OCR pass
38-143685-box7-Incident-Summaries-1-100.pdf,200,NO_TEXT_LAYER,page yields <40 chars; requires raster/OCR pass
38-143685-box7-Incident-Summaries-1-100.pdf,201,NO_TEXT_LAYER,page yields <40 chars; requires raster/OCR pass
38-143685-box7-Incident-Summaries-1-100.pdf,202,NO_TEXT_LAYER,page yields <40 chars; requires raster/OCR pass
38-143685-box7-Incident-Summaries-1-100.pdf,204,NO_TEXT_LAYER,page yields <40 chars; requires raster/OCR pass
38-143685-box7-Incident-Summaries-1-100.pdf,206,NO_TEXT_LAYER,page yields <40 chars; requires raster/OCR pass
38-143685-box7-Incident-Summaries-1-100.pdf,207,NO_TEXT_LAYER,page yields <40 chars; requires raster/OCR pass
38-143685-box7-Incident-Summaries-1-100.pdf,209,NO_TEXT_LAYER,page yields <40 chars; requires raster/OCR pass
38-143685-box7-Incident-Summaries-101-172.pdf,2,NO_TEXT_LAYER,page yields <40 chars; requires raster/OCR pass
38-143685-box7-Incident-Summaries-101-172.pdf,4,NO_TEXT_LAYER,page yields <40 chars; requires raster/OCR pass
38-143685-box7-Incident-Summaries-101-172.pdf,5,NO_TEXT_LAYER,page yields <40 chars; requires raster/OCR pass
38-143685-box7-Incident-Summaries-101-172.pdf,6,NO_TEXT_LAYER,page yields <40 chars; requires raster/OCR pass
38-143685-box7-Incident-Summaries-101-172.pdf,7,NO_TEXT_LAYER,page yields <40 chars; requires raster/OCR pass
38-143685-box7-Incident-Summaries-101-172.pdf,9,NO_TEXT_LAYER,page yields <40 chars; requires raster/OCR pass
38-143685-box7-Incident-Summaries-101-172.pdf,10,NO_TEXT_LAYER,page yields <40 chars; requires raster/OCR pass
38-143685-box7-Incident-Summaries-101-172.pdf,11,NO_TEXT_LAYER,page yields <40 chars; requires raster/OCR pass
38-143685-box7-Incident-Summaries-101-172.pdf,12,NO_TEXT_LAYER,page yields <40 chars; requires raster/OCR pass
38-143685-box7-Incident-Summaries-101-172.pdf,13,NO_TEXT_LAYER,page yields <40 chars; requires raster/OCR pass
38-143685-box7-Incident-Summaries-101-172.pdf,14,NO_TEXT_LAYER,page yields <40 chars; requires raster/OCR pass
38-143685-box7-Incident-Summaries-101-172.pdf,15,NO_TEXT_LAYER,page yields <40 chars; requires raster/OCR pass
38-143685-box7-Incident-Summaries-101-172.pdf,16,NO_TEXT_LAYER,page yields <40 chars; requires raster/OCR pass
38-143685-box7-Incident-Summaries-101-172.pdf,17,NO_TEXT_LAYER,page yields <40 chars; requires raster/OCR pass
38-143685-box7-Incident-Summaries-101-172.pdf,19,NO_TEXT_LAYER,page yields <40 chars; requires raster/OCR pass
38-143685-box7-Incident-Summaries-101-172.pdf,20,NO_TEXT_LAYER,page yields <40 chars; requires raster/OCR pass
38-143685-box7-Incident-Summaries-101-172.pdf,21,NO_TEXT_LAYER,page yields <40 chars; requires raster/OCR pass
38-143685-box7-Incident-Summaries-101-172.pdf,22,NO_TEXT_LAYER,page yields <40 chars; requires raster/OCR pass
38-143685-box7-Incident-Summaries-101-172.pdf,23,NO_TEXT_LAYER,page yields <40 chars; requires raster/OCR pass
38-143685-box7-Incident-Summaries-101-172.pdf,25,NO_TEXT_LAYER,page yields <40 chars; requires raster/OCR pass
38-143685-box7-Incident-Summaries-101-172.pdf,26,NO_TEXT_LAYER,page yields <40 chars; requires raster/OCR pass
38-143685-box7-Incident-Summaries-101-172.pdf,27,NO_TEXT_LAYER,page yields <40 chars; requires raster/OCR pass
38-143685-box7-Incident-Summaries-101-172.pdf,29,NO_TEXT_LAYER,page yields <40 chars; requires raster/OCR pass
38-143685-box7-Incident-Summaries-101-172.pdf,31,NO_TEXT_LAYER,page yields <40 chars; requires raster/OCR pass
38-143685-box7-Incident-Summaries-101-172.pdf,32,NO_TEXT_LAYER,page yields <40 chars; requires raster/OCR pass
38-143685-box7-Incident-Summaries-101-172.pdf,35,NO_TEXT_LAYER,page yields <40 chars; requires raster/OCR pass
38-143685-box7-Incident-Summaries-101-172.pdf,36,NO_TEXT_LAYER,page yields <40 chars; requires raster/OCR pass
38-143685-box7-Incident-Summaries-101-172.pdf,37,NO_TEXT_LAYER,page yields <40 chars; requires raster/OCR pass
38-143685-box7-Incident-Summaries-101-172.pdf,38,NO_TEXT_LAYER,page yields <40 chars; requires raster/OCR pass
38-143685-box7-Incident-Summaries-101-172.pdf,39,NO_TEXT_LAYER,page yields <40 chars; requires raster/OCR pass
38-143685-box7-Incident-Summaries-101-172.pdf,40,NO_TEXT_LAYER,page yields <40 chars; requires raster/OCR pass
38-143685-box7-Incident-Summaries-101-172.pdf,41,NO_TEXT_LAYER,page yields <40 chars; requires raster/OCR pass
38-143685-box7-Incident-Summaries-101-172.pdf,42,NO_TEXT_LAYER,page yields <40 chars; requires raster/OCR pass
38-143685-box7-Incident-Summaries-101-172.pdf,44,NO_TEXT_LAYER,page yields <40 chars; requires raster/OCR pass
38-143685-box7-Incident-Summaries-101-172.pdf,46,NO_TEXT_LAYER,page yields <40 chars; requires raster/OCR pass
38-143685-box7-Incident-Summaries-101-172.pdf,47,NO_TEXT_LAYER,page yields <40 chars; requires raster/OCR pass
38-143685-box7-Incident-Summaries-101-172.pdf,48,NO_TEXT_LAYER,page yields <40 chars; requires raster/OCR pass
38-143685-box7-Incident-Summaries-101-172.pdf,51,NO_TEXT_LAYER,page yields <40 chars; requires raster/OCR pass
38-143685-box7-Incident-Summaries-101-172.pdf,53,NO_TEXT_LAYER,page yields <40 chars; requires raster/OCR pass
38-143685-box7-Incident-Summaries-101-172.pdf,55,NO_TEXT_LAYER,page yields <40 chars; requires raster/OCR pass
38-143685-box7-Incident-Summaries-101-172.pdf,56,NO_TEXT_LAYER,page yields <40 chars; requires raster/OCR pass
38-143685-box7-Incident-Summaries-101-172.pdf,58,NO_TEXT_LAYER,page yields <40 chars; requires raster/OCR pass
38-143685-box7-Incident-Summaries-101-172.pdf,60,NO_TEXT_LAYER,page yields <40 chars; requires raster/OCR pass
38-143685-box7-Incident-Summaries-101-172.pdf,61,NO_TEXT_LAYER,page yields <40 chars; requires raster/OCR pass
38-143685-box7-Incident-Summaries-101-172.pdf,62,NO_TEXT_LAYER,page yields <40 chars; requires raster/OCR pass
38-143685-box7-Incident-Summaries-101-172.pdf,64,NO_TEXT_LAYER,page yields <40 chars; requires raster/OCR pass
38-143685-box7-Incident-Summaries-101-172.pdf,66,LOW_OCR_QUALITY,quality=0.815
38-143685-box7-Incident-Summaries-101-172.pdf,67,NO_TEXT_LAYER,page yields <40 chars; requires raster/OCR pass
38-143685-box7-Incident-Summaries-101-172.pdf,68,NO_TEXT_LAYER,page yields <40 chars; requires raster/OCR pass
38-143685-box7-Incident-Summaries-101-172.pdf,69,NO_TEXT_LAYER,page yields <40 chars; requires raster/OCR pass
38-143685-box7-Incident-Summaries-101-172.pdf,70,NO_TEXT_LAYER,page yields <40 chars; requires raster/OCR pass
38-143685-box7-Incident-Summaries-101-172.pdf,71,NO_TEXT_LAYER,page yields <40 chars; requires raster/OCR pass
38-143685-box7-Incident-Summaries-101-172.pdf,73,NO_TEXT_LAYER,page yields <40 chars; requires raster/OCR pass
38-143685-box7-Incident-Summaries-101-172.pdf,74,NO_TEXT_LAYER,page yields <40 chars; requires raster/OCR pass
38-143685-box7-Incident-Summaries-101-172.pdf,76,NO_TEXT_LAYER,page yields <40 chars; requires raster/OCR pass
38-143685-box7-Incident-Summaries-101-172.pdf,77,NO_TEXT_LAYER,page yields <40 chars; requires raster/OCR pass
38-143685-box7-Incident-Summaries-101-172.pdf,78,NO_TEXT_LAYER,page yields <40 chars; requires raster/OCR pass
38-143685-box7-Incident-Summaries-101-172.pdf,80,NO_TEXT_LAYER,page yields <40 chars; requires raster/OCR pass
38-143685-box7-Incident-Summaries-101-172.pdf,81,NO_TEXT_LAYER,page yields <40 chars; requires raster/OCR pass
38-143685-box7-Incident-Summaries-101-172.pdf,82,NO_TEXT_LAYER,page yields <40 chars; requires raster/OCR pass
38-143685-box7-Incident-Summaries-101-172.pdf,84,NO_TEXT_LAYER,page yields <40 chars; requires raster/OCR pass
38-143685-box7-Incident-Summaries-101-172.pdf,88,NO_TEXT_LAYER,page yields <40 chars; requires raster/OCR pass
38-143685-box7-Incident-Summaries-101-172.pdf,89,NO_TEXT_LAYER,page yields <40 chars; requires raster/OCR pass
38-143685-box7-Incident-Summaries-101-172.pdf,90,NO_TEXT_LAYER,page yields <40 chars; requires raster/OCR pass
38-143685-box7-Incident-Summaries-101-172.pdf,92,NO_TEXT_LAYER,page yields <40 chars; requires raster/OCR pass
38-143685-box7-Incident-Summaries-101-172.pdf,93,NO_TEXT_LAYER,page yields <40 chars; requires raster/OCR pass
38-143685-box7-Incident-Summaries-101-172.pdf,94,NO_TEXT_LAYER,page yields <40 chars; requires raster/OCR pass
38-143685-box7-Incident-Summaries-101-172.pdf,95,NO_TEXT_LAYER,page yields <40 chars; requires raster/OCR pass
38-143685-box7-Incident-Summaries-101-172.pdf,96,NO_TEXT_LAYER,page yields <40 chars; requires raster/OCR pass
38-143685-box7-Incident-Summaries-101-172.pdf,98,NO_TEXT_LAYER,page yields <40 chars; requires raster/OCR pass
38-143685-box7-Incident-Summaries-101-172.pdf,108,LOW_OCR_QUALITY,quality=0.88
38-143685-box7-Incident-Summaries-101-172.pdf,111,NO_TEXT_LAYER,page yields <40 chars; requires raster/OCR pass
38-143685-box7-Incident-Summaries-101-172.pdf,112,LOW_OCR_QUALITY,quality=0.801
38-143685-box7-Incident-Summaries-101-172.pdf,114,NO_TEXT_LAYER,page yields <40 chars; requires raster/OCR pass
38-143685-box7-Incident-Summaries-101-172.pdf,116,NO_TEXT_LAYER,page yields <40 chars; requires raster/OCR pass
38-143685-box7-Incident-Summaries-101-172.pdf,117,NO_TEXT_LAYER,page yields <40 chars; requires raster/OCR pass
38-143685-box7-Incident-Summaries-101-172.pdf,118,NO_TEXT_LAYER,page yields <40 chars; requires raster/OCR pass
38-143685-box7-Incident-Summaries-101-172.pdf,119,NO_TEXT_LAYER,page yields <40 chars; requires raster/OCR pass
38-143685-box7-Incident-Summaries-101-172.pdf,120,NO_TEXT_LAYER,page yields <40 chars; requires raster/OCR pass
38-143685-box7-Incident-Summaries-101-172.pdf,122,NO_TEXT_LAYER,page yields <40 chars; requires raster/OCR pass
38-143685-box7-Incident-Summaries-101-172.pdf,123,NO_TEXT_LAYER,page yields <40 chars; requires raster/OCR pass
38-143685-box7-Incident-Summaries-101-172.pdf,124,NO_TEXT_LAYER,page yields <40 chars; requires raster/OCR pass
38-143685-box7-Incident-Summaries-101-172.pdf,126,NO_TEXT_LAYER,page yields <40 chars; requires raster/OCR pass
38-143685-box7-Incident-Summaries-101-172.pdf,129,NO_TEXT_LAYER,page yields <40 chars; requires raster/OCR pass
38-143685-box7-Incident-Summaries-101-172.pdf,130,NO_TEXT_LAYER,page yields <40 chars; requires raster/OCR pass
38-143685-box7-Incident-Summaries-101-172.pdf,131,NO_TEXT_LAYER,page yields <40 chars; requires raster/OCR pass
38-143685-box7-Incident-Summaries-101-172.pdf,132,NO_TEXT_LAYER,page yields <40 chars; requires raster/OCR pass
38-143685-box7-Incident-Summaries-101-172.pdf,133,NO_TEXT_LAYER,page yields <40 chars; requires raster/OCR pass
38-143685-box7-Incident-Summaries-101-172.pdf,134,NO_TEXT_LAYER,page yields <40 chars; requires raster/OCR pass
38-143685-box7-Incident-Summaries-101-172.pdf,135,NO_TEXT_LAYER,page yields <40 chars; requires raster/OCR pass
38-143685-box7-Incident-Summaries-101-172.pdf,136,NO_TEXT_LAYER,page yields <40 chars; requires raster/OCR pass
38-143685-box7-Incident-Summaries-101-172.pdf,139,NO_TEXT_LAYER,page yields <40 chars; requires raster/OCR pass
38-143685-box7-Incident-Summaries-101-172.pdf,141,NO_TEXT_LAYER,page yields <40 chars; requires raster/OCR pass
38-143685-box7-Incident-Summaries-101-172.pdf,142,LOW_OCR_QUALITY,quality=0.859
38-143685-box7-Incident-Summaries-101-172.pdf,143,NO_TEXT_LAYER,page yields <40 chars; requires raster/OCR pass
38-143685-box7-Incident-Summaries-101-172.pdf,144,NO_TEXT_LAYER,page yields <40 chars; requires raster/OCR pass
38-143685-box7-Incident-Summaries-101-172.pdf,145,NO_TEXT_LAYER,page yields <40 chars; requires raster/OCR pass
38-143685-box7-Incident-Summaries-101-172.pdf,146,NO_TEXT_LAYER,page yields <40 chars; requires raster/OCR pass
38-143685-box7-Incident-Summaries-101-172.pdf,147,NO_TEXT_LAYER,page yields <40 chars; requires raster/OCR pass
38-143685-box7-Incident-Summaries-101-172.pdf,148,NO_TEXT_LAYER,page yields <40 chars; requires raster/OCR pass
38-143685-box7-Incident-Summaries-101-172.pdf,149,NO_TEXT_LAYER,page yields <40 chars; requires raster/OCR pass
38-143685-box7-Incident-Summaries-101-172.pdf,150,NO_TEXT_LAYER,page yields <40 chars; requires raster/OCR pass
38-143685-box7-Incident-Summaries-101-172.pdf,151,NO_TEXT_LAYER,page yields <40 chars; requires raster/OCR pass
38-143685-box7-Incident-Summaries-101-172.pdf,153,NO_TEXT_LAYER,page yields <40 chars; requires raster/OCR pass
38-143685-box7-Incident-Summaries-101-172.pdf,154,NO_TEXT_LAYER,page yields <40 chars; requires raster/OCR pass
38-143685-box7-Incident-Summaries-101-172.pdf,155,NO_TEXT_LAYER,page yields <40 chars; requires raster/OCR pass
38-143685-box7-Incident-Summaries-101-172.pdf,156,NO_TEXT_LAYER,page yields <40 chars; requires raster/OCR pass
38-143685-box7-Incident-Summaries-101-172.pdf,157,NO_TEXT_LAYER,page yields <40 chars; requires raster/OCR pass
38-143685-box7-Incident-Summaries-101-172.pdf,158,NO_TEXT_LAYER,page yields <40 chars; requires raster/OCR pass
38-143685-box7-Incident-Summaries-101-172.pdf,159,NO_TEXT_LAYER,page yields <40 chars; requires raster/OCR pass
38-143685-box7-Incident-Summaries-101-172.pdf,161,NO_TEXT_LAYER,page yields <40 chars; requires raster/OCR pass
38-143685-box7-Incident-Summaries-101-172.pdf,163,NO_TEXT_LAYER,page yields <40 chars; requires raster/OCR pass
38-143685-box7-Incident-Summaries-101-172.pdf,165,NO_TEXT_LAYER,page yields <40 chars; requires raster/OCR pass
38-143685-box7-Incident-Summaries-101-172.pdf,167,NO_TEXT_LAYER,page yields <40 chars; requires raster/OCR pass
38-143685-box7-Incident-Summaries-101-172.pdf,169,NO_TEXT_LAYER,page yields <40 chars; requires raster/OCR pass
38-143685-box7-Incident-Summaries-101-172.pdf,170,NO_TEXT_LAYER,page yields <40 chars; requires raster/OCR pass
38-143685-box7-Incident-Summaries-101-172.pdf,171,NO_TEXT_LAYER,page yields <40 chars; requires raster/OCR pass
38-143685-box7-Incident-Summaries-101-172.pdf,172,NO_TEXT_LAYER,page yields <40 chars; requires raster/OCR pass
38-143685-box7-Incident-Summaries-101-172.pdf,178,NO_TEXT_LAYER,page yields <40 chars; requires raster/OCR pass
38-143685-box7-Incident-Summaries-173-233.pdf,1,NO_TEXT_LAYER,page yields <40 chars; requires raster/OCR pass
38-143685-box7-Incident-Summaries-173-233.pdf,2,LOW_OCR_QUALITY,quality=0.844
38-143685-box7-Incident-Summaries-173-233.pdf,4,NO_TEXT_LAYER,page yields <40 chars; requires raster/OCR pass
38-143685-box7-Incident-Summaries-173-233.pdf,5,NO_TEXT_LAYER,page yields <40 chars; requires raster/OCR pass
38-143685-box7-Incident-Summaries-173-233.pdf,6,LOW_OCR_QUALITY,quality=0.89
38-143685-box7-Incident-Summaries-173-233.pdf,8,LOW_OCR_QUALITY,quality=0.86
38-143685-box7-Incident-Summaries-173-233.pdf,11,NO_TEXT_LAYER,page yields <40 chars; requires raster/OCR pass
38-143685-box7-Incident-Summaries-173-233.pdf,14,LOW_OCR_QUALITY,quality=0.851
38-143685-box7-Incident-Summaries-173-233.pdf,16,LOW_OCR_QUALITY,quality=0.896
38-143685-box7-Incident-Summaries-173-233.pdf,18,LOW_OCR_QUALITY,quality=0.813
38-143685-box7-Incident-Summaries-173-233.pdf,20,LOW_OCR_QUALITY,quality=0.866
38-143685-box7-Incident-Summaries-173-233.pdf,21,LOW_OCR_QUALITY,quality=0.847
38-143685-box7-Incident-Summaries-173-233.pdf,22,NO_TEXT_LAYER,page yields <40 chars; requires raster/OCR pass
38-143685-box7-Incident-Summaries-173-233.pdf,23,LOW_OCR_QUALITY,quality=0.888
38-143685-box7-Incident-Summaries-173-233.pdf,25,LOW_OCR_QUALITY,quality=0.875
38-143685-box7-Incident-Summaries-173-233.pdf,27,LOW_OCR_QUALITY,quality=0.855
38-143685-box7-Incident-Summaries-173-233.pdf,28,LOW_OCR_QUALITY,quality=0.885
38-143685-box7-Incident-Summaries-173-233.pdf,29,LOW_OCR_QUALITY,quality=0.89
38-143685-box7-Incident-Summaries-173-233.pdf,32,ENCLOSURE_REFERENCED,enclosure/attachment cited; verify presence in dump
38-143685-box7-Incident-Summaries-173-233.pdf,33,LOW_OCR_QUALITY,quality=0.897
38-143685-box7-Incident-Summaries-173-233.pdf,34,NO_TEXT_LAYER,page yields <40 chars; requires raster/OCR pass
38-143685-box7-Incident-Summaries-173-233.pdf,35,LOW_OCR_QUALITY,quality=0.864
38-143685-box7-Incident-Summaries-173-233.pdf,36,NO_TEXT_LAYER,page yields <40 chars; requires raster/OCR pass
38-143685-box7-Incident-Summaries-173-233.pdf,40,NO_TEXT_LAYER,page yields <40 chars; requires raster/OCR pass
38-143685-box7-Incident-Summaries-173-233.pdf,41,LOW_OCR_QUALITY,quality=0.875
38-143685-box7-Incident-Summaries-173-233.pdf,42,NO_TEXT_LAYER,page yields <40 chars; requires raster/OCR pass
38-143685-box7-Incident-Summaries-173-233.pdf,43,LOW_OCR_QUALITY,quality=0.806
38-143685-box7-Incident-Summaries-173-233.pdf,44,NO_TEXT_LAYER,page yields <40 chars; requires raster/OCR pass
38-143685-box7-Incident-Summaries-173-233.pdf,46,NO_TEXT_LAYER,page yields <40 chars; requires raster/OCR pass
38-143685-box7-Incident-Summaries-173-233.pdf,47,LOW_OCR_QUALITY,quality=0.871
38-143685-box7-Incident-Summaries-173-233.pdf,49,LOW_OCR_QUALITY,quality=0.86
38-143685-box7-Incident-Summaries-173-233.pdf,50,LOW_OCR_QUALITY,quality=0.784
38-143685-box7-Incident-Summaries-173-233.pdf,51,LOW_OCR_QUALITY,quality=0.834
38-143685-box7-Incident-Summaries-173-233.pdf,52,LOW_OCR_QUALITY,quality=0.853
38-143685-box7-Incident-Summaries-173-233.pdf,53,LOW_OCR_QUALITY,quality=0.884
38-143685-box7-Incident-Summaries-173-233.pdf,57,LOW_OCR_QUALITY,quality=0.888
38-143685-box7-Incident-Summaries-173-233.pdf,58,NO_TEXT_LAYER,page yields <40 chars; requires raster/OCR pass
38-143685-box7-Incident-Summaries-173-233.pdf,64,NO_TEXT_LAYER,page yields <40 chars; requires raster/OCR pass
38-143685-box7-Incident-Summaries-173-233.pdf,65,LOW_OCR_QUALITY,quality=0.89
38-143685-box7-Incident-Summaries-173-233.pdf,66,NO_TEXT_LAYER,page yields <40 chars; requires raster/OCR pass
38-143685-box7-Incident-Summaries-173-233.pdf,67,LOW_OCR_QUALITY,quality=0.818
38-143685-box7-Incident-Summaries-173-233.pdf,69,LOW_OCR_QUALITY,quality=0.865
38-143685-box7-Incident-Summaries-173-233.pdf,70,NO_TEXT_LAYER,page yields <40 chars; requires raster/OCR pass
38-143685-box7-Incident-Summaries-173-233.pdf,71,LOW_OCR_QUALITY,quality=0.868
38-143685-box7-Incident-Summaries-173-233.pdf,72,NO_TEXT_LAYER,page yields <40 chars; requires raster/OCR pass
38-143685-box7-Incident-Summaries-173-233.pdf,74,LOW_OCR_QUALITY,quality=0.87
38-143685-box7-Incident-Summaries-173-233.pdf,75,NO_TEXT_LAYER,page yields <40 chars; requires raster/OCR pass
38-143685-box7-Incident-Summaries-173-233.pdf,75,ENCLOSURE_REFERENCED,enclosure/attachment cited; verify presence in dump
38-143685-box7-Incident-Summaries-173-233.pdf,76,NO_TEXT_LAYER,page yields <40 chars; requires raster/OCR pass
38-143685-box7-Incident-Summaries-173-233.pdf,77,LOW_OCR_QUALITY,quality=0.87
38-143685-box7-Incident-Summaries-173-233.pdf,78,NO_TEXT_LAYER,page yields <40 chars; requires raster/OCR pass
38-143685-box7-Incident-Summaries-173-233.pdf,79,LOW_OCR_QUALITY,quality=0.892
38-143685-box7-Incident-Summaries-173-233.pdf,80,NO_TEXT_LAYER,page yields <40 chars; requires raster/OCR pass
38-143685-box7-Incident-Summaries-173-233.pdf,81,NO_TEXT_LAYER,page yields <40 chars; requires raster/OCR pass
38-143685-box7-Incident-Summaries-173-233.pdf,83,LOW_OCR_QUALITY,quality=0.882
38-143685-box7-Incident-Summaries-173-233.pdf,84,NO_TEXT_LAYER,page yields <40 chars; requires raster/OCR pass
38-143685-box7-Incident-Summaries-173-233.pdf,86,NO_TEXT_LAYER,page yields <40 chars; requires raster/OCR pass
38-143685-box7-Incident-Summaries-173-233.pdf,87,LOW_OCR_QUALITY,quality=0.805
38-143685-box7-Incident-Summaries-173-233.pdf,88,NO_TEXT_LAYER,page yields <40 chars; requires raster/OCR pass
38-143685-box7-Incident-Summaries-173-233.pdf,90,NO_TEXT_LAYER,page yields <40 chars; requires raster/OCR pass
38-143685-box7-Incident-Summaries-173-233.pdf,91,LOW_OCR_QUALITY,quality=0.876
38-143685-box7-Incident-Summaries-173-233.pdf,92,NO_TEXT_LAYER,page yields <40 chars; requires raster/OCR pass
38-143685-box7-Incident-Summaries-173-233.pdf,93,LOW_OCR_QUALITY,quality=0.78
38-143685-box7-Incident-Summaries-173-233.pdf,94,NO_TEXT_LAYER,page yields <40 chars; requires raster/OCR pass
38-143685-box7-Incident-Summaries-173-233.pdf,95,LOW_OCR_QUALITY,quality=0.845
38-143685-box7-Incident-Summaries-173-233.pdf,96,LOW_OCR_QUALITY,quality=0.896
38-143685-box7-Incident-Summaries-173-233.pdf,97,LOW_OCR_QUALITY,quality=0.888
38-143685-box7-Incident-Summaries-173-233.pdf,98,LOW_OCR_QUALITY,quality=0.824
38-143685-box7-Incident-Summaries-173-233.pdf,99,LOW_OCR_QUALITY,quality=0.895
38-143685-box7-Incident-Summaries-173-233.pdf,101,NO_TEXT_LAYER,page yields <40 chars; requires raster/OCR pass
38-143685-box7-Incident-Summaries-173-233.pdf,103,NO_TEXT_LAYER,page yields <40 chars; requires raster/OCR pass
38-143685-box7-Incident-Summaries-173-233.pdf,104,LOW_OCR_QUALITY,quality=0.894
38-143685-box7-Incident-Summaries-173-233.pdf,105,NO_TEXT_LAYER,page yields <40 chars; requires raster/OCR pass
38-143685-box7-Incident-Summaries-173-233.pdf,106,LOW_OCR_QUALITY,quality=0.886
38-143685-box7-Incident-Summaries-173-233.pdf,107,NO_TEXT_LAYER,page yields <40 chars; requires raster/OCR pass
38-143685-box7-Incident-Summaries-173-233.pdf,108,LOW_OCR_QUALITY,quality=0.898
38-143685-box7-Incident-Summaries-173-233.pdf,109,NO_TEXT_LAYER,page yields <40 chars; requires raster/OCR pass
38-143685-box7-Incident-Summaries-173-233.pdf,113,NO_TEXT_LAYER,page yields <40 chars; requires raster/OCR pass
38-143685-box7-Incident-Summaries-173-233.pdf,114,LOW_OCR_QUALITY,quality=0.891
38-143685-box7-Incident-Summaries-173-233.pdf,117,LOW_OCR_QUALITY,quality=0.879
38-143685-box7-Incident-Summaries-173-233.pdf,118,LOW_OCR_QUALITY,quality=0.888
38-143685-box7-Incident-Summaries-173-233.pdf,122,LOW_OCR_QUALITY,quality=0.895
38-143685-box7-Incident-Summaries-173-233.pdf,124,LOW_OCR_QUALITY,quality=0.882
38-143685-box7-Incident-Summaries-173-233.pdf,127,LOW_OCR_QUALITY,quality=0.889
38-143685-box7-Incident-Summaries-173-233.pdf,129,LOW_OCR_QUALITY,quality=0.894
38-143685-box7-Incident-Summaries-173-233.pdf,137,LOW_OCR_QUALITY,quality=0.879
38-143685-box7-Incident-Summaries-173-233.pdf,144,NO_TEXT_LAYER,page yields <40 chars; requires raster/OCR pass
65-HS1-101634279-100-DE-26505.pdf,1,LOW_OCR_QUALITY,quality=0.806
65-HS1-101634279-100-DE-26505.pdf,3,LOW_OCR_QUALITY,quality=0.814
65-HS1-101634279-100-DE-26505.pdf,4,NO_TEXT_LAYER,page yields <40 chars; requires raster/OCR pass
65-HS1-101634279-100-DE-26505.pdf,5,NO_TEXT_LAYER,page yields <40 chars; requires raster/OCR pass
65-HS1-101634279-100-DE-26505.pdf,6,NO_TEXT_LAYER,page yields <40 chars; requires raster/OCR pass
65-HS1-101634279-100-DE-26505.pdf,9,LOW_OCR_QUALITY,quality=0.716
65-HS1-101634279-100-DE-26505.pdf,10,ENCLOSURE_REFERENCED,enclosure/attachment cited; verify presence in dump
65-HS1-101634279-100-DE-26505.pdf,13,NO_TEXT_LAYER,page yields <40 chars; requires raster/OCR pass
65-HS1-834228961-62-HQ-83894-SUB-A.pdf,1,LOW_OCR_QUALITY,quality=0.883
65-HS1-834228961-62-HQ-83894-SUB-A.pdf,4,NO_TEXT_LAYER,page yields <40 chars; requires raster/OCR pass
65-HS1-834228961-62-HQ-83894-SUB-A.pdf,13,LOW_OCR_QUALITY,quality=0.84
65-HS1-834228961-62-HQ-83894-SUB-A.pdf,16,NO_TEXT_LAYER,page yields <40 chars; requires raster/OCR pass
65-HS1-834228961-62-HQ-83894-SUB-A.pdf,20,REDACTION_MARKER,withheld
65-HS1-834228961-62-HQ-83894-SUB-A.pdf,47,NO_TEXT_LAYER,page yields <40 chars; requires raster/OCR pass
65-HS1-834228961-62-HQ-83894-SUB-A.pdf,59,NO_TEXT_LAYER,page yields <40 chars; requires raster/OCR pass
65-HS1-834228961-62-HQ-83894-SUB-A.pdf,69,LOW_OCR_QUALITY,quality=0.79
65-HS1-834228961-62-HQ-83894-SUB-A.pdf,97,NO_TEXT_LAYER,page yields <40 chars; requires raster/OCR pass
65-HS1-834228961-62-HQ-83894-SUB-A.pdf,100,NO_TEXT_LAYER,page yields <40 chars; requires raster/OCR pass
65-HS1-834228961-62-HQ-83894-SUB-A.pdf,104,NO_TEXT_LAYER,page yields <40 chars; requires raster/OCR pass
65-HS1-834228961-62-HQ-83894-SUB-A.pdf,109,REDACTION_MARKER,withheld
65-HS1-834228961-62-HQ-83894-SUB-A.pdf,120,REDACTION_MARKER,withheld
65-HS1-834228961-62-HQ-83894-SUB-A.pdf,123,REDACTION_MARKER,withheld
65-HS1-834228961-62-HQ-83894-Section-1.pdf,3,NO_TEXT_LAYER,page yields <40 chars; requires raster/OCR pass
65-HS1-834228961-62-HQ-83894-Section-1.pdf,5,NO_TEXT_LAYER,page yields <40 chars; requires raster/OCR pass
65-HS1-834228961-62-HQ-83894-Section-1.pdf,6,NO_TEXT_LAYER,page yields <40 chars; requires raster/OCR pass
65-HS1-834228961-62-HQ-83894-Section-1.pdf,7,NO_TEXT_LAYER,page yields <40 chars; requires raster/OCR pass
65-HS1-834228961-62-HQ-83894-Section-1.pdf,9,LOW_OCR_QUALITY,quality=0.855
65-HS1-834228961-62-HQ-83894-Section-1.pdf,11,NO_TEXT_LAYER,page yields <40 chars; requires raster/OCR pass
65-HS1-834228961-62-HQ-83894-Section-1.pdf,12,NO_TEXT_LAYER,page yields <40 chars; requires raster/OCR pass
65-HS1-834228961-62-HQ-83894-Section-1.pdf,13,NO_TEXT_LAYER,page yields <40 chars; requires raster/OCR pass
65-HS1-834228961-62-HQ-83894-Section-1.pdf,14,NO_TEXT_LAYER,page yields <40 chars; requires raster/OCR pass
65-HS1-834228961-62-HQ-83894-Section-1.pdf,16,NO_TEXT_LAYER,page yields <40 chars; requires raster/OCR pass
65-HS1-834228961-62-HQ-83894-Section-1.pdf,17,NO_TEXT_LAYER,page yields <40 chars; requires raster/OCR pass
65-HS1-834228961-62-HQ-83894-Section-1.pdf,18,NO_TEXT_LAYER,page yields <40 chars; requires raster/OCR pass
65-HS1-834228961-62-HQ-83894-Section-1.pdf,21,NO_TEXT_LAYER,page yields <40 chars; requires raster/OCR pass
65-HS1-834228961-62-HQ-83894-Section-1.pdf,22,NO_TEXT_LAYER,page yields <40 chars; requires raster/OCR pass
65-HS1-834228961-62-HQ-83894-Section-1.pdf,23,NO_TEXT_LAYER,page yields <40 chars; requires raster/OCR pass
65-HS1-834228961-62-HQ-83894-Section-1.pdf,25,NO_TEXT_LAYER,page yields <40 chars; requires raster/OCR pass
65-HS1-834228961-62-HQ-83894-Section-1.pdf,26,NO_TEXT_LAYER,page yields <40 chars; requires raster/OCR pass
65-HS1-834228961-62-HQ-83894-Section-1.pdf,27,LOW_OCR_QUALITY,quality=0.561
65-HS1-834228961-62-HQ-83894-Section-1.pdf,28,LOW_OCR_QUALITY,quality=0.718
65-HS1-834228961-62-HQ-83894-Section-1.pdf,29,NO_TEXT_LAYER,page yields <40 chars; requires raster/OCR pass
65-HS1-834228961-62-HQ-83894-Section-1.pdf,30,NO_TEXT_LAYER,page yields <40 chars; requires raster/OCR pass
65-HS1-834228961-62-HQ-83894-Section-1.pdf,31,NO_TEXT_LAYER,page yields <40 chars; requires raster/OCR pass
65-HS1-834228961-62-HQ-83894-Section-1.pdf,32,LOW_OCR_QUALITY,quality=0.76
65-HS1-834228961-62-HQ-83894-Section-1.pdf,33,NO_TEXT_LAYER,page yields <40 chars; requires raster/OCR pass
65-HS1-834228961-62-HQ-83894-Section-1.pdf,39,NO_TEXT_LAYER,page yields <40 chars; requires raster/OCR pass
65-HS1-834228961-62-HQ-83894-Section-1.pdf,41,NO_TEXT_LAYER,page yields <40 chars; requires raster/OCR pass
65-HS1-834228961-62-HQ-83894-Section-1.pdf,43,NO_TEXT_LAYER,page yields <40 chars; requires raster/OCR pass
65-HS1-834228961-62-HQ-83894-Section-1.pdf,44,ENCLOSURE_REFERENCED,enclosure/attachment cited; verify presence in dump
65-HS1-834228961-62-HQ-83894-Section-1.pdf,45,LOW_OCR_QUALITY,quality=0.812
65-HS1-834228961-62-HQ-83894-Section-1.pdf,48,NO_TEXT_LAYER,page yields <40 chars; requires raster/OCR pass
65-HS1-834228961-62-HQ-83894-Section-1.pdf,53,ENCLOSURE_REFERENCED,enclosure/attachment cited; verify presence in dump
65-HS1-834228961-62-HQ-83894-Section-1.pdf,57,LOW_OCR_QUALITY,quality=0.816
65-HS1-834228961-62-HQ-83894-Section-1.pdf,58,NO_TEXT_LAYER,page yields <40 chars; requires raster/OCR pass
65-HS1-834228961-62-HQ-83894-Section-1.pdf,59,ENCLOSURE_REFERENCED,enclosure/attachment cited; verify presence in dump
65-HS1-834228961-62-HQ-83894-Section-1.pdf,60,NO_TEXT_LAYER,page yields <40 chars; requires raster/OCR pass
65-HS1-834228961-62-HQ-83894-Section-1.pdf,61,LOW_OCR_QUALITY,quality=0.857
65-HS1-834228961-62-HQ-83894-Section-1.pdf,62,NO_TEXT_LAYER,page yields <40 chars; requires raster/OCR pass
65-HS1-834228961-62-HQ-83894-Section-1.pdf,63,NO_TEXT_LAYER,page yields <40 chars; requires raster/OCR pass
65-HS1-834228961-62-HQ-83894-Section-1.pdf,65,NO_TEXT_LAYER,page yields <40 chars; requires raster/OCR pass
65-HS1-834228961-62-HQ-83894-Section-1.pdf,69,NO_TEXT_LAYER,page yields <40 chars; requires raster/OCR pass
65-HS1-834228961-62-HQ-83894-Section-1.pdf,72,LOW_OCR_QUALITY,quality=0.889
65-HS1-834228961-62-HQ-83894-Section-1.pdf,73,LOW_OCR_QUALITY,quality=0.86
65-HS1-834228961-62-HQ-83894-Section-1.pdf,75,LOW_OCR_QUALITY,quality=0.877
65-HS1-834228961-62-HQ-83894-Section-1.pdf,76,LOW_OCR_QUALITY,quality=0.858
65-HS1-834228961-62-HQ-83894-Section-1.pdf,77,LOW_OCR_QUALITY,quality=0.867
65-HS1-834228961-62-HQ-83894-Section-1.pdf,80,LOW_OCR_QUALITY,quality=0.873
65-HS1-834228961-62-HQ-83894-Section-1.pdf,82,NO_TEXT_LAYER,page yields <40 chars; requires raster/OCR pass
65-HS1-834228961-62-HQ-83894-Section-1.pdf,83,NO_TEXT_LAYER,page yields <40 chars; requires raster/OCR pass
65-HS1-834228961-62-HQ-83894-Section-1.pdf,84,NO_TEXT_LAYER,page yields <40 chars; requires raster/OCR pass
65-HS1-834228961-62-HQ-83894-Section-1.pdf,86,LOW_OCR_QUALITY,quality=0.835
65-HS1-834228961-62-HQ-83894-Section-1.pdf,87,NO_TEXT_LAYER,page yields <40 chars; requires raster/OCR pass
65-HS1-834228961-62-HQ-83894-Section-1.pdf,88,NO_TEXT_LAYER,page yields <40 chars; requires raster/OCR pass
65-HS1-834228961-62-HQ-83894-Section-1.pdf,89,NO_TEXT_LAYER,page yields <40 chars; requires raster/OCR pass
65-HS1-834228961-62-HQ-83894-Section-1.pdf,90,NO_TEXT_LAYER,page yields <40 chars; requires raster/OCR pass
65-HS1-834228961-62-HQ-83894-Section-1.pdf,91,NO_TEXT_LAYER,page yields <40 chars; requires raster/OCR pass
65-HS1-834228961-62-HQ-83894-Section-1.pdf,92,NO_TEXT_LAYER,page yields <40 chars; requires raster/OCR pass
65-HS1-834228961-62-HQ-83894-Section-1.pdf,93,NO_TEXT_LAYER,page yields <40 chars; requires raster/OCR pass
65-HS1-834228961-62-HQ-83894-Section-1.pdf,95,NO_TEXT_LAYER,page yields <40 chars; requires raster/OCR pass
65-HS1-834228961-62-HQ-83894-Section-1.pdf,98,LOW_OCR_QUALITY,quality=0.889
65-HS1-834228961-62-HQ-83894-Section-1.pdf,100,NO_TEXT_LAYER,page yields <40 chars; requires raster/OCR pass
65-HS1-834228961-62-HQ-83894-Section-1.pdf,102,NO_TEXT_LAYER,page yields <40 chars; requires raster/OCR pass
65-HS1-834228961-62-HQ-83894-Section-1.pdf,106,LOW_OCR_QUALITY,quality=0.879
65-HS1-834228961-62-HQ-83894-Section-1.pdf,107,LOW_OCR_QUALITY,quality=0.869
65-HS1-834228961-62-HQ-83894-Section-1.pdf,108,LOW_OCR_QUALITY,quality=0.896
65-HS1-834228961-62-HQ-83894-Section-1.pdf,109,LOW_OCR_QUALITY,quality=0.867
65-HS1-834228961-62-HQ-83894-Section-1.pdf,113,LOW_OCR_QUALITY,quality=0.725
65-HS1-834228961-62-HQ-83894-Section-1.pdf,117,LOW_OCR_QUALITY,quality=0.89
65-HS1-834228961-62-HQ-83894-Section-1.pdf,118,NO_TEXT_LAYER,page yields <40 chars; requires raster/OCR pass
65-HS1-834228961-62-HQ-83894-Section-1.pdf,123,LOW_OCR_QUALITY,quality=0.81
65-HS1-834228961-62-HQ-83894-Section-1.pdf,124,NO_TEXT_LAYER,page yields <40 chars; requires raster/OCR pass
65-HS1-834228961-62-HQ-83894-Section-1.pdf,126,LOW_OCR_QUALITY,quality=0.846
65-HS1-834228961-62-HQ-83894-Section-1.pdf,135,NO_TEXT_LAYER,page yields <40 chars; requires raster/OCR pass
65-HS1-834228961-62-HQ-83894-Section-1.pdf,138,NO_TEXT_LAYER,page yields <40 chars; requires raster/OCR pass
65-HS1-834228961-62-HQ-83894-Section-1.pdf,140,LOW_OCR_QUALITY,quality=0.809
65-HS1-834228961-62-HQ-83894-Section-1.pdf,142,LOW_OCR_QUALITY,quality=0.833
65-HS1-834228961-62-HQ-83894-Section-1.pdf,144,LOW_OCR_QUALITY,quality=0.836
65-HS1-834228961-62-HQ-83894-Section-1.pdf,146,NO_TEXT_LAYER,page yields <40 chars; requires raster/OCR pass
65-HS1-834228961-62-HQ-83894-Section-1.pdf,148,NO_TEXT_LAYER,page yields <40 chars; requires raster/OCR pass
65-HS1-834228961-62-HQ-83894-Section-1.pdf,150,LOW_OCR_QUALITY,quality=0.857
65-HS1-834228961-62-HQ-83894-Section-1.pdf,152,NO_TEXT_LAYER,page yields <40 chars; requires raster/OCR pass
65-HS1-834228961-62-HQ-83894-Section-1.pdf,154,NO_TEXT_LAYER,page yields <40 chars; requires raster/OCR pass
65-HS1-834228961-62-HQ-83894-Section-1.pdf,156,LOW_OCR_QUALITY,quality=0.852
65-HS1-834228961-62-HQ-83894-Section-1.pdf,158,NO_TEXT_LAYER,page yields <40 chars; requires raster/OCR pass
65-HS1-834228961-62-HQ-83894-Section-1.pdf,162,NO_TEXT_LAYER,page yields <40 chars; requires raster/OCR pass
65-HS1-834228961-62-HQ-83894-Section-1.pdf,164,NO_TEXT_LAYER,page yields <40 chars; requires raster/OCR pass
65-HS1-834228961-62-HQ-83894-Section-1.pdf,166,NO_TEXT_LAYER,page yields <40 chars; requires raster/OCR pass
65-HS1-834228961-62-HQ-83894-Section-1.pdf,168,NO_TEXT_LAYER,page yields <40 chars; requires raster/OCR pass
65-HS1-834228961-62-HQ-83894-Section-1.pdf,171,ENCLOSURE_REFERENCED,enclosure/attachment cited; verify presence in dump
65-HS1-834228961-62-HQ-83894-Section-1.pdf,172,NO_TEXT_LAYER,page yields <40 chars; requires raster/OCR pass
65-HS1-834228961-62-HQ-83894-Section-1.pdf,173,NO_TEXT_LAYER,page yields <40 chars; requires raster/OCR pass
65-HS1-834228961-62-HQ-83894-Section-1.pdf,174,NO_TEXT_LAYER,page yields <40 chars; requires raster/OCR pass
65-HS1-834228961-62-HQ-83894-Section-1.pdf,175,NO_TEXT_LAYER,page yields <40 chars; requires raster/OCR pass
65-HS1-834228961-62-HQ-83894-Section-1.pdf,176,NO_TEXT_LAYER,page yields <40 chars; requires raster/OCR pass
65-HS1-834228961-62-HQ-83894-Section-1.pdf,177,NO_TEXT_LAYER,page yields <40 chars; requires raster/OCR pass
65-HS1-834228961-62-HQ-83894-Section-1.pdf,178,NO_TEXT_LAYER,page yields <40 chars; requires raster/OCR pass
65-HS1-834228961-62-HQ-83894-Section-1.pdf,179,NO_TEXT_LAYER,page yields <40 chars; requires raster/OCR pass
65-HS1-834228961-62-HQ-83894-Section-1.pdf,180,NO_TEXT_LAYER,page yields <40 chars; requires raster/OCR pass
65-HS1-834228961-62-HQ-83894-Section-1.pdf,181,NO_TEXT_LAYER,page yields <40 chars; requires raster/OCR pass
65-HS1-834228961-62-HQ-83894-Section-1.pdf,182,NO_TEXT_LAYER,page yields <40 chars; requires raster/OCR pass
65-HS1-834228961-62-HQ-83894-Section-1.pdf,183,NO_TEXT_LAYER,page yields <40 chars; requires raster/OCR pass
65-HS1-834228961-62-HQ-83894-Section-1.pdf,184,NO_TEXT_LAYER,page yields <40 chars; requires raster/OCR pass
65-HS1-834228961-62-HQ-83894-Section-1.pdf,185,NO_TEXT_LAYER,page yields <40 chars; requires raster/OCR pass
65-HS1-834228961-62-HQ-83894-Section-10.pdf,3,LOW_OCR_QUALITY,quality=0.872
65-HS1-834228961-62-HQ-83894-Section-10.pdf,5,NO_TEXT_LAYER,page yields <40 chars; requires raster/OCR pass
65-HS1-834228961-62-HQ-83894-Section-10.pdf,6,NO_TEXT_LAYER,page yields <40 chars; requires raster/OCR pass
65-HS1-834228961-62-HQ-83894-Section-10.pdf,7,NO_TEXT_LAYER,page yields <40 chars; requires raster/OCR pass
65-HS1-834228961-62-HQ-83894-Section-10.pdf,15,ENCLOSURE_REFERENCED,enclosure/attachment cited; verify presence in dump
65-HS1-834228961-62-HQ-83894-Section-10.pdf,16,NO_TEXT_LAYER,page yields <40 chars; requires raster/OCR pass
65-HS1-834228961-62-HQ-83894-Section-10.pdf,17,NO_TEXT_LAYER,page yields <40 chars; requires raster/OCR pass
65-HS1-834228961-62-HQ-83894-Section-10.pdf,21,NO_TEXT_LAYER,page yields <40 chars; requires raster/OCR pass
65-HS1-834228961-62-HQ-83894-Section-10.pdf,23,NO_TEXT_LAYER,page yields <40 chars; requires raster/OCR pass
65-HS1-834228961-62-HQ-83894-Section-10.pdf,24,NO_TEXT_LAYER,page yields <40 chars; requires raster/OCR pass
65-HS1-834228961-62-HQ-83894-Section-10.pdf,25,ENCLOSURE_REFERENCED,enclosure/attachment cited; verify presence in dump
65-HS1-834228961-62-HQ-83894-Section-10.pdf,26,NO_TEXT_LAYER,page yields <40 chars; requires raster/OCR pass
65-HS1-834228961-62-HQ-83894-Section-10.pdf,29,ENCLOSURE_REFERENCED,enclosure/attachment cited; verify presence in dump
65-HS1-834228961-62-HQ-83894-Section-10.pdf,32,LOW_OCR_QUALITY,quality=0.89
65-HS1-834228961-62-HQ-83894-Section-10.pdf,33,ENCLOSURE_REFERENCED,enclosure/attachment cited; verify presence in dump
65-HS1-834228961-62-HQ-83894-Section-10.pdf,34,NO_TEXT_LAYER,page yields <40 chars; requires raster/OCR pass
65-HS1-834228961-62-HQ-83894-Section-10.pdf,36,NO_TEXT_LAYER,page yields <40 chars; requires raster/OCR pass
65-HS1-834228961-62-HQ-83894-Section-10.pdf,37,LOW_OCR_QUALITY,quality=0.854
65-HS1-834228961-62-HQ-83894-Section-10.pdf,39,ENCLOSURE_REFERENCED,enclosure/attachment cited; verify presence in dump
65-HS1-834228961-62-HQ-83894-Section-10.pdf,40,NO_TEXT_LAYER,page yields <40 chars; requires raster/OCR pass
65-HS1-834228961-62-HQ-83894-Section-10.pdf,45,LOW_OCR_QUALITY,quality=0.896
65-HS1-834228961-62-HQ-83894-Section-10.pdf,46,NO_TEXT_LAYER,page yields <40 chars; requires raster/OCR pass
65-HS1-834228961-62-HQ-83894-Section-10.pdf,48,NO_TEXT_LAYER,page yields <40 chars; requires raster/OCR pass
65-HS1-834228961-62-HQ-83894-Section-10.pdf,49,LOW_OCR_QUALITY,quality=0.772
65-HS1-834228961-62-HQ-83894-Section-10.pdf,50,LOW_OCR_QUALITY,quality=0.804
65-HS1-834228961-62-HQ-83894-Section-10.pdf,52,LOW_OCR_QUALITY,quality=0.875
65-HS1-834228961-62-HQ-83894-Section-10.pdf,53,NO_TEXT_LAYER,page yields <40 chars; requires raster/OCR pass
65-HS1-834228961-62-HQ-83894-Section-10.pdf,54,NO_TEXT_LAYER,page yields <40 chars; requires raster/OCR pass
65-HS1-834228961-62-HQ-83894-Section-10.pdf,55,NO_TEXT_LAYER,page yields <40 chars; requires raster/OCR pass
65-HS1-834228961-62-HQ-83894-Section-10.pdf,56,NO_TEXT_LAYER,page yields <40 chars; requires raster/OCR pass
65-HS1-834228961-62-HQ-83894-Section-10.pdf,58,NO_TEXT_LAYER,page yields <40 chars; requires raster/OCR pass
65-HS1-834228961-62-HQ-83894-Section-10.pdf,59,NO_TEXT_LAYER,page yields <40 chars; requires raster/OCR pass
65-HS1-834228961-62-HQ-83894-Section-10.pdf,60,LOW_OCR_QUALITY,quality=0.865
65-HS1-834228961-62-HQ-83894-Section-10.pdf,61,NO_TEXT_LAYER,page yields <40 chars; requires raster/OCR pass
65-HS1-834228961-62-HQ-83894-Section-10.pdf,64,REDACTION_MARKER,withheld
65-HS1-834228961-62-HQ-83894-Section-10.pdf,67,LOW_OCR_QUALITY,quality=0.799
65-HS1-834228961-62-HQ-83894-Section-10.pdf,71,NO_TEXT_LAYER,page yields <40 chars; requires raster/OCR pass
65-HS1-834228961-62-HQ-83894-Section-10.pdf,74,LOW_OCR_QUALITY,quality=0.815
65-HS1-834228961-62-HQ-83894-Section-10.pdf,76,LOW_OCR_QUALITY,quality=0.861
65-HS1-834228961-62-HQ-83894-Section-10.pdf,77,NO_TEXT_LAYER,page yields <40 chars; requires raster/OCR pass
65-HS1-834228961-62-HQ-83894-Section-10.pdf,92,ENCLOSURE_REFERENCED,enclosure/attachment cited; verify presence in dump
65-HS1-834228961-62-HQ-83894-Section-10.pdf,94,ENCLOSURE_REFERENCED,enclosure/attachment cited; verify presence in dump
65-HS1-834228961-62-HQ-83894-Section-10.pdf,95,LOW_OCR_QUALITY,quality=0.836
65-HS1-834228961-62-HQ-83894-Section-10.pdf,97,LOW_OCR_QUALITY,quality=0.894
65-HS1-834228961-62-HQ-83894-Section-10.pdf,98,LOW_OCR_QUALITY,quality=0.817
65-HS1-834228961-62-HQ-83894-Section-10.pdf,99,NO_TEXT_LAYER,page yields <40 chars; requires raster/OCR pass
65-HS1-834228961-62-HQ-83894-Section-10.pdf,115,LOW_OCR_QUALITY,quality=0.799
65-HS1-834228961-62-HQ-83894-Section-10.pdf,117,NO_TEXT_LAYER,page yields <40 chars; requires raster/OCR pass
65-HS1-834228961-62-HQ-83894-Section-10.pdf,118,NO_TEXT_LAYER,page yields <40 chars; requires raster/OCR pass
65-HS1-834228961-62-HQ-83894-Section-10.pdf,120,NO_TEXT_LAYER,page yields <40 chars; requires raster/OCR pass
65-HS1-834228961-62-HQ-83894-Section-10.pdf,122,LOW_OCR_QUALITY,quality=0.835
65-HS1-834228961-62-HQ-83894-Section-10.pdf,124,LOW_OCR_QUALITY,quality=0.669
65-HS1-834228961-62-HQ-83894-Section-10.pdf,125,NO_TEXT_LAYER,page yields <40 chars; requires raster/OCR pass
65-HS1-834228961-62-HQ-83894-Section-10.pdf,128,NO_TEXT_LAYER,page yields <40 chars; requires raster/OCR pass
65-HS1-834228961-62-HQ-83894-Section-10.pdf,133,NO_TEXT_LAYER,page yields <40 chars; requires raster/OCR pass
65-HS1-834228961-62-HQ-83894-Section-10.pdf,135,LOW_OCR_QUALITY,quality=0.864
65-HS1-834228961-62-HQ-83894-Section-10.pdf,137,LOW_OCR_QUALITY,quality=0.828
65-HS1-834228961-62-HQ-83894-Section-10.pdf,138,ENCLOSURE_REFERENCED,enclosure/attachment cited; verify presence in dump
65-HS1-834228961-62-HQ-83894-Section-10.pdf,139,NO_TEXT_LAYER,page yields <40 chars; requires raster/OCR pass
65-HS1-834228961-62-HQ-83894-Section-10.pdf,141,NO_TEXT_LAYER,page yields <40 chars; requires raster/OCR pass
65-HS1-834228961-62-HQ-83894-Section-10.pdf,142,LOW_OCR_QUALITY,quality=0.75
65-HS1-834228961-62-HQ-83894-Section-10.pdf,143,NO_TEXT_LAYER,page yields <40 chars; requires raster/OCR pass
65-HS1-834228961-62-HQ-83894-Section-10.pdf,144,NO_TEXT_LAYER,page yields <40 chars; requires raster/OCR pass
65-HS1-834228961-62-HQ-83894-Section-10.pdf,145,ENCLOSURE_REFERENCED,enclosure/attachment cited; verify presence in dump
65-HS1-834228961-62-HQ-83894-Section-10.pdf,148,NO_TEXT_LAYER,page yields <40 chars; requires raster/OCR pass
65-HS1-834228961-62-HQ-83894-Section-10.pdf,149,NO_TEXT_LAYER,page yields <40 chars; requires raster/OCR pass
65-HS1-834228961-62-HQ-83894-Section-10.pdf,150,NO_TEXT_LAYER,page yields <40 chars; requires raster/OCR pass
65-HS1-834228961-62-HQ-83894-Section-10.pdf,155,LOW_OCR_QUALITY,quality=0.55
65-HS1-834228961-62-HQ-83894-Section-10.pdf,156,NO_TEXT_LAYER,page yields <40 chars; requires raster/OCR pass
65-HS1-834228961-62-HQ-83894-Section-10.pdf,158,LOW_OCR_QUALITY,quality=0.746
65-HS1-834228961-62-HQ-83894-Section-10.pdf,159,ENCLOSURE_REFERENCED,enclosure/attachment cited; verify presence in dump
65-HS1-834228961-62-HQ-83894-Section-10.pdf,160,LOW_OCR_QUALITY,quality=0.806
65-HS1-834228961-62-HQ-83894-Section-10.pdf,165,NO_TEXT_LAYER,page yields <40 chars; requires raster/OCR pass
65-HS1-834228961-62-HQ-83894-Section-10.pdf,166,LOW_OCR_QUALITY,quality=0.865
65-HS1-834228961-62-HQ-83894-Section-10.pdf,167,ENCLOSURE_REFERENCED,enclosure/attachment cited; verify presence in dump
65-HS1-834228961-62-HQ-83894-Section-10.pdf,168,LOW_OCR_QUALITY,quality=0.846
65-HS1-834228961-62-HQ-83894-Section-10.pdf,170,LOW_OCR_QUALITY,quality=0.846
65-HS1-834228961-62-HQ-83894-Section-10.pdf,171,LOW_OCR_QUALITY,quality=0.833
65-HS1-834228961-62-HQ-83894-Section-10.pdf,173,LOW_OCR_QUALITY,quality=0.884
65-HS1-834228961-62-HQ-83894-Section-10.pdf,174,ENCLOSURE_REFERENCED,enclosure/attachment cited; verify presence in dump
65-HS1-834228961-62-HQ-83894-Section-10.pdf,175,LOW_OCR_QUALITY,quality=0.855
65-HS1-834228961-62-HQ-83894-Section-10.pdf,181,NO_TEXT_LAYER,page yields <40 chars; requires raster/OCR pass
65-HS1-834228961-62-HQ-83894-Section-10.pdf,182,ENCLOSURE_REFERENCED,enclosure/attachment cited; verify presence in dump
65-HS1-834228961-62-HQ-83894-Section-10.pdf,184,LOW_OCR_QUALITY,quality=0.861
65-HS1-834228961-62-HQ-83894-Section-2.pdf,2,ENCLOSURE_REFERENCED,enclosure/attachment cited; verify presence in dump
65-HS1-834228961-62-HQ-83894-Section-2.pdf,3,NO_TEXT_LAYER,page yields <40 chars; requires raster/OCR pass
65-HS1-834228961-62-HQ-83894-Section-2.pdf,5,NO_TEXT_LAYER,page yields <40 chars; requires raster/OCR pass
65-HS1-834228961-62-HQ-83894-Section-2.pdf,13,NO_TEXT_LAYER,page yields <40 chars; requires raster/OCR pass
65-HS1-834228961-62-HQ-83894-Section-2.pdf,16,NO_TEXT_LAYER,page yields <40 chars; requires raster/OCR pass
65-HS1-834228961-62-HQ-83894-Section-2.pdf,25,LOW_OCR_QUALITY,quality=0.822
65-HS1-834228961-62-HQ-83894-Section-2.pdf,27,LOW_OCR_QUALITY,quality=0.868
65-HS1-834228961-62-HQ-83894-Section-2.pdf,29,NO_TEXT_LAYER,page yields <40 chars; requires raster/OCR pass
65-HS1-834228961-62-HQ-83894-Section-2.pdf,30,NO_TEXT_LAYER,page yields <40 chars; requires raster/OCR pass
65-HS1-834228961-62-HQ-83894-Section-2.pdf,33,LOW_OCR_QUALITY,quality=0.62
65-HS1-834228961-62-HQ-83894-Section-2.pdf,34,LOW_OCR_QUALITY,quality=0.799
65-HS1-834228961-62-HQ-83894-Section-2.pdf,35,NO_TEXT_LAYER,page yields <40 chars; requires raster/OCR pass
65-HS1-834228961-62-HQ-83894-Section-2.pdf,36,NO_TEXT_LAYER,page yields <40 chars; requires raster/OCR pass
65-HS1-834228961-62-HQ-83894-Section-2.pdf,37,LOW_OCR_QUALITY,quality=0.741
65-HS1-834228961-62-HQ-83894-Section-2.pdf,38,LOW_OCR_QUALITY,quality=0.858
65-HS1-834228961-62-HQ-83894-Section-2.pdf,39,NO_TEXT_LAYER,page yields <40 chars; requires raster/OCR pass
65-HS1-834228961-62-HQ-83894-Section-2.pdf,40,LOW_OCR_QUALITY,quality=0.883
65-HS1-834228961-62-HQ-83894-Section-2.pdf,41,NO_TEXT_LAYER,page yields <40 chars; requires raster/OCR pass
65-HS1-834228961-62-HQ-83894-Section-2.pdf,45,LOW_OCR_QUALITY,quality=0.848
65-HS1-834228961-62-HQ-83894-Section-2.pdf,47,NO_TEXT_LAYER,page yields <40 chars; requires raster/OCR pass
65-HS1-834228961-62-HQ-83894-Section-2.pdf,49,LOW_OCR_QUALITY,quality=0.873
65-HS1-834228961-62-HQ-83894-Section-2.pdf,50,ENCLOSURE_REFERENCED,enclosure/attachment cited; verify presence in dump
65-HS1-834228961-62-HQ-83894-Section-2.pdf,51,NO_TEXT_LAYER,page yields <40 chars; requires raster/OCR pass
65-HS1-834228961-62-HQ-83894-Section-2.pdf,53,NO_TEXT_LAYER,page yields <40 chars; requires raster/OCR pass
65-HS1-834228961-62-HQ-83894-Section-2.pdf,55,LOW_OCR_QUALITY,quality=0.811
65-HS1-834228961-62-HQ-83894-Section-2.pdf,56,NO_TEXT_LAYER,page yields <40 chars; requires raster/OCR pass
65-HS1-834228961-62-HQ-83894-Section-2.pdf,58,NO_TEXT_LAYER,page yields <40 chars; requires raster/OCR pass
65-HS1-834228961-62-HQ-83894-Section-2.pdf,60,LOW_OCR_QUALITY,quality=0.724
65-HS1-834228961-62-HQ-83894-Section-2.pdf,62,LOW_OCR_QUALITY,quality=0.81
65-HS1-834228961-62-HQ-83894-Section-2.pdf,65,NO_TEXT_LAYER,page yields <40 chars; requires raster/OCR pass
65-HS1-834228961-62-HQ-83894-Section-2.pdf,67,LOW_OCR_QUALITY,quality=0.899
65-HS1-834228961-62-HQ-83894-Section-2.pdf,71,NO_TEXT_LAYER,page yields <40 chars; requires raster/OCR pass
65-HS1-834228961-62-HQ-83894-Section-2.pdf,72,NO_TEXT_LAYER,page yields <40 chars; requires raster/OCR pass
65-HS1-834228961-62-HQ-83894-Section-2.pdf,73,NO_TEXT_LAYER,page yields <40 chars; requires raster/OCR pass
65-HS1-834228961-62-HQ-83894-Section-2.pdf,74,NO_TEXT_LAYER,page yields <40 chars; requires raster/OCR pass
65-HS1-834228961-62-HQ-83894-Section-2.pdf,76,NO_TEXT_LAYER,page yields <40 chars; requires raster/OCR pass
65-HS1-834228961-62-HQ-83894-Section-2.pdf,77,NO_TEXT_LAYER,page yields <40 chars; requires raster/OCR pass
65-HS1-834228961-62-HQ-83894-Section-2.pdf,78,ENCLOSURE_REFERENCED,enclosure/attachment cited; verify presence in dump
65-HS1-834228961-62-HQ-83894-Section-2.pdf,79,NO_TEXT_LAYER,page yields <40 chars; requires raster/OCR pass
65-HS1-834228961-62-HQ-83894-Section-2.pdf,81,NO_TEXT_LAYER,page yields <40 chars; requires raster/OCR pass
65-HS1-834228961-62-HQ-83894-Section-2.pdf,82,NO_TEXT_LAYER,page yields <40 chars; requires raster/OCR pass
65-HS1-834228961-62-HQ-83894-Section-2.pdf,83,NO_TEXT_LAYER,page yields <40 chars; requires raster/OCR pass
65-HS1-834228961-62-HQ-83894-Section-2.pdf,84,NO_TEXT_LAYER,page yields <40 chars; requires raster/OCR pass
65-HS1-834228961-62-HQ-83894-Section-2.pdf,85,NO_TEXT_LAYER,page yields <40 chars; requires raster/OCR pass
65-HS1-834228961-62-HQ-83894-Section-2.pdf,87,NO_TEXT_LAYER,page yields <40 chars; requires raster/OCR pass
65-HS1-834228961-62-HQ-83894-Section-2.pdf,88,NO_TEXT_LAYER,page yields <40 chars; requires raster/OCR pass
65-HS1-834228961-62-HQ-83894-Section-2.pdf,89,NO_TEXT_LAYER,page yields <40 chars; requires raster/OCR pass
65-HS1-834228961-62-HQ-83894-Section-2.pdf,95,NO_TEXT_LAYER,page yields <40 chars; requires raster/OCR pass
65-HS1-834228961-62-HQ-83894-Section-2.pdf,97,NO_TEXT_LAYER,page yields <40 chars; requires raster/OCR pass
65-HS1-834228961-62-HQ-83894-Section-2.pdf,101,NO_TEXT_LAYER,page yields <40 chars; requires raster/OCR pass
65-HS1-834228961-62-HQ-83894-Section-2.pdf,102,ENCLOSURE_REFERENCED,enclosure/attachment cited; verify presence in dump
65-HS1-834228961-62-HQ-83894-Section-2.pdf,103,NO_TEXT_LAYER,page yields <40 chars; requires raster/OCR pass
65-HS1-834228961-62-HQ-83894-Section-2.pdf,104,ENCLOSURE_REFERENCED,enclosure/attachment cited; verify presence in dump
65-HS1-834228961-62-HQ-83894-Section-2.pdf,105,NO_TEXT_LAYER,page yields <40 chars; requires raster/OCR pass
65-HS1-834228961-62-HQ-83894-Section-2.pdf,109,NO_TEXT_LAYER,page yields <40 chars; requires raster/OCR pass
65-HS1-834228961-62-HQ-83894-Section-2.pdf,110,NO_TEXT_LAYER,page yields <40 chars; requires raster/OCR pass
65-HS1-834228961-62-HQ-83894-Section-2.pdf,112,LOW_OCR_QUALITY,quality=0.705
65-HS1-834228961-62-HQ-83894-Section-2.pdf,114,LOW_OCR_QUALITY,quality=0.867
65-HS1-834228961-62-HQ-83894-Section-2.pdf,116,NO_TEXT_LAYER,page yields <40 chars; requires raster/OCR pass
65-HS1-834228961-62-HQ-83894-Section-2.pdf,121,LOW_OCR_QUALITY,quality=0.895
65-HS1-834228961-62-HQ-83894-Section-2.pdf,126,LOW_OCR_QUALITY,quality=0.841
65-HS1-834228961-62-HQ-83894-Section-2.pdf,128,NO_TEXT_LAYER,page yields <40 chars; requires raster/OCR pass
65-HS1-834228961-62-HQ-83894-Section-2.pdf,130,NO_TEXT_LAYER,page yields <40 chars; requires raster/OCR pass
65-HS1-834228961-62-HQ-83894-Section-2.pdf,133,LOW_OCR_QUALITY,quality=0.865
65-HS1-834228961-62-HQ-83894-Section-2.pdf,135,LOW_OCR_QUALITY,quality=0.835
65-HS1-834228961-62-HQ-83894-Section-2.pdf,137,LOW_OCR_QUALITY,quality=0.521
65-HS1-834228961-62-HQ-83894-Section-2.pdf,139,LOW_OCR_QUALITY,quality=0.811
65-HS1-834228961-62-HQ-83894-Section-2.pdf,141,LOW_OCR_QUALITY,quality=0.831
65-HS1-834228961-62-HQ-83894-Section-2.pdf,143,LOW_OCR_QUALITY,quality=0.899
65-HS1-834228961-62-HQ-83894-Section-2.pdf,145,LOW_OCR_QUALITY,quality=0.881
65-HS1-834228961-62-HQ-83894-Section-2.pdf,147,LOW_OCR_QUALITY,quality=0.898
65-HS1-834228961-62-HQ-83894-Section-2.pdf,149,LOW_OCR_QUALITY,quality=0.895
65-HS1-834228961-62-HQ-83894-Section-2.pdf,151,LOW_OCR_QUALITY,quality=0.77
65-HS1-834228961-62-HQ-83894-Section-2.pdf,152,LOW_OCR_QUALITY,quality=0.694
65-HS1-834228961-62-HQ-83894-Section-2.pdf,153,LOW_OCR_QUALITY,quality=0.815
65-HS1-834228961-62-HQ-83894-Section-2.pdf,155,NO_TEXT_LAYER,page yields <40 chars; requires raster/OCR pass
65-HS1-834228961-62-HQ-83894-Section-2.pdf,156,ENCLOSURE_REFERENCED,enclosure/attachment cited; verify presence in dump
65-HS1-834228961-62-HQ-83894-Section-2.pdf,158,LOW_OCR_QUALITY,quality=0.85
65-HS1-834228961-62-HQ-83894-Section-2.pdf,159,ENCLOSURE_REFERENCED,enclosure/attachment cited; verify presence in dump
65-HS1-834228961-62-HQ-83894-Section-2.pdf,160,ENCLOSURE_REFERENCED,enclosure/attachment cited; verify presence in dump
65-HS1-834228961-62-HQ-83894-Section-2.pdf,162,ENCLOSURE_REFERENCED,enclosure/attachment cited; verify presence in dump
65-HS1-834228961-62-HQ-83894-Section-2.pdf,176,ENCLOSURE_REFERENCED,enclosure/attachment cited; verify presence in dump
65-HS1-834228961-62-HQ-83894-Section-2.pdf,178,LOW_OCR_QUALITY,quality=0.715
65-HS1-834228961-62-HQ-83894-Section-2.pdf,180,ENCLOSURE_REFERENCED,enclosure/attachment cited; verify presence in dump
65-HS1-834228961-62-HQ-83894-Section-2.pdf,181,LOW_OCR_QUALITY,quality=0.866
65-HS1-834228961-62-HQ-83894-Section-2.pdf,182,ENCLOSURE_REFERENCED,enclosure/attachment cited; verify presence in dump
65-HS1-834228961-62-HQ-83894-Section-2.pdf,183,NO_TEXT_LAYER,page yields <40 chars; requires raster/OCR pass
65-HS1-834228961-62-HQ-83894-Section-2.pdf,184,ENCLOSURE_REFERENCED,enclosure/attachment cited; verify presence in dump
65-HS1-834228961-62-HQ-83894-Section-2.pdf,185,LOW_OCR_QUALITY,quality=0.823
65-HS1-834228961-62-HQ-83894-Section-2.pdf,186,NO_TEXT_LAYER,page yields <40 chars; requires raster/OCR pass
65-HS1-834228961-62-HQ-83894-Section-2.pdf,187,NO_TEXT_LAYER,page yields <40 chars; requires raster/OCR pass
65-HS1-834228961-62-HQ-83894-Section-2.pdf,188,NO_TEXT_LAYER,page yields <40 chars; requires raster/OCR pass
65-HS1-834228961-62-HQ-83894-Section-2.pdf,189,NO_TEXT_LAYER,page yields <40 chars; requires raster/OCR pass
65-HS1-834228961-62-HQ-83894-Section-2.pdf,191,LOW_OCR_QUALITY,quality=0.889
65-HS1-834228961-62-HQ-83894-Section-2.pdf,193,ENCLOSURE_REFERENCED,enclosure/attachment cited; verify presence in dump
65-HS1-834228961-62-HQ-83894-Section-3.pdf,1,LOW_OCR_QUALITY,quality=0.877
65-HS1-834228961-62-HQ-83894-Section-3.pdf,2,ENCLOSURE_REFERENCED,enclosure/attachment cited; verify presence in dump
65-HS1-834228961-62-HQ-83894-Section-3.pdf,5,ENCLOSURE_REFERENCED,enclosure/attachment cited; verify presence in dump
65-HS1-834228961-62-HQ-83894-Section-3.pdf,6,NO_TEXT_LAYER,page yields <40 chars; requires raster/OCR pass
65-HS1-834228961-62-HQ-83894-Section-3.pdf,7,NO_TEXT_LAYER,page yields <40 chars; requires raster/OCR pass
65-HS1-834228961-62-HQ-83894-Section-3.pdf,10,ENCLOSURE_REFERENCED,enclosure/attachment cited; verify presence in dump
65-HS1-834228961-62-HQ-83894-Section-3.pdf,14,LOW_OCR_QUALITY,quality=0.848
65-HS1-834228961-62-HQ-83894-Section-3.pdf,16,LOW_OCR_QUALITY,quality=0.888
65-HS1-834228961-62-HQ-83894-Section-3.pdf,17,LOW_OCR_QUALITY,quality=0.891
65-HS1-834228961-62-HQ-83894-Section-3.pdf,18,NO_TEXT_LAYER,page yields <40 chars; requires raster/OCR pass
65-HS1-834228961-62-HQ-83894-Section-3.pdf,19,NO_TEXT_LAYER,page yields <40 chars; requires raster/OCR pass
65-HS1-834228961-62-HQ-83894-Section-3.pdf,20,NO_TEXT_LAYER,page yields <40 chars; requires raster/OCR pass
65-HS1-834228961-62-HQ-83894-Section-3.pdf,21,NO_TEXT_LAYER,page yields <40 chars; requires raster/OCR pass
65-HS1-834228961-62-HQ-83894-Section-3.pdf,22,NO_TEXT_LAYER,page yields <40 chars; requires raster/OCR pass
65-HS1-834228961-62-HQ-83894-Section-3.pdf,23,NO_TEXT_LAYER,page yields <40 chars; requires raster/OCR pass
65-HS1-834228961-62-HQ-83894-Section-3.pdf,24,NO_TEXT_LAYER,page yields <40 chars; requires raster/OCR pass
65-HS1-834228961-62-HQ-83894-Section-3.pdf,25,NO_TEXT_LAYER,page yields <40 chars; requires raster/OCR pass
65-HS1-834228961-62-HQ-83894-Section-3.pdf,27,NO_TEXT_LAYER,page yields <40 chars; requires raster/OCR pass
65-HS1-834228961-62-HQ-83894-Section-3.pdf,30,NO_TEXT_LAYER,page yields <40 chars; requires raster/OCR pass
65-HS1-834228961-62-HQ-83894-Section-3.pdf,32,LOW_OCR_QUALITY,quality=0.783
65-HS1-834228961-62-HQ-83894-Section-3.pdf,40,ENCLOSURE_REFERENCED,enclosure/attachment cited; verify presence in dump
65-HS1-834228961-62-HQ-83894-Section-3.pdf,49,ENCLOSURE_REFERENCED,enclosure/attachment cited; verify presence in dump
65-HS1-834228961-62-HQ-83894-Section-3.pdf,50,NO_TEXT_LAYER,page yields <40 chars; requires raster/OCR pass
65-HS1-834228961-62-HQ-83894-Section-3.pdf,57,NO_TEXT_LAYER,page yields <40 chars; requires raster/OCR pass
65-HS1-834228961-62-HQ-83894-Section-3.pdf,61,NO_TEXT_LAYER,page yields <40 chars; requires raster/OCR pass
65-HS1-834228961-62-HQ-83894-Section-3.pdf,62,NO_TEXT_LAYER,page yields <40 chars; requires raster/OCR pass
65-HS1-834228961-62-HQ-83894-Section-3.pdf,63,LOW_OCR_QUALITY,quality=0.709
65-HS1-834228961-62-HQ-83894-Section-3.pdf,64,NO_TEXT_LAYER,page yields <40 chars; requires raster/OCR pass
65-HS1-834228961-62-HQ-83894-Section-3.pdf,65,NO_TEXT_LAYER,page yields <40 chars; requires raster/OCR pass
65-HS1-834228961-62-HQ-83894-Section-3.pdf,66,NO_TEXT_LAYER,page yields <40 chars; requires raster/OCR pass
65-HS1-834228961-62-HQ-83894-Section-3.pdf,67,NO_TEXT_LAYER,page yields <40 chars; requires raster/OCR pass
65-HS1-834228961-62-HQ-83894-Section-3.pdf,68,NO_TEXT_LAYER,page yields <40 chars; requires raster/OCR pass
65-HS1-834228961-62-HQ-83894-Section-3.pdf,69,NO_TEXT_LAYER,page yields <40 chars; requires raster/OCR pass
65-HS1-834228961-62-HQ-83894-Section-3.pdf,70,NO_TEXT_LAYER,page yields <40 chars; requires raster/OCR pass
65-HS1-834228961-62-HQ-83894-Section-3.pdf,71,NO_TEXT_LAYER,page yields <40 chars; requires raster/OCR pass
65-HS1-834228961-62-HQ-83894-Section-3.pdf,72,NO_TEXT_LAYER,page yields <40 chars; requires raster/OCR pass
65-HS1-834228961-62-HQ-83894-Section-3.pdf,73,NO_TEXT_LAYER,page yields <40 chars; requires raster/OCR pass
65-HS1-834228961-62-HQ-83894-Section-3.pdf,74,NO_TEXT_LAYER,page yields <40 chars; requires raster/OCR pass
65-HS1-834228961-62-HQ-83894-Section-3.pdf,75,NO_TEXT_LAYER,page yields <40 chars; requires raster/OCR pass
65-HS1-834228961-62-HQ-83894-Section-3.pdf,76,NO_TEXT_LAYER,page yields <40 chars; requires raster/OCR pass
65-HS1-834228961-62-HQ-83894-Section-3.pdf,78,NO_TEXT_LAYER,page yields <40 chars; requires raster/OCR pass
65-HS1-834228961-62-HQ-83894-Section-3.pdf,79,NO_TEXT_LAYER,page yields <40 chars; requires raster/OCR pass
65-HS1-834228961-62-HQ-83894-Section-3.pdf,80,NO_TEXT_LAYER,page yields <40 chars; requires raster/OCR pass
65-HS1-834228961-62-HQ-83894-Section-3.pdf,81,NO_TEXT_LAYER,page yields <40 chars; requires raster/OCR pass
65-HS1-834228961-62-HQ-83894-Section-3.pdf,82,NO_TEXT_LAYER,page yields <40 chars; requires raster/OCR pass
65-HS1-834228961-62-HQ-83894-Section-3.pdf,83,NO_TEXT_LAYER,page yields <40 chars; requires raster/OCR pass
65-HS1-834228961-62-HQ-83894-Section-3.pdf,84,NO_TEXT_LAYER,page yields <40 chars; requires raster/OCR pass
65-HS1-834228961-62-HQ-83894-Section-3.pdf,86,LOW_OCR_QUALITY,quality=0.783
65-HS1-834228961-62-HQ-83894-Section-3.pdf,87,ENCLOSURE_REFERENCED,enclosure/attachment cited; verify presence in dump
65-HS1-834228961-62-HQ-83894-Section-3.pdf,88,NO_TEXT_LAYER,page yields <40 chars; requires raster/OCR pass
65-HS1-834228961-62-HQ-83894-Section-3.pdf,90,LOW_OCR_QUALITY,quality=0.848
65-HS1-834228961-62-HQ-83894-Section-3.pdf,96,NO_TEXT_LAYER,page yields <40 chars; requires raster/OCR pass
65-HS1-834228961-62-HQ-83894-Section-3.pdf,101,NO_TEXT_LAYER,page yields <40 chars; requires raster/OCR pass
65-HS1-834228961-62-HQ-83894-Section-3.pdf,112,LOW_OCR_QUALITY,quality=0.852
65-HS1-834228961-62-HQ-83894-Section-3.pdf,113,LOW_OCR_QUALITY,quality=0.897
65-HS1-834228961-62-HQ-83894-Section-3.pdf,116,NO_TEXT_LAYER,page yields <40 chars; requires raster/OCR pass
65-HS1-834228961-62-HQ-83894-Section-3.pdf,118,LOW_OCR_QUALITY,quality=0.762
65-HS1-834228961-62-HQ-83894-Section-3.pdf,122,LOW_OCR_QUALITY,quality=0.854
65-HS1-834228961-62-HQ-83894-Section-3.pdf,124,NO_TEXT_LAYER,page yields <40 chars; requires raster/OCR pass
65-HS1-834228961-62-HQ-83894-Section-3.pdf,125,REDACTION_MARKER,withheld
65-HS1-834228961-62-HQ-83894-Section-3.pdf,126,NO_TEXT_LAYER,page yields <40 chars; requires raster/OCR pass
65-HS1-834228961-62-HQ-83894-Section-3.pdf,127,NO_TEXT_LAYER,page yields <40 chars; requires raster/OCR pass
65-HS1-834228961-62-HQ-83894-Section-3.pdf,127,ENCLOSURE_REFERENCED,enclosure/attachment cited; verify presence in dump
65-HS1-834228961-62-HQ-83894-Section-3.pdf,130,ENCLOSURE_REFERENCED,enclosure/attachment cited; verify presence in dump
65-HS1-834228961-62-HQ-83894-Section-3.pdf,133,NO_TEXT_LAYER,page yields <40 chars; requires raster/OCR pass
65-HS1-834228961-62-HQ-83894-Section-3.pdf,134,NO_TEXT_LAYER,page yields <40 chars; requires raster/OCR pass
65-HS1-834228961-62-HQ-83894-Section-3.pdf,139,ENCLOSURE_REFERENCED,enclosure/attachment cited; verify presence in dump
65-HS1-834228961-62-HQ-83894-Section-3.pdf,144,LOW_OCR_QUALITY,quality=0.784
65-HS1-834228961-62-HQ-83894-Section-3.pdf,146,NO_TEXT_LAYER,page yields <40 chars; requires raster/OCR pass
65-HS1-834228961-62-HQ-83894-Section-3.pdf,148,LOW_OCR_QUALITY,quality=0.705
65-HS1-834228961-62-HQ-83894-Section-3.pdf,151,NO_TEXT_LAYER,page yields <40 chars; requires raster/OCR pass
65-HS1-834228961-62-HQ-83894-Section-3.pdf,154,LOW_OCR_QUALITY,quality=0.892
65-HS1-834228961-62-HQ-83894-Section-3.pdf,158,LOW_OCR_QUALITY,quality=0.817
65-HS1-834228961-62-HQ-83894-Section-3.pdf,160,NO_TEXT_LAYER,page yields <40 chars; requires raster/OCR pass
65-HS1-834228961-62-HQ-83894-Section-3.pdf,164,ENCLOSURE_REFERENCED,enclosure/attachment cited; verify presence in dump
65-HS1-834228961-62-HQ-83894-Section-3.pdf,166,NO_TEXT_LAYER,page yields <40 chars; requires raster/OCR pass
65-HS1-834228961-62-HQ-83894-Section-3.pdf,166,ENCLOSURE_REFERENCED,enclosure/attachment cited; verify presence in dump
65-HS1-834228961-62-HQ-83894-Section-3.pdf,167,NO_TEXT_LAYER,page yields <40 chars; requires raster/OCR pass
65-HS1-834228961-62-HQ-83894-Section-3.pdf,168,NO_TEXT_LAYER,page yields <40 chars; requires raster/OCR pass
65-HS1-834228961-62-HQ-83894-Section-3.pdf,170,NO_TEXT_LAYER,page yields <40 chars; requires raster/OCR pass
65-HS1-834228961-62-HQ-83894-Section-3.pdf,175,ENCLOSURE_REFERENCED,enclosure/attachment cited; verify presence in dump
65-HS1-834228961-62-HQ-83894-Section-3.pdf,179,NO_TEXT_LAYER,page yields <40 chars; requires raster/OCR pass
65-HS1-834228961-62-HQ-83894-Section-3.pdf,182,LOW_OCR_QUALITY,quality=0.859
65-HS1-834228961-62-HQ-83894-Section-3.pdf,187,LOW_OCR_QUALITY,quality=0.761
65-HS1-834228961-62-HQ-83894-Section-3.pdf,189,NO_TEXT_LAYER,page yields <40 chars; requires raster/OCR pass
65-HS1-834228961-62-HQ-83894-Section-3.pdf,190,NO_TEXT_LAYER,page yields <40 chars; requires raster/OCR pass
65-HS1-834228961-62-HQ-83894-Section-4.pdf,1,LOW_OCR_QUALITY,quality=0.898
65-HS1-834228961-62-HQ-83894-Section-4.pdf,3,LOW_OCR_QUALITY,quality=0.837
65-HS1-834228961-62-HQ-83894-Section-4.pdf,9,NO_TEXT_LAYER,page yields <40 chars; requires raster/OCR pass
65-HS1-834228961-62-HQ-83894-Section-4.pdf,10,NO_TEXT_LAYER,page yields <40 chars; requires raster/OCR pass
65-HS1-834228961-62-HQ-83894-Section-4.pdf,11,NO_TEXT_LAYER,page yields <40 chars; requires raster/OCR pass
65-HS1-834228961-62-HQ-83894-Section-4.pdf,12,NO_TEXT_LAYER,page yields <40 chars; requires raster/OCR pass
65-HS1-834228961-62-HQ-83894-Section-4.pdf,13,NO_TEXT_LAYER,page yields <40 chars; requires raster/OCR pass
65-HS1-834228961-62-HQ-83894-Section-4.pdf,15,NO_TEXT_LAYER,page yields <40 chars; requires raster/OCR pass
65-HS1-834228961-62-HQ-83894-Section-4.pdf,16,NO_TEXT_LAYER,page yields <40 chars; requires raster/OCR pass
65-HS1-834228961-62-HQ-83894-Section-4.pdf,18,NO_TEXT_LAYER,page yields <40 chars; requires raster/OCR pass
65-HS1-834228961-62-HQ-83894-Section-4.pdf,19,LOW_OCR_QUALITY,quality=0.773
65-HS1-834228961-62-HQ-83894-Section-4.pdf,22,NO_TEXT_LAYER,page yields <40 chars; requires raster/OCR pass
65-HS1-834228961-62-HQ-83894-Section-4.pdf,23,LOW_OCR_QUALITY,quality=0.794
65-HS1-834228961-62-HQ-83894-Section-4.pdf,24,NO_TEXT_LAYER,page yields <40 chars; requires raster/OCR pass
65-HS1-834228961-62-HQ-83894-Section-4.pdf,25,NO_TEXT_LAYER,page yields <40 chars; requires raster/OCR pass
65-HS1-834228961-62-HQ-83894-Section-4.pdf,26,NO_TEXT_LAYER,page yields <40 chars; requires raster/OCR pass
65-HS1-834228961-62-HQ-83894-Section-4.pdf,27,NO_TEXT_LAYER,page yields <40 chars; requires raster/OCR pass
65-HS1-834228961-62-HQ-83894-Section-4.pdf,29,NO_TEXT_LAYER,page yields <40 chars; requires raster/OCR pass
65-HS1-834228961-62-HQ-83894-Section-4.pdf,30,NO_TEXT_LAYER,page yields <40 chars; requires raster/OCR pass
65-HS1-834228961-62-HQ-83894-Section-4.pdf,31,NO_TEXT_LAYER,page yields <40 chars; requires raster/OCR pass
65-HS1-834228961-62-HQ-83894-Section-4.pdf,32,LOW_OCR_QUALITY,quality=0.833
65-HS1-834228961-62-HQ-83894-Section-4.pdf,34,LOW_OCR_QUALITY,quality=0.863
65-HS1-834228961-62-HQ-83894-Section-4.pdf,36,LOW_OCR_QUALITY,quality=0.837
65-HS1-834228961-62-HQ-83894-Section-4.pdf,42,NO_TEXT_LAYER,page yields <40 chars; requires raster/OCR pass
65-HS1-834228961-62-HQ-83894-Section-4.pdf,44,LOW_OCR_QUALITY,quality=0.849
65-HS1-834228961-62-HQ-83894-Section-4.pdf,49,NO_TEXT_LAYER,page yields <40 chars; requires raster/OCR pass
65-HS1-834228961-62-HQ-83894-Section-4.pdf,51,NO_TEXT_LAYER,page yields <40 chars; requires raster/OCR pass
65-HS1-834228961-62-HQ-83894-Section-4.pdf,53,ENCLOSURE_REFERENCED,enclosure/attachment cited; verify presence in dump
65-HS1-834228961-62-HQ-83894-Section-4.pdf,54,LOW_OCR_QUALITY,quality=0.88
65-HS1-834228961-62-HQ-83894-Section-4.pdf,55,NO_TEXT_LAYER,page yields <40 chars; requires raster/OCR pass
65-HS1-834228961-62-HQ-83894-Section-4.pdf,57,ENCLOSURE_REFERENCED,enclosure/attachment cited; verify presence in dump
65-HS1-834228961-62-HQ-83894-Section-4.pdf,61,LOW_OCR_QUALITY,quality=0.727
65-HS1-834228961-62-HQ-83894-Section-4.pdf,62,NO_TEXT_LAYER,page yields <40 chars; requires raster/OCR pass
65-HS1-834228961-62-HQ-83894-Section-4.pdf,64,LOW_OCR_QUALITY,quality=0.835
65-HS1-834228961-62-HQ-83894-Section-4.pdf,67,LOW_OCR_QUALITY,quality=0.867
65-HS1-834228961-62-HQ-83894-Section-4.pdf,73,LOW_OCR_QUALITY,quality=0.667
65-HS1-834228961-62-HQ-83894-Section-4.pdf,75,LOW_OCR_QUALITY,quality=0.883
65-HS1-834228961-62-HQ-83894-Section-4.pdf,79,LOW_OCR_QUALITY,quality=0.897
65-HS1-834228961-62-HQ-83894-Section-4.pdf,83,LOW_OCR_QUALITY,quality=0.881
65-HS1-834228961-62-HQ-83894-Section-4.pdf,85,LOW_OCR_QUALITY,quality=0.667
65-HS1-834228961-62-HQ-83894-Section-4.pdf,88,ENCLOSURE_REFERENCED,enclosure/attachment cited; verify presence in dump
65-HS1-834228961-62-HQ-83894-Section-4.pdf,90,LOW_OCR_QUALITY,quality=0.845
65-HS1-834228961-62-HQ-83894-Section-4.pdf,91,ENCLOSURE_REFERENCED,enclosure/attachment cited; verify presence in dump
65-HS1-834228961-62-HQ-83894-Section-4.pdf,92,ENCLOSURE_REFERENCED,enclosure/attachment cited; verify presence in dump
65-HS1-834228961-62-HQ-83894-Section-4.pdf,93,NO_TEXT_LAYER,page yields <40 chars; requires raster/OCR pass
65-HS1-834228961-62-HQ-83894-Section-4.pdf,94,NO_TEXT_LAYER,page yields <40 chars; requires raster/OCR pass
65-HS1-834228961-62-HQ-83894-Section-4.pdf,100,ENCLOSURE_REFERENCED,enclosure/attachment cited; verify presence in dump
65-HS1-834228961-62-HQ-83894-Section-4.pdf,102,LOW_OCR_QUALITY,quality=0.787
65-HS1-834228961-62-HQ-83894-Section-4.pdf,104,NO_TEXT_LAYER,page yields <40 chars; requires raster/OCR pass
65-HS1-834228961-62-HQ-83894-Section-4.pdf,107,LOW_OCR_QUALITY,quality=0.862
65-HS1-834228961-62-HQ-83894-Section-4.pdf,108,NO_TEXT_LAYER,page yields <40 chars; requires raster/OCR pass
65-HS1-834228961-62-HQ-83894-Section-4.pdf,109,ENCLOSURE_REFERENCED,enclosure/attachment cited; verify presence in dump
65-HS1-834228961-62-HQ-83894-Section-4.pdf,110,NO_TEXT_LAYER,page yields <40 chars; requires raster/OCR pass
65-HS1-834228961-62-HQ-83894-Section-4.pdf,111,NO_TEXT_LAYER,page yields <40 chars; requires raster/OCR pass
65-HS1-834228961-62-HQ-83894-Section-4.pdf,116,ENCLOSURE_REFERENCED,enclosure/attachment cited; verify presence in dump
65-HS1-834228961-62-HQ-83894-Section-4.pdf,118,ENCLOSURE_REFERENCED,enclosure/attachment cited; verify presence in dump
65-HS1-834228961-62-HQ-83894-Section-4.pdf,119,LOW_OCR_QUALITY,quality=0.864
65-HS1-834228961-62-HQ-83894-Section-4.pdf,125,ENCLOSURE_REFERENCED,enclosure/attachment cited; verify presence in dump
65-HS1-834228961-62-HQ-83894-Section-4.pdf,129,LOW_OCR_QUALITY,quality=0.846
65-HS1-834228961-62-HQ-83894-Section-4.pdf,131,ENCLOSURE_REFERENCED,enclosure/attachment cited; verify presence in dump
65-HS1-834228961-62-HQ-83894-Section-4.pdf,134,NO_TEXT_LAYER,page yields <40 chars; requires raster/OCR pass
65-HS1-834228961-62-HQ-83894-Section-4.pdf,136,ENCLOSURE_REFERENCED,enclosure/attachment cited; verify presence in dump
65-HS1-834228961-62-HQ-83894-Section-4.pdf,137,LOW_OCR_QUALITY,quality=0.895
65-HS1-834228961-62-HQ-83894-Section-4.pdf,137,ENCLOSURE_REFERENCED,enclosure/attachment cited; verify presence in dump
65-HS1-834228961-62-HQ-83894-Section-4.pdf,138,LOW_OCR_QUALITY,quality=0.857
65-HS1-834228961-62-HQ-83894-Section-4.pdf,140,NO_TEXT_LAYER,page yields <40 chars; requires raster/OCR pass
65-HS1-834228961-62-HQ-83894-Section-4.pdf,142,NO_TEXT_LAYER,page yields <40 chars; requires raster/OCR pass
65-HS1-834228961-62-HQ-83894-Section-4.pdf,144,NO_TEXT_LAYER,page yields <40 chars; requires raster/OCR pass
65-HS1-834228961-62-HQ-83894-Section-4.pdf,146,NO_TEXT_LAYER,page yields <40 chars; requires raster/OCR pass
65-HS1-834228961-62-HQ-83894-Section-4.pdf,149,LOW_OCR_QUALITY,quality=0.788
65-HS1-834228961-62-HQ-83894-Section-4.pdf,152,LOW_OCR_QUALITY,quality=0.871
65-HS1-834228961-62-HQ-83894-Section-4.pdf,153,NO_TEXT_LAYER,page yields <40 chars; requires raster/OCR pass
65-HS1-834228961-62-HQ-83894-Section-4.pdf,154,NO_TEXT_LAYER,page yields <40 chars; requires raster/OCR pass
65-HS1-834228961-62-HQ-83894-Section-4.pdf,155,LOW_OCR_QUALITY,quality=0.714
65-HS1-834228961-62-HQ-83894-Section-4.pdf,156,LOW_OCR_QUALITY,quality=0.898
65-HS1-834228961-62-HQ-83894-Section-4.pdf,158,NO_TEXT_LAYER,page yields <40 chars; requires raster/OCR pass
65-HS1-834228961-62-HQ-83894-Section-4.pdf,161,LOW_OCR_QUALITY,quality=0.814
65-HS1-834228961-62-HQ-83894-Section-4.pdf,163,LOW_OCR_QUALITY,quality=0.853
65-HS1-834228961-62-HQ-83894-Section-4.pdf,165,LOW_OCR_QUALITY,quality=0.886
65-HS1-834228961-62-HQ-83894-Section-4.pdf,165,ENCLOSURE_REFERENCED,enclosure/attachment cited; verify presence in dump
65-HS1-834228961-62-HQ-83894-Section-4.pdf,166,NO_TEXT_LAYER,page yields <40 chars; requires raster/OCR pass
65-HS1-834228961-62-HQ-83894-Section-4.pdf,168,LOW_OCR_QUALITY,quality=0.889
65-HS1-834228961-62-HQ-83894-Section-4.pdf,170,NO_TEXT_LAYER,page yields <40 chars; requires raster/OCR pass
65-HS1-834228961-62-HQ-83894-Section-4.pdf,172,NO_TEXT_LAYER,page yields <40 chars; requires raster/OCR pass
65-HS1-834228961-62-HQ-83894-Section-4.pdf,174,NO_TEXT_LAYER,page yields <40 chars; requires raster/OCR pass
65-HS1-834228961-62-HQ-83894-Section-4.pdf,175,NO_TEXT_LAYER,page yields <40 chars; requires raster/OCR pass
65-HS1-834228961-62-HQ-83894-Section-4.pdf,187,ENCLOSURE_REFERENCED,enclosure/attachment cited; verify presence in dump
65-HS1-834228961-62-HQ-83894-Section-4.pdf,188,NO_TEXT_LAYER,page yields <40 chars; requires raster/OCR pass
65-HS1-834228961-62-HQ-83894-Section-4.pdf,193,REDACTION_MARKER,withheld
65-HS1-834228961-62-HQ-83894-Section-4.pdf,194,LOW_OCR_QUALITY,quality=0.783
65-HS1-834228961-62-HQ-83894-Section-4.pdf,195,LOW_OCR_QUALITY,quality=0.826
65-HS1-834228961-62-HQ-83894-Section-4.pdf,196,LOW_OCR_QUALITY,quality=0.782
65-HS1-834228961-62-HQ-83894-Section-4.pdf,197,LOW_OCR_QUALITY,quality=0.802
65-HS1-834228961-62-HQ-83894-Section-4.pdf,198,LOW_OCR_QUALITY,quality=0.787
65-HS1-834228961-62-HQ-83894-Section-4.pdf,204,LOW_OCR_QUALITY,quality=0.851
65-HS1-834228961-62-HQ-83894-Section-4.pdf,206,NO_TEXT_LAYER,page yields <40 chars; requires raster/OCR pass
65-HS1-834228961-62-HQ-83894-Section-4.pdf,210,LOW_OCR_QUALITY,quality=0.812
65-HS1-834228961-62-HQ-83894-Section-4.pdf,212,LOW_OCR_QUALITY,quality=0.75
65-HS1-834228961-62-HQ-83894-Section-4.pdf,214,NO_TEXT_LAYER,page yields <40 chars; requires raster/OCR pass
65-HS1-834228961-62-HQ-83894-Section-5.pdf,1,LOW_OCR_QUALITY,quality=0.899
65-HS1-834228961-62-HQ-83894-Section-5.pdf,2,NO_TEXT_LAYER,page yields <40 chars; requires raster/OCR pass
65-HS1-834228961-62-HQ-83894-Section-5.pdf,4,NO_TEXT_LAYER,page yields <40 chars; requires raster/OCR pass
65-HS1-834228961-62-HQ-83894-Section-5.pdf,6,LOW_OCR_QUALITY,quality=0.753
65-HS1-834228961-62-HQ-83894-Section-5.pdf,8,LOW_OCR_QUALITY,quality=0.86
65-HS1-834228961-62-HQ-83894-Section-5.pdf,12,NO_TEXT_LAYER,page yields <40 chars; requires raster/OCR pass
65-HS1-834228961-62-HQ-83894-Section-5.pdf,13,LOW_OCR_QUALITY,quality=0.881
65-HS1-834228961-62-HQ-83894-Section-5.pdf,14,NO_TEXT_LAYER,page yields <40 chars; requires raster/OCR pass
65-HS1-834228961-62-HQ-83894-Section-5.pdf,16,LOW_OCR_QUALITY,quality=0.894
65-HS1-834228961-62-HQ-83894-Section-5.pdf,18,LOW_OCR_QUALITY,quality=0.884
65-HS1-834228961-62-HQ-83894-Section-5.pdf,20,NO_TEXT_LAYER,page yields <40 chars; requires raster/OCR pass
65-HS1-834228961-62-HQ-83894-Section-5.pdf,22,NO_TEXT_LAYER,page yields <40 chars; requires raster/OCR pass
65-HS1-834228961-62-HQ-83894-Section-5.pdf,23,LOW_OCR_QUALITY,quality=0.885
65-HS1-834228961-62-HQ-83894-Section-5.pdf,26,LOW_OCR_QUALITY,quality=0.894
65-HS1-834228961-62-HQ-83894-Section-5.pdf,27,NO_TEXT_LAYER,page yields <40 chars; requires raster/OCR pass
65-HS1-834228961-62-HQ-83894-Section-5.pdf,28,NO_TEXT_LAYER,page yields <40 chars; requires raster/OCR pass
65-HS1-834228961-62-HQ-83894-Section-5.pdf,29,NO_TEXT_LAYER,page yields <40 chars; requires raster/OCR pass
65-HS1-834228961-62-HQ-83894-Section-5.pdf,30,NO_TEXT_LAYER,page yields <40 chars; requires raster/OCR pass
65-HS1-834228961-62-HQ-83894-Section-5.pdf,31,ENCLOSURE_REFERENCED,enclosure/attachment cited; verify presence in dump
65-HS1-834228961-62-HQ-83894-Section-5.pdf,32,LOW_OCR_QUALITY,quality=0.861
65-HS1-834228961-62-HQ-83894-Section-5.pdf,36,LOW_OCR_QUALITY,quality=0.818
65-HS1-834228961-62-HQ-83894-Section-5.pdf,37,ENCLOSURE_REFERENCED,enclosure/attachment cited; verify presence in dump
65-HS1-834228961-62-HQ-83894-Section-5.pdf,39,ENCLOSURE_REFERENCED,enclosure/attachment cited; verify presence in dump
65-HS1-834228961-62-HQ-83894-Section-5.pdf,40,NO_TEXT_LAYER,page yields <40 chars; requires raster/OCR pass
65-HS1-834228961-62-HQ-83894-Section-5.pdf,47,NO_TEXT_LAYER,page yields <40 chars; requires raster/OCR pass
65-HS1-834228961-62-HQ-83894-Section-5.pdf,49,LOW_OCR_QUALITY,quality=0.87
65-HS1-834228961-62-HQ-83894-Section-5.pdf,50,NO_TEXT_LAYER,page yields <40 chars; requires raster/OCR pass
65-HS1-834228961-62-HQ-83894-Section-5.pdf,51,NO_TEXT_LAYER,page yields <40 chars; requires raster/OCR pass
65-HS1-834228961-62-HQ-83894-Section-5.pdf,53,NO_TEXT_LAYER,page yields <40 chars; requires raster/OCR pass
65-HS1-834228961-62-HQ-83894-Section-5.pdf,55,LOW_OCR_QUALITY,quality=0.811
65-HS1-834228961-62-HQ-83894-Section-5.pdf,59,NO_TEXT_LAYER,page yields <40 chars; requires raster/OCR pass
65-HS1-834228961-62-HQ-83894-Section-5.pdf,61,NO_TEXT_LAYER,page yields <40 chars; requires raster/OCR pass
65-HS1-834228961-62-HQ-83894-Section-5.pdf,62,NO_TEXT_LAYER,page yields <40 chars; requires raster/OCR pass
65-HS1-834228961-62-HQ-83894-Section-5.pdf,63,NO_TEXT_LAYER,page yields <40 chars; requires raster/OCR pass
65-HS1-834228961-62-HQ-83894-Section-5.pdf,64,LOW_OCR_QUALITY,quality=0.892
65-HS1-834228961-62-HQ-83894-Section-5.pdf,65,NO_TEXT_LAYER,page yields <40 chars; requires raster/OCR pass
65-HS1-834228961-62-HQ-83894-Section-5.pdf,67,NO_TEXT_LAYER,page yields <40 chars; requires raster/OCR pass
65-HS1-834228961-62-HQ-83894-Section-5.pdf,69,NO_TEXT_LAYER,page yields <40 chars; requires raster/OCR pass
65-HS1-834228961-62-HQ-83894-Section-5.pdf,73,LOW_OCR_QUALITY,quality=0.848
65-HS1-834228961-62-HQ-83894-Section-5.pdf,74,LOW_OCR_QUALITY,quality=0.858
65-HS1-834228961-62-HQ-83894-Section-5.pdf,76,LOW_OCR_QUALITY,quality=0.778
65-HS1-834228961-62-HQ-83894-Section-5.pdf,81,LOW_OCR_QUALITY,quality=0.803
65-HS1-834228961-62-HQ-83894-Section-5.pdf,83,NO_TEXT_LAYER,page yields <40 chars; requires raster/OCR pass
65-HS1-834228961-62-HQ-83894-Section-5.pdf,85,LOW_OCR_QUALITY,quality=0.82
65-HS1-834228961-62-HQ-83894-Section-5.pdf,87,LOW_OCR_QUALITY,quality=0.538
65-HS1-834228961-62-HQ-83894-Section-5.pdf,90,NO_TEXT_LAYER,page yields <40 chars; requires raster/OCR pass
65-HS1-834228961-62-HQ-83894-Section-5.pdf,98,NO_TEXT_LAYER,page yields <40 chars; requires raster/OCR pass
65-HS1-834228961-62-HQ-83894-Section-5.pdf,99,NO_TEXT_LAYER,page yields <40 chars; requires raster/OCR pass
65-HS1-834228961-62-HQ-83894-Section-5.pdf,100,NO_TEXT_LAYER,page yields <40 chars; requires raster/OCR pass
65-HS1-834228961-62-HQ-83894-Section-5.pdf,101,NO_TEXT_LAYER,page yields <40 chars; requires raster/OCR pass
65-HS1-834228961-62-HQ-83894-Section-5.pdf,104,NO_TEXT_LAYER,page yields <40 chars; requires raster/OCR pass
65-HS1-834228961-62-HQ-83894-Section-5.pdf,105,ENCLOSURE_REFERENCED,enclosure/attachment cited; verify presence in dump
65-HS1-834228961-62-HQ-83894-Section-5.pdf,106,NO_TEXT_LAYER,page yields <40 chars; requires raster/OCR pass
65-HS1-834228961-62-HQ-83894-Section-5.pdf,107,LOW_OCR_QUALITY,quality=0.877
65-HS1-834228961-62-HQ-83894-Section-5.pdf,108,LOW_OCR_QUALITY,quality=0.852
65-HS1-834228961-62-HQ-83894-Section-5.pdf,110,LOW_OCR_QUALITY,quality=0.746
65-HS1-834228961-62-HQ-83894-Section-5.pdf,112,LOW_OCR_QUALITY,quality=0.898
65-HS1-834228961-62-HQ-83894-Section-5.pdf,114,LOW_OCR_QUALITY,quality=0.88
65-HS1-834228961-62-HQ-83894-Section-5.pdf,116,LOW_OCR_QUALITY,quality=0.88
65-HS1-834228961-62-HQ-83894-Section-5.pdf,118,LOW_OCR_QUALITY,quality=0.828
65-HS1-834228961-62-HQ-83894-Section-5.pdf,120,NO_TEXT_LAYER,page yields <40 chars; requires raster/OCR pass
65-HS1-834228961-62-HQ-83894-Section-5.pdf,121,NO_TEXT_LAYER,page yields <40 chars; requires raster/OCR pass
65-HS1-834228961-62-HQ-83894-Section-5.pdf,122,NO_TEXT_LAYER,page yields <40 chars; requires raster/OCR pass
65-HS1-834228961-62-HQ-83894-Section-5.pdf,123,NO_TEXT_LAYER,page yields <40 chars; requires raster/OCR pass
65-HS1-834228961-62-HQ-83894-Section-5.pdf,124,LOW_OCR_QUALITY,quality=0.867
65-HS1-834228961-62-HQ-83894-Section-5.pdf,125,LOW_OCR_QUALITY,quality=0.81
65-HS1-834228961-62-HQ-83894-Section-5.pdf,126,NO_TEXT_LAYER,page yields <40 chars; requires raster/OCR pass
65-HS1-834228961-62-HQ-83894-Section-5.pdf,127,LOW_OCR_QUALITY,quality=0.847
65-HS1-834228961-62-HQ-83894-Section-5.pdf,128,LOW_OCR_QUALITY,quality=0.848
65-HS1-834228961-62-HQ-83894-Section-5.pdf,129,NO_TEXT_LAYER,page yields <40 chars; requires raster/OCR pass
65-HS1-834228961-62-HQ-83894-Section-5.pdf,130,LOW_OCR_QUALITY,quality=0.812
65-HS1-834228961-62-HQ-83894-Section-5.pdf,131,LOW_OCR_QUALITY,quality=0.795
65-HS1-834228961-62-HQ-83894-Section-5.pdf,133,NO_TEXT_LAYER,page yields <40 chars; requires raster/OCR pass
65-HS1-834228961-62-HQ-83894-Section-5.pdf,134,NO_TEXT_LAYER,page yields <40 chars; requires raster/OCR pass
65-HS1-834228961-62-HQ-83894-Section-5.pdf,135,LOW_OCR_QUALITY,quality=0.83
65-HS1-834228961-62-HQ-83894-Section-5.pdf,136,LOW_OCR_QUALITY,quality=0.787
65-HS1-834228961-62-HQ-83894-Section-5.pdf,137,LOW_OCR_QUALITY,quality=0.747
65-HS1-834228961-62-HQ-83894-Section-5.pdf,138,LOW_OCR_QUALITY,quality=0.872
65-HS1-834228961-62-HQ-83894-Section-5.pdf,139,LOW_OCR_QUALITY,quality=0.822
65-HS1-834228961-62-HQ-83894-Section-5.pdf,140,LOW_OCR_QUALITY,quality=0.754
65-HS1-834228961-62-HQ-83894-Section-5.pdf,141,NO_TEXT_LAYER,page yields <40 chars; requires raster/OCR pass
65-HS1-834228961-62-HQ-83894-Section-5.pdf,142,NO_TEXT_LAYER,page yields <40 chars; requires raster/OCR pass
65-HS1-834228961-62-HQ-83894-Section-5.pdf,143,LOW_OCR_QUALITY,quality=0.737
65-HS1-834228961-62-HQ-83894-Section-5.pdf,144,NO_TEXT_LAYER,page yields <40 chars; requires raster/OCR pass
65-HS1-834228961-62-HQ-83894-Section-5.pdf,145,ENCLOSURE_REFERENCED,enclosure/attachment cited; verify presence in dump
65-HS1-834228961-62-HQ-83894-Section-5.pdf,146,LOW_OCR_QUALITY,quality=0.885
65-HS1-834228961-62-HQ-83894-Section-5.pdf,147,ENCLOSURE_REFERENCED,enclosure/attachment cited; verify presence in dump
65-HS1-834228961-62-HQ-83894-Section-5.pdf,150,NO_TEXT_LAYER,page yields <40 chars; requires raster/OCR pass
65-HS1-834228961-62-HQ-83894-Section-5.pdf,151,LOW_OCR_QUALITY,quality=0.892
65-HS1-834228961-62-HQ-83894-Section-5.pdf,152,ENCLOSURE_REFERENCED,enclosure/attachment cited; verify presence in dump
65-HS1-834228961-62-HQ-83894-Section-5.pdf,155,NO_TEXT_LAYER,page yields <40 chars; requires raster/OCR pass
65-HS1-834228961-62-HQ-83894-Section-5.pdf,159,LOW_OCR_QUALITY,quality=0.897
65-HS1-834228961-62-HQ-83894-Section-5.pdf,161,NO_TEXT_LAYER,page yields <40 chars; requires raster/OCR pass
65-HS1-834228961-62-HQ-83894-Section-5.pdf,167,LOW_OCR_QUALITY,quality=0.892
65-HS1-834228961-62-HQ-83894-Section-5.pdf,171,LOW_OCR_QUALITY,quality=0.792
65-HS1-834228961-62-HQ-83894-Section-5.pdf,177,LOW_OCR_QUALITY,quality=0.893
65-HS1-834228961-62-HQ-83894-Section-5.pdf,181,LOW_OCR_QUALITY,quality=0.875
65-HS1-834228961-62-HQ-83894-Section-5.pdf,182,NO_TEXT_LAYER,page yields <40 chars; requires raster/OCR pass
65-HS1-834228961-62-HQ-83894-Section-5.pdf,183,NO_TEXT_LAYER,page yields <40 chars; requires raster/OCR pass
65-HS1-834228961-62-HQ-83894-Section-5.pdf,184,NO_TEXT_LAYER,page yields <40 chars; requires raster/OCR pass
65-HS1-834228961-62-HQ-83894-Section-5.pdf,185,NO_TEXT_LAYER,page yields <40 chars; requires raster/OCR pass
65-HS1-834228961-62-HQ-83894-Section-5.pdf,187,ENCLOSURE_REFERENCED,enclosure/attachment cited; verify presence in dump
65-HS1-834228961-62-HQ-83894-Section-5.pdf,188,NO_TEXT_LAYER,page yields <40 chars; requires raster/OCR pass
65-HS1-834228961-62-HQ-83894-Section-5.pdf,193,NO_TEXT_LAYER,page yields <40 chars; requires raster/OCR pass
65-HS1-834228961-62-HQ-83894-Section-5.pdf,195,NO_TEXT_LAYER,page yields <40 chars; requires raster/OCR pass
65-HS1-834228961-62-HQ-83894-Section-5.pdf,197,NO_TEXT_LAYER,page yields <40 chars; requires raster/OCR pass
65-HS1-834228961-62-HQ-83894-Section-5.pdf,199,NO_TEXT_LAYER,page yields <40 chars; requires raster/OCR pass
65-HS1-834228961-62-HQ-83894-Section-5.pdf,200,LOW_OCR_QUALITY,quality=0.636
65-HS1-834228961-62-HQ-83894-Section-5.pdf,201,NO_TEXT_LAYER,page yields <40 chars; requires raster/OCR pass
65-HS1-834228961-62-HQ-83894-Section-5.pdf,202,NO_TEXT_LAYER,page yields <40 chars; requires raster/OCR pass
65-HS1-834228961-62-HQ-83894-Section-5.pdf,203,NO_TEXT_LAYER,page yields <40 chars; requires raster/OCR pass
65-HS1-834228961-62-HQ-83894-Section-5.pdf,204,LOW_OCR_QUALITY,quality=0.855
65-HS1-834228961-62-HQ-83894-Section-5.pdf,205,NO_TEXT_LAYER,page yields <40 chars; requires raster/OCR pass
65-HS1-834228961-62-HQ-83894-Section-5.pdf,206,LOW_OCR_QUALITY,quality=0.723
65-HS1-834228961-62-HQ-83894-Section-6.pdf,3,LOW_OCR_QUALITY,quality=0.836
65-HS1-834228961-62-HQ-83894-Section-6.pdf,7,LOW_OCR_QUALITY,quality=0.8
65-HS1-834228961-62-HQ-83894-Section-6.pdf,9,NO_TEXT_LAYER,page yields <40 chars; requires raster/OCR pass
65-HS1-834228961-62-HQ-83894-Section-6.pdf,14,NO_TEXT_LAYER,page yields <40 chars; requires raster/OCR pass
65-HS1-834228961-62-HQ-83894-Section-6.pdf,16,NO_TEXT_LAYER,page yields <40 chars; requires raster/OCR pass
65-HS1-834228961-62-HQ-83894-Section-6.pdf,19,LOW_OCR_QUALITY,quality=0.885
65-HS1-834228961-62-HQ-83894-Section-6.pdf,20,NO_TEXT_LAYER,page yields <40 chars; requires raster/OCR pass
65-HS1-834228961-62-HQ-83894-Section-6.pdf,23,NO_TEXT_LAYER,page yields <40 chars; requires raster/OCR pass
65-HS1-834228961-62-HQ-83894-Section-6.pdf,32,NO_TEXT_LAYER,page yields <40 chars; requires raster/OCR pass
65-HS1-834228961-62-HQ-83894-Section-6.pdf,34,LOW_OCR_QUALITY,quality=0.887
65-HS1-834228961-62-HQ-83894-Section-6.pdf,35,NO_TEXT_LAYER,page yields <40 chars; requires raster/OCR pass
65-HS1-834228961-62-HQ-83894-Section-6.pdf,36,NO_TEXT_LAYER,page yields <40 chars; requires raster/OCR pass
65-HS1-834228961-62-HQ-83894-Section-6.pdf,37,LOW_OCR_QUALITY,quality=0.796
65-HS1-834228961-62-HQ-83894-Section-6.pdf,38,NO_TEXT_LAYER,page yields <40 chars; requires raster/OCR pass
65-HS1-834228961-62-HQ-83894-Section-6.pdf,39,NO_TEXT_LAYER,page yields <40 chars; requires raster/OCR pass
65-HS1-834228961-62-HQ-83894-Section-6.pdf,40,LOW_OCR_QUALITY,quality=0.783
65-HS1-834228961-62-HQ-83894-Section-6.pdf,41,NO_TEXT_LAYER,page yields <40 chars; requires raster/OCR pass
65-HS1-834228961-62-HQ-83894-Section-6.pdf,42,LOW_OCR_QUALITY,quality=0.873
65-HS1-834228961-62-HQ-83894-Section-6.pdf,45,LOW_OCR_QUALITY,quality=0.834
65-HS1-834228961-62-HQ-83894-Section-6.pdf,47,LOW_OCR_QUALITY,quality=0.768
65-HS1-834228961-62-HQ-83894-Section-6.pdf,52,LOW_OCR_QUALITY,quality=0.855
65-HS1-834228961-62-HQ-83894-Section-6.pdf,53,LOW_OCR_QUALITY,quality=0.841
65-HS1-834228961-62-HQ-83894-Section-6.pdf,57,LOW_OCR_QUALITY,quality=0.862
65-HS1-834228961-62-HQ-83894-Section-6.pdf,60,LOW_OCR_QUALITY,quality=0.886
65-HS1-834228961-62-HQ-83894-Section-6.pdf,62,LOW_OCR_QUALITY,quality=0.833
65-HS1-834228961-62-HQ-83894-Section-6.pdf,65,LOW_OCR_QUALITY,quality=0.874
65-HS1-834228961-62-HQ-83894-Section-6.pdf,67,NO_TEXT_LAYER,page yields <40 chars; requires raster/OCR pass
65-HS1-834228961-62-HQ-83894-Section-6.pdf,70,NO_TEXT_LAYER,page yields <40 chars; requires raster/OCR pass
65-HS1-834228961-62-HQ-83894-Section-6.pdf,71,LOW_OCR_QUALITY,quality=0.803
65-HS1-834228961-62-HQ-83894-Section-6.pdf,72,LOW_OCR_QUALITY,quality=0.892
65-HS1-834228961-62-HQ-83894-Section-6.pdf,74,LOW_OCR_QUALITY,quality=0.869
65-HS1-834228961-62-HQ-83894-Section-6.pdf,75,NO_TEXT_LAYER,page yields <40 chars; requires raster/OCR pass
65-HS1-834228961-62-HQ-83894-Section-6.pdf,77,LOW_OCR_QUALITY,quality=0.797
65-HS1-834228961-62-HQ-83894-Section-6.pdf,80,NO_TEXT_LAYER,page yields <40 chars; requires raster/OCR pass
65-HS1-834228961-62-HQ-83894-Section-6.pdf,82,LOW_OCR_QUALITY,quality=0.794
65-HS1-834228961-62-HQ-83894-Section-6.pdf,84,NO_TEXT_LAYER,page yields <40 chars; requires raster/OCR pass
65-HS1-834228961-62-HQ-83894-Section-6.pdf,88,NO_TEXT_LAYER,page yields <40 chars; requires raster/OCR pass
65-HS1-834228961-62-HQ-83894-Section-6.pdf,95,LOW_OCR_QUALITY,quality=0.882
65-HS1-834228961-62-HQ-83894-Section-6.pdf,98,NO_TEXT_LAYER,page yields <40 chars; requires raster/OCR pass
65-HS1-834228961-62-HQ-83894-Section-6.pdf,99,NO_TEXT_LAYER,page yields <40 chars; requires raster/OCR pass
65-HS1-834228961-62-HQ-83894-Section-6.pdf,100,ENCLOSURE_REFERENCED,enclosure/attachment cited; verify presence in dump
65-HS1-834228961-62-HQ-83894-Section-6.pdf,111,ENCLOSURE_REFERENCED,enclosure/attachment cited; verify presence in dump
65-HS1-834228961-62-HQ-83894-Section-6.pdf,112,NO_TEXT_LAYER,page yields <40 chars; requires raster/OCR pass
65-HS1-834228961-62-HQ-83894-Section-6.pdf,120,NO_TEXT_LAYER,page yields <40 chars; requires raster/OCR pass
65-HS1-834228961-62-HQ-83894-Section-6.pdf,121,NO_TEXT_LAYER,page yields <40 chars; requires raster/OCR pass
65-HS1-834228961-62-HQ-83894-Section-6.pdf,122,LOW_OCR_QUALITY,quality=0.688
65-HS1-834228961-62-HQ-83894-Section-6.pdf,123,NO_TEXT_LAYER,page yields <40 chars; requires raster/OCR pass
65-HS1-834228961-62-HQ-83894-Section-6.pdf,125,LOW_OCR_QUALITY,quality=0.808
65-HS1-834228961-62-HQ-83894-Section-6.pdf,128,LOW_OCR_QUALITY,quality=0.857
65-HS1-834228961-62-HQ-83894-Section-6.pdf,132,LOW_OCR_QUALITY,quality=0.87
65-HS1-834228961-62-HQ-83894-Section-6.pdf,138,NO_TEXT_LAYER,page yields <40 chars; requires raster/OCR pass
65-HS1-834228961-62-HQ-83894-Section-6.pdf,141,LOW_OCR_QUALITY,quality=0.771
65-HS1-834228961-62-HQ-83894-Section-6.pdf,143,LOW_OCR_QUALITY,quality=0.784
65-HS1-834228961-62-HQ-83894-Section-6.pdf,145,LOW_OCR_QUALITY,quality=0.818
65-HS1-834228961-62-HQ-83894-Section-6.pdf,147,LOW_OCR_QUALITY,quality=0.878
65-HS1-834228961-62-HQ-83894-Section-6.pdf,151,LOW_OCR_QUALITY,quality=0.855
65-HS1-834228961-62-HQ-83894-Section-6.pdf,152,ENCLOSURE_REFERENCED,enclosure/attachment cited; verify presence in dump
65-HS1-834228961-62-HQ-83894-Section-6.pdf,164,NO_TEXT_LAYER,page yields <40 chars; requires raster/OCR pass
65-HS1-834228961-62-HQ-83894-Section-6.pdf,165,NO_TEXT_LAYER,page yields <40 chars; requires raster/OCR pass
65-HS1-834228961-62-HQ-83894-Section-6.pdf,166,NO_TEXT_LAYER,page yields <40 chars; requires raster/OCR pass
65-HS1-834228961-62-HQ-83894-Section-6.pdf,167,NO_TEXT_LAYER,page yields <40 chars; requires raster/OCR pass
65-HS1-834228961-62-HQ-83894-Section-6.pdf,168,NO_TEXT_LAYER,page yields <40 chars; requires raster/OCR pass
65-HS1-834228961-62-HQ-83894-Section-6.pdf,169,NO_TEXT_LAYER,page yields <40 chars; requires raster/OCR pass
65-HS1-834228961-62-HQ-83894-Section-6.pdf,171,LOW_OCR_QUALITY,quality=0.85
65-HS1-834228961-62-HQ-83894-Section-6.pdf,175,LOW_OCR_QUALITY,quality=0.729
65-HS1-834228961-62-HQ-83894-Section-6.pdf,176,NO_TEXT_LAYER,page yields <40 chars; requires raster/OCR pass
65-HS1-834228961-62-HQ-83894-Section-6.pdf,181,LOW_OCR_QUALITY,quality=0.879
65-HS1-834228961-62-HQ-83894-Section-6.pdf,183,NO_TEXT_LAYER,page yields <40 chars; requires raster/OCR pass
65-HS1-834228961-62-HQ-83894-Section-6.pdf,187,LOW_OCR_QUALITY,quality=0.891
65-HS1-834228961-62-HQ-83894-Section-6.pdf,189,LOW_OCR_QUALITY,quality=0.73
65-HS1-834228961-62-HQ-83894-Section-6.pdf,191,LOW_OCR_QUALITY,quality=0.86
65-HS1-834228961-62-HQ-83894-Section-6.pdf,194,NO_TEXT_LAYER,page yields <40 chars; requires raster/OCR pass
65-HS1-834228961-62-HQ-83894-Section-6.pdf,195,LOW_OCR_QUALITY,quality=0.849
65-HS1-834228961-62-HQ-83894-Section-6.pdf,197,LOW_OCR_QUALITY,quality=0.773
65-HS1-834228961-62-HQ-83894-Section-6.pdf,200,NO_TEXT_LAYER,page yields <40 chars; requires raster/OCR pass
65-HS1-834228961-62-HQ-83894-Section-6.pdf,201,NO_TEXT_LAYER,page yields <40 chars; requires raster/OCR pass
65-HS1-834228961-62-HQ-83894-Section-6.pdf,202,NO_TEXT_LAYER,page yields <40 chars; requires raster/OCR pass
65-HS1-834228961-62-HQ-83894-Section-6.pdf,203,NO_TEXT_LAYER,page yields <40 chars; requires raster/OCR pass
65-HS1-834228961-62-HQ-83894-Section-6.pdf,205,LOW_OCR_QUALITY,quality=0.7
65-HS1-834228961-62-HQ-83894-Section-6.pdf,206,NO_TEXT_LAYER,page yields <40 chars; requires raster/OCR pass
65-HS1-834228961-62-HQ-83894-Section-6.pdf,207,NO_TEXT_LAYER,page yields <40 chars; requires raster/OCR pass
65-HS1-834228961-62-HQ-83894-Section-6.pdf,208,LOW_OCR_QUALITY,quality=0.654
65-HS1-834228961-62-HQ-83894-Section-6.pdf,209,NO_TEXT_LAYER,page yields <40 chars; requires raster/OCR pass
65-HS1-834228961-62-HQ-83894-Section-6.pdf,210,NO_TEXT_LAYER,page yields <40 chars; requires raster/OCR pass
65-HS1-834228961-62-HQ-83894-Section-6.pdf,214,LOW_OCR_QUALITY,quality=0.833
65-HS1-834228961-62-HQ-83894-Section-6.pdf,216,NO_TEXT_LAYER,page yields <40 chars; requires raster/OCR pass
65-HS1-834228961-62-HQ-83894-Section-6.pdf,217,NO_TEXT_LAYER,page yields <40 chars; requires raster/OCR pass
65-HS1-834228961-62-HQ-83894-Section-6.pdf,218,NO_TEXT_LAYER,page yields <40 chars; requires raster/OCR pass
65-HS1-834228961-62-HQ-83894-Section-6.pdf,220,LOW_OCR_QUALITY,quality=0.79
65-HS1-834228961-62-HQ-83894-Section-6.pdf,222,LOW_OCR_QUALITY,quality=0.804
65-HS1-834228961-62-HQ-83894-Section-6.pdf,223,ENCLOSURE_REFERENCED,enclosure/attachment cited; verify presence in dump
65-HS1-834228961-62-HQ-83894-Section-6.pdf,224,NO_TEXT_LAYER,page yields <40 chars; requires raster/OCR pass
65-HS1-834228961-62-HQ-83894-Section-6.pdf,226,NO_TEXT_LAYER,page yields <40 chars; requires raster/OCR pass
65-HS1-834228961-62-HQ-83894-Section-6.pdf,227,NO_TEXT_LAYER,page yields <40 chars; requires raster/OCR pass
65-HS1-834228961-62-HQ-83894-Section-6.pdf,228,NO_TEXT_LAYER,page yields <40 chars; requires raster/OCR pass
65-HS1-834228961-62-HQ-83894-Section-6.pdf,229,NO_TEXT_LAYER,page yields <40 chars; requires raster/OCR pass
65-HS1-834228961-62-HQ-83894-Section-6.pdf,232,NO_TEXT_LAYER,page yields <40 chars; requires raster/OCR pass
65-HS1-834228961-62-HQ-83894-Section-6.pdf,233,NO_TEXT_LAYER,page yields <40 chars; requires raster/OCR pass
65-HS1-834228961-62-HQ-83894-Section-6.pdf,234,NO_TEXT_LAYER,page yields <40 chars; requires raster/OCR pass
65-HS1-834228961-62-HQ-83894-Section-6.pdf,235,NO_TEXT_LAYER,page yields <40 chars; requires raster/OCR pass
65-HS1-834228961-62-HQ-83894-Section-6.pdf,236,NO_TEXT_LAYER,page yields <40 chars; requires raster/OCR pass
65-HS1-834228961-62-HQ-83894-Section-6.pdf,237,NO_TEXT_LAYER,page yields <40 chars; requires raster/OCR pass
65-HS1-834228961-62-HQ-83894-Section-6.pdf,238,NO_TEXT_LAYER,page yields <40 chars; requires raster/OCR pass
65-HS1-834228961-62-HQ-83894-Section-6.pdf,240,NO_TEXT_LAYER,page yields <40 chars; requires raster/OCR pass
65-HS1-834228961-62-HQ-83894-Section-6.pdf,241,LOW_OCR_QUALITY,quality=0.861
65-HS1-834228961-62-HQ-83894-Section-6.pdf,242,LOW_OCR_QUALITY,quality=0.855
65-HS1-834228961-62-HQ-83894-Section-6.pdf,243,LOW_OCR_QUALITY,quality=0.826
65-HS1-834228961-62-HQ-83894-Section-6.pdf,244,LOW_OCR_QUALITY,quality=0.739
65-HS1-834228961-62-HQ-83894-Section-6.pdf,245,LOW_OCR_QUALITY,quality=0.833
65-HS1-834228961-62-HQ-83894-Section-6.pdf,248,LOW_OCR_QUALITY,quality=0.875
65-HS1-834228961-62-HQ-83894-Section-6.pdf,250,LOW_OCR_QUALITY,quality=0.658
65-HS1-834228961-62-HQ-83894-Section-6.pdf,251,NO_TEXT_LAYER,page yields <40 chars; requires raster/OCR pass
65-HS1-834228961-62-HQ-83894-Section-6.pdf,252,NO_TEXT_LAYER,page yields <40 chars; requires raster/OCR pass
65-HS1-834228961-62-HQ-83894-Section-6.pdf,254,ENCLOSURE_REFERENCED,enclosure/attachment cited; verify presence in dump
65-HS1-834228961-62-HQ-83894-Section-6.pdf,255,NO_TEXT_LAYER,page yields <40 chars; requires raster/OCR pass
65-HS1-834228961-62-HQ-83894-Section-6.pdf,265,NO_TEXT_LAYER,page yields <40 chars; requires raster/OCR pass
65-HS1-834228961-62-HQ-83894-Section-6.pdf,266,NO_TEXT_LAYER,page yields <40 chars; requires raster/OCR pass
65-HS1-834228961-62-HQ-83894-Section-6.pdf,267,NO_TEXT_LAYER,page yields <40 chars; requires raster/OCR pass
65-HS1-834228961-62-HQ-83894-Section-6.pdf,271,LOW_OCR_QUALITY,quality=0.877
65-HS1-834228961-62-HQ-83894-Section-7.pdf,2,LOW_OCR_QUALITY,quality=0.86
65-HS1-834228961-62-HQ-83894-Section-7.pdf,4,LOW_OCR_QUALITY,quality=0.887
65-HS1-834228961-62-HQ-83894-Section-7.pdf,6,LOW_OCR_QUALITY,quality=0.7
65-HS1-834228961-62-HQ-83894-Section-7.pdf,8,NO_TEXT_LAYER,page yields <40 chars; requires raster/OCR pass
65-HS1-834228961-62-HQ-83894-Section-7.pdf,10,LOW_OCR_QUALITY,quality=0.878
65-HS1-834228961-62-HQ-83894-Section-7.pdf,12,LOW_OCR_QUALITY,quality=0.844
65-HS1-834228961-62-HQ-83894-Section-7.pdf,14,NO_TEXT_LAYER,page yields <40 chars; requires raster/OCR pass
65-HS1-834228961-62-HQ-83894-Section-7.pdf,16,NO_TEXT_LAYER,page yields <40 chars; requires raster/OCR pass
65-HS1-834228961-62-HQ-83894-Section-7.pdf,19,LOW_OCR_QUALITY,quality=0.863
65-HS1-834228961-62-HQ-83894-Section-7.pdf,22,NO_TEXT_LAYER,page yields <40 chars; requires raster/OCR pass
65-HS1-834228961-62-HQ-83894-Section-7.pdf,23,ENCLOSURE_REFERENCED,enclosure/attachment cited; verify presence in dump
65-HS1-834228961-62-HQ-83894-Section-7.pdf,24,LOW_OCR_QUALITY,quality=0.814
65-HS1-834228961-62-HQ-83894-Section-7.pdf,25,ENCLOSURE_REFERENCED,enclosure/attachment cited; verify presence in dump
65-HS1-834228961-62-HQ-83894-Section-7.pdf,26,LOW_OCR_QUALITY,quality=0.846
65-HS1-834228961-62-HQ-83894-Section-7.pdf,27,LOW_OCR_QUALITY,quality=0.783
65-HS1-834228961-62-HQ-83894-Section-7.pdf,28,NO_TEXT_LAYER,page yields <40 chars; requires raster/OCR pass
65-HS1-834228961-62-HQ-83894-Section-7.pdf,31,NO_TEXT_LAYER,page yields <40 chars; requires raster/OCR pass
65-HS1-834228961-62-HQ-83894-Section-7.pdf,36,LOW_OCR_QUALITY,quality=0.803
65-HS1-834228961-62-HQ-83894-Section-7.pdf,40,LOW_OCR_QUALITY,quality=0.846
65-HS1-834228961-62-HQ-83894-Section-7.pdf,42,NO_TEXT_LAYER,page yields <40 chars; requires raster/OCR pass
65-HS1-834228961-62-HQ-83894-Section-7.pdf,45,LOW_OCR_QUALITY,quality=0.85
65-HS1-834228961-62-HQ-83894-Section-7.pdf,48,NO_TEXT_LAYER,page yields <40 chars; requires raster/OCR pass
65-HS1-834228961-62-HQ-83894-Section-7.pdf,49,NO_TEXT_LAYER,page yields <40 chars; requires raster/OCR pass
65-HS1-834228961-62-HQ-83894-Section-7.pdf,50,LOW_OCR_QUALITY,quality=0.704
65-HS1-834228961-62-HQ-83894-Section-7.pdf,51,NO_TEXT_LAYER,page yields <40 chars; requires raster/OCR pass
65-HS1-834228961-62-HQ-83894-Section-7.pdf,52,NO_TEXT_LAYER,page yields <40 chars; requires raster/OCR pass
65-HS1-834228961-62-HQ-83894-Section-7.pdf,53,NO_TEXT_LAYER,page yields <40 chars; requires raster/OCR pass
65-HS1-834228961-62-HQ-83894-Section-7.pdf,54,NO_TEXT_LAYER,page yields <40 chars; requires raster/OCR pass
65-HS1-834228961-62-HQ-83894-Section-7.pdf,55,NO_TEXT_LAYER,page yields <40 chars; requires raster/OCR pass
65-HS1-834228961-62-HQ-83894-Section-7.pdf,56,NO_TEXT_LAYER,page yields <40 chars; requires raster/OCR pass
65-HS1-834228961-62-HQ-83894-Section-7.pdf,57,NO_TEXT_LAYER,page yields <40 chars; requires raster/OCR pass
65-HS1-834228961-62-HQ-83894-Section-7.pdf,58,NO_TEXT_LAYER,page yields <40 chars; requires raster/OCR pass
65-HS1-834228961-62-HQ-83894-Section-7.pdf,59,NO_TEXT_LAYER,page yields <40 chars; requires raster/OCR pass
65-HS1-834228961-62-HQ-83894-Section-7.pdf,60,LOW_OCR_QUALITY,quality=0.627
65-HS1-834228961-62-HQ-83894-Section-7.pdf,61,ENCLOSURE_REFERENCED,enclosure/attachment cited; verify presence in dump
65-HS1-834228961-62-HQ-83894-Section-7.pdf,62,NO_TEXT_LAYER,page yields <40 chars; requires raster/OCR pass
65-HS1-834228961-62-HQ-83894-Section-7.pdf,64,NO_TEXT_LAYER,page yields <40 chars; requires raster/OCR pass
65-HS1-834228961-62-HQ-83894-Section-7.pdf,66,NO_TEXT_LAYER,page yields <40 chars; requires raster/OCR pass
65-HS1-834228961-62-HQ-83894-Section-7.pdf,68,NO_TEXT_LAYER,page yields <40 chars; requires raster/OCR pass
65-HS1-834228961-62-HQ-83894-Section-7.pdf,69,ENCLOSURE_REFERENCED,enclosure/attachment cited; verify presence in dump
65-HS1-834228961-62-HQ-83894-Section-7.pdf,70,LOW_OCR_QUALITY,quality=0.807
65-HS1-834228961-62-HQ-83894-Section-7.pdf,86,LOW_OCR_QUALITY,quality=0.882
65-HS1-834228961-62-HQ-83894-Section-7.pdf,87,NO_TEXT_LAYER,page yields <40 chars; requires raster/OCR pass
65-HS1-834228961-62-HQ-83894-Section-7.pdf,91,LOW_OCR_QUALITY,quality=0.853
65-HS1-834228961-62-HQ-83894-Section-7.pdf,95,LOW_OCR_QUALITY,quality=0.806
65-HS1-834228961-62-HQ-83894-Section-7.pdf,97,ENCLOSURE_REFERENCED,enclosure/attachment cited; verify presence in dump
65-HS1-834228961-62-HQ-83894-Section-7.pdf,98,LOW_OCR_QUALITY,quality=0.804
65-HS1-834228961-62-HQ-83894-Section-7.pdf,99,LOW_OCR_QUALITY,quality=0.848
65-HS1-834228961-62-HQ-83894-Section-7.pdf,100,LOW_OCR_QUALITY,quality=0.889
65-HS1-834228961-62-HQ-83894-Section-7.pdf,101,NO_TEXT_LAYER,page yields <40 chars; requires raster/OCR pass
65-HS1-834228961-62-HQ-83894-Section-7.pdf,102,LOW_OCR_QUALITY,quality=0.885
65-HS1-834228961-62-HQ-83894-Section-7.pdf,107,NO_TEXT_LAYER,page yields <40 chars; requires raster/OCR pass
65-HS1-834228961-62-HQ-83894-Section-7.pdf,109,ENCLOSURE_REFERENCED,enclosure/attachment cited; verify presence in dump
65-HS1-834228961-62-HQ-83894-Section-7.pdf,110,LOW_OCR_QUALITY,quality=0.85
65-HS1-834228961-62-HQ-83894-Section-7.pdf,111,NO_TEXT_LAYER,page yields <40 chars; requires raster/OCR pass
65-HS1-834228961-62-HQ-83894-Section-7.pdf,127,NO_TEXT_LAYER,page yields <40 chars; requires raster/OCR pass
65-HS1-834228961-62-HQ-83894-Section-7.pdf,129,NO_TEXT_LAYER,page yields <40 chars; requires raster/OCR pass
65-HS1-834228961-62-HQ-83894-Section-7.pdf,130,LOW_OCR_QUALITY,quality=0.862
65-HS1-834228961-62-HQ-83894-Section-7.pdf,132,LOW_OCR_QUALITY,quality=0.755
65-HS1-834228961-62-HQ-83894-Section-7.pdf,134,NO_TEXT_LAYER,page yields <40 chars; requires raster/OCR pass
65-HS1-834228961-62-HQ-83894-Section-7.pdf,136,NO_TEXT_LAYER,page yields <40 chars; requires raster/OCR pass
65-HS1-834228961-62-HQ-83894-Section-7.pdf,144,NO_TEXT_LAYER,page yields <40 chars; requires raster/OCR pass
65-HS1-834228961-62-HQ-83894-Section-7.pdf,146,LOW_OCR_QUALITY,quality=0.714
65-HS1-834228961-62-HQ-83894-Section-7.pdf,147,NO_TEXT_LAYER,page yields <40 chars; requires raster/OCR pass
65-HS1-834228961-62-HQ-83894-Section-7.pdf,148,NO_TEXT_LAYER,page yields <40 chars; requires raster/OCR pass
65-HS1-834228961-62-HQ-83894-Section-7.pdf,150,NO_TEXT_LAYER,page yields <40 chars; requires raster/OCR pass
65-HS1-834228961-62-HQ-83894-Section-7.pdf,152,LOW_OCR_QUALITY,quality=0.822
65-HS1-834228961-62-HQ-83894-Section-7.pdf,155,LOW_OCR_QUALITY,quality=0.894
65-HS1-834228961-62-HQ-83894-Section-7.pdf,160,NO_TEXT_LAYER,page yields <40 chars; requires raster/OCR pass
65-HS1-834228961-62-HQ-83894-Section-7.pdf,165,NO_TEXT_LAYER,page yields <40 chars; requires raster/OCR pass
65-HS1-834228961-62-HQ-83894-Section-7.pdf,167,LOW_OCR_QUALITY,quality=0.781
65-HS1-834228961-62-HQ-83894-Section-7.pdf,168,NO_TEXT_LAYER,page yields <40 chars; requires raster/OCR pass
65-HS1-834228961-62-HQ-83894-Section-7.pdf,169,ENCLOSURE_REFERENCED,enclosure/attachment cited; verify presence in dump
65-HS1-834228961-62-HQ-83894-Section-7.pdf,170,NO_TEXT_LAYER,page yields <40 chars; requires raster/OCR pass
65-HS1-834228961-62-HQ-83894-Section-7.pdf,171,NO_TEXT_LAYER,page yields <40 chars; requires raster/OCR pass
65-HS1-834228961-62-HQ-83894-Section-7.pdf,172,NO_TEXT_LAYER,page yields <40 chars; requires raster/OCR pass
65-HS1-834228961-62-HQ-83894-Section-7.pdf,173,NO_TEXT_LAYER,page yields <40 chars; requires raster/OCR pass
65-HS1-834228961-62-HQ-83894-Section-7.pdf,182,LOW_OCR_QUALITY,quality=0.864
65-HS1-834228961-62-HQ-83894-Section-7.pdf,183,LOW_OCR_QUALITY,quality=0.858
65-HS1-834228961-62-HQ-83894-Section-7.pdf,184,LOW_OCR_QUALITY,quality=0.833
65-HS1-834228961-62-HQ-83894-Section-7.pdf,185,NO_TEXT_LAYER,page yields <40 chars; requires raster/OCR pass
65-HS1-834228961-62-HQ-83894-Section-7.pdf,186,LOW_OCR_QUALITY,quality=0.826
65-HS1-834228961-62-HQ-83894-Section-7.pdf,188,NO_TEXT_LAYER,page yields <40 chars; requires raster/OCR pass
65-HS1-834228961-62-HQ-83894-Section-7.pdf,189,LOW_OCR_QUALITY,quality=0.736
65-HS1-834228961-62-HQ-83894-Section-7.pdf,190,LOW_OCR_QUALITY,quality=0.86
65-HS1-834228961-62-HQ-83894-Section-7.pdf,193,NO_TEXT_LAYER,page yields <40 chars; requires raster/OCR pass
65-HS1-834228961-62-HQ-83894-Section-7.pdf,199,ENCLOSURE_REFERENCED,enclosure/attachment cited; verify presence in dump
65-HS1-834228961-62-HQ-83894-Section-7.pdf,201,NO_TEXT_LAYER,page yields <40 chars; requires raster/OCR pass
65-HS1-834228961-62-HQ-83894-Section-7.pdf,205,LOW_OCR_QUALITY,quality=0.774
65-HS1-834228961-62-HQ-83894-Section-8.pdf,1,LOW_OCR_QUALITY,quality=0.896
65-HS1-834228961-62-HQ-83894-Section-8.pdf,2,LOW_OCR_QUALITY,quality=0.771
65-HS1-834228961-62-HQ-83894-Section-8.pdf,3,ENCLOSURE_REFERENCED,enclosure/attachment cited; verify presence in dump
65-HS1-834228961-62-HQ-83894-Section-8.pdf,4,LOW_OCR_QUALITY,quality=0.721
65-HS1-834228961-62-HQ-83894-Section-8.pdf,12,ENCLOSURE_REFERENCED,enclosure/attachment cited; verify presence in dump
65-HS1-834228961-62-HQ-83894-Section-8.pdf,13,NO_TEXT_LAYER,page yields <40 chars; requires raster/OCR pass
65-HS1-834228961-62-HQ-83894-Section-8.pdf,21,LOW_OCR_QUALITY,quality=0.891
65-HS1-834228961-62-HQ-83894-Section-8.pdf,23,LOW_OCR_QUALITY,quality=0.889
65-HS1-834228961-62-HQ-83894-Section-8.pdf,25,LOW_OCR_QUALITY,quality=0.878
65-HS1-834228961-62-HQ-83894-Section-8.pdf,27,NO_TEXT_LAYER,page yields <40 chars; requires raster/OCR pass
65-HS1-834228961-62-HQ-83894-Section-8.pdf,28,NO_TEXT_LAYER,page yields <40 chars; requires raster/OCR pass
65-HS1-834228961-62-HQ-83894-Section-8.pdf,29,NO_TEXT_LAYER,page yields <40 chars; requires raster/OCR pass
65-HS1-834228961-62-HQ-83894-Section-8.pdf,32,NO_TEXT_LAYER,page yields <40 chars; requires raster/OCR pass
65-HS1-834228961-62-HQ-83894-Section-8.pdf,34,ENCLOSURE_REFERENCED,enclosure/attachment cited; verify presence in dump
65-HS1-834228961-62-HQ-83894-Section-8.pdf,35,NO_TEXT_LAYER,page yields <40 chars; requires raster/OCR pass
65-HS1-834228961-62-HQ-83894-Section-8.pdf,39,NO_TEXT_LAYER,page yields <40 chars; requires raster/OCR pass
65-HS1-834228961-62-HQ-83894-Section-8.pdf,48,ENCLOSURE_REFERENCED,enclosure/attachment cited; verify presence in dump
65-HS1-834228961-62-HQ-83894-Section-8.pdf,51,LOW_OCR_QUALITY,quality=0.885
65-HS1-834228961-62-HQ-83894-Section-8.pdf,52,LOW_OCR_QUALITY,quality=0.808
65-HS1-834228961-62-HQ-83894-Section-8.pdf,54,LOW_OCR_QUALITY,quality=0.851
65-HS1-834228961-62-HQ-83894-Section-8.pdf,58,ENCLOSURE_REFERENCED,enclosure/attachment cited; verify presence in dump
65-HS1-834228961-62-HQ-83894-Section-8.pdf,59,NO_TEXT_LAYER,page yields <40 chars; requires raster/OCR pass
65-HS1-834228961-62-HQ-83894-Section-8.pdf,62,NO_TEXT_LAYER,page yields <40 chars; requires raster/OCR pass
65-HS1-834228961-62-HQ-83894-Section-8.pdf,63,NO_TEXT_LAYER,page yields <40 chars; requires raster/OCR pass
65-HS1-834228961-62-HQ-83894-Section-8.pdf,64,NO_TEXT_LAYER,page yields <40 chars; requires raster/OCR pass
65-HS1-834228961-62-HQ-83894-Section-8.pdf,65,NO_TEXT_LAYER,page yields <40 chars; requires raster/OCR pass
65-HS1-834228961-62-HQ-83894-Section-8.pdf,66,NO_TEXT_LAYER,page yields <40 chars; requires raster/OCR pass
65-HS1-834228961-62-HQ-83894-Section-8.pdf,68,NO_TEXT_LAYER,page yields <40 chars; requires raster/OCR pass
65-HS1-834228961-62-HQ-83894-Section-8.pdf,75,NO_TEXT_LAYER,page yields <40 chars; requires raster/OCR pass
65-HS1-834228961-62-HQ-83894-Section-8.pdf,77,NO_TEXT_LAYER,page yields <40 chars; requires raster/OCR pass
65-HS1-834228961-62-HQ-83894-Section-8.pdf,78,LOW_OCR_QUALITY,quality=0.899
65-HS1-834228961-62-HQ-83894-Section-8.pdf,79,NO_TEXT_LAYER,page yields <40 chars; requires raster/OCR pass
65-HS1-834228961-62-HQ-83894-Section-8.pdf,81,NO_TEXT_LAYER,page yields <40 chars; requires raster/OCR pass
65-HS1-834228961-62-HQ-83894-Section-8.pdf,83,LOW_OCR_QUALITY,quality=0.818
65-HS1-834228961-62-HQ-83894-Section-8.pdf,85,NO_TEXT_LAYER,page yields <40 chars; requires raster/OCR pass
65-HS1-834228961-62-HQ-83894-Section-8.pdf,93,NO_TEXT_LAYER,page yields <40 chars; requires raster/OCR pass
65-HS1-834228961-62-HQ-83894-Section-8.pdf,96,NO_TEXT_LAYER,page yields <40 chars; requires raster/OCR pass
65-HS1-834228961-62-HQ-83894-Section-8.pdf,98,NO_TEXT_LAYER,page yields <40 chars; requires raster/OCR pass
65-HS1-834228961-62-HQ-83894-Section-8.pdf,102,NO_TEXT_LAYER,page yields <40 chars; requires raster/OCR pass
65-HS1-834228961-62-HQ-83894-Section-8.pdf,103,NO_TEXT_LAYER,page yields <40 chars; requires raster/OCR pass
65-HS1-834228961-62-HQ-83894-Section-8.pdf,104,LOW_OCR_QUALITY,quality=0.883
65-HS1-834228961-62-HQ-83894-Section-8.pdf,105,LOW_OCR_QUALITY,quality=0.798
65-HS1-834228961-62-HQ-83894-Section-8.pdf,106,LOW_OCR_QUALITY,quality=0.826
65-HS1-834228961-62-HQ-83894-Section-8.pdf,107,LOW_OCR_QUALITY,quality=0.85
65-HS1-834228961-62-HQ-83894-Section-8.pdf,108,LOW_OCR_QUALITY,quality=0.845
65-HS1-834228961-62-HQ-83894-Section-8.pdf,110,LOW_OCR_QUALITY,quality=0.723
65-HS1-834228961-62-HQ-83894-Section-8.pdf,111,NO_TEXT_LAYER,page yields <40 chars; requires raster/OCR pass
65-HS1-834228961-62-HQ-83894-Section-8.pdf,114,NO_TEXT_LAYER,page yields <40 chars; requires raster/OCR pass
65-HS1-834228961-62-HQ-83894-Section-8.pdf,116,NO_TEXT_LAYER,page yields <40 chars; requires raster/OCR pass
65-HS1-834228961-62-HQ-83894-Section-8.pdf,117,LOW_OCR_QUALITY,quality=0.893
65-HS1-834228961-62-HQ-83894-Section-8.pdf,119,LOW_OCR_QUALITY,quality=0.865
65-HS1-834228961-62-HQ-83894-Section-8.pdf,121,NO_TEXT_LAYER,page yields <40 chars; requires raster/OCR pass
65-HS1-834228961-62-HQ-83894-Section-8.pdf,121,ENCLOSURE_REFERENCED,enclosure/attachment cited; verify presence in dump
65-HS1-834228961-62-HQ-83894-Section-8.pdf,122,NO_TEXT_LAYER,page yields <40 chars; requires raster/OCR pass
65-HS1-834228961-62-HQ-83894-Section-8.pdf,123,NO_TEXT_LAYER,page yields <40 chars; requires raster/OCR pass
65-HS1-834228961-62-HQ-83894-Section-8.pdf,124,NO_TEXT_LAYER,page yields <40 chars; requires raster/OCR pass
65-HS1-834228961-62-HQ-83894-Section-8.pdf,125,NO_TEXT_LAYER,page yields <40 chars; requires raster/OCR pass
65-HS1-834228961-62-HQ-83894-Section-8.pdf,126,NO_TEXT_LAYER,page yields <40 chars; requires raster/OCR pass
65-HS1-834228961-62-HQ-83894-Section-8.pdf,129,LOW_OCR_QUALITY,quality=0.879
65-HS1-834228961-62-HQ-83894-Section-8.pdf,131,LOW_OCR_QUALITY,quality=0.895
65-HS1-834228961-62-HQ-83894-Section-8.pdf,132,ENCLOSURE_REFERENCED,enclosure/attachment cited; verify presence in dump
65-HS1-834228961-62-HQ-83894-Section-8.pdf,135,NO_TEXT_LAYER,page yields <40 chars; requires raster/OCR pass
65-HS1-834228961-62-HQ-83894-Section-8.pdf,136,NO_TEXT_LAYER,page yields <40 chars; requires raster/OCR pass
65-HS1-834228961-62-HQ-83894-Section-8.pdf,138,LOW_OCR_QUALITY,quality=0.838
65-HS1-834228961-62-HQ-83894-Section-8.pdf,140,NO_TEXT_LAYER,page yields <40 chars; requires raster/OCR pass
65-HS1-834228961-62-HQ-83894-Section-8.pdf,142,LOW_OCR_QUALITY,quality=0.894
65-HS1-834228961-62-HQ-83894-Section-8.pdf,143,NO_TEXT_LAYER,page yields <40 chars; requires raster/OCR pass
65-HS1-834228961-62-HQ-83894-Section-8.pdf,148,NO_TEXT_LAYER,page yields <40 chars; requires raster/OCR pass
65-HS1-834228961-62-HQ-83894-Section-8.pdf,150,LOW_OCR_QUALITY,quality=0.878
65-HS1-834228961-62-HQ-83894-Section-8.pdf,151,ENCLOSURE_REFERENCED,enclosure/attachment cited; verify presence in dump
65-HS1-834228961-62-HQ-83894-Section-8.pdf,152,LOW_OCR_QUALITY,quality=0.81
65-HS1-834228961-62-HQ-83894-Section-8.pdf,153,LOW_OCR_QUALITY,quality=0.75
65-HS1-834228961-62-HQ-83894-Section-8.pdf,154,NO_TEXT_LAYER,page yields <40 chars; requires raster/OCR pass
65-HS1-834228961-62-HQ-83894-Section-8.pdf,155,LOW_OCR_QUALITY,quality=0.676
65-HS1-834228961-62-HQ-83894-Section-8.pdf,157,NO_TEXT_LAYER,page yields <40 chars; requires raster/OCR pass
65-HS1-834228961-62-HQ-83894-Section-8.pdf,158,NO_TEXT_LAYER,page yields <40 chars; requires raster/OCR pass
65-HS1-834228961-62-HQ-83894-Section-8.pdf,165,ENCLOSURE_REFERENCED,enclosure/attachment cited; verify presence in dump
65-HS1-834228961-62-HQ-83894-Section-8.pdf,166,NO_TEXT_LAYER,page yields <40 chars; requires raster/OCR pass
65-HS1-834228961-62-HQ-83894-Section-8.pdf,169,ENCLOSURE_REFERENCED,enclosure/attachment cited; verify presence in dump
65-HS1-834228961-62-HQ-83894-Section-8.pdf,170,ENCLOSURE_REFERENCED,enclosure/attachment cited; verify presence in dump
65-HS1-834228961-62-HQ-83894-Section-8.pdf,171,LOW_OCR_QUALITY,quality=0.82
65-HS1-834228961-62-HQ-83894-Section-8.pdf,172,NO_TEXT_LAYER,page yields <40 chars; requires raster/OCR pass
65-HS1-834228961-62-HQ-83894-Section-8.pdf,175,LOW_OCR_QUALITY,quality=0.821
65-HS1-834228961-62-HQ-83894-Section-8.pdf,178,LOW_OCR_QUALITY,quality=0.793
65-HS1-834228961-62-HQ-83894-Section-8.pdf,180,NO_TEXT_LAYER,page yields <40 chars; requires raster/OCR pass
65-HS1-834228961-62-HQ-83894-Section-8.pdf,181,ENCLOSURE_REFERENCED,enclosure/attachment cited; verify presence in dump
65-HS1-834228961-62-HQ-83894-Section-8.pdf,182,NO_TEXT_LAYER,page yields <40 chars; requires raster/OCR pass
65-HS1-834228961-62-HQ-83894-Section-8.pdf,183,ENCLOSURE_REFERENCED,enclosure/attachment cited; verify presence in dump
65-HS1-834228961-62-HQ-83894-Section-8.pdf,184,NO_TEXT_LAYER,page yields <40 chars; requires raster/OCR pass
65-HS1-834228961-62-HQ-83894-Section-8.pdf,187,NO_TEXT_LAYER,page yields <40 chars; requires raster/OCR pass
65-HS1-834228961-62-HQ-83894-Section-8.pdf,188,NO_TEXT_LAYER,page yields <40 chars; requires raster/OCR pass
65-HS1-834228961-62-HQ-83894-Section-8.pdf,192,ENCLOSURE_REFERENCED,enclosure/attachment cited; verify presence in dump
65-HS1-834228961-62-HQ-83894-Section-8.pdf,194,LOW_OCR_QUALITY,quality=0.797
65-HS1-834228961-62-HQ-83894-Section-8.pdf,198,LOW_OCR_QUALITY,quality=0.869
65-HS1-834228961-62-HQ-83894-Section-8.pdf,200,LOW_OCR_QUALITY,quality=0.87
65-HS1-834228961-62-HQ-83894-Section-8.pdf,202,LOW_OCR_QUALITY,quality=0.849
65-HS1-834228961-62-HQ-83894-Section-8.pdf,204,NO_TEXT_LAYER,page yields <40 chars; requires raster/OCR pass
65-HS1-834228961-62-HQ-83894-Section-8.pdf,207,LOW_OCR_QUALITY,quality=0.759
65-HS1-834228961-62-HQ-83894-Section-8.pdf,212,NO_TEXT_LAYER,page yields <40 chars; requires raster/OCR pass
65-HS1-834228961-62-HQ-83894-Section-8.pdf,214,ENCLOSURE_REFERENCED,enclosure/attachment cited; verify presence in dump
65-HS1-834228961-62-HQ-83894-Section-8.pdf,217,NO_TEXT_LAYER,page yields <40 chars; requires raster/OCR pass
65-HS1-834228961-62-HQ-83894-Section-9.pdf,1,LOW_OCR_QUALITY,quality=0.824
65-HS1-834228961-62-HQ-83894-Section-9.pdf,3,LOW_OCR_QUALITY,quality=0.862
65-HS1-834228961-62-HQ-83894-Section-9.pdf,5,LOW_OCR_QUALITY,quality=0.731
65-HS1-834228961-62-HQ-83894-Section-9.pdf,7,LOW_OCR_QUALITY,quality=0.889
65-HS1-834228961-62-HQ-83894-Section-9.pdf,10,LOW_OCR_QUALITY,quality=0.764
65-HS1-834228961-62-HQ-83894-Section-9.pdf,15,LOW_OCR_QUALITY,quality=0.628
65-HS1-834228961-62-HQ-83894-Section-9.pdf,18,NO_TEXT_LAYER,page yields <40 chars; requires raster/OCR pass
65-HS1-834228961-62-HQ-83894-Section-9.pdf,21,NO_TEXT_LAYER,page yields <40 chars; requires raster/OCR pass
65-HS1-834228961-62-HQ-83894-Section-9.pdf,23,NO_TEXT_LAYER,page yields <40 chars; requires raster/OCR pass
65-HS1-834228961-62-HQ-83894-Section-9.pdf,24,NO_TEXT_LAYER,page yields <40 chars; requires raster/OCR pass
65-HS1-834228961-62-HQ-83894-Section-9.pdf,25,NO_TEXT_LAYER,page yields <40 chars; requires raster/OCR pass
65-HS1-834228961-62-HQ-83894-Section-9.pdf,27,LOW_OCR_QUALITY,quality=0.778
65-HS1-834228961-62-HQ-83894-Section-9.pdf,29,LOW_OCR_QUALITY,quality=0.855
65-HS1-834228961-62-HQ-83894-Section-9.pdf,30,NO_TEXT_LAYER,page yields <40 chars; requires raster/OCR pass
65-HS1-834228961-62-HQ-83894-Section-9.pdf,31,LOW_OCR_QUALITY,quality=0.894
65-HS1-834228961-62-HQ-83894-Section-9.pdf,32,NO_TEXT_LAYER,page yields <40 chars; requires raster/OCR pass
65-HS1-834228961-62-HQ-83894-Section-9.pdf,33,NO_TEXT_LAYER,page yields <40 chars; requires raster/OCR pass
65-HS1-834228961-62-HQ-83894-Section-9.pdf,34,NO_TEXT_LAYER,page yields <40 chars; requires raster/OCR pass
65-HS1-834228961-62-HQ-83894-Section-9.pdf,35,LOW_OCR_QUALITY,quality=0.881
65-HS1-834228961-62-HQ-83894-Section-9.pdf,36,NO_TEXT_LAYER,page yields <40 chars; requires raster/OCR pass
65-HS1-834228961-62-HQ-83894-Section-9.pdf,37,NO_TEXT_LAYER,page yields <40 chars; requires raster/OCR pass
65-HS1-834228961-62-HQ-83894-Section-9.pdf,39,NO_TEXT_LAYER,page yields <40 chars; requires raster/OCR pass
65-HS1-834228961-62-HQ-83894-Section-9.pdf,41,NO_TEXT_LAYER,page yields <40 chars; requires raster/OCR pass
65-HS1-834228961-62-HQ-83894-Section-9.pdf,42,NO_TEXT_LAYER,page yields <40 chars; requires raster/OCR pass
65-HS1-834228961-62-HQ-83894-Section-9.pdf,43,NO_TEXT_LAYER,page yields <40 chars; requires raster/OCR pass
65-HS1-834228961-62-HQ-83894-Section-9.pdf,44,ENCLOSURE_REFERENCED,enclosure/attachment cited; verify presence in dump
65-HS1-834228961-62-HQ-83894-Section-9.pdf,45,ENCLOSURE_REFERENCED,enclosure/attachment cited; verify presence in dump
65-HS1-834228961-62-HQ-83894-Section-9.pdf,49,NO_TEXT_LAYER,page yields <40 chars; requires raster/OCR pass
65-HS1-834228961-62-HQ-83894-Section-9.pdf,53,LOW_OCR_QUALITY,quality=0.84
65-HS1-834228961-62-HQ-83894-Section-9.pdf,54,ENCLOSURE_REFERENCED,enclosure/attachment cited; verify presence in dump
65-HS1-834228961-62-HQ-83894-Section-9.pdf,55,NO_TEXT_LAYER,page yields <40 chars; requires raster/OCR pass
65-HS1-834228961-62-HQ-83894-Section-9.pdf,57,NO_TEXT_LAYER,page yields <40 chars; requires raster/OCR pass
65-HS1-834228961-62-HQ-83894-Section-9.pdf,59,LOW_OCR_QUALITY,quality=0.882
65-HS1-834228961-62-HQ-83894-Section-9.pdf,61,NO_TEXT_LAYER,page yields <40 chars; requires raster/OCR pass
65-HS1-834228961-62-HQ-83894-Section-9.pdf,64,LOW_OCR_QUALITY,quality=0.868
65-HS1-834228961-62-HQ-83894-Section-9.pdf,65,LOW_OCR_QUALITY,quality=0.863
65-HS1-834228961-62-HQ-83894-Section-9.pdf,66,LOW_OCR_QUALITY,quality=0.896
65-HS1-834228961-62-HQ-83894-Section-9.pdf,67,LOW_OCR_QUALITY,quality=0.842
65-HS1-834228961-62-HQ-83894-Section-9.pdf,68,NO_TEXT_LAYER,page yields <40 chars; requires raster/OCR pass
65-HS1-834228961-62-HQ-83894-Section-9.pdf,70,LOW_OCR_QUALITY,quality=0.861
65-HS1-834228961-62-HQ-83894-Section-9.pdf,73,LOW_OCR_QUALITY,quality=0.799
65-HS1-834228961-62-HQ-83894-Section-9.pdf,74,ENCLOSURE_REFERENCED,enclosure/attachment cited; verify presence in dump
65-HS1-834228961-62-HQ-83894-Section-9.pdf,75,ENCLOSURE_REFERENCED,enclosure/attachment cited; verify presence in dump
65-HS1-834228961-62-HQ-83894-Section-9.pdf,76,LOW_OCR_QUALITY,quality=0.891
65-HS1-834228961-62-HQ-83894-Section-9.pdf,85,LOW_OCR_QUALITY,quality=0.855
65-HS1-834228961-62-HQ-83894-Section-9.pdf,86,ENCLOSURE_REFERENCED,enclosure/attachment cited; verify presence in dump
65-HS1-834228961-62-HQ-83894-Section-9.pdf,87,LOW_OCR_QUALITY,quality=0.882
65-HS1-834228961-62-HQ-83894-Section-9.pdf,92,LOW_OCR_QUALITY,quality=0.821
65-HS1-834228961-62-HQ-83894-Section-9.pdf,94,LOW_OCR_QUALITY,quality=0.884
65-HS1-834228961-62-HQ-83894-Section-9.pdf,96,LOW_OCR_QUALITY,quality=0.784
65-HS1-834228961-62-HQ-83894-Section-9.pdf,98,LOW_OCR_QUALITY,quality=0.87
65-HS1-834228961-62-HQ-83894-Section-9.pdf,100,LOW_OCR_QUALITY,quality=0.864
65-HS1-834228961-62-HQ-83894-Section-9.pdf,102,NO_TEXT_LAYER,page yields <40 chars; requires raster/OCR pass
65-HS1-834228961-62-HQ-83894-Section-9.pdf,104,LOW_OCR_QUALITY,quality=0.847
65-HS1-834228961-62-HQ-83894-Section-9.pdf,106,LOW_OCR_QUALITY,quality=0.721
65-HS1-834228961-62-HQ-83894-Section-9.pdf,117,NO_TEXT_LAYER,page yields <40 chars; requires raster/OCR pass
65-HS1-834228961-62-HQ-83894-Section-9.pdf,122,NO_TEXT_LAYER,page yields <40 chars; requires raster/OCR pass
65-HS1-834228961-62-HQ-83894-Section-9.pdf,127,LOW_OCR_QUALITY,quality=0.807
65-HS1-834228961-62-HQ-83894-Section-9.pdf,128,ENCLOSURE_REFERENCED,enclosure/attachment cited; verify presence in dump
65-HS1-834228961-62-HQ-83894-Section-9.pdf,131,LOW_OCR_QUALITY,quality=0.864
65-HS1-834228961-62-HQ-83894-Section-9.pdf,133,LOW_OCR_QUALITY,quality=0.821
65-HS1-834228961-62-HQ-83894-Section-9.pdf,136,NO_TEXT_LAYER,page yields <40 chars; requires raster/OCR pass
65-HS1-834228961-62-HQ-83894-Section-9.pdf,138,LOW_OCR_QUALITY,quality=0.878
65-HS1-834228961-62-HQ-83894-Section-9.pdf,139,ENCLOSURE_REFERENCED,enclosure/attachment cited; verify presence in dump
65-HS1-834228961-62-HQ-83894-Section-9.pdf,140,NO_TEXT_LAYER,page yields <40 chars; requires raster/OCR pass
65-HS1-834228961-62-HQ-83894-Section-9.pdf,143,LOW_OCR_QUALITY,quality=0.812
65-HS1-834228961-62-HQ-83894-Section-9.pdf,145,NO_TEXT_LAYER,page yields <40 chars; requires raster/OCR pass
65-HS1-834228961-62-HQ-83894-Section-9.pdf,146,ENCLOSURE_REFERENCED,enclosure/attachment cited; verify presence in dump
65-HS1-834228961-62-HQ-83894-Section-9.pdf,147,NO_TEXT_LAYER,page yields <40 chars; requires raster/OCR pass
65-HS1-834228961-62-HQ-83894-Section-9.pdf,157,NO_TEXT_LAYER,page yields <40 chars; requires raster/OCR pass
65-HS1-834228961-62-HQ-83894-Section-9.pdf,158,NO_TEXT_LAYER,page yields <40 chars; requires raster/OCR pass
65-HS1-834228961-62-HQ-83894-Section-9.pdf,159,NO_TEXT_LAYER,page yields <40 chars; requires raster/OCR pass
65-HS1-834228961-62-HQ-83894-Section-9.pdf,161,NO_TEXT_LAYER,page yields <40 chars; requires raster/OCR pass
65-HS1-834228961-62-HQ-83894-Section-9.pdf,162,NO_TEXT_LAYER,page yields <40 chars; requires raster/OCR pass
65-HS1-834228961-62-HQ-83894-Section-9.pdf,163,NO_TEXT_LAYER,page yields <40 chars; requires raster/OCR pass
65-HS1-834228961-62-HQ-83894-Section-9.pdf,164,ENCLOSURE_REFERENCED,enclosure/attachment cited; verify presence in dump
65-HS1-834228961-62-HQ-83894-Section-9.pdf,168,NO_TEXT_LAYER,page yields <40 chars; requires raster/OCR pass
65-HS1-834228961-62-HQ-83894-Section-9.pdf,170,LOW_OCR_QUALITY,quality=0.866
65-HS1-834228961-62-HQ-83894-Section-9.pdf,172,LOW_OCR_QUALITY,quality=0.873
65-HS1-834228961-62-HQ-83894-Section-9.pdf,174,LOW_OCR_QUALITY,quality=0.824
65-HS1-834228961-62-HQ-83894-Section-9.pdf,176,NO_TEXT_LAYER,page yields <40 chars; requires raster/OCR pass
65-HS1-834228961-62-HQ-83894-Section-9.pdf,197,LOW_OCR_QUALITY,quality=0.805
65-HS1-834228961-62-HQ-83894-Section-9.pdf,199,LOW_OCR_QUALITY,quality=0.872
65-HS1-834228961-62-HQ-83894-Section-9.pdf,201,LOW_OCR_QUALITY,quality=0.852
65-HS1-834228961-62-HQ-83894-Section-9.pdf,205,NO_TEXT_LAYER,page yields <40 chars; requires raster/OCR pass
65-HS1-834228961-62-HQ-83894-Section-9.pdf,209,ENCLOSURE_REFERENCED,enclosure/attachment cited; verify presence in dump
65-HS1-834228961-62-HQ-83894-Section-9.pdf,210,LOW_OCR_QUALITY,quality=0.826
65-HS1-834228961-62-HQ-83894-Section-9.pdf,212,LOW_OCR_QUALITY,quality=0.827
65-HS1-834228961-62-HQ-83894-Section-9.pdf,214,NO_TEXT_LAYER,page yields <40 chars; requires raster/OCR pass
65-HS1-834228961-62-HQ-83894-Section-9.pdf,218,LOW_OCR_QUALITY,quality=0.86
65-HS1-834228961-62-HQ-83894-Section-9.pdf,220,NO_TEXT_LAYER,page yields <40 chars; requires raster/OCR pass
65-HS1-834228961-62-HQ-83894-Section-9.pdf,222,LOW_OCR_QUALITY,quality=0.857
65-HS1-834228961-62-HQ-83894-Section-9.pdf,225,LOW_OCR_QUALITY,quality=0.847
65-HS1-834228961-62-HQ-83894-Section-9.pdf,227,LOW_OCR_QUALITY,quality=0.839
65-HS1-834228961-62-HQ-83894-Section-9.pdf,230,NO_TEXT_LAYER,page yields <40 chars; requires raster/OCR pass
65-HS1-834228961-62-HQ-83894-Section-9.pdf,234,LOW_OCR_QUALITY,quality=0.825
65-HS1-834228961-62-HQ-83894-Section-9.pdf,240,LOW_OCR_QUALITY,quality=0.804
65-HS1-834228961-62-HQ-83894-Section-9.pdf,251,NO_TEXT_LAYER,page yields <40 chars; requires raster/OCR pass
65-HS1-834228961-62-HQ-83894-Section-9.pdf,253,LOW_OCR_QUALITY,quality=0.885
65-HS1-834228961-62-HQ-83894-Section-9.pdf,254,ENCLOSURE_REFERENCED,enclosure/attachment cited; verify presence in dump
65-HS1-834228961-62-HQ-83894-Section-9.pdf,255,NO_TEXT_LAYER,page yields <40 chars; requires raster/OCR pass
65-HS1-834228961-62-HQ-83894-Section-9.pdf,257,NO_TEXT_LAYER,page yields <40 chars; requires raster/OCR pass
65-HS1-834228961-62-HQ-83894-Section-9.pdf,259,ENCLOSURE_REFERENCED,enclosure/attachment cited; verify presence in dump
65-HS1-834228961-62-HQ-83894-Section-9.pdf,260,LOW_OCR_QUALITY,quality=0.88
65-HS1-834228961-62-HQ-83894-Section-9.pdf,262,NO_TEXT_LAYER,page yields <40 chars; requires raster/OCR pass
65-HS1-834228961-62-HQ-83894-Section-9.pdf,264,LOW_OCR_QUALITY,quality=0.765
65-HS1-834228961-62-HQ-83894-Section-9.pdf,265,ENCLOSURE_REFERENCED,enclosure/attachment cited; verify presence in dump
65-HS1-834228961-62-HQ-83894-Section-9.pdf,266,LOW_OCR_QUALITY,quality=0.803
65-HS1-834228961-62-HQ-83894-Section-9.pdf,268,LOW_OCR_QUALITY,quality=0.465
65-HS1-834228961-62-HQ-83894-Section-9.pdf,269,NO_TEXT_LAYER,page yields <40 chars; requires raster/OCR pass
65-HS1-834228961-62-HQ-83894-Section-9.pdf,270,NO_TEXT_LAYER,page yields <40 chars; requires raster/OCR pass
65-HS1-834228961-62-HQ-83894-Section-9.pdf,272,LOW_OCR_QUALITY,quality=0.791
65-HS1-834228961-62-HQ-83894-Section-9.pdf,275,NO_TEXT_LAYER,page yields <40 chars; requires raster/OCR pass
65-HS1-834228961-62-HQ-83894-Section-9.pdf,278,NO_TEXT_LAYER,page yields <40 chars; requires raster/OCR pass
65-HS1-834228961-62-HQ-83894-Section-9.pdf,280,LOW_OCR_QUALITY,quality=0.825
65-HS1-834228961-62-HQ-83894-Section-9.pdf,281,ENCLOSURE_REFERENCED,enclosure/attachment cited; verify presence in dump
65-HS1-834228961-62-HQ-83894-Section-9.pdf,284,NO_TEXT_LAYER,page yields <40 chars; requires raster/OCR pass
65-HS1-834228961-62-HQ-83894-Section-9.pdf,286,NO_TEXT_LAYER,page yields <40 chars; requires raster/OCR pass
65-HS1-834228961-62-HQ-83894-Section-9.pdf,288,NO_TEXT_LAYER,page yields <40 chars; requires raster/OCR pass
65-HS1-834228961-62-HQ-83894-Section-9.pdf,289,NO_TEXT_LAYER,page yields <40 chars; requires raster/OCR pass
65-HS1-834228961-62-HQ-83894-Section-9.pdf,290,NO_TEXT_LAYER,page yields <40 chars; requires raster/OCR pass
65-HS1-834228961-62-HQ-83894-Serial-130.pdf,2,ENCLOSURE_REFERENCED,enclosure/attachment cited; verify presence in dump
65-HS1-834228961-62-HQ-83894-Serial-130.pdf,6,NO_TEXT_LAYER,page yields <40 chars; requires raster/OCR pass
65-HS1-834228961-62-HQ-83894-Serial-130.pdf,7,LOW_OCR_QUALITY,quality=0.876
65-HS1-834228961-62-HQ-83894-Serial-130.pdf,11,NO_TEXT_LAYER,page yields <40 chars; requires raster/OCR pass
65-HS1-834228961-62-HQ-83894-Serial-130.pdf,13,LOW_OCR_QUALITY,quality=0.815
65-HS1-834228961-62-HQ-83894-Serial-130.pdf,15,ENCLOSURE_REFERENCED,enclosure/attachment cited; verify presence in dump
65-HS1-834228961-62-HQ-83894-Serial-130.pdf,24,LOW_OCR_QUALITY,quality=0.852
65-HS1-834228961-62-HQ-83894-Serial-130.pdf,25,LOW_OCR_QUALITY,quality=0.876
65-HS1-834228961-62-HQ-83894-Serial-130.pdf,26,NO_TEXT_LAYER,page yields <40 chars; requires raster/OCR pass
65-HS1-834228961-62-HQ-83894-Serial-130.pdf,28,LOW_OCR_QUALITY,quality=0.728
65-HS1-834228961-62-HQ-83894-Serial-130.pdf,29,LOW_OCR_QUALITY,quality=0.87
65-HS1-834228961-62-HQ-83894-Serial-130.pdf,35,NO_TEXT_LAYER,page yields <40 chars; requires raster/OCR pass
65-HS1-834228961-62-HQ-83894-Serial-130.pdf,37,ENCLOSURE_REFERENCED,enclosure/attachment cited; verify presence in dump
65-HS1-834228961-62-HQ-83894-Serial-130.pdf,42,LOW_OCR_QUALITY,quality=0.875
65-HS1-834228961-62-HQ-83894-Serial-130.pdf,43,LOW_OCR_QUALITY,quality=0.744
65-HS1-834228961-62-HQ-83894-Serial-130.pdf,44,NO_TEXT_LAYER,page yields <40 chars; requires raster/OCR pass
65-HS1-834228961-62-HQ-83894-Serial-130.pdf,45,NO_TEXT_LAYER,page yields <40 chars; requires raster/OCR pass
65-HS1-834228961-62-HQ-83894-Serial-130.pdf,47,LOW_OCR_QUALITY,quality=0.841
65-HS1-834228961-62-HQ-83894-Serial-130.pdf,50,NO_TEXT_LAYER,page yields <40 chars; requires raster/OCR pass
65-HS1-834228961-62-HQ-83894-Serial-130.pdf,54,LOW_OCR_QUALITY,quality=0.752
65-HS1-834228961-62-HQ-83894-Serial-130.pdf,70,NO_TEXT_LAYER,page yields <40 chars; requires raster/OCR pass
65-HS1-834228961-62-HQ-83894-Serial-130.pdf,71,NO_TEXT_LAYER,page yields <40 chars; requires raster/OCR pass
65-HS1-834228961-62-HQ-83894-Serial-130.pdf,72,NO_TEXT_LAYER,page yields <40 chars; requires raster/OCR pass
65-HS1-834228961-62-HQ-83894-Serial-130.pdf,92,LOW_OCR_QUALITY,quality=0.886
65-HS1-834228961-62-HQ-83894-Serial-130.pdf,93,LOW_OCR_QUALITY,quality=0.724
65-HS1-834228961-62-HQ-83894-Serial-130.pdf,94,NO_TEXT_LAYER,page yields <40 chars; requires raster/OCR pass
65-HS1-834228961-62-HQ-83894-Serial-130.pdf,105,LOW_OCR_QUALITY,quality=0.854
65-HS1-834228961-62-HQ-83894-Serial-130.pdf,113,NO_TEXT_LAYER,page yields <40 chars; requires raster/OCR pass
65-HS1-834228961-62-HQ-83894-Serial-130.pdf,114,LOW_OCR_QUALITY,quality=0.733
65-HS1-834228961-62-HQ-83894-Serial-130.pdf,115,NO_TEXT_LAYER,page yields <40 chars; requires raster/OCR pass
65-HS1-834228961-62-HQ-83894-Serial-130.pdf,117,NO_TEXT_LAYER,page yields <40 chars; requires raster/OCR pass
65-HS1-834228961-62-HQ-83894-Serial-130.pdf,122,LOW_OCR_QUALITY,quality=0.794
65-HS1-834228961-62-HQ-83894-Serial-130.pdf,123,LOW_OCR_QUALITY,quality=0.792
65-HS1-834228961-62-HQ-83894-Serial-130.pdf,124,LOW_OCR_QUALITY,quality=0.786
65-HS1-834228961-62-HQ-83894-Serial-130.pdf,126,NO_TEXT_LAYER,page yields <40 chars; requires raster/OCR pass
65-HS1-834228961-62-HQ-83894-Serial-153.pdf,3,NO_TEXT_LAYER,page yields <40 chars; requires raster/OCR pass
65-HS1-834228961-62-HQ-83894-Serial-153.pdf,4,NO_TEXT_LAYER,page yields <40 chars; requires raster/OCR pass
65-HS1-834228961-62-HQ-83894-Serial-153.pdf,5,NO_TEXT_LAYER,page yields <40 chars; requires raster/OCR pass
65-HS1-834228961-62-HQ-83894-Serial-153.pdf,6,NO_TEXT_LAYER,page yields <40 chars; requires raster/OCR pass
65-HS1-834228961-62-HQ-83894-Serial-153.pdf,7,NO_TEXT_LAYER,page yields <40 chars; requires raster/OCR pass
65-HS1-834228961-62-HQ-83894-Serial-153.pdf,8,NO_TEXT_LAYER,page yields <40 chars; requires raster/OCR pass
65-HS1-834228961-62-HQ-83894-Serial-153.pdf,9,NO_TEXT_LAYER,page yields <40 chars; requires raster/OCR pass
65-HS1-834228961-62-HQ-83894-Serial-164.pdf,9,NO_TEXT_LAYER,page yields <40 chars; requires raster/OCR pass
65-HS1-834228961-62-HQ-83894-Serial-164.pdf,17,NO_TEXT_LAYER,page yields <40 chars; requires raster/OCR pass
65-HS1-834228961-62-HQ-83894-Serial-164.pdf,25,NO_TEXT_LAYER,page yields <40 chars; requires raster/OCR pass
65-HS1-834228961-62-HQ-83894-Serial-164.pdf,33,NO_TEXT_LAYER,page yields <40 chars; requires raster/OCR pass
65-HS1-834228961-62-HQ-83894-Serial-164.pdf,41,NO_TEXT_LAYER,page yields <40 chars; requires raster/OCR pass
65-HS1-834228961-62-HQ-83894-Serial-164.pdf,49,NO_TEXT_LAYER,page yields <40 chars; requires raster/OCR pass
65-HS1-834228961-62-HQ-83894-Serial-164.pdf,57,NO_TEXT_LAYER,page yields <40 chars; requires raster/OCR pass
65-HS1-834228961-62-HQ-83894-Serial-164.pdf,65,NO_TEXT_LAYER,page yields <40 chars; requires raster/OCR pass
65-HS1-834228961-62-HQ-83894-Serial-164.pdf,73,NO_TEXT_LAYER,page yields <40 chars; requires raster/OCR pass
65-HS1-834228961-62-HQ-83894-Serial-164.pdf,81,NO_TEXT_LAYER,page yields <40 chars; requires raster/OCR pass
65-HS1-834228961-62-HQ-83894-Serial-164.pdf,89,NO_TEXT_LAYER,page yields <40 chars; requires raster/OCR pass
65-HS1-834228961-62-HQ-83894-Serial-164.pdf,97,NO_TEXT_LAYER,page yields <40 chars; requires raster/OCR pass
65-HS1-834228961-62-HQ-83894-Serial-164.pdf,105,NO_TEXT_LAYER,page yields <40 chars; requires raster/OCR pass
65-HS1-834228961-62-HQ-83894-Serial-164.pdf,113,NO_TEXT_LAYER,page yields <40 chars; requires raster/OCR pass
65-HS1-834228961-62-HQ-83894-Serial-164.pdf,121,NO_TEXT_LAYER,page yields <40 chars; requires raster/OCR pass
65-HS1-834228961-62-HQ-83894-Serial-164.pdf,129,NO_TEXT_LAYER,page yields <40 chars; requires raster/OCR pass
65-HS1-834228961-62-HQ-83894-Serial-164.pdf,137,NO_TEXT_LAYER,page yields <40 chars; requires raster/OCR pass
65-HS1-834228961-62-HQ-83894-Serial-220.pdf,6,NO_TEXT_LAYER,page yields <40 chars; requires raster/OCR pass
65-HS1-834228961-62-HQ-83894-Serial-220.pdf,7,NO_TEXT_LAYER,page yields <40 chars; requires raster/OCR pass
65-HS1-834228961-62-HQ-83894-Serial-220.pdf,8,NO_TEXT_LAYER,page yields <40 chars; requires raster/OCR pass
65-HS1-834228961-62-HQ-83894-Serial-220.pdf,9,NO_TEXT_LAYER,page yields <40 chars; requires raster/OCR pass
65-HS1-834228961-62-HQ-83894-Serial-220.pdf,10,NO_TEXT_LAYER,page yields <40 chars; requires raster/OCR pass
65-HS1-834228961-62-HQ-83894-Serial-220.pdf,11,NO_TEXT_LAYER,page yields <40 chars; requires raster/OCR pass
65-HS1-834228961-62-HQ-83894-Serial-220.pdf,12,NO_TEXT_LAYER,page yields <40 chars; requires raster/OCR pass
65-HS1-834228961-62-HQ-83894-Serial-220.pdf,13,NO_TEXT_LAYER,page yields <40 chars; requires raster/OCR pass
65-HS1-834228961-62-HQ-83894-Serial-220.pdf,14,NO_TEXT_LAYER,page yields <40 chars; requires raster/OCR pass
65-HS1-834228961-62-HQ-83894-Serial-220.pdf,15,NO_TEXT_LAYER,page yields <40 chars; requires raster/OCR pass
65-HS1-834228961-62-HQ-83894-Serial-403.pdf,1,LOW_OCR_QUALITY,quality=0.87
65-HS1-834228961-62-HQ-83894-Serial-438.pdf,19,LOW_OCR_QUALITY,quality=0.654
65-HS1-834228961-62-HQ-83894-Serial-438.pdf,24,LOW_OCR_QUALITY,quality=0.899
65-HS1-834228961-62-HQ-83894-Serial-438.pdf,27,NO_TEXT_LAYER,page yields <40 chars; requires raster/OCR pass
65-HS1-834228961-62-HQ-83894-Serial-438.pdf,38,NO_TEXT_LAYER,page yields <40 chars; requires raster/OCR pass
65-HS1-834228961-62-HQ-83894-Serial-438.pdf,39,NO_TEXT_LAYER,page yields <40 chars; requires raster/OCR pass
65-HS1-834228961-62-HQ-83894-Serial-438.pdf,40,NO_TEXT_LAYER,page yields <40 chars; requires raster/OCR pass
DOW-UAP-D12-Mission-Report-Iraq-May-2022.pdf,1,REDACTION_MARKER,Exemption
DOW-UAP-D12-Mission-Report-Iraq-May-2022.pdf,2,REDACTION_MARKER,Exemptions
DOW-UAP-D12-Mission-Report-Iraq-May-2022.pdf,2,REDACTION_MARKER,Exemption
DOW-UAP-D12-Mission-Report-Iraq-May-2022.pdf,3,REDACTION_MARKER,Exemption
DOW-UAP-D12-Mission-Report-Iraq-May-2022.pdf,4,REDACTION_MARKER,Exemption
DOW-UAP-D12-Mission-Report-Iraq-May-2022.pdf,5,REDACTION_MARKER,Exemption
DOW-UAP-D12-Mission-Report-Iraq-May-2022.pdf,6,REDACTION_MARKER,Exemption
DOW-UAP-D14-Mission-Report-Iraq-May-2022.pdf,1,REDACTION_MARKER,Exemption
DOW-UAP-D14-Mission-Report-Iraq-May-2022.pdf,2,REDACTION_MARKER,Exemption
DOW-UAP-D14-Mission-Report-Iraq-May-2022.pdf,2,REDACTION_MARKER,Exempti
DOW-UAP-D14-Mission-Report-Iraq-May-2022.pdf,3,REDACTION_MARKER,Exemption
DOW-UAP-D14-Mission-Report-Iraq-May-2022.pdf,3,REDACTION_MARKER,Exemptibn
DOW-UAP-D14-Mission-Report-Iraq-May-2022.pdf,4,REDACTION_MARKER,Exemption
DOW-UAP-D14-Mission-Report-Iraq-May-2022.pdf,5,REDACTION_MARKER,Exemption
DOW-UAP-D14-Mission-Report-Iraq-May-2022.pdf,6,REDACTION_MARKER,Exemption
DOW-UAP-D14-Mission-Report-Iraq-May-2022.pdf,7,REDACTION_MARKER,Exemption
DOW-UAP-D14-Mission-Report-Iraq-May-2022.pdf,8,REDACTION_MARKER,Exemption
DOW-UAP-D14-Mission-Report-Iraq-May-2022.pdf,9,REDACTION_MARKER,Exemption
DOW-UAP-D16-Mission-Report-Syria-July-2022.pdf,1,REDACTION_MARKER,Exemptjgn
DOW-UAP-D16-Mission-Report-Syria-July-2022.pdf,2,REDACTION_MARKER,Exemption
DOW-UAP-D16-Mission-Report-Syria-July-2022.pdf,2,REDACTION_MARKER,Exemptions
DOW-UAP-D16-Mission-Report-Syria-July-2022.pdf,3,REDACTION_MARKER,Exemption
DOW-UAP-D16-Mission-Report-Syria-July-2022.pdf,4,REDACTION_MARKER,Exemption
DOW-UAP-D16-Mission-Report-Syria-July-2022.pdf,5,REDACTION_MARKER,Exemption
DOW-UAP-D16-Mission-Report-Syria-July-2022.pdf,6,REDACTION_MARKER,Exemption
DOW-UAP-D16-Mission-Report-Syria-July-2022.pdf,7,REDACTION_MARKER,Exemption
DOW-UAP-D18-Mission-Report-Iraq-December-2022.pdf,1,REDACTION_MARKER,Exemption
DOW-UAP-D18-Mission-Report-Iraq-December-2022.pdf,2,REDACTION_MARKER,Exemption
DOW-UAP-D18-Mission-Report-Iraq-December-2022.pdf,3,REDACTION_MARKER,Exemption
DOW-UAP-D18-Mission-Report-Iraq-December-2022.pdf,4,REDACTION_MARKER,Exemption
DOW-UAP-D18-Mission-Report-Iraq-December-2022.pdf,5,REDACTION_MARKER,Exemption
DOW-UAP-D19-Mission-Report-Syria-February-21-2023.pdf,1,REDACTION_MARKER,Exemption
DOW-UAP-D19-Mission-Report-Syria-February-21-2023.pdf,2,REDACTION_MARKER,Exemption
DOW-UAP-D19-Mission-Report-Syria-February-21-2023.pdf,3,REDACTION_MARKER,Exemption
DOW-UAP-D19-Mission-Report-Syria-February-21-2023.pdf,4,REDACTION_MARKER,Exemption
DOW-UAP-D19-Mission-Report-Syria-February-21-2023.pdf,5,REDACTION_MARKER,Exemption
DOW-UAP-D19-Mission-Report-Syria-February-21-2023.pdf,6,REDACTION_MARKER,Exemption
DOW-UAP-D19-Mission-Report-Syria-February-21-2023.pdf,7,REDACTION_MARKER,Exemption
DOW-UAP-D19-Mission-Report-Syria-February-21-2023.pdf,8,REDACTION_MARKER,Exemption
DOW-UAP-D19-Mission-Report-Syria-February-21-2023.pdf,9,REDACTION_MARKER,Exemption
DOW-UAP-D19-Mission-Report-Syria-February-21-2023.pdf,10,REDACTION_MARKER,Exemption
DOW-UAP-D20-Mission-Report-Iraq-2023.pdf,1,REDACTION_MARKER,Exemption
DOW-UAP-D20-Mission-Report-Iraq-2023.pdf,2,REDACTION_MARKER,Exemption
DOW-UAP-D20-Mission-Report-Iraq-2023.pdf,3,REDACTION_MARKER,Exemptionkb
DOW-UAP-D20-Mission-Report-Iraq-2023.pdf,3,REDACTION_MARKER,Exemption
DOW-UAP-D20-Mission-Report-Iraq-2023.pdf,4,REDACTION_MARKER,Exemption
DOW-UAP-D20-Mission-Report-Iraq-2023.pdf,5,REDACTION_MARKER,Exemption
DOW-UAP-D20-Mission-Report-Iraq-2023.pdf,6,REDACTION_MARKER,Exemption
DOW-UAP-D20-Mission-Report-Iraq-2023.pdf,6,REDACTION_MARKER,Exemptionl
DOW-UAP-D25-Mission-Report-Greece-January-2024.pdf,1,REDACTION_MARKER,Exemption
DOW-UAP-D25-Mission-Report-Greece-January-2024.pdf,2,REDACTION_MARKER,Exemptions
DOW-UAP-D25-Mission-Report-Greece-January-2024.pdf,2,REDACTION_MARKER,Exemption
DOW-UAP-D25-Mission-Report-Greece-January-2024.pdf,3,REDACTION_MARKER,Exemption
DOW-UAP-D25-Mission-Report-Greece-January-2024.pdf,4,REDACTION_MARKER,Exemption
DOW-UAP-D25-Mission-Report-Greece-January-2024.pdf,5,REDACTION_MARKER,Exemption
DOW-UAP-D25-Mission-Report-Greece-January-2024.pdf,6,REDACTION_MARKER,Exemptions
DOW-UAP-D25-Mission-Report-Greece-January-2024.pdf,6,REDACTION_MARKER,Exemption
DOW-UAP-D25-Mission-Report-Greece-January-2024.pdf,7,REDACTION_MARKER,Exemption
DOW-UAP-D27-Mission-Report-United-Arab-Emirates-October-2023.pdf,1,REDACTION_MARKER,Exemption
DOW-UAP-D27-Mission-Report-United-Arab-Emirates-October-2023.pdf,2,REDACTION_MARKER,Exemptions
DOW-UAP-D27-Mission-Report-United-Arab-Emirates-October-2023.pdf,2,REDACTION_MARKER,Exemption
DOW-UAP-D27-Mission-Report-United-Arab-Emirates-October-2023.pdf,3,REDACTION_MARKER,Exemptions
DOW-UAP-D27-Mission-Report-United-Arab-Emirates-October-2023.pdf,3,REDACTION_MARKER,Exemption
DOW-UAP-D27-Mission-Report-United-Arab-Emirates-October-2023.pdf,4,REDACTION_MARKER,Exemption
DOW-UAP-D27-Mission-Report-United-Arab-Emirates-October-2023.pdf,5,REDACTION_MARKER,Exemption
DOW-UAP-D27-Mission-Report-United-Arab-Emirates-October-2023.pdf,6,REDACTION_MARKER,Exemptions
DOW-UAP-D27-Mission-Report-United-Arab-Emirates-October-2023.pdf,6,REDACTION_MARKER,Exemption
DOW-UAP-D27-Mission-Report-United-Arab-Emirates-October-2023.pdf,7,REDACTION_MARKER,Exemption
DOW-UAP-D27-Mission-Report-United-Arab-Emirates-October-2023.pdf,8,REDACTION_MARKER,Exemption
DOW-UAP-D28-Mission-Report-East-China-Sea-2024.pdf,1,REDACTION_MARKER,(b)(1)
DOW-UAP-D28-Mission-Report-East-China-Sea-2024.pdf,1,REDACTION_MARKER,Exemption
DOW-UAP-D28-Mission-Report-East-China-Sea-2024.pdf,2,REDACTION_MARKER,Exemptions
DOW-UAP-D28-Mission-Report-East-China-Sea-2024.pdf,2,REDACTION_MARKER,Exemption
DOW-UAP-D28-Mission-Report-East-China-Sea-2024.pdf,3,REDACTION_MARKER,Exemption
DOW-UAP-D28-Mission-Report-East-China-Sea-2024.pdf,4,REDACTION_MARKER,Exemption
DOW-UAP-D28-Mission-Report-East-China-Sea-2024.pdf,5,REDACTION_MARKER,Exemptions
DOW-UAP-D28-Mission-Report-East-China-Sea-2024.pdf,5,REDACTION_MARKER,Exemption
DOW-UAP-D28-Mission-Report-East-China-Sea-2024.pdf,6,REDACTION_MARKER,Exemption
DOW-UAP-D3-Mission-Report-Arabian-Gulf-2020.pdf,5,NO_TEXT_LAYER,page yields <40 chars; requires raster/OCR pass
"DOW-UAP-D32-Mission-Report,-Syria-October-2024.pdf",1,REDACTION_MARKER,Exemption
"DOW-UAP-D32-Mission-Report,-Syria-October-2024.pdf",2,REDACTION_MARKER,Exemptions
"DOW-UAP-D32-Mission-Report,-Syria-October-2024.pdf",2,REDACTION_MARKER,Exemption
"DOW-UAP-D32-Mission-Report,-Syria-October-2024.pdf",3,REDACTION_MARKER,Exemptions
"DOW-UAP-D32-Mission-Report,-Syria-October-2024.pdf",3,REDACTION_MARKER,Exemption
"DOW-UAP-D32-Mission-Report,-Syria-October-2024.pdf",4,REDACTION_MARKER,Exemption
"DOW-UAP-D32-Mission-Report,-Syria-October-2024.pdf",5,REDACTION_MARKER,Exemption
"DOW-UAP-D32-Mission-Report,-Syria-October-2024.pdf",6,REDACTION_MARKER,Exemption
"DOW-UAP-D32-Mission-Report,-Syria-October-2024.pdf",7,REDACTION_MARKER,Exemption
"DOW-UAP-D32-Mission-Report,-Syria-October-2024.pdf",8,REDACTION_MARKER,Exemptions
"DOW-UAP-D32-Mission-Report,-Syria-October-2024.pdf",8,REDACTION_MARKER,Exemption
"DOW-UAP-D32-Mission-Report,-Syria-October-2024.pdf",9,REDACTION_MARKER,Exemption
"DOW-UAP-D32-Mission-Report,-Syria-October-2024.pdf",10,REDACTION_MARKER,Exemption
DOW-UAP-D38-Range-Fouler-Debrief-Middle-East-May-2020.pdf,1,REDACTION_MARKER,sanitizes
DOW-UAP-D38-Range-Fouler-Debrief-Middle-East-May-2020.pdf,1,ENCLOSURE_REFERENCED,enclosure/attachment cited; verify presence in dump
DOW-UAP-D4-Mission-Report-Arabian-Gulf-2020.pdf,1,NO_TEXT_LAYER,page yields <40 chars; requires raster/OCR pass
DOW-UAP-D4-Mission-Report-Arabian-Gulf-2020.pdf,2,NO_TEXT_LAYER,page yields <40 chars; requires raster/OCR pass
DOW-UAP-D4-Mission-Report-Arabian-Gulf-2020.pdf,3,NO_TEXT_LAYER,page yields <40 chars; requires raster/OCR pass
DOW-UAP-D4-Mission-Report-Arabian-Gulf-2020.pdf,4,NO_TEXT_LAYER,page yields <40 chars; requires raster/OCR pass
DOW-UAP-D42-Range-Fouler-Debrief-Japan-2023.pdf,1,REDACTION_MARKER,sanitizes
DOW-UAP-D48-Report-September-1996.pdf,32,LOW_OCR_QUALITY,quality=0.899
DOW-UAP-D48-Report-September-1996.pdf,45,LOW_OCR_QUALITY,quality=0.655
DOW-UAP-D48-Report-September-1996.pdf,49,LOW_OCR_QUALITY,quality=0.875
DOW-UAP-D48-Report-September-1996.pdf,51,LOW_OCR_QUALITY,quality=0.771
DOW-UAP-D48-Report-September-1996.pdf,53,LOW_OCR_QUALITY,quality=0.49
DOW-UAP-D48-Report-September-1996.pdf,54,LOW_OCR_QUALITY,quality=0.727
DOW-UAP-D48-Report-September-1996.pdf,55,LOW_OCR_QUALITY,quality=0.669
DOW-UAP-D48-Report-September-1996.pdf,56,LOW_OCR_QUALITY,quality=0.752
DOW-UAP-D48-Report-September-1996.pdf,58,LOW_OCR_QUALITY,quality=0.819
DOW-UAP-D48-Report-September-1996.pdf,62,LOW_OCR_QUALITY,quality=0.84
DOW-UAP-D48-Report-September-1996.pdf,64,LOW_OCR_QUALITY,quality=0.846
DOW-UAP-D48-Report-September-1996.pdf,65,LOW_OCR_QUALITY,quality=0.867
DOW-UAP-D48-Report-September-1996.pdf,68,LOW_OCR_QUALITY,quality=0.879
DOW-UAP-D48-Report-September-1996.pdf,70,LOW_OCR_QUALITY,quality=0.685
DOW-UAP-D48-Report-September-1996.pdf,71,LOW_OCR_QUALITY,quality=0.765
DOW-UAP-D48-Report-September-1996.pdf,72,LOW_OCR_QUALITY,quality=0.816
DOW-UAP-D48-Report-September-1996.pdf,74,LOW_OCR_QUALITY,quality=0.81
DOW-UAP-D48-Report-September-1996.pdf,75,LOW_OCR_QUALITY,quality=0.733
DOW-UAP-D48-Report-September-1996.pdf,76,LOW_OCR_QUALITY,quality=0.609
DOW-UAP-D48-Report-September-1996.pdf,78,LOW_OCR_QUALITY,quality=0.866
DOW-UAP-D48-Report-September-1996.pdf,79,LOW_OCR_QUALITY,quality=0.822
DOW-UAP-D48-Report-September-1996.pdf,80,LOW_OCR_QUALITY,quality=0.695
DOW-UAP-D48-Report-September-1996.pdf,96,LOW_OCR_QUALITY,quality=0.894
DOW-UAP-D48-Report-September-1996.pdf,110,REDACTION_MARKER,deleted
DOW-UAP-D48-Report-September-1996.pdf,111,LOW_OCR_QUALITY,quality=0.794
DOW-UAP-D48-Report-September-1996.pdf,157,LOW_OCR_QUALITY,quality=0.842
DOW-UAP-D49-Launch-Summary-February-2000.pdf,107,REDACTION_MARKER,Deleted
DOW-UAP-D5-Mission-Report-Arabian-Gulf-2020.pdf,1,NO_TEXT_LAYER,page yields <40 chars; requires raster/OCR pass
DOW-UAP-D5-Mission-Report-Arabian-Gulf-2020.pdf,2,NO_TEXT_LAYER,page yields <40 chars; requires raster/OCR pass
DOW-UAP-D5-Mission-Report-Arabian-Gulf-2020.pdf,3,NO_TEXT_LAYER,page yields <40 chars; requires raster/OCR pass
DOW-UAP-D5-Mission-Report-Arabian-Gulf-2020.pdf,4,NO_TEXT_LAYER,page yields <40 chars; requires raster/OCR pass
DOW-UAP-D51-Email-Correspondence-Pacific-Time-Zone-March-2023.pdf,3,NO_TEXT_LAYER,page yields <40 chars; requires raster/OCR pass
DOW-UAP-D51-Email-Correspondence-Pacific-Time-Zone-March-2023.pdf,6,NO_TEXT_LAYER,page yields <40 chars; requires raster/OCR pass
DOW-UAP-D54-Mission-Report-Mediterranean-Sea-NA.pdf,1,NO_TEXT_LAYER,page yields <40 chars; requires raster/OCR pass
DOW-UAP-D54-Mission-Report-Mediterranean-Sea-NA.pdf,2,NO_TEXT_LAYER,page yields <40 chars; requires raster/OCR pass
DOW-UAP-D54-Mission-Report-Mediterranean-Sea-NA.pdf,3,NO_TEXT_LAYER,page yields <40 chars; requires raster/OCR pass
DOW-UAP-D54-Mission-Report-Mediterranean-Sea-NA.pdf,4,NO_TEXT_LAYER,page yields <40 chars; requires raster/OCR pass
DOW-UAP-D54-Mission-Report-Mediterranean-Sea-NA.pdf,5,NO_TEXT_LAYER,page yields <40 chars; requires raster/OCR pass
DOW-UAP-D54-Mission-Report-Mediterranean-Sea-NA.pdf,6,NO_TEXT_LAYER,page yields <40 chars; requires raster/OCR pass
DOW-UAP-D6-Mission-Report-Arabian-Gulf-2020.pdf,1,NO_TEXT_LAYER,page yields <40 chars; requires raster/OCR pass
DOW-UAP-D6-Mission-Report-Arabian-Gulf-2020.pdf,2,NO_TEXT_LAYER,page yields <40 chars; requires raster/OCR pass
DOW-UAP-D6-Mission-Report-Arabian-Gulf-2020.pdf,3,NO_TEXT_LAYER,page yields <40 chars; requires raster/OCR pass
DOW-UAP-D6-Mission-Report-Arabian-Gulf-2020.pdf,4,NO_TEXT_LAYER,page yields <40 chars; requires raster/OCR pass
DOW-UAP-D6-Mission-Report-Arabian-Gulf-2020.pdf,5,NO_TEXT_LAYER,page yields <40 chars; requires raster/OCR pass
DOW-UAP-D6-Mission-Report-Arabian-Gulf-2020.pdf,6,NO_TEXT_LAYER,page yields <40 chars; requires raster/OCR pass
DOW-UAP-D7-Mission-Report-Arabian-Gulf-2020.pdf,1,NO_TEXT_LAYER,page yields <40 chars; requires raster/OCR pass
DOW-UAP-D7-Mission-Report-Arabian-Gulf-2020.pdf,2,NO_TEXT_LAYER,page yields <40 chars; requires raster/OCR pass
DOW-UAP-D7-Mission-Report-Arabian-Gulf-2020.pdf,3,NO_TEXT_LAYER,page yields <40 chars; requires raster/OCR pass
DOW-UAP-D7-Mission-Report-Arabian-Gulf-2020.pdf,4,NO_TEXT_LAYER,page yields <40 chars; requires raster/OCR pass
DOW-UAP-D7-Mission-Report-Arabian-Gulf-2020.pdf,5,NO_TEXT_LAYER,page yields <40 chars; requires raster/OCR pass
DOW-UAP-D8-Mission-Report-Djibouti-2025.pdf,1,NO_TEXT_LAYER,page yields <40 chars; requires raster/OCR pass
DOW-UAP-D8-Mission-Report-Djibouti-2025.pdf,2,NO_TEXT_LAYER,page yields <40 chars; requires raster/OCR pass
DOW-UAP-D8-Mission-Report-Djibouti-2025.pdf,3,NO_TEXT_LAYER,page yields <40 chars; requires raster/OCR pass
DOW-UAP-D8-Mission-Report-Djibouti-2025.pdf,4,NO_TEXT_LAYER,page yields <40 chars; requires raster/OCR pass
DOW-UAP-D8-Mission-Report-Djibouti-2025.pdf,5,NO_TEXT_LAYER,page yields <40 chars; requires raster/OCR pass
DOW-UAP-D8-Mission-Report-Djibouti-2025.pdf,6,NO_TEXT_LAYER,page yields <40 chars; requires raster/OCR pass
CIA-UAP-002-Scientific-Advisory-Panel-on-Unidentified-Flying-Objects-Report-1952-1953.pdf,3,NO_TEXT_LAYER,page yields <40 chars; requires raster/OCR pass
CIA-UAP-002-Scientific-Advisory-Panel-on-Unidentified-Flying-Objects-Report-1952-1953.pdf,4,ENCLOSURE_REFERENCED,enclosure/attachment cited; verify presence in dump
CIA-UAP-002-Scientific-Advisory-Panel-on-Unidentified-Flying-Objects-Report-1952-1953.pdf,5,ENCLOSURE_REFERENCED,enclosure/attachment cited; verify presence in dump
CIA-UAP-002-Scientific-Advisory-Panel-on-Unidentified-Flying-Objects-Report-1952-1953.pdf,11,ENCLOSURE_REFERENCED,enclosure/attachment cited; verify presence in dump
CIA-UAP-002-Scientific-Advisory-Panel-on-Unidentified-Flying-Objects-Report-1952-1953.pdf,12,ENCLOSURE_REFERENCED,enclosure/attachment cited; verify presence in dump
CIA-UAP-002-Scientific-Advisory-Panel-on-Unidentified-Flying-Objects-Report-1952-1953.pdf,13,ENCLOSURE_REFERENCED,enclosure/attachment cited; verify presence in dump
CIA-UAP-002-Scientific-Advisory-Panel-on-Unidentified-Flying-Objects-Report-1952-1953.pdf,14,ENCLOSURE_REFERENCED,enclosure/attachment cited; verify presence in dump
CIA-UAP-002-Scientific-Advisory-Panel-on-Unidentified-Flying-Objects-Report-1952-1953.pdf,16,ENCLOSURE_REFERENCED,enclosure/attachment cited; verify presence in dump
CIA-UAP-002-Scientific-Advisory-Panel-on-Unidentified-Flying-Objects-Report-1952-1953.pdf,36,ENCLOSURE_REFERENCED,enclosure/attachment cited; verify presence in dump
CIA-UAP-003-THE-CENTRAL-INTELLIGENCE-AGENCY-AND-OVERHEAD-RECONNAISSANCE-THE-U-2-AND-OXCART-PROGRAMS-1954-1974.pdf,1,LOW_OCR_QUALITY,quality=0.741
CIA-UAP-003-THE-CENTRAL-INTELLIGENCE-AGENCY-AND-OVERHEAD-RECONNAISSANCE-THE-U-2-AND-OXCART-PROGRAMS-1954-1974.pdf,28,ENCLOSURE_REFERENCED,enclosure/attachment cited; verify presence in dump
CIA-UAP-003-THE-CENTRAL-INTELLIGENCE-AGENCY-AND-OVERHEAD-RECONNAISSANCE-THE-U-2-AND-OXCART-PROGRAMS-1954-1974.pdf,51,NO_TEXT_LAYER,page yields <40 chars; requires raster/OCR pass
CIA-UAP-003-THE-CENTRAL-INTELLIGENCE-AGENCY-AND-OVERHEAD-RECONNAISSANCE-THE-U-2-AND-OXCART-PROGRAMS-1954-1974.pdf,61,ENCLOSURE_REFERENCED,enclosure/attachment cited; verify presence in dump
CIA-UAP-003-THE-CENTRAL-INTELLIGENCE-AGENCY-AND-OVERHEAD-RECONNAISSANCE-THE-U-2-AND-OXCART-PROGRAMS-1954-1974.pdf,71,LOW_OCR_QUALITY,quality=0.892
CIA-UAP-003-THE-CENTRAL-INTELLIGENCE-AGENCY-AND-OVERHEAD-RECONNAISSANCE-THE-U-2-AND-OXCART-PROGRAMS-1954-1974.pdf,98,ENCLOSURE_REFERENCED,enclosure/attachment cited; verify presence in dump
CIA-UAP-003-THE-CENTRAL-INTELLIGENCE-AGENCY-AND-OVERHEAD-RECONNAISSANCE-THE-U-2-AND-OXCART-PROGRAMS-1954-1974.pdf,101,ENCLOSURE_REFERENCED,enclosure/attachment cited; verify presence in dump
CIA-UAP-003-THE-CENTRAL-INTELLIGENCE-AGENCY-AND-OVERHEAD-RECONNAISSANCE-THE-U-2-AND-OXCART-PROGRAMS-1954-1974.pdf,104,NO_TEXT_LAYER,page yields <40 chars; requires raster/OCR pass
CIA-UAP-003-THE-CENTRAL-INTELLIGENCE-AGENCY-AND-OVERHEAD-RECONNAISSANCE-THE-U-2-AND-OXCART-PROGRAMS-1954-1974.pdf,105,NO_TEXT_LAYER,page yields <40 chars; requires raster/OCR pass
CIA-UAP-003-THE-CENTRAL-INTELLIGENCE-AGENCY-AND-OVERHEAD-RECONNAISSANCE-THE-U-2-AND-OXCART-PROGRAMS-1954-1974.pdf,115,LOW_OCR_QUALITY,quality=0.879
CIA-UAP-003-THE-CENTRAL-INTELLIGENCE-AGENCY-AND-OVERHEAD-RECONNAISSANCE-THE-U-2-AND-OXCART-PROGRAMS-1954-1974.pdf,116,LOW_OCR_QUALITY,quality=0.783
CIA-UAP-003-THE-CENTRAL-INTELLIGENCE-AGENCY-AND-OVERHEAD-RECONNAISSANCE-THE-U-2-AND-OXCART-PROGRAMS-1954-1974.pdf,131,LOW_OCR_QUALITY,quality=0.796
CIA-UAP-003-THE-CENTRAL-INTELLIGENCE-AGENCY-AND-OVERHEAD-RECONNAISSANCE-THE-U-2-AND-OXCART-PROGRAMS-1954-1974.pdf,155,REDACTION_MARKER,sanitized
CIA-UAP-003-THE-CENTRAL-INTELLIGENCE-AGENCY-AND-OVERHEAD-RECONNAISSANCE-THE-U-2-AND-OXCART-PROGRAMS-1954-1974.pdf,171,LOW_OCR_QUALITY,quality=0.705
CIA-UAP-003-THE-CENTRAL-INTELLIGENCE-AGENCY-AND-OVERHEAD-RECONNAISSANCE-THE-U-2-AND-OXCART-PROGRAMS-1954-1974.pdf,179,LOW_OCR_QUALITY,quality=0.829
CIA-UAP-003-THE-CENTRAL-INTELLIGENCE-AGENCY-AND-OVERHEAD-RECONNAISSANCE-THE-U-2-AND-OXCART-PROGRAMS-1954-1974.pdf,182,LOW_OCR_QUALITY,quality=0.89
CIA-UAP-003-THE-CENTRAL-INTELLIGENCE-AGENCY-AND-OVERHEAD-RECONNAISSANCE-THE-U-2-AND-OXCART-PROGRAMS-1954-1974.pdf,186,LOW_OCR_QUALITY,quality=0.822
CIA-UAP-003-THE-CENTRAL-INTELLIGENCE-AGENCY-AND-OVERHEAD-RECONNAISSANCE-THE-U-2-AND-OXCART-PROGRAMS-1954-1974.pdf,207,NO_TEXT_LAYER,page yields <40 chars; requires raster/OCR pass
CIA-UAP-003-THE-CENTRAL-INTELLIGENCE-AGENCY-AND-OVERHEAD-RECONNAISSANCE-THE-U-2-AND-OXCART-PROGRAMS-1954-1974.pdf,217,LOW_OCR_QUALITY,quality=0.809
CIA-UAP-003-THE-CENTRAL-INTELLIGENCE-AGENCY-AND-OVERHEAD-RECONNAISSANCE-THE-U-2-AND-OXCART-PROGRAMS-1954-1974.pdf,227,REDACTION_MARKER,Sanitized
CIA-UAP-003-THE-CENTRAL-INTELLIGENCE-AGENCY-AND-OVERHEAD-RECONNAISSANCE-THE-U-2-AND-OXCART-PROGRAMS-1954-1974.pdf,240,LOW_OCR_QUALITY,quality=0.84
CIA-UAP-003-THE-CENTRAL-INTELLIGENCE-AGENCY-AND-OVERHEAD-RECONNAISSANCE-THE-U-2-AND-OXCART-PROGRAMS-1954-1974.pdf,254,NO_TEXT_LAYER,page yields <40 chars; requires raster/OCR pass
CIA-UAP-003-THE-CENTRAL-INTELLIGENCE-AGENCY-AND-OVERHEAD-RECONNAISSANCE-THE-U-2-AND-OXCART-PROGRAMS-1954-1974.pdf,271,NO_TEXT_LAYER,page yields <40 chars; requires raster/OCR pass
CIA-UAP-003-THE-CENTRAL-INTELLIGENCE-AGENCY-AND-OVERHEAD-RECONNAISSANCE-THE-U-2-AND-OXCART-PROGRAMS-1954-1974.pdf,278,LOW_OCR_QUALITY,quality=0.803
CIA-UAP-003-THE-CENTRAL-INTELLIGENCE-AGENCY-AND-OVERHEAD-RECONNAISSANCE-THE-U-2-AND-OXCART-PROGRAMS-1954-1974.pdf,279,LOW_OCR_QUALITY,quality=0.85
CIA-UAP-003-THE-CENTRAL-INTELLIGENCE-AGENCY-AND-OVERHEAD-RECONNAISSANCE-THE-U-2-AND-OXCART-PROGRAMS-1954-1974.pdf,327,NO_TEXT_LAYER,page yields <40 chars; requires raster/OCR pass
CIA-UAP-003-THE-CENTRAL-INTELLIGENCE-AGENCY-AND-OVERHEAD-RECONNAISSANCE-THE-U-2-AND-OXCART-PROGRAMS-1954-1974.pdf,336,NO_TEXT_LAYER,page yields <40 chars; requires raster/OCR pass
CIA-UAP-003-THE-CENTRAL-INTELLIGENCE-AGENCY-AND-OVERHEAD-RECONNAISSANCE-THE-U-2-AND-OXCART-PROGRAMS-1954-1974.pdf,337,NO_TEXT_LAYER,page yields <40 chars; requires raster/OCR pass
CIA-UAP-003-THE-CENTRAL-INTELLIGENCE-AGENCY-AND-OVERHEAD-RECONNAISSANCE-THE-U-2-AND-OXCART-PROGRAMS-1954-1974.pdf,347,NO_TEXT_LAYER,page yields <40 chars; requires raster/OCR pass
CIA-UAP-003-THE-CENTRAL-INTELLIGENCE-AGENCY-AND-OVERHEAD-RECONNAISSANCE-THE-U-2-AND-OXCART-PROGRAMS-1954-1974.pdf,358,NO_TEXT_LAYER,page yields <40 chars; requires raster/OCR pass
CIA-UAP-003-THE-CENTRAL-INTELLIGENCE-AGENCY-AND-OVERHEAD-RECONNAISSANCE-THE-U-2-AND-OXCART-PROGRAMS-1954-1974.pdf,359,NO_TEXT_LAYER,page yields <40 chars; requires raster/OCR pass
CIA-UAP-003-THE-CENTRAL-INTELLIGENCE-AGENCY-AND-OVERHEAD-RECONNAISSANCE-THE-U-2-AND-OXCART-PROGRAMS-1954-1974.pdf,367,NO_TEXT_LAYER,page yields <40 chars; requires raster/OCR pass
CIA-UAP-003-THE-CENTRAL-INTELLIGENCE-AGENCY-AND-OVERHEAD-RECONNAISSANCE-THE-U-2-AND-OXCART-PROGRAMS-1954-1974.pdf,405,NO_TEXT_LAYER,page yields <40 chars; requires raster/OCR pass
CIA-UAP-003-THE-CENTRAL-INTELLIGENCE-AGENCY-AND-OVERHEAD-RECONNAISSANCE-THE-U-2-AND-OXCART-PROGRAMS-1954-1974.pdf,406,LOW_OCR_QUALITY,quality=0.717
CIA-UAP-005-GERMAN-SCIENTISTS--ARTICLE-ON-FLYING-DISCS.pdf,1,ENCLOSURE_REFERENCED,enclosure/attachment cited; verify presence in dump
CIA-UAP-005-GERMAN-SCIENTISTS--ARTICLE-ON-FLYING-DISCS.pdf,2,NO_TEXT_LAYER,page yields <40 chars; requires raster/OCR pass
CIA-UAP-005-GERMAN-SCIENTISTS--ARTICLE-ON-FLYING-DISCS.pdf,3,NO_TEXT_LAYER,page yields <40 chars; requires raster/OCR pass
CIA-UAP-005-GERMAN-SCIENTISTS--ARTICLE-ON-FLYING-DISCS.pdf,4,NO_TEXT_LAYER,page yields <40 chars; requires raster/OCR pass
CIA-UAP-006-Sighting-of-Unconventional-Aircraft.pdf,1,ENCLOSURE_REFERENCED,enclosure/attachment cited; verify presence in dump
CIA-UAP-007-Current-Status-of-Unidentified-Flying-Objects-UFO-Project.pdf,2,NO_TEXT_LAYER,page yields <40 chars; requires raster/OCR pass
CIA-UAP-007-Current-Status-of-Unidentified-Flying-Objects-UFO-Project.pdf,3,NO_TEXT_LAYER,page yields <40 chars; requires raster/OCR pass
CIA-UAP-008-SPECULATIVE-PAPER-BY-N-KARDASHEV-AND-A-SAKHAROV.pdf,2,NO_TEXT_LAYER,page yields <40 chars; requires raster/OCR pass
CIA-UAP-009-UNKNOWN-FLYING-OBJECTS-OBERVED-OVER-BUDAPEST.pdf,1,LOW_OCR_QUALITY,quality=0.652
CIA-UAP-010-REPORT-ON-CONVERSATIONS-WITH-SOVIET-SCIENTISTS-ON-SUBJECT-OF-UNIDENTIFIED-FLYING-OBJECTS-IS-THE-USSR.pdf,1,NO_TEXT_LAYER,page yields <40 chars; requires raster/OCR pass
CIA-UAP-010-REPORT-ON-CONVERSATIONS-WITH-SOVIET-SCIENTISTS-ON-SUBJECT-OF-UNIDENTIFIED-FLYING-OBJECTS-IS-THE-USSR.pdf,2,NO_TEXT_LAYER,page yields <40 chars; requires raster/OCR pass
CIA-UAP-011-The-Sary-Shagan-Weapons-Testing-Range.pdf,2,NO_TEXT_LAYER,page yields <40 chars; requires raster/OCR pass
CIA-UAP-011-The-Sary-Shagan-Weapons-Testing-Range.pdf,3,NO_TEXT_LAYER,page yields <40 chars; requires raster/OCR pass
CIA-UAP-012-Combatting-Fatigue-in-Crewmembers.pdf,2,NO_TEXT_LAYER,page yields <40 chars; requires raster/OCR pass
CIA-UAP-015-Project-Blue-Book-Special-Report-No-14.pdf,3,LOW_OCR_QUALITY,quality=0.873
CIA-UAP-015-Project-Blue-Book-Special-Report-No-14.pdf,30,LOW_OCR_QUALITY,quality=0.865
CIA-UAP-015-Project-Blue-Book-Special-Report-No-14.pdf,37,LOW_OCR_QUALITY,quality=0.898
CIA-UAP-015-Project-Blue-Book-Special-Report-No-14.pdf,38,LOW_OCR_QUALITY,quality=0.899
CIA-UAP-015-Project-Blue-Book-Special-Report-No-14.pdf,39,LOW_OCR_QUALITY,quality=0.887
CIA-UAP-015-Project-Blue-Book-Special-Report-No-14.pdf,42,LOW_OCR_QUALITY,quality=0.87
CIA-UAP-015-Project-Blue-Book-Special-Report-No-14.pdf,56,LOW_OCR_QUALITY,quality=0.821
CIA-UAP-015-Project-Blue-Book-Special-Report-No-14.pdf,79,REDACTION_MARKER,deleted
CIA-UAP-015-Project-Blue-Book-Special-Report-No-14.pdf,98,NO_TEXT_LAYER,page yields <40 chars; requires raster/OCR pass
CIA-UAP-015-Project-Blue-Book-Special-Report-No-14.pdf,148,LOW_OCR_QUALITY,quality=0.85
CIA-UAP-015-Project-Blue-Book-Special-Report-No-14.pdf,288,LOW_OCR_QUALITY,quality=0.845
CIA-UAP-015-Project-Blue-Book-Special-Report-No-14.pdf,290,NO_TEXT_LAYER,page yields <40 chars; requires raster/OCR pass
CIA-UAP-015-Project-Blue-Book-Special-Report-No-14.pdf,311,LOW_OCR_QUALITY,quality=0.826
CIA-UAP-015-Project-Blue-Book-Special-Report-No-14.pdf,312,LOW_OCR_QUALITY,quality=0.86
CIA-UAP-016-Sightings-of-Unidentified-Flying-Ojbects-in-Ladakh-Nepal-Sikkim-and-Bhutan.pdf,2,LOW_OCR_QUALITY,quality=0.89
CIA-UAP-016-Sightings-of-Unidentified-Flying-Ojbects-in-Ladakh-Nepal-Sikkim-and-Bhutan.pdf,3,LOW_OCR_QUALITY,quality=0.889
CIA-UAP-018-Report-of-Unusual-Flying-Object-Sightings-and-Attendant-Scientific-Activity.pdf,3,NO_TEXT_LAYER,page yields <40 chars; requires raster/OCR pass
CIA-UAP-019-Australian-Dept-of-Defense-Scientific-and-Intel-Aspects-of-the-UFO-Problem.pdf,2,NO_TEXT_LAYER,page yields <40 chars; requires raster/OCR pass
CIA-UAP-019-Australian-Dept-of-Defense-Scientific-and-Intel-Aspects-of-the-UFO-Problem.pdf,3,NO_TEXT_LAYER,page yields <40 chars; requires raster/OCR pass
CIA-UAP-019-Australian-Dept-of-Defense-Scientific-and-Intel-Aspects-of-the-UFO-Problem.pdf,13,NO_TEXT_LAYER,page yields <40 chars; requires raster/OCR pass
DOW-UAP-D084-USArmy-Flying-Saucer-Study-1949.pdf,1,NO_TEXT_LAYER,page yields <40 chars; requires raster/OCR pass
DOW-UAP-D084-USArmy-Flying-Saucer-Study-1949.pdf,2,NO_TEXT_LAYER,page yields <40 chars; requires raster/OCR pass
DOW-UAP-D084-USArmy-Flying-Saucer-Study-1949.pdf,3,NO_TEXT_LAYER,page yields <40 chars; requires raster/OCR pass
DOW-UAP-D084-USArmy-Flying-Saucer-Study-1949.pdf,4,NO_TEXT_LAYER,page yields <40 chars; requires raster/OCR pass
DOW-UAP-D084-USArmy-Flying-Saucer-Study-1949.pdf,5,NO_TEXT_LAYER,page yields <40 chars; requires raster/OCR pass
DOW-UAP-D084-USArmy-Flying-Saucer-Study-1949.pdf,6,NO_TEXT_LAYER,page yields <40 chars; requires raster/OCR pass
DOW-UAP-D084-USArmy-Flying-Saucer-Study-1949.pdf,7,NO_TEXT_LAYER,page yields <40 chars; requires raster/OCR pass
DOW-UAP-D084-USArmy-Flying-Saucer-Study-1949.pdf,9,NO_TEXT_LAYER,page yields <40 chars; requires raster/OCR pass
DOW-UAP-D084-USArmy-Flying-Saucer-Study-1949.pdf,10,NO_TEXT_LAYER,page yields <40 chars; requires raster/OCR pass
DOW-UAP-D084-USArmy-Flying-Saucer-Study-1949.pdf,11,NO_TEXT_LAYER,page yields <40 chars; requires raster/OCR pass
DOW-UAP-D084-USArmy-Flying-Saucer-Study-1949.pdf,14,NO_TEXT_LAYER,page yields <40 chars; requires raster/OCR pass
DOW-UAP-D084-USArmy-Flying-Saucer-Study-1949.pdf,16,NO_TEXT_LAYER,page yields <40 chars; requires raster/OCR pass
DOW-UAP-D084-USArmy-Flying-Saucer-Study-1949.pdf,17,NO_TEXT_LAYER,page yields <40 chars; requires raster/OCR pass
DOW-UAP-D084-USArmy-Flying-Saucer-Study-1949.pdf,18,NO_TEXT_LAYER,page yields <40 chars; requires raster/OCR pass
DOW-UAP-D084-USArmy-Flying-Saucer-Study-1949.pdf,19,NO_TEXT_LAYER,page yields <40 chars; requires raster/OCR pass
DOW-UAP-D084-USArmy-Flying-Saucer-Study-1949.pdf,20,NO_TEXT_LAYER,page yields <40 chars; requires raster/OCR pass
DOW-UAP-D084-USArmy-Flying-Saucer-Study-1949.pdf,21,NO_TEXT_LAYER,page yields <40 chars; requires raster/OCR pass
DOW-UAP-D084-USArmy-Flying-Saucer-Study-1949.pdf,22,NO_TEXT_LAYER,page yields <40 chars; requires raster/OCR pass
DOW-UAP-D084-USArmy-Flying-Saucer-Study-1949.pdf,23,NO_TEXT_LAYER,page yields <40 chars; requires raster/OCR pass
DOW-UAP-D084-USArmy-Flying-Saucer-Study-1949.pdf,24,NO_TEXT_LAYER,page yields <40 chars; requires raster/OCR pass
DOW-UAP-D084-USArmy-Flying-Saucer-Study-1949.pdf,25,NO_TEXT_LAYER,page yields <40 chars; requires raster/OCR pass
DOW-UAP-D085-Transmission-of-CIA-Scientific-Advisory-Panel-Rept-1953.pdf,1,NO_TEXT_LAYER,page yields <40 chars; requires raster/OCR pass
DOW-UAP-D085-Transmission-of-CIA-Scientific-Advisory-Panel-Rept-1953.pdf,2,NO_TEXT_LAYER,page yields <40 chars; requires raster/OCR pass
DOW-UAP-D085-Transmission-of-CIA-Scientific-Advisory-Panel-Rept-1953.pdf,3,NO_TEXT_LAYER,page yields <40 chars; requires raster/OCR pass
DOW-UAP-D085-Transmission-of-CIA-Scientific-Advisory-Panel-Rept-1953.pdf,4,NO_TEXT_LAYER,page yields <40 chars; requires raster/OCR pass
DOW-UAP-D085-Transmission-of-CIA-Scientific-Advisory-Panel-Rept-1953.pdf,5,NO_TEXT_LAYER,page yields <40 chars; requires raster/OCR pass
DOW-UAP-D085-Transmission-of-CIA-Scientific-Advisory-Panel-Rept-1953.pdf,6,NO_TEXT_LAYER,page yields <40 chars; requires raster/OCR pass
DOW-UAP-D085-Transmission-of-CIA-Scientific-Advisory-Panel-Rept-1953.pdf,7,NO_TEXT_LAYER,page yields <40 chars; requires raster/OCR pass
DOW-UAP-D086-USNavy-Report-of-Flying-Discs-1948.pdf,1,NO_TEXT_LAYER,page yields <40 chars; requires raster/OCR pass
DOW-UAP-D086-USNavy-Report-of-Flying-Discs-1948.pdf,2,NO_TEXT_LAYER,page yields <40 chars; requires raster/OCR pass
DOW-UAP-D086-USNavy-Report-of-Flying-Discs-1948.pdf,3,NO_TEXT_LAYER,page yields <40 chars; requires raster/OCR pass
DOW-UAP-D087-US-AirForce-Analysis-of-Flying-Objects-in-the-US-1-100.pdf,2,LOW_OCR_QUALITY,quality=0.859
DOW-UAP-D087-US-AirForce-Analysis-of-Flying-Objects-in-the-US-1-100.pdf,4,NO_TEXT_LAYER,page yields <40 chars; requires raster/OCR pass
DOW-UAP-D087-US-AirForce-Analysis-of-Flying-Objects-in-the-US-1-100.pdf,6,LOW_OCR_QUALITY,quality=0.885
DOW-UAP-D087-US-AirForce-Analysis-of-Flying-Objects-in-the-US-1-100.pdf,8,LOW_OCR_QUALITY,quality=0.895
DOW-UAP-D087-US-AirForce-Analysis-of-Flying-Objects-in-the-US-1-100.pdf,9,NO_TEXT_LAYER,page yields <40 chars; requires raster/OCR pass
DOW-UAP-D087-US-AirForce-Analysis-of-Flying-Objects-in-the-US-1-100.pdf,10,LOW_OCR_QUALITY,quality=0.89
DOW-UAP-D087-US-AirForce-Analysis-of-Flying-Objects-in-the-US-1-100.pdf,11,NO_TEXT_LAYER,page yields <40 chars; requires raster/OCR pass
DOW-UAP-D087-US-AirForce-Analysis-of-Flying-Objects-in-the-US-1-100.pdf,12,LOW_OCR_QUALITY,quality=0.842
DOW-UAP-D087-US-AirForce-Analysis-of-Flying-Objects-in-the-US-1-100.pdf,14,NO_TEXT_LAYER,page yields <40 chars; requires raster/OCR pass
DOW-UAP-D087-US-AirForce-Analysis-of-Flying-Objects-in-the-US-1-100.pdf,16,LOW_OCR_QUALITY,quality=0.891
DOW-UAP-D087-US-AirForce-Analysis-of-Flying-Objects-in-the-US-1-100.pdf,19,LOW_OCR_QUALITY,quality=0.893
DOW-UAP-D087-US-AirForce-Analysis-of-Flying-Objects-in-the-US-1-100.pdf,20,LOW_OCR_QUALITY,quality=0.856
DOW-UAP-D087-US-AirForce-Analysis-of-Flying-Objects-in-the-US-1-100.pdf,22,NO_TEXT_LAYER,page yields <40 chars; requires raster/OCR pass
DOW-UAP-D087-US-AirForce-Analysis-of-Flying-Objects-in-the-US-1-100.pdf,24,NO_TEXT_LAYER,page yields <40 chars; requires raster/OCR pass
DOW-UAP-D087-US-AirForce-Analysis-of-Flying-Objects-in-the-US-1-100.pdf,26,NO_TEXT_LAYER,page yields <40 chars; requires raster/OCR pass
DOW-UAP-D087-US-AirForce-Analysis-of-Flying-Objects-in-the-US-1-100.pdf,28,NO_TEXT_LAYER,page yields <40 chars; requires raster/OCR pass
DOW-UAP-D087-US-AirForce-Analysis-of-Flying-Objects-in-the-US-1-100.pdf,30,LOW_OCR_QUALITY,quality=0.842
DOW-UAP-D087-US-AirForce-Analysis-of-Flying-Objects-in-the-US-1-100.pdf,31,LOW_OCR_QUALITY,quality=0.798
DOW-UAP-D087-US-AirForce-Analysis-of-Flying-Objects-in-the-US-1-100.pdf,32,LOW_OCR_QUALITY,quality=0.766
DOW-UAP-D087-US-AirForce-Analysis-of-Flying-Objects-in-the-US-1-100.pdf,33,LOW_OCR_QUALITY,quality=0.766
DOW-UAP-D087-US-AirForce-Analysis-of-Flying-Objects-in-the-US-1-100.pdf,35,LOW_OCR_QUALITY,quality=0.796
DOW-UAP-D087-US-AirForce-Analysis-of-Flying-Objects-in-the-US-1-100.pdf,36,LOW_OCR_QUALITY,quality=0.872
DOW-UAP-D087-US-AirForce-Analysis-of-Flying-Objects-in-the-US-1-100.pdf,37,NO_TEXT_LAYER,page yields <40 chars; requires raster/OCR pass
DOW-UAP-D087-US-AirForce-Analysis-of-Flying-Objects-in-the-US-1-100.pdf,38,LOW_OCR_QUALITY,quality=0.89
DOW-UAP-D087-US-AirForce-Analysis-of-Flying-Objects-in-the-US-1-100.pdf,41,NO_TEXT_LAYER,page yields <40 chars; requires raster/OCR pass
DOW-UAP-D087-US-AirForce-Analysis-of-Flying-Objects-in-the-US-1-100.pdf,44,LOW_OCR_QUALITY,quality=0.889
DOW-UAP-D087-US-AirForce-Analysis-of-Flying-Objects-in-the-US-1-100.pdf,46,LOW_OCR_QUALITY,quality=0.836
DOW-UAP-D087-US-AirForce-Analysis-of-Flying-Objects-in-the-US-1-100.pdf,47,NO_TEXT_LAYER,page yields <40 chars; requires raster/OCR pass
DOW-UAP-D087-US-AirForce-Analysis-of-Flying-Objects-in-the-US-1-100.pdf,49,NO_TEXT_LAYER,page yields <40 chars; requires raster/OCR pass
DOW-UAP-D087-US-AirForce-Analysis-of-Flying-Objects-in-the-US-1-100.pdf,50,LOW_OCR_QUALITY,quality=0.857
DOW-UAP-D087-US-AirForce-Analysis-of-Flying-Objects-in-the-US-1-100.pdf,53,NO_TEXT_LAYER,page yields <40 chars; requires raster/OCR pass
DOW-UAP-D087-US-AirForce-Analysis-of-Flying-Objects-in-the-US-1-100.pdf,56,LOW_OCR_QUALITY,quality=0.763
DOW-UAP-D087-US-AirForce-Analysis-of-Flying-Objects-in-the-US-1-100.pdf,58,LOW_OCR_QUALITY,quality=0.873
DOW-UAP-D087-US-AirForce-Analysis-of-Flying-Objects-in-the-US-1-100.pdf,59,LOW_OCR_QUALITY,quality=0.825
DOW-UAP-D087-US-AirForce-Analysis-of-Flying-Objects-in-the-US-1-100.pdf,63,NO_TEXT_LAYER,page yields <40 chars; requires raster/OCR pass
DOW-UAP-D087-US-AirForce-Analysis-of-Flying-Objects-in-the-US-1-100.pdf,64,LOW_OCR_QUALITY,quality=0.872
DOW-UAP-D087-US-AirForce-Analysis-of-Flying-Objects-in-the-US-1-100.pdf,65,NO_TEXT_LAYER,page yields <40 chars; requires raster/OCR pass
DOW-UAP-D087-US-AirForce-Analysis-of-Flying-Objects-in-the-US-1-100.pdf,67,LOW_OCR_QUALITY,quality=0.875
DOW-UAP-D087-US-AirForce-Analysis-of-Flying-Objects-in-the-US-1-100.pdf,69,NO_TEXT_LAYER,page yields <40 chars; requires raster/OCR pass
DOW-UAP-D087-US-AirForce-Analysis-of-Flying-Objects-in-the-US-1-100.pdf,70,LOW_OCR_QUALITY,quality=0.798
DOW-UAP-D087-US-AirForce-Analysis-of-Flying-Objects-in-the-US-1-100.pdf,71,LOW_OCR_QUALITY,quality=0.772
DOW-UAP-D087-US-AirForce-Analysis-of-Flying-Objects-in-the-US-1-100.pdf,73,NO_TEXT_LAYER,page yields <40 chars; requires raster/OCR pass
DOW-UAP-D087-US-AirForce-Analysis-of-Flying-Objects-in-the-US-1-100.pdf,78,LOW_OCR_QUALITY,quality=0.861
DOW-UAP-D087-US-AirForce-Analysis-of-Flying-Objects-in-the-US-1-100.pdf,79,LOW_OCR_QUALITY,quality=0.897
DOW-UAP-D087-US-AirForce-Analysis-of-Flying-Objects-in-the-US-1-100.pdf,80,NO_TEXT_LAYER,page yields <40 chars; requires raster/OCR pass
DOW-UAP-D087-US-AirForce-Analysis-of-Flying-Objects-in-the-US-1-100.pdf,81,LOW_OCR_QUALITY,quality=0.882
DOW-UAP-D087-US-AirForce-Analysis-of-Flying-Objects-in-the-US-1-100.pdf,83,LOW_OCR_QUALITY,quality=0.863
DOW-UAP-D087-US-AirForce-Analysis-of-Flying-Objects-in-the-US-1-100.pdf,84,LOW_OCR_QUALITY,quality=0.877
DOW-UAP-D087-US-AirForce-Analysis-of-Flying-Objects-in-the-US-1-100.pdf,86,NO_TEXT_LAYER,page yields <40 chars; requires raster/OCR pass
DOW-UAP-D087-US-AirForce-Analysis-of-Flying-Objects-in-the-US-1-100.pdf,87,LOW_OCR_QUALITY,quality=0.857
DOW-UAP-D087-US-AirForce-Analysis-of-Flying-Objects-in-the-US-1-100.pdf,88,LOW_OCR_QUALITY,quality=0.889
DOW-UAP-D087-US-AirForce-Analysis-of-Flying-Objects-in-the-US-1-100.pdf,92,LOW_OCR_QUALITY,quality=0.823
DOW-UAP-D087-US-AirForce-Analysis-of-Flying-Objects-in-the-US-1-100.pdf,94,LOW_OCR_QUALITY,quality=0.892
DOW-UAP-D087-US-AirForce-Analysis-of-Flying-Objects-in-the-US-1-100.pdf,98,LOW_OCR_QUALITY,quality=0.783
DOW-UAP-D087-US-AirForce-Analysis-of-Flying-Objects-in-the-US-1-100.pdf,100,NO_TEXT_LAYER,page yields <40 chars; requires raster/OCR pass
DOW-UAP-D087-US-AirForce-Analysis-of-Flying-Objects-in-the-US-1-100.pdf,105,LOW_OCR_QUALITY,quality=0.879
DOW-UAP-D087-US-AirForce-Analysis-of-Flying-Objects-in-the-US-1-100.pdf,106,NO_TEXT_LAYER,page yields <40 chars; requires raster/OCR pass
DOW-UAP-D087-US-AirForce-Analysis-of-Flying-Objects-in-the-US-1-100.pdf,110,LOW_OCR_QUALITY,quality=0.866
DOW-UAP-D087-US-AirForce-Analysis-of-Flying-Objects-in-the-US-1-100.pdf,112,LOW_OCR_QUALITY,quality=0.893
DOW-UAP-D087-US-AirForce-Analysis-of-Flying-Objects-in-the-US-1-100.pdf,113,LOW_OCR_QUALITY,quality=0.884
DOW-UAP-D087-US-AirForce-Analysis-of-Flying-Objects-in-the-US-1-100.pdf,115,NO_TEXT_LAYER,page yields <40 chars; requires raster/OCR pass
DOW-UAP-D087-US-AirForce-Analysis-of-Flying-Objects-in-the-US-1-100.pdf,118,LOW_OCR_QUALITY,quality=0.89
DOW-UAP-D087-US-AirForce-Analysis-of-Flying-Objects-in-the-US-1-100.pdf,120,NO_TEXT_LAYER,page yields <40 chars; requires raster/OCR pass
DOW-UAP-D087-US-AirForce-Analysis-of-Flying-Objects-in-the-US-1-100.pdf,125,NO_TEXT_LAYER,page yields <40 chars; requires raster/OCR pass
DOW-UAP-D087-US-AirForce-Analysis-of-Flying-Objects-in-the-US-1-100.pdf,127,LOW_OCR_QUALITY,quality=0.893
DOW-UAP-D087-US-AirForce-Analysis-of-Flying-Objects-in-the-US-1-100.pdf,129,LOW_OCR_QUALITY,quality=0.714
DOW-UAP-D087-US-AirForce-Analysis-of-Flying-Objects-in-the-US-1-100.pdf,131,NO_TEXT_LAYER,page yields <40 chars; requires raster/OCR pass
DOW-UAP-D087-US-AirForce-Analysis-of-Flying-Objects-in-the-US-1-100.pdf,133,NO_TEXT_LAYER,page yields <40 chars; requires raster/OCR pass
DOW-UAP-D087-US-AirForce-Analysis-of-Flying-Objects-in-the-US-1-100.pdf,134,LOW_OCR_QUALITY,quality=0.855
DOW-UAP-D087-US-AirForce-Analysis-of-Flying-Objects-in-the-US-1-100.pdf,137,NO_TEXT_LAYER,page yields <40 chars; requires raster/OCR pass
DOW-UAP-D087-US-AirForce-Analysis-of-Flying-Objects-in-the-US-1-100.pdf,139,LOW_OCR_QUALITY,quality=0.867
DOW-UAP-D087-US-AirForce-Analysis-of-Flying-Objects-in-the-US-1-100.pdf,141,NO_TEXT_LAYER,page yields <40 chars; requires raster/OCR pass
DOW-UAP-D087-US-AirForce-Analysis-of-Flying-Objects-in-the-US-1-100.pdf,142,LOW_OCR_QUALITY,quality=0.893
DOW-UAP-D087-US-AirForce-Analysis-of-Flying-Objects-in-the-US-1-100.pdf,143,NO_TEXT_LAYER,page yields <40 chars; requires raster/OCR pass
DOW-UAP-D087-US-AirForce-Analysis-of-Flying-Objects-in-the-US-1-100.pdf,145,NO_TEXT_LAYER,page yields <40 chars; requires raster/OCR pass
DOW-UAP-D087-US-AirForce-Analysis-of-Flying-Objects-in-the-US-1-100.pdf,147,NO_TEXT_LAYER,page yields <40 chars; requires raster/OCR pass
DOW-UAP-D087-US-AirForce-Analysis-of-Flying-Objects-in-the-US-1-100.pdf,150,NO_TEXT_LAYER,page yields <40 chars; requires raster/OCR pass
DOW-UAP-D087-US-AirForce-Analysis-of-Flying-Objects-in-the-US-1-100.pdf,153,NO_TEXT_LAYER,page yields <40 chars; requires raster/OCR pass
DOW-UAP-D087-US-AirForce-Analysis-of-Flying-Objects-in-the-US-1-100.pdf,157,LOW_OCR_QUALITY,quality=0.89
DOW-UAP-D087-US-AirForce-Analysis-of-Flying-Objects-in-the-US-1-100.pdf,158,LOW_OCR_QUALITY,quality=0.897
DOW-UAP-D087-US-AirForce-Analysis-of-Flying-Objects-in-the-US-1-100.pdf,161,NO_TEXT_LAYER,page yields <40 chars; requires raster/OCR pass
DOW-UAP-D087-US-AirForce-Analysis-of-Flying-Objects-in-the-US-1-100.pdf,163,NO_TEXT_LAYER,page yields <40 chars; requires raster/OCR pass
DOW-UAP-D087-US-AirForce-Analysis-of-Flying-Objects-in-the-US-1-100.pdf,164,LOW_OCR_QUALITY,quality=0.898
DOW-UAP-D087-US-AirForce-Analysis-of-Flying-Objects-in-the-US-1-100.pdf,167,NO_TEXT_LAYER,page yields <40 chars; requires raster/OCR pass
DOW-UAP-D087-US-AirForce-Analysis-of-Flying-Objects-in-the-US-1-100.pdf,168,LOW_OCR_QUALITY,quality=0.897
DOW-UAP-D087-US-AirForce-Analysis-of-Flying-Objects-in-the-US-1-100.pdf,169,NO_TEXT_LAYER,page yields <40 chars; requires raster/OCR pass
DOW-UAP-D087-US-AirForce-Analysis-of-Flying-Objects-in-the-US-1-100.pdf,173,LOW_OCR_QUALITY,quality=0.86
DOW-UAP-D087-US-AirForce-Analysis-of-Flying-Objects-in-the-US-1-100.pdf,175,NO_TEXT_LAYER,page yields <40 chars; requires raster/OCR pass
DOW-UAP-D087-US-AirForce-Analysis-of-Flying-Objects-in-the-US-1-100.pdf,176,LOW_OCR_QUALITY,quality=0.898
DOW-UAP-D087-US-AirForce-Analysis-of-Flying-Objects-in-the-US-1-100.pdf,177,NO_TEXT_LAYER,page yields <40 chars; requires raster/OCR pass
DOW-UAP-D087-US-AirForce-Analysis-of-Flying-Objects-in-the-US-1-100.pdf,179,NO_TEXT_LAYER,page yields <40 chars; requires raster/OCR pass
DOW-UAP-D087-US-AirForce-Analysis-of-Flying-Objects-in-the-US-1-100.pdf,182,LOW_OCR_QUALITY,quality=0.783
DOW-UAP-D087-US-AirForce-Analysis-of-Flying-Objects-in-the-US-1-100.pdf,183,LOW_OCR_QUALITY,quality=0.891
DOW-UAP-D087-US-AirForce-Analysis-of-Flying-Objects-in-the-US-1-100.pdf,186,LOW_OCR_QUALITY,quality=0.856
DOW-UAP-D087-US-AirForce-Analysis-of-Flying-Objects-in-the-US-1-100.pdf,189,NO_TEXT_LAYER,page yields <40 chars; requires raster/OCR pass
DOW-UAP-D087-US-AirForce-Analysis-of-Flying-Objects-in-the-US-1-100.pdf,191,NO_TEXT_LAYER,page yields <40 chars; requires raster/OCR pass
DOW-UAP-D087-US-AirForce-Analysis-of-Flying-Objects-in-the-US-1-100.pdf,193,NO_TEXT_LAYER,page yields <40 chars; requires raster/OCR pass
DOW-UAP-D087-US-AirForce-Analysis-of-Flying-Objects-in-the-US-1-100.pdf,194,LOW_OCR_QUALITY,quality=0.898
DOW-UAP-D087-US-AirForce-Analysis-of-Flying-Objects-in-the-US-1-100.pdf,195,LOW_OCR_QUALITY,quality=0.89
DOW-UAP-D087-US-AirForce-Analysis-of-Flying-Objects-in-the-US-1-100.pdf,201,NO_TEXT_LAYER,page yields <40 chars; requires raster/OCR pass
DOW-UAP-D087-US-AirForce-Analysis-of-Flying-Objects-in-the-US-1-100.pdf,202,LOW_OCR_QUALITY,quality=0.88
DOW-UAP-D087-US-AirForce-Analysis-of-Flying-Objects-in-the-US-1-100.pdf,204,NO_TEXT_LAYER,page yields <40 chars; requires raster/OCR pass
DOW-UAP-D087-US-AirForce-Analysis-of-Flying-Objects-in-the-US-1-100.pdf,205,NO_TEXT_LAYER,page yields <40 chars; requires raster/OCR pass
DOW-UAP-D087-US-AirForce-Analysis-of-Flying-Objects-in-the-US-1-100.pdf,209,LOW_OCR_QUALITY,quality=0.809
DOW-UAP-D087-US-AirForce-Analysis-of-Flying-Objects-in-the-US-1-100.pdf,210,NO_TEXT_LAYER,page yields <40 chars; requires raster/OCR pass
DOW-UAP-D087-US-AirForce-Analysis-of-Flying-Objects-in-the-US-1-100.pdf,213,LOW_OCR_QUALITY,quality=0.793
DOW-UAP-D087-US-AirForce-Analysis-of-Flying-Objects-in-the-US-1-100.pdf,214,NO_TEXT_LAYER,page yields <40 chars; requires raster/OCR pass
DOW-UAP-D087-US-AirForce-Analysis-of-Flying-Objects-in-the-US-1-100.pdf,216,NO_TEXT_LAYER,page yields <40 chars; requires raster/OCR pass
DOW-UAP-D087-US-AirForce-Analysis-of-Flying-Objects-in-the-US-1-100.pdf,217,LOW_OCR_QUALITY,quality=0.899
DOW-UAP-D087-US-AirForce-Analysis-of-Flying-Objects-in-the-US-1-100.pdf,219,LOW_OCR_QUALITY,quality=0.893
DOW-UAP-D087-US-AirForce-Analysis-of-Flying-Objects-in-the-US-1-100.pdf,222,NO_TEXT_LAYER,page yields <40 chars; requires raster/OCR pass
DOW-UAP-D087-US-AirForce-Analysis-of-Flying-Objects-in-the-US-1-100.pdf,225,NO_TEXT_LAYER,page yields <40 chars; requires raster/OCR pass
DOW-UAP-D087-US-AirForce-Analysis-of-Flying-Objects-in-the-US-1-100.pdf,228,LOW_OCR_QUALITY,quality=0.789
DOW-UAP-D087-US-AirForce-Analysis-of-Flying-Objects-in-the-US-1-100.pdf,231,LOW_OCR_QUALITY,quality=0.893
DOW-UAP-D087-US-AirForce-Analysis-of-Flying-Objects-in-the-US-1-100.pdf,232,LOW_OCR_QUALITY,quality=0.833
DOW-UAP-D087-US-AirForce-Analysis-of-Flying-Objects-in-the-US-1-100.pdf,235,LOW_OCR_QUALITY,quality=0.895
DOW-UAP-D087-US-AirForce-Analysis-of-Flying-Objects-in-the-US-1-100.pdf,237,LOW_OCR_QUALITY,quality=0.897
DOW-UAP-D087-US-AirForce-Analysis-of-Flying-Objects-in-the-US-1-100.pdf,238,LOW_OCR_QUALITY,quality=0.897
DOW-UAP-D087-US-AirForce-Analysis-of-Flying-Objects-in-the-US-1-100.pdf,240,LOW_OCR_QUALITY,quality=0.786
DOW-UAP-D087-US-AirForce-Analysis-of-Flying-Objects-in-the-US-1-100.pdf,241,NO_TEXT_LAYER,page yields <40 chars; requires raster/OCR pass
DOW-UAP-D087-US-AirForce-Analysis-of-Flying-Objects-in-the-US-1-100.pdf,243,NO_TEXT_LAYER,page yields <40 chars; requires raster/OCR pass
DOW-UAP-D087-US-AirForce-Analysis-of-Flying-Objects-in-the-US-1-100.pdf,245,NO_TEXT_LAYER,page yields <40 chars; requires raster/OCR pass
DOW-UAP-D088-US-AirForce-Analysis-of-Flying-Objects-in-the-US-101-172.pdf,1,NO_TEXT_LAYER,page yields <40 chars; requires raster/OCR pass
DOW-UAP-D088-US-AirForce-Analysis-of-Flying-Objects-in-the-US-101-172.pdf,48,LOW_OCR_QUALITY,quality=0.888
DOW-UAP-D088-US-AirForce-Analysis-of-Flying-Objects-in-the-US-101-172.pdf,52,LOW_OCR_QUALITY,quality=0.837
DOW-UAP-D088-US-AirForce-Analysis-of-Flying-Objects-in-the-US-101-172.pdf,64,NO_TEXT_LAYER,page yields <40 chars; requires raster/OCR pass
DOW-UAP-D088-US-AirForce-Analysis-of-Flying-Objects-in-the-US-101-172.pdf,65,NO_TEXT_LAYER,page yields <40 chars; requires raster/OCR pass
DOW-UAP-D088-US-AirForce-Analysis-of-Flying-Objects-in-the-US-101-172.pdf,66,NO_TEXT_LAYER,page yields <40 chars; requires raster/OCR pass
DOW-UAP-D088-US-AirForce-Analysis-of-Flying-Objects-in-the-US-101-172.pdf,67,NO_TEXT_LAYER,page yields <40 chars; requires raster/OCR pass
DOW-UAP-D088-US-AirForce-Analysis-of-Flying-Objects-in-the-US-101-172.pdf,97,LOW_OCR_QUALITY,quality=0.89
DOW-UAP-D088-US-AirForce-Analysis-of-Flying-Objects-in-the-US-101-172.pdf,101,NO_TEXT_LAYER,page yields <40 chars; requires raster/OCR pass
DOW-UAP-D088-US-AirForce-Analysis-of-Flying-Objects-in-the-US-101-172.pdf,102,NO_TEXT_LAYER,page yields <40 chars; requires raster/OCR pass
DOW-UAP-D088-US-AirForce-Analysis-of-Flying-Objects-in-the-US-101-172.pdf,105,NO_TEXT_LAYER,page yields <40 chars; requires raster/OCR pass
DOW-UAP-D088-US-AirForce-Analysis-of-Flying-Objects-in-the-US-101-172.pdf,106,NO_TEXT_LAYER,page yields <40 chars; requires raster/OCR pass
DOW-UAP-D088-US-AirForce-Analysis-of-Flying-Objects-in-the-US-101-172.pdf,107,NO_TEXT_LAYER,page yields <40 chars; requires raster/OCR pass
DOW-UAP-D088-US-AirForce-Analysis-of-Flying-Objects-in-the-US-101-172.pdf,109,NO_TEXT_LAYER,page yields <40 chars; requires raster/OCR pass
DOW-UAP-D088-US-AirForce-Analysis-of-Flying-Objects-in-the-US-101-172.pdf,112,NO_TEXT_LAYER,page yields <40 chars; requires raster/OCR pass
DOW-UAP-D088-US-AirForce-Analysis-of-Flying-Objects-in-the-US-101-172.pdf,118,NO_TEXT_LAYER,page yields <40 chars; requires raster/OCR pass
DOW-UAP-D088-US-AirForce-Analysis-of-Flying-Objects-in-the-US-101-172.pdf,119,NO_TEXT_LAYER,page yields <40 chars; requires raster/OCR pass
DOW-UAP-D088-US-AirForce-Analysis-of-Flying-Objects-in-the-US-101-172.pdf,127,NO_TEXT_LAYER,page yields <40 chars; requires raster/OCR pass
DOW-UAP-D088-US-AirForce-Analysis-of-Flying-Objects-in-the-US-101-172.pdf,135,NO_TEXT_LAYER,page yields <40 chars; requires raster/OCR pass
DOW-UAP-D088-US-AirForce-Analysis-of-Flying-Objects-in-the-US-101-172.pdf,136,NO_TEXT_LAYER,page yields <40 chars; requires raster/OCR pass
DOW-UAP-D088-US-AirForce-Analysis-of-Flying-Objects-in-the-US-101-172.pdf,151,LOW_OCR_QUALITY,quality=0.875
DOW-UAP-D088-US-AirForce-Analysis-of-Flying-Objects-in-the-US-101-172.pdf,152,LOW_OCR_QUALITY,quality=0.893
DOW-UAP-D088-US-AirForce-Analysis-of-Flying-Objects-in-the-US-101-172.pdf,180,NO_TEXT_LAYER,page yields <40 chars; requires raster/OCR pass
DOW-UAP-D088-US-AirForce-Analysis-of-Flying-Objects-in-the-US-101-172.pdf,181,NO_TEXT_LAYER,page yields <40 chars; requires raster/OCR pass
DOW-UAP-D088-US-AirForce-Analysis-of-Flying-Objects-in-the-US-101-172.pdf,182,NO_TEXT_LAYER,page yields <40 chars; requires raster/OCR pass
DOW-UAP-D088-US-AirForce-Analysis-of-Flying-Objects-in-the-US-101-172.pdf,191,NO_TEXT_LAYER,page yields <40 chars; requires raster/OCR pass
DOW-UAP-D088-US-AirForce-Analysis-of-Flying-Objects-in-the-US-101-172.pdf,203,NO_TEXT_LAYER,page yields <40 chars; requires raster/OCR pass
DOW-UAP-D088-US-AirForce-Analysis-of-Flying-Objects-in-the-US-101-172.pdf,204,NO_TEXT_LAYER,page yields <40 chars; requires raster/OCR pass
DOW-UAP-D088-US-AirForce-Analysis-of-Flying-Objects-in-the-US-101-172.pdf,205,NO_TEXT_LAYER,page yields <40 chars; requires raster/OCR pass
DOW-UAP-D088-US-AirForce-Analysis-of-Flying-Objects-in-the-US-101-172.pdf,206,NO_TEXT_LAYER,page yields <40 chars; requires raster/OCR pass
DOW-UAP-D088-US-AirForce-Analysis-of-Flying-Objects-in-the-US-101-172.pdf,207,NO_TEXT_LAYER,page yields <40 chars; requires raster/OCR pass
DOW-UAP-D088-US-AirForce-Analysis-of-Flying-Objects-in-the-US-101-172.pdf,208,NO_TEXT_LAYER,page yields <40 chars; requires raster/OCR pass
DOW-UAP-D088-US-AirForce-Analysis-of-Flying-Objects-in-the-US-101-172.pdf,209,LOW_OCR_QUALITY,quality=0.787
DOW-UAP-D088-US-AirForce-Analysis-of-Flying-Objects-in-the-US-101-172.pdf,210,NO_TEXT_LAYER,page yields <40 chars; requires raster/OCR pass
DoW-UAP-D080-Narrative-2-Western-US-Event.pdf,6,NO_TEXT_LAYER,page yields <40 chars; requires raster/OCR pass
DoW-UAP-D080-Narrative-2-Western-US-Event.pdf,7,NO_TEXT_LAYER,page yields <40 chars; requires raster/OCR pass
FBI-UAP-D003-Digital-Rendering-Unresolved-UAP-Report-ColoradoSprings-2022.pdf,1,NO_TEXT_LAYER,page yields <40 chars; requires raster/OCR pass
FBI-UAP-D009-FD-302-67-Northeastern-Orb-Sighting-2026.pdf,2,ENCLOSURE_REFERENCED,enclosure/attachment cited; verify presence in dump
FBI-UAP-D011-DFBI-Correspondence-Referral-1949.pdf,3,LOW_OCR_QUALITY,quality=0.861
FBI-UAP-D011-DFBI-Correspondence-Referral-1949.pdf,4,LOW_OCR_QUALITY,quality=0.642
FBI-UAP-D012-Newark-Field-Office-1952-1967.pdf,1,NO_TEXT_LAYER,page yields <40 chars; requires raster/OCR pass
FBI-UAP-D012-Newark-Field-Office-1952-1967.pdf,2,LOW_OCR_QUALITY,quality=0.752
FBI-UAP-D012-Newark-Field-Office-1952-1967.pdf,3,NO_TEXT_LAYER,page yields <40 chars; requires raster/OCR pass
FBI-UAP-D012-Newark-Field-Office-1952-1967.pdf,4,NO_TEXT_LAYER,page yields <40 chars; requires raster/OCR pass
FBI-UAP-D012-Newark-Field-Office-1952-1967.pdf,6,NO_TEXT_LAYER,page yields <40 chars; requires raster/OCR pass
FBI-UAP-D012-Newark-Field-Office-1952-1967.pdf,7,NO_TEXT_LAYER,page yields <40 chars; requires raster/OCR pass
FBI-UAP-D012-Newark-Field-Office-1952-1967.pdf,8,NO_TEXT_LAYER,page yields <40 chars; requires raster/OCR pass
FBI-UAP-D012-Newark-Field-Office-1952-1967.pdf,9,NO_TEXT_LAYER,page yields <40 chars; requires raster/OCR pass
FBI-UAP-D012-Newark-Field-Office-1952-1967.pdf,10,NO_TEXT_LAYER,page yields <40 chars; requires raster/OCR pass
FBI-UAP-D012-Newark-Field-Office-1952-1967.pdf,11,NO_TEXT_LAYER,page yields <40 chars; requires raster/OCR pass
FBI-UAP-D012-Newark-Field-Office-1952-1967.pdf,12,NO_TEXT_LAYER,page yields <40 chars; requires raster/OCR pass
FBI-UAP-D012-Newark-Field-Office-1952-1967.pdf,16,NO_TEXT_LAYER,page yields <40 chars; requires raster/OCR pass
FBI-UAP-D012-Newark-Field-Office-1952-1967.pdf,18,NO_TEXT_LAYER,page yields <40 chars; requires raster/OCR pass
FBI-UAP-D012-Newark-Field-Office-1952-1967.pdf,22,NO_TEXT_LAYER,page yields <40 chars; requires raster/OCR pass
FBI-UAP-D012-Newark-Field-Office-1952-1967.pdf,24,LOW_OCR_QUALITY,quality=0.863
FBI-UAP-D012-Newark-Field-Office-1952-1967.pdf,25,NO_TEXT_LAYER,page yields <40 chars; requires raster/OCR pass
FBI-UAP-D012-Newark-Field-Office-1952-1967.pdf,27,NO_TEXT_LAYER,page yields <40 chars; requires raster/OCR pass
FBI-UAP-D012-Newark-Field-Office-1952-1967.pdf,29,LOW_OCR_QUALITY,quality=0.821
FBI-UAP-D012-Newark-Field-Office-1952-1967.pdf,32,NO_TEXT_LAYER,page yields <40 chars; requires raster/OCR pass
FBI-UAP-D012-Newark-Field-Office-1952-1967.pdf,34,NO_TEXT_LAYER,page yields <40 chars; requires raster/OCR pass
FBI-UAP-D012-Newark-Field-Office-1952-1967.pdf,37,LOW_OCR_QUALITY,quality=0.803
FBI-UAP-D012-Newark-Field-Office-1952-1967.pdf,38,LOW_OCR_QUALITY,quality=0.804
FBI-UAP-D012-Newark-Field-Office-1952-1967.pdf,39,NO_TEXT_LAYER,page yields <40 chars; requires raster/OCR pass
FBI-UAP-D012-Newark-Field-Office-1952-1967.pdf,45,NO_TEXT_LAYER,page yields <40 chars; requires raster/OCR pass
FBI-UAP-D012-Newark-Field-Office-1952-1967.pdf,47,NO_TEXT_LAYER,page yields <40 chars; requires raster/OCR pass
FBI-UAP-D012-Newark-Field-Office-1952-1967.pdf,48,NO_TEXT_LAYER,page yields <40 chars; requires raster/OCR pass
FBI-UAP-D012-Newark-Field-Office-1952-1967.pdf,50,NO_TEXT_LAYER,page yields <40 chars; requires raster/OCR pass
FBI-UAP-D012-Newark-Field-Office-1952-1967.pdf,53,NO_TEXT_LAYER,page yields <40 chars; requires raster/OCR pass
FBI-UAP-D012-Newark-Field-Office-1952-1967.pdf,54,NO_TEXT_LAYER,page yields <40 chars; requires raster/OCR pass
FBI-UAP-D012-Newark-Field-Office-1952-1967.pdf,58,NO_TEXT_LAYER,page yields <40 chars; requires raster/OCR pass
FBI-UAP-D012-Newark-Field-Office-1952-1967.pdf,59,NO_TEXT_LAYER,page yields <40 chars; requires raster/OCR pass
FBI-UAP-D012-Newark-Field-Office-1952-1967.pdf,61,NO_TEXT_LAYER,page yields <40 chars; requires raster/OCR pass
FBI-UAP-D012-Newark-Field-Office-1952-1967.pdf,62,NO_TEXT_LAYER,page yields <40 chars; requires raster/OCR pass
FBI-UAP-D012-Newark-Field-Office-1952-1967.pdf,64,NO_TEXT_LAYER,page yields <40 chars; requires raster/OCR pass
FBI-UAP-D012-Newark-Field-Office-1952-1967.pdf,65,NO_TEXT_LAYER,page yields <40 chars; requires raster/OCR pass
FBI-UAP-D013-WA-UFO-Investigation-1952-1960.pdf,1,LOW_OCR_QUALITY,quality=0.81
FBI-UAP-D013-WA-UFO-Investigation-1952-1960.pdf,3,LOW_OCR_QUALITY,quality=0.838
FBI-UAP-D013-WA-UFO-Investigation-1952-1960.pdf,4,NO_TEXT_LAYER,page yields <40 chars; requires raster/OCR pass
FBI-UAP-D013-WA-UFO-Investigation-1952-1960.pdf,5,NO_TEXT_LAYER,page yields <40 chars; requires raster/OCR pass
FBI-UAP-D013-WA-UFO-Investigation-1952-1960.pdf,6,NO_TEXT_LAYER,page yields <40 chars; requires raster/OCR pass
FBI-UAP-D013-WA-UFO-Investigation-1952-1960.pdf,7,LOW_OCR_QUALITY,quality=0.885
FBI-UAP-D013-WA-UFO-Investigation-1952-1960.pdf,9,LOW_OCR_QUALITY,quality=0.732
FBI-UAP-D013-WA-UFO-Investigation-1952-1960.pdf,10,LOW_OCR_QUALITY,quality=0.847
FBI-UAP-D013-WA-UFO-Investigation-1952-1960.pdf,11,LOW_OCR_QUALITY,quality=0.767
FBI-UAP-D013-WA-UFO-Investigation-1952-1960.pdf,12,LOW_OCR_QUALITY,quality=0.853
FBI-UAP-D013-WA-UFO-Investigation-1952-1960.pdf,13,LOW_OCR_QUALITY,quality=0.755
FBI-UAP-D013-WA-UFO-Investigation-1952-1960.pdf,14,LOW_OCR_QUALITY,quality=0.746
FBI-UAP-D013-WA-UFO-Investigation-1952-1960.pdf,15,LOW_OCR_QUALITY,quality=0.746
FBI-UAP-D013-WA-UFO-Investigation-1952-1960.pdf,16,LOW_OCR_QUALITY,quality=0.706
FBI-UAP-D013-WA-UFO-Investigation-1952-1960.pdf,17,NO_TEXT_LAYER,page yields <40 chars; requires raster/OCR pass
FBI-UAP-D013-WA-UFO-Investigation-1952-1960.pdf,18,LOW_OCR_QUALITY,quality=0.705
FBI-UAP-D013-WA-UFO-Investigation-1952-1960.pdf,19,LOW_OCR_QUALITY,quality=0.793
FBI-UAP-D013-WA-UFO-Investigation-1952-1960.pdf,20,LOW_OCR_QUALITY,quality=0.752
FBI-UAP-D013-WA-UFO-Investigation-1952-1960.pdf,21,LOW_OCR_QUALITY,quality=0.81
FBI-UAP-D013-WA-UFO-Investigation-1952-1960.pdf,23,NO_TEXT_LAYER,page yields <40 chars; requires raster/OCR pass
FBI-UAP-D013-WA-UFO-Investigation-1952-1960.pdf,24,LOW_OCR_QUALITY,quality=0.756
FBI-UAP-D013-WA-UFO-Investigation-1952-1960.pdf,25,LOW_OCR_QUALITY,quality=0.752
FBI-UAP-D013-WA-UFO-Investigation-1952-1960.pdf,26,NO_TEXT_LAYER,page yields <40 chars; requires raster/OCR pass
FBI-UAP-D013-WA-UFO-Investigation-1952-1960.pdf,27,LOW_OCR_QUALITY,quality=0.795
FBI-UAP-D013-WA-UFO-Investigation-1952-1960.pdf,28,LOW_OCR_QUALITY,quality=0.652
FBI-UAP-D013-WA-UFO-Investigation-1952-1960.pdf,30,LOW_OCR_QUALITY,quality=0.841
FBI-UAP-D013-WA-UFO-Investigation-1952-1960.pdf,31,LOW_OCR_QUALITY,quality=0.836
FBI-UAP-D013-WA-UFO-Investigation-1952-1960.pdf,32,LOW_OCR_QUALITY,quality=0.742
FBI-UAP-D013-WA-UFO-Investigation-1952-1960.pdf,33,LOW_OCR_QUALITY,quality=0.819
FBI-UAP-D013-WA-UFO-Investigation-1952-1960.pdf,34,LOW_OCR_QUALITY,quality=0.702
FBI-UAP-D013-WA-UFO-Investigation-1952-1960.pdf,35,LOW_OCR_QUALITY,quality=0.754
FBI-UAP-D013-WA-UFO-Investigation-1952-1960.pdf,36,LOW_OCR_QUALITY,quality=0.794
FBI-UAP-D013-WA-UFO-Investigation-1952-1960.pdf,37,LOW_OCR_QUALITY,quality=0.821
FBI-UAP-D013-WA-UFO-Investigation-1952-1960.pdf,38,NO_TEXT_LAYER,page yields <40 chars; requires raster/OCR pass
FBI-UAP-D013-WA-UFO-Investigation-1952-1960.pdf,40,LOW_OCR_QUALITY,quality=0.74
FBI-UAP-D013-WA-UFO-Investigation-1952-1960.pdf,41,LOW_OCR_QUALITY,quality=0.687
FBI-UAP-D013-WA-UFO-Investigation-1952-1960.pdf,44,LOW_OCR_QUALITY,quality=0.798
FBI-UAP-D013-WA-UFO-Investigation-1952-1960.pdf,45,NO_TEXT_LAYER,page yields <40 chars; requires raster/OCR pass
FBI-UAP-D013-WA-UFO-Investigation-1952-1960.pdf,47,LOW_OCR_QUALITY,quality=0.797
FBI-UAP-D013-WA-UFO-Investigation-1952-1960.pdf,48,LOW_OCR_QUALITY,quality=0.78
FBI-UAP-D013-WA-UFO-Investigation-1952-1960.pdf,49,LOW_OCR_QUALITY,quality=0.871
FBI-UAP-D013-WA-UFO-Investigation-1952-1960.pdf,50,LOW_OCR_QUALITY,quality=0.646
FBI-UAP-D013-WA-UFO-Investigation-1952-1960.pdf,51,LOW_OCR_QUALITY,quality=0.865
FBI-UAP-D013-WA-UFO-Investigation-1952-1960.pdf,52,LOW_OCR_QUALITY,quality=0.785
FBI-UAP-D013-WA-UFO-Investigation-1952-1960.pdf,53,LOW_OCR_QUALITY,quality=0.654
FBI-UAP-D013-WA-UFO-Investigation-1952-1960.pdf,54,LOW_OCR_QUALITY,quality=0.765
FBI-UAP-D013-WA-UFO-Investigation-1952-1960.pdf,55,LOW_OCR_QUALITY,quality=0.734
ICA-UAP-D001-Analysis-Colorado-Springs-UAP-Incident.pdf,2,NO_TEXT_LAYER,page yields <40 chars; requires raster/OCR pass
NASA-UAP-D015-Astronaut-Scientific-Debriefings-1962-1963.pdf,1,NO_TEXT_LAYER,page yields <40 chars; requires raster/OCR pass
NASA-UAP-D015-Astronaut-Scientific-Debriefings-1962-1963.pdf,2,NO_TEXT_LAYER,page yields <40 chars; requires raster/OCR pass
NASA-UAP-D015-Astronaut-Scientific-Debriefings-1962-1963.pdf,3,NO_TEXT_LAYER,page yields <40 chars; requires raster/OCR pass
NASA-UAP-D015-Astronaut-Scientific-Debriefings-1962-1963.pdf,4,NO_TEXT_LAYER,page yields <40 chars; requires raster/OCR pass
NASA-UAP-D015-Astronaut-Scientific-Debriefings-1962-1963.pdf,6,NO_TEXT_LAYER,page yields <40 chars; requires raster/OCR pass
NASA-UAP-D015-Astronaut-Scientific-Debriefings-1962-1963.pdf,7,NO_TEXT_LAYER,page yields <40 chars; requires raster/OCR pass
NASA-UAP-D015-Astronaut-Scientific-Debriefings-1962-1963.pdf,8,NO_TEXT_LAYER,page yields <40 chars; requires raster/OCR pass
NASA-UAP-D015-Astronaut-Scientific-Debriefings-1962-1963.pdf,9,NO_TEXT_LAYER,page yields <40 chars; requires raster/OCR pass
NASA-UAP-D015-Astronaut-Scientific-Debriefings-1962-1963.pdf,10,NO_TEXT_LAYER,page yields <40 chars; requires raster/OCR pass
NASA-UAP-D015-Astronaut-Scientific-Debriefings-1962-1963.pdf,11,NO_TEXT_LAYER,page yields <40 chars; requires raster/OCR pass
NASA-UAP-D015-Astronaut-Scientific-Debriefings-1962-1963.pdf,12,NO_TEXT_LAYER,page yields <40 chars; requires raster/OCR pass
NASA-UAP-D015-Astronaut-Scientific-Debriefings-1962-1963.pdf,13,NO_TEXT_LAYER,page yields <40 chars; requires raster/OCR pass
NASA-UAP-D015-Astronaut-Scientific-Debriefings-1962-1963.pdf,14,NO_TEXT_LAYER,page yields <40 chars; requires raster/OCR pass
NASA-UAP-D015-Astronaut-Scientific-Debriefings-1962-1963.pdf,15,NO_TEXT_LAYER,page yields <40 chars; requires raster/OCR pass
NASA-UAP-D015-Astronaut-Scientific-Debriefings-1962-1963.pdf,16,NO_TEXT_LAYER,page yields <40 chars; requires raster/OCR pass
NASA-UAP-D015-Astronaut-Scientific-Debriefings-1962-1963.pdf,17,NO_TEXT_LAYER,page yields <40 chars; requires raster/OCR pass
NASA-UAP-D015-Astronaut-Scientific-Debriefings-1962-1963.pdf,18,NO_TEXT_LAYER,page yields <40 chars; requires raster/OCR pass
NASA-UAP-D015-Astronaut-Scientific-Debriefings-1962-1963.pdf,19,NO_TEXT_LAYER,page yields <40 chars; requires raster/OCR pass
NASA-UAP-D015-Astronaut-Scientific-Debriefings-1962-1963.pdf,20,NO_TEXT_LAYER,page yields <40 chars; requires raster/OCR pass
NASA-UAP-D015-Astronaut-Scientific-Debriefings-1962-1963.pdf,21,NO_TEXT_LAYER,page yields <40 chars; requires raster/OCR pass
NASA-UAP-D015-Astronaut-Scientific-Debriefings-1962-1963.pdf,22,NO_TEXT_LAYER,page yields <40 chars; requires raster/OCR pass
NASA-UAP-D015-Astronaut-Scientific-Debriefings-1962-1963.pdf,23,NO_TEXT_LAYER,page yields <40 chars; requires raster/OCR pass
NASA-UAP-D015-Astronaut-Scientific-Debriefings-1962-1963.pdf,24,NO_TEXT_LAYER,page yields <40 chars; requires raster/OCR pass
NASA-UAP-D015-Astronaut-Scientific-Debriefings-1962-1963.pdf,25,NO_TEXT_LAYER,page yields <40 chars; requires raster/OCR pass
NASA-UAP-D015-Astronaut-Scientific-Debriefings-1962-1963.pdf,26,NO_TEXT_LAYER,page yields <40 chars; requires raster/OCR pass
NASA-UAP-D015-Astronaut-Scientific-Debriefings-1962-1963.pdf,27,NO_TEXT_LAYER,page yields <40 chars; requires raster/OCR pass
NASA-UAP-D015-Astronaut-Scientific-Debriefings-1962-1963.pdf,28,NO_TEXT_LAYER,page yields <40 chars; requires raster/OCR pass
NASA-UAP-D015-Astronaut-Scientific-Debriefings-1962-1963.pdf,29,NO_TEXT_LAYER,page yields <40 chars; requires raster/OCR pass
NASA-UAP-D015-Astronaut-Scientific-Debriefings-1962-1963.pdf,30,NO_TEXT_LAYER,page yields <40 chars; requires raster/OCR pass
NASA-UAP-D015-Astronaut-Scientific-Debriefings-1962-1963.pdf,31,NO_TEXT_LAYER,page yields <40 chars; requires raster/OCR pass
NASA-UAP-D015-Astronaut-Scientific-Debriefings-1962-1963.pdf,33,NO_TEXT_LAYER,page yields <40 chars; requires raster/OCR pass
NASA-UAP-D015-Astronaut-Scientific-Debriefings-1962-1963.pdf,38,LOW_OCR_QUALITY,quality=0.898
NASA-UAP-D015-Astronaut-Scientific-Debriefings-1962-1963.pdf,39,LOW_OCR_QUALITY,quality=0.839
NASA-UAP-D015-Astronaut-Scientific-Debriefings-1962-1963.pdf,52,NO_TEXT_LAYER,page yields <40 chars; requires raster/OCR pass
NASA-UAP-D015-Astronaut-Scientific-Debriefings-1962-1963.pdf,115,ENCLOSURE_REFERENCED,enclosure/attachment cited; verify presence in dump
NASA-UAP-D015-Astronaut-Scientific-Debriefings-1962-1963.pdf,202,LOW_OCR_QUALITY,quality=0.791
NASA-UAP-D015-Astronaut-Scientific-Debriefings-1962-1963.pdf,203,LOW_OCR_QUALITY,quality=0.7
NASA-UAP-D015-Astronaut-Scientific-Debriefings-1962-1963.pdf,204,LOW_OCR_QUALITY,quality=0.79
NASA-UAP-D015-Astronaut-Scientific-Debriefings-1962-1963.pdf,205,NO_TEXT_LAYER,page yields <40 chars; requires raster/OCR pass
NASA-UAP-D015-Astronaut-Scientific-Debriefings-1962-1963.pdf,206,LOW_OCR_QUALITY,quality=0.866
NASA-UAP-D015-Astronaut-Scientific-Debriefings-1962-1963.pdf,207,LOW_OCR_QUALITY,quality=0.837
NASA-UAP-D015-Astronaut-Scientific-Debriefings-1962-1963.pdf,208,LOW_OCR_QUALITY,quality=0.841
NASA-UAP-D015-Astronaut-Scientific-Debriefings-1962-1963.pdf,211,LOW_OCR_QUALITY,quality=0.898
NASA-UAP-D015-Astronaut-Scientific-Debriefings-1962-1963.pdf,212,ENCLOSURE_REFERENCED,enclosure/attachment cited; verify presence in dump
NASA-UAP-D016-Preliminary-Gemini-4-Crew-Debriefing-Part1-1965.pdf,1,REDACTION_MARKER,exempt
NASA-UAP-D016-Preliminary-Gemini-4-Crew-Debriefing-Part1-1965.pdf,2,NO_TEXT_LAYER,page yields <40 chars; requires raster/OCR pass
NASA-UAP-D016-Preliminary-Gemini-4-Crew-Debriefing-Part1-1965.pdf,4,NO_TEXT_LAYER,page yields <40 chars; requires raster/OCR pass
NASA-UAP-D016-Preliminary-Gemini-4-Crew-Debriefing-Part1-1965.pdf,6,NO_TEXT_LAYER,page yields <40 chars; requires raster/OCR pass
NASA-UAP-D016-Preliminary-Gemini-4-Crew-Debriefing-Part1-1965.pdf,8,NO_TEXT_LAYER,page yields <40 chars; requires raster/OCR pass
NASA-UAP-D016-Preliminary-Gemini-4-Crew-Debriefing-Part1-1965.pdf,139,ENCLOSURE_REFERENCED,enclosure/attachment cited; verify presence in dump
NASA-UAP-D016-Preliminary-Gemini-4-Crew-Debriefing-Part1-1965.pdf,149,ENCLOSURE_REFERENCED,enclosure/attachment cited; verify presence in dump
NASA-UAP-D016-Preliminary-Gemini-4-Crew-Debriefing-Part1-1965.pdf,162,ENCLOSURE_REFERENCED,enclosure/attachment cited; verify presence in dump
NASA-UAP-D016-Preliminary-Gemini-4-Crew-Debriefing-Part1-1965.pdf,163,ENCLOSURE_REFERENCED,enclosure/attachment cited; verify presence in dump
NASA-UAP-D016-Preliminary-Gemini-4-Crew-Debriefing-Part1-1965.pdf,179,ENCLOSURE_REFERENCED,enclosure/attachment cited; verify presence in dump
NASA-UAP-D016-Preliminary-Gemini-4-Crew-Debriefing-Part1-1965.pdf,185,ENCLOSURE_REFERENCED,enclosure/attachment cited; verify presence in dump
NASA-UAP-D016-Preliminary-Gemini-4-Crew-Debriefing-Part1-1965.pdf,186,ENCLOSURE_REFERENCED,enclosure/attachment cited; verify presence in dump
NASA-UAP-D016-Preliminary-Gemini-4-Crew-Debriefing-Part1-1965.pdf,278,ENCLOSURE_REFERENCED,enclosure/attachment cited; verify presence in dump
NASA-UAP-D016-Preliminary-Gemini-4-Crew-Debriefing-Part1-1965.pdf,338,NO_TEXT_LAYER,page yields <40 chars; requires raster/OCR pass
NASA-UAP-D016-Preliminary-Gemini-4-Crew-Debriefing-Part1-1965.pdf,339,NO_TEXT_LAYER,page yields <40 chars; requires raster/OCR pass
NASA-UAP-D016-Preliminary-Gemini-4-Crew-Debriefing-Part1-1965.pdf,340,NO_TEXT_LAYER,page yields <40 chars; requires raster/OCR pass
NASA-UAP-D017-Preliminary-Gemini-4-Crew-Debriefing-Part2-1965.pdf,1,REDACTION_MARKER,exempt
NASA-UAP-D017-Preliminary-Gemini-4-Crew-Debriefing-Part2-1965.pdf,2,NO_TEXT_LAYER,page yields <40 chars; requires raster/OCR pass
NASA-UAP-D017-Preliminary-Gemini-4-Crew-Debriefing-Part2-1965.pdf,4,NO_TEXT_LAYER,page yields <40 chars; requires raster/OCR pass
NASA-UAP-D017-Preliminary-Gemini-4-Crew-Debriefing-Part2-1965.pdf,289,NO_TEXT_LAYER,page yields <40 chars; requires raster/OCR pass
NASA-UAP-D017-Preliminary-Gemini-4-Crew-Debriefing-Part2-1965.pdf,290,NO_TEXT_LAYER,page yields <40 chars; requires raster/OCR pass
NASA-UAP-D018-Gemini-4-Experiment-Debriefing-1967.pdf,2,ENCLOSURE_REFERENCED,enclosure/attachment cited; verify presence in dump
NASA-UAP-D018-Gemini-4-Experiment-Debriefing-1967.pdf,8,ENCLOSURE_REFERENCED,enclosure/attachment cited; verify presence in dump
NASA-UAP-D018-Gemini-4-Experiment-Debriefing-1967.pdf,70,ENCLOSURE_REFERENCED,enclosure/attachment cited; verify presence in dump
NASA-UAP-D018-Gemini-4-Experiment-Debriefing-1967.pdf,122,NO_TEXT_LAYER,page yields <40 chars; requires raster/OCR pass
NASA-UAP-D018-Gemini-4-Experiment-Debriefing-1967.pdf,131,NO_TEXT_LAYER,page yields <40 chars; requires raster/OCR pass
NASA-UAP-D018-Gemini-4-Experiment-Debriefing-1967.pdf,136,LOW_OCR_QUALITY,quality=0.854
NASA-UAP-D018-Gemini-4-Experiment-Debriefing-1967.pdf,137,NO_TEXT_LAYER,page yields <40 chars; requires raster/OCR pass
NASA-UAP-D018-Gemini-4-Experiment-Debriefing-1967.pdf,138,NO_TEXT_LAYER,page yields <40 chars; requires raster/OCR pass
NASA-UAP-D018-Gemini-4-Experiment-Debriefing-1967.pdf,139,LOW_OCR_QUALITY,quality=0.694
NASA-UAP-D018-Gemini-4-Experiment-Debriefing-1967.pdf,141,NO_TEXT_LAYER,page yields <40 chars; requires raster/OCR pass
NASA-UAP-D018-Gemini-4-Experiment-Debriefing-1967.pdf,142,NO_TEXT_LAYER,page yields <40 chars; requires raster/OCR pass
NASA-UAP-D018-Gemini-4-Experiment-Debriefing-1967.pdf,143,NO_TEXT_LAYER,page yields <40 chars; requires raster/OCR pass
NASA-UAP-D018-Gemini-4-Experiment-Debriefing-1967.pdf,144,LOW_OCR_QUALITY,quality=0.614
NASA-UAP-D018-Gemini-4-Experiment-Debriefing-1967.pdf,145,NO_TEXT_LAYER,page yields <40 chars; requires raster/OCR pass
NASA-UAP-D018-Gemini-4-Experiment-Debriefing-1967.pdf,146,LOW_OCR_QUALITY,quality=0.715
NASA-UAP-D018-Gemini-4-Experiment-Debriefing-1967.pdf,147,LOW_OCR_QUALITY,quality=0.791
NASA-UAP-D018-Gemini-4-Experiment-Debriefing-1967.pdf,148,NO_TEXT_LAYER,page yields <40 chars; requires raster/OCR pass
NASA-UAP-D018-Gemini-4-Experiment-Debriefing-1967.pdf,149,LOW_OCR_QUALITY,quality=0.682
NASA-UAP-D018-Gemini-4-Experiment-Debriefing-1967.pdf,150,NO_TEXT_LAYER,page yields <40 chars; requires raster/OCR pass
NASA-UAP-D018-Gemini-4-Experiment-Debriefing-1967.pdf,151,NO_TEXT_LAYER,page yields <40 chars; requires raster/OCR pass
NASA-UAP-D018-Gemini-4-Experiment-Debriefing-1967.pdf,152,NO_TEXT_LAYER,page yields <40 chars; requires raster/OCR pass
NASA-UAP-D018-Gemini-4-Experiment-Debriefing-1967.pdf,153,LOW_OCR_QUALITY,quality=0.717
NASA-UAP-D018-Gemini-4-Experiment-Debriefing-1967.pdf,154,LOW_OCR_QUALITY,quality=0.762
NASA-UAP-D018-Gemini-4-Experiment-Debriefing-1967.pdf,155,LOW_OCR_QUALITY,quality=0.787
NASA-UAP-D018-Gemini-4-Experiment-Debriefing-1967.pdf,156,NO_TEXT_LAYER,page yields <40 chars; requires raster/OCR pass
NASA-UAP-D018-Gemini-4-Experiment-Debriefing-1967.pdf,157,NO_TEXT_LAYER,page yields <40 chars; requires raster/OCR pass
NASA-UAP-D018-Gemini-4-Experiment-Debriefing-1967.pdf,158,NO_TEXT_LAYER,page yields <40 chars; requires raster/OCR pass
NASA-UAP-D018-Gemini-4-Experiment-Debriefing-1967.pdf,159,LOW_OCR_QUALITY,quality=0.782
NASA-UAP-D018-Gemini-4-Experiment-Debriefing-1967.pdf,160,NO_TEXT_LAYER,page yields <40 chars; requires raster/OCR pass
NASA-UAP-D018-Gemini-4-Experiment-Debriefing-1967.pdf,161,NO_TEXT_LAYER,page yields <40 chars; requires raster/OCR pass
NASA-UAP-D018-Gemini-4-Experiment-Debriefing-1967.pdf,162,NO_TEXT_LAYER,page yields <40 chars; requires raster/OCR pass
NASA-UAP-D018-Gemini-4-Experiment-Debriefing-1967.pdf,163,NO_TEXT_LAYER,page yields <40 chars; requires raster/OCR pass
NASA-UAP-D018-Gemini-4-Experiment-Debriefing-1967.pdf,166,NO_TEXT_LAYER,page yields <40 chars; requires raster/OCR pass
NASA-UAP-D018-Gemini-4-Experiment-Debriefing-1967.pdf,167,NO_TEXT_LAYER,page yields <40 chars; requires raster/OCR pass
NASA-UAP-D018-Gemini-4-Experiment-Debriefing-1967.pdf,173,NO_TEXT_LAYER,page yields <40 chars; requires raster/OCR pass
NASA-UAP-D018-Gemini-4-Experiment-Debriefing-1967.pdf,181,NO_TEXT_LAYER,page yields <40 chars; requires raster/OCR pass
NASA-UAP-D018-Gemini-4-Experiment-Debriefing-1967.pdf,182,ENCLOSURE_REFERENCED,enclosure/attachment cited; verify presence in dump
NASA-UAP-D018-Gemini-4-Experiment-Debriefing-1967.pdf,184,NO_TEXT_LAYER,page yields <40 chars; requires raster/OCR pass
NASA-UAP-D018-Gemini-4-Experiment-Debriefing-1967.pdf,185,NO_TEXT_LAYER,page yields <40 chars; requires raster/OCR pass
NASA-UAP-D018-Gemini-4-Experiment-Debriefing-1967.pdf,186,LOW_OCR_QUALITY,quality=0.732
NASA-UAP-D018-Gemini-4-Experiment-Debriefing-1967.pdf,187,NO_TEXT_LAYER,page yields <40 chars; requires raster/OCR pass
NASA-UAP-D018-Gemini-4-Experiment-Debriefing-1967.pdf,188,LOW_OCR_QUALITY,quality=0.771
NASA-UAP-D018-Gemini-4-Experiment-Debriefing-1967.pdf,189,NO_TEXT_LAYER,page yields <40 chars; requires raster/OCR pass
NASA-UAP-D018-Gemini-4-Experiment-Debriefing-1967.pdf,190,NO_TEXT_LAYER,page yields <40 chars; requires raster/OCR pass
NASA-UAP-D018-Gemini-4-Experiment-Debriefing-1967.pdf,191,NO_TEXT_LAYER,page yields <40 chars; requires raster/OCR pass
NASA-UAP-D018-Gemini-4-Experiment-Debriefing-1967.pdf,192,NO_TEXT_LAYER,page yields <40 chars; requires raster/OCR pass
NASA-UAP-D018-Gemini-4-Experiment-Debriefing-1967.pdf,193,NO_TEXT_LAYER,page yields <40 chars; requires raster/OCR pass
NASA-UAP-D018-Gemini-4-Experiment-Debriefing-1967.pdf,194,LOW_OCR_QUALITY,quality=0.717
NASA-UAP-D018-Gemini-4-Experiment-Debriefing-1967.pdf,195,NO_TEXT_LAYER,page yields <40 chars; requires raster/OCR pass
NASA-UAP-D018-Gemini-4-Experiment-Debriefing-1967.pdf,196,NO_TEXT_LAYER,page yields <40 chars; requires raster/OCR pass
NASA-UAP-D018-Gemini-4-Experiment-Debriefing-1967.pdf,197,NO_TEXT_LAYER,page yields <40 chars; requires raster/OCR pass
NASA-UAP-D018-Gemini-4-Experiment-Debriefing-1967.pdf,199,NO_TEXT_LAYER,page yields <40 chars; requires raster/OCR pass
NASA-UAP-D018-Gemini-4-Experiment-Debriefing-1967.pdf,200,LOW_OCR_QUALITY,quality=0.86
NASA-UAP-D018-Gemini-4-Experiment-Debriefing-1967.pdf,201,NO_TEXT_LAYER,page yields <40 chars; requires raster/OCR pass
NASA-UAP-D018-Gemini-4-Experiment-Debriefing-1967.pdf,202,NO_TEXT_LAYER,page yields <40 chars; requires raster/OCR pass
NASA-UAP-D018-Gemini-4-Experiment-Debriefing-1967.pdf,203,NO_TEXT_LAYER,page yields <40 chars; requires raster/OCR pass
NASA-UAP-D018-Gemini-4-Experiment-Debriefing-1967.pdf,204,NO_TEXT_LAYER,page yields <40 chars; requires raster/OCR pass
NASA-UAP-D018-Gemini-4-Experiment-Debriefing-1967.pdf,205,NO_TEXT_LAYER,page yields <40 chars; requires raster/OCR pass
NASA-UAP-D018-Gemini-4-Experiment-Debriefing-1967.pdf,206,LOW_OCR_QUALITY,quality=0.841
NASA-UAP-D018-Gemini-4-Experiment-Debriefing-1967.pdf,207,NO_TEXT_LAYER,page yields <40 chars; requires raster/OCR pass
NASA-UAP-D018-Gemini-4-Experiment-Debriefing-1967.pdf,208,NO_TEXT_LAYER,page yields <40 chars; requires raster/OCR pass
NASA-UAP-D018-Gemini-4-Experiment-Debriefing-1967.pdf,209,NO_TEXT_LAYER,page yields <40 chars; requires raster/OCR pass
NASA-UAP-D018-Gemini-4-Experiment-Debriefing-1967.pdf,210,LOW_OCR_QUALITY,quality=0.738
NASA-UAP-D018-Gemini-4-Experiment-Debriefing-1967.pdf,211,NO_TEXT_LAYER,page yields <40 chars; requires raster/OCR pass
NASA-UAP-D018-Gemini-4-Experiment-Debriefing-1967.pdf,212,NO_TEXT_LAYER,page yields <40 chars; requires raster/OCR pass
NASA-UAP-D018-Gemini-4-Experiment-Debriefing-1967.pdf,213,NO_TEXT_LAYER,page yields <40 chars; requires raster/OCR pass
NASA-UAP-D018-Gemini-4-Experiment-Debriefing-1967.pdf,214,NO_TEXT_LAYER,page yields <40 chars; requires raster/OCR pass
NASA-UAP-D018-Gemini-4-Experiment-Debriefing-1967.pdf,215,NO_TEXT_LAYER,page yields <40 chars; requires raster/OCR pass
NASA-UAP-D018-Gemini-4-Experiment-Debriefing-1967.pdf,216,NO_TEXT_LAYER,page yields <40 chars; requires raster/OCR pass
NASA-UAP-D018-Gemini-4-Experiment-Debriefing-1967.pdf,217,NO_TEXT_LAYER,page yields <40 chars; requires raster/OCR pass
NASA-UAP-D018-Gemini-4-Experiment-Debriefing-1967.pdf,218,LOW_OCR_QUALITY,quality=0.82
NASA-UAP-D018-Gemini-4-Experiment-Debriefing-1967.pdf,219,NO_TEXT_LAYER,page yields <40 chars; requires raster/OCR pass
NASA-UAP-D018-Gemini-4-Experiment-Debriefing-1967.pdf,220,NO_TEXT_LAYER,page yields <40 chars; requires raster/OCR pass
NASA-UAP-D018-Gemini-4-Experiment-Debriefing-1967.pdf,221,NO_TEXT_LAYER,page yields <40 chars; requires raster/OCR pass
NASA-UAP-D018-Gemini-4-Experiment-Debriefing-1967.pdf,222,NO_TEXT_LAYER,page yields <40 chars; requires raster/OCR pass
NASA-UAP-D018-Gemini-4-Experiment-Debriefing-1967.pdf,223,NO_TEXT_LAYER,page yields <40 chars; requires raster/OCR pass
NASA-UAP-D018-Gemini-4-Experiment-Debriefing-1967.pdf,224,LOW_OCR_QUALITY,quality=0.8
NASA-UAP-D019-Gemini-5-Technical-Debriefing-Part1-1965.pdf,1,REDACTION_MARKER,exempt
NASA-UAP-D019-Gemini-5-Technical-Debriefing-Part1-1965.pdf,94,REDACTION_MARKER,deleted
NASA-UAP-D019-Gemini-5-Technical-Debriefing-Part1-1965.pdf,102,NO_TEXT_LAYER,page yields <40 chars; requires raster/OCR pass
NASA-UAP-D019-Gemini-5-Technical-Debriefing-Part1-1965.pdf,103,NO_TEXT_LAYER,page yields <40 chars; requires raster/OCR pass
NASA-UAP-D019-Gemini-5-Technical-Debriefing-Part1-1965.pdf,104,REDACTION_MARKER,deleted
NASA-UAP-D019-Gemini-5-Technical-Debriefing-Part1-1965.pdf,116,REDACTION_MARKER,deleted
NASA-UAP-D019-Gemini-5-Technical-Debriefing-Part1-1965.pdf,222,LOW_OCR_QUALITY,quality=0.857
NASA-UAP-D019-Gemini-5-Technical-Debriefing-Part1-1965.pdf,223,NO_TEXT_LAYER,page yields <40 chars; requires raster/OCR pass
NASA-UAP-D020-Gemini-5-Technical-Debriefing-Part2-1965.pdf,1,REDACTION_MARKER,exempt
NASA-UAP-D020-Gemini-5-Technical-Debriefing-Part2-1965.pdf,4,LOW_OCR_QUALITY,quality=0.881
NASA-UAP-D020-Gemini-5-Technical-Debriefing-Part2-1965.pdf,11,ENCLOSURE_REFERENCED,enclosure/attachment cited; verify presence in dump
NASA-UAP-D020-Gemini-5-Technical-Debriefing-Part2-1965.pdf,165,NO_TEXT_LAYER,page yields <40 chars; requires raster/OCR pass
NASA-UAP-D020-Gemini-5-Technical-Debriefing-Part2-1965.pdf,325,NO_TEXT_LAYER,page yields <40 chars; requires raster/OCR pass
NASA-UAP-D021-Gemini-7-Technical-Debriefing-1965.pdf,1,REDACTION_MARKER,exempt
NASA-UAP-D021-Gemini-7-Technical-Debriefing-1965.pdf,2,NO_TEXT_LAYER,page yields <40 chars; requires raster/OCR pass
NASA-UAP-D021-Gemini-7-Technical-Debriefing-1965.pdf,4,NO_TEXT_LAYER,page yields <40 chars; requires raster/OCR pass
NASA-UAP-D021-Gemini-7-Technical-Debriefing-1965.pdf,5,LOW_OCR_QUALITY,quality=0.762
NASA-UAP-D021-Gemini-7-Technical-Debriefing-1965.pdf,6,LOW_OCR_QUALITY,quality=0.854
NASA-UAP-D021-Gemini-7-Technical-Debriefing-1965.pdf,7,LOW_OCR_QUALITY,quality=0.654
NASA-UAP-D021-Gemini-7-Technical-Debriefing-1965.pdf,8,LOW_OCR_QUALITY,quality=0.829
NASA-UAP-D021-Gemini-7-Technical-Debriefing-1965.pdf,9,LOW_OCR_QUALITY,quality=0.862
NASA-UAP-D021-Gemini-7-Technical-Debriefing-1965.pdf,10,NO_TEXT_LAYER,page yields <40 chars; requires raster/OCR pass
NASA-UAP-D021-Gemini-7-Technical-Debriefing-1965.pdf,129,REDACTION_MARKER,deleted
NASA-UAP-D021-Gemini-7-Technical-Debriefing-1965.pdf,152,REDACTION_MARKER,deleted
NASA-UAP-D021-Gemini-7-Technical-Debriefing-1965.pdf,220,ENCLOSURE_REFERENCED,enclosure/attachment cited; verify presence in dump
NASA-UAP-D021-Gemini-7-Technical-Debriefing-1965.pdf,221,NO_TEXT_LAYER,page yields <40 chars; requires raster/OCR pass
NASA-UAP-D021-Gemini-7-Technical-Debriefing-1965.pdf,222,NO_TEXT_LAYER,page yields <40 chars; requires raster/OCR pass
NASA-UAP-D022-Gemini-9-Debriefing-1966.pdf,2,NO_TEXT_LAYER,page yields <40 chars; requires raster/OCR pass
NASA-UAP-D022-Gemini-9-Debriefing-1966.pdf,3,NO_TEXT_LAYER,page yields <40 chars; requires raster/OCR pass
NASA-UAP-D022-Gemini-9-Debriefing-1966.pdf,4,NO_TEXT_LAYER,page yields <40 chars; requires raster/OCR pass
NASA-UAP-D022-Gemini-9-Debriefing-1966.pdf,5,NO_TEXT_LAYER,page yields <40 chars; requires raster/OCR pass
NASA-UAP-D022-Gemini-9-Debriefing-1966.pdf,6,NO_TEXT_LAYER,page yields <40 chars; requires raster/OCR pass
NASA-UAP-D022-Gemini-9-Debriefing-1966.pdf,7,NO_TEXT_LAYER,page yields <40 chars; requires raster/OCR pass
NASA-UAP-D022-Gemini-9-Debriefing-1966.pdf,8,NO_TEXT_LAYER,page yields <40 chars; requires raster/OCR pass
NASA-UAP-D022-Gemini-9-Debriefing-1966.pdf,9,NO_TEXT_LAYER,page yields <40 chars; requires raster/OCR pass
NASA-UAP-D022-Gemini-9-Debriefing-1966.pdf,11,NO_TEXT_LAYER,page yields <40 chars; requires raster/OCR pass
NASA-UAP-D022-Gemini-9-Debriefing-1966.pdf,14,NO_TEXT_LAYER,page yields <40 chars; requires raster/OCR pass
NASA-UAP-D022-Gemini-9-Debriefing-1966.pdf,15,LOW_OCR_QUALITY,quality=0.536
NASA-UAP-D022-Gemini-9-Debriefing-1966.pdf,16,LOW_OCR_QUALITY,quality=0.753
NASA-UAP-D022-Gemini-9-Debriefing-1966.pdf,23,LOW_OCR_QUALITY,quality=0.896
NASA-UAP-D022-Gemini-9-Debriefing-1966.pdf,24,LOW_OCR_QUALITY,quality=0.721
NASA-UAP-D022-Gemini-9-Debriefing-1966.pdf,25,NO_TEXT_LAYER,page yields <40 chars; requires raster/OCR pass
NASA-UAP-D022-Gemini-9-Debriefing-1966.pdf,26,LOW_OCR_QUALITY,quality=0.728
NASA-UAP-D022-Gemini-9-Debriefing-1966.pdf,27,LOW_OCR_QUALITY,quality=0.634
NASA-UAP-D022-Gemini-9-Debriefing-1966.pdf,28,NO_TEXT_LAYER,page yields <40 chars; requires raster/OCR pass
NASA-UAP-D022-Gemini-9-Debriefing-1966.pdf,29,NO_TEXT_LAYER,page yields <40 chars; requires raster/OCR pass
NASA-UAP-D022-Gemini-9-Debriefing-1966.pdf,30,LOW_OCR_QUALITY,quality=0.695
NASA-UAP-D022-Gemini-9-Debriefing-1966.pdf,31,NO_TEXT_LAYER,page yields <40 chars; requires raster/OCR pass
NASA-UAP-D022-Gemini-9-Debriefing-1966.pdf,32,NO_TEXT_LAYER,page yields <40 chars; requires raster/OCR pass
NASA-UAP-D022-Gemini-9-Debriefing-1966.pdf,33,LOW_OCR_QUALITY,quality=0.627
NASA-UAP-D022-Gemini-9-Debriefing-1966.pdf,34,NO_TEXT_LAYER,page yields <40 chars; requires raster/OCR pass
NASA-UAP-D022-Gemini-9-Debriefing-1966.pdf,35,NO_TEXT_LAYER,page yields <40 chars; requires raster/OCR pass
NASA-UAP-D022-Gemini-9-Debriefing-1966.pdf,36,NO_TEXT_LAYER,page yields <40 chars; requires raster/OCR pass
NASA-UAP-D022-Gemini-9-Debriefing-1966.pdf,37,NO_TEXT_LAYER,page yields <40 chars; requires raster/OCR pass
NASA-UAP-D022-Gemini-9-Debriefing-1966.pdf,41,LOW_OCR_QUALITY,quality=0.896
NASA-UAP-D022-Gemini-9-Debriefing-1966.pdf,50,NO_TEXT_LAYER,page yields <40 chars; requires raster/OCR pass
NASA-UAP-D022-Gemini-9-Debriefing-1966.pdf,59,LOW_OCR_QUALITY,quality=0.892
NASA-UAP-D022-Gemini-9-Debriefing-1966.pdf,66,LOW_OCR_QUALITY,quality=0.716
NASA-UAP-D022-Gemini-9-Debriefing-1966.pdf,70,NO_TEXT_LAYER,page yields <40 chars; requires raster/OCR pass
NASA-UAP-D022-Gemini-9-Debriefing-1966.pdf,71,NO_TEXT_LAYER,page yields <40 chars; requires raster/OCR pass
USG-UAP-D001-Congress-WhiteHouse-UFO-Correspondence-1998.pdf,1,NO_TEXT_LAYER,page yields <40 chars; requires raster/OCR pass
USG-UAP-D001-Congress-WhiteHouse-UFO-Correspondence-1998.pdf,2,ENCLOSURE_REFERENCED,enclosure/attachment cited; verify presence in dump
USG-UAP-D001-Congress-WhiteHouse-UFO-Correspondence-1998.pdf,3,ENCLOSURE_REFERENCED,enclosure/attachment cited; verify presence in dump
USG-UAP-D001-Congress-WhiteHouse-UFO-Correspondence-1998.pdf,4,REDACTION_MARKER,withheld
USG-UAP-D001-Congress-WhiteHouse-UFO-Correspondence-1998.pdf,4,ENCLOSURE_REFERENCED,enclosure/attachment cited; verify presence in dump
USG-UAP-D001-Congress-WhiteHouse-UFO-Correspondence-1998.pdf,7,REDACTION_MARKER,withheld
USG-UAP-D001-Congress-WhiteHouse-UFO-Correspondence-1998.pdf,21,LOW_OCR_QUALITY,quality=0.534
USG-UAP-D001-Congress-WhiteHouse-UFO-Correspondence-1998.pdf,24,LOW_OCR_QUALITY,quality=0.899
USG-UAP-D001-Congress-WhiteHouse-UFO-Correspondence-1998.pdf,31,REDACTION_MARKER,withheld
USG-UAP-D001-Congress-WhiteHouse-UFO-Correspondence-1998.pdf,47,ENCLOSURE_REFERENCED,enclosure/attachment cited; verify presence in dump
USG-UAP-D001-Congress-WhiteHouse-UFO-Correspondence-1998.pdf,50,ENCLOSURE_REFERENCED,enclosure/attachment cited; verify presence in dump
USG-UAP-D001-Congress-WhiteHouse-UFO-Correspondence-1998.pdf,51,ENCLOSURE_REFERENCED,enclosure/attachment cited; verify presence in dump
USG-UAP-D001-Congress-WhiteHouse-UFO-Correspondence-1998.pdf,55,ENCLOSURE_REFERENCED,enclosure/attachment cited; verify presence in dump
USG-UAP-D001-Congress-WhiteHouse-UFO-Correspondence-1998.pdf,57,ENCLOSURE_REFERENCED,enclosure/attachment cited; verify presence in dump
USG-UAP-D001-Congress-WhiteHouse-UFO-Correspondence-1998.pdf,58,ENCLOSURE_REFERENCED,enclosure/attachment cited; verify presence in dump
USG-UAP-D001-Congress-WhiteHouse-UFO-Correspondence-1998.pdf,59,ENCLOSURE_REFERENCED,enclosure/attachment cited; verify presence in dump
USG-UAP-D001-Congress-WhiteHouse-UFO-Correspondence-1998.pdf,60,ENCLOSURE_REFERENCED,enclosure/attachment cited; verify presence in dump
USG-UAP-D001-Congress-WhiteHouse-UFO-Correspondence-1998.pdf,61,ENCLOSURE_REFERENCED,enclosure/attachment cited; verify presence in dump
USG-UAP-D001-Congress-WhiteHouse-UFO-Correspondence-1998.pdf,62,LOW_OCR_QUALITY,quality=0.792
USG-UAP-D001-Congress-WhiteHouse-UFO-Correspondence-1998.pdf,64,NO_TEXT_LAYER,page yields <40 chars; requires raster/OCR pass
USG-UAP-D001-Congress-WhiteHouse-UFO-Correspondence-1998.pdf,68,ENCLOSURE_REFERENCED,enclosure/attachment cited; verify presence in dump
USG-UAP-D001-Congress-WhiteHouse-UFO-Correspondence-1998.pdf,70,ENCLOSURE_REFERENCED,enclosure/attachment cited; verify presence in dump
USG-UAP-D001-Congress-WhiteHouse-UFO-Correspondence-1998.pdf,71,ENCLOSURE_REFERENCED,enclosure/attachment cited; verify presence in dump
USG-UAP-D001-Congress-WhiteHouse-UFO-Correspondence-1998.pdf,72,ENCLOSURE_REFERENCED,enclosure/attachment cited; verify presence in dump
USG-UAP-D001-Congress-WhiteHouse-UFO-Correspondence-1998.pdf,73,ENCLOSURE_REFERENCED,enclosure/attachment cited; verify presence in dump
USG-UAP-D001-Congress-WhiteHouse-UFO-Correspondence-1998.pdf,77,ENCLOSURE_REFERENCED,enclosure/attachment cited; verify presence in dump
USG-UAP-D001-Congress-WhiteHouse-UFO-Correspondence-1998.pdf,78,ENCLOSURE_REFERENCED,enclosure/attachment cited; verify presence in dump
USG-UAP-D001-Congress-WhiteHouse-UFO-Correspondence-1998.pdf,86,ENCLOSURE_REFERENCED,enclosure/attachment cited; verify presence in dump
